timestamp_utc,open,high,low,close,tick_volume,spread,real_volume
2026-09-07T01:00:00Z,4426.09,4428.01,4421.99,4423.09,1231,18,0
2026-09-07T01:01:00Z,4423.18,4423.56,4420.13,4420.32,336,18,0
2026-09-07T01:02:00Z,4420.32,4420.32,4418.46,4419.98,197,24,0
2026-09-07T01:03:00Z,4419.98,4422.89,4417.49,4422.89,139,24,0
2026-09-07T01:04:00Z,4422.92,4422.92,4421.72,4422.28,84,24,0
2026-09-07T01:05:00Z,4422.28,4424.9,4422.02,4423.89,179,24,0
2026-09-07T01:06:00Z,4423.89,4424.45,4422.52,4423.05,149,24,0
2026-09-07T01:07:00Z,4423.05,4423.25,4422.15,4422.94,99,24,0
2026-09-07T01:08:00Z,4422.94,4425.84,4422.93,4424.51,160,24,0
2026-09-07T01:09:00Z,4424.51,4425.8,4424.51,4424.73,94,14,0
2026-09-07T01:10:00Z,4424.73,4424.73,4424.26,4424.45,65,24,0
2026-09-07T01:11:00Z,4424.45,4426.02,4424.45,4425.87,57,24,0
2026-09-07T01:12:00Z,4425.87,4428.24,4425.62,4428.13,151,30,0
2026-09-07T01:13:00Z,4428.12,4428.85,4427.77,4427.84,93,50,0
2026-09-07T01:14:00Z,4427.82,4428.87,4427.76,4428.8,72,50,0
2026-09-07T01:15:00Z,4428.75,4429.99,4428.6,4429.48,117,50,0
2026-09-07T01:16:00Z,4429.42,4429.43,4429.14,4429.32,41,50,0
2026-09-07T01:17:00Z,4429.36,4429.36,4427.87,4427.92,74,50,0
2026-09-07T01:18:00Z,4427.91,4428.61,4427.54,4428.46,59,50,0
2026-09-07T01:19:00Z,4428.46,4428.53,4427.75,4427.8,49,50,0
2026-09-07T01:20:00Z,4427.75,4427.88,4427.27,4427.73,52,50,0
2026-09-07T01:21:00Z,4427.68,4428.72,4427.57,4428.4,78,50,0
2026-09-07T01:22:00Z,4428.23,4429.67,4428.09,4428.87,107,50,0
2026-09-07T01:23:00Z,4428.6,4428.6,4427.65,4428.11,82,50,0
2026-09-07T01:24:00Z,4428.14,4428.74,4427.69,4428.34,81,50,0
2026-09-07T01:25:00Z,4428.4,4429.5,4426.96,4427.08,91,50,0
2026-09-07T01:26:00Z,4427.0,4428.59,4426.79,4428.18,79,50,0
2026-09-07T01:27:00Z,4428.74,4428.75,4428.03,4428.33,65,50,0
2026-09-07T01:28:00Z,4428.27,4429.76,4428.27,4429.38,80,50,0
2026-09-07T01:29:00Z,4429.38,4429.79,4428.54,4428.6,91,50,0
2026-09-07T01:30:00Z,4428.47,4429.51,4427.98,4428.07,77,50,0
2026-09-07T01:31:00Z,4428.13,4429.95,4428.01,4429.84,95,50,0
2026-09-07T01:32:00Z,4429.77,4430.65,4429.7,4429.91,77,50,0
2026-09-07T01:33:00Z,4429.93,4429.93,4428.18,4428.28,72,50,0
2026-09-07T01:34:00Z,4428.29,4429.17,4428.08,4428.13,59,50,0
2026-09-07T01:35:00Z,4428.1,4429.68,4427.99,4428.87,75,13,0
2026-09-07T01:36:00Z,4428.7,4428.7,4427.61,4427.84,43,17,0
2026-09-07T01:37:00Z,4427.69,4428.86,4427.47,4428.57,84,50,0
2026-09-07T01:38:00Z,4428.64,4429.37,4428.5,4429.26,72,50,0
2026-09-07T01:39:00Z,4429.08,4429.56,4428.76,4429.56,59,50,0
2026-09-07T01:40:00Z,4429.61,4430.5,4429.35,4429.58,96,50,0
2026-09-07T01:41:00Z,4429.61,4430.13,4429.27,4429.93,52,50,0
2026-09-07T01:42:00Z,4429.92,4430.17,4429.85,4429.88,45,50,0
2026-09-07T01:43:00Z,4429.94,4431.09,4429.83,4430.83,91,50,0
2026-09-07T01:44:00Z,4430.78,4431.11,4430.54,4430.54,63,15,0
2026-09-07T01:45:00Z,4430.59,4431.21,4430.4,4431.09,82,50,0
2026-09-07T01:46:00Z,4431.04,4433.17,4430.96,4432.94,132,50,0
2026-09-07T01:47:00Z,4432.97,4433.21,4432.86,4433.04,62,18,0
2026-09-07T01:48:00Z,4433.09,4433.98,4433.0,4433.95,87,50,0
2026-09-07T01:49:00Z,4433.96,4434.99,4433.37,4433.85,108,50,0
2026-09-07T01:50:00Z,4433.9,4434.27,4433.62,4433.63,67,50,0
2026-09-07T01:51:00Z,4433.68,4433.68,4431.97,4432.0,81,50,0
2026-09-07T01:52:00Z,4431.99,4432.46,4431.62,4431.82,126,50,0
2026-09-07T01:53:00Z,4431.77,4432.26,4431.69,4431.83,67,50,0
2026-09-07T01:54:00Z,4431.84,4432.47,4431.25,4432.25,72,50,0
2026-09-07T01:55:00Z,4432.12,4432.87,4431.54,4431.76,79,50,0
2026-09-07T01:56:00Z,4431.73,4432.0,4430.89,4430.89,92,50,0
2026-09-07T01:57:00Z,4430.88,4431.02,4430.34,4430.37,53,50,0
2026-09-07T01:58:00Z,4430.36,4430.56,4429.17,4429.22,47,50,0
2026-09-07T01:59:00Z,4429.17,4429.56,4429.07,4429.23,88,50,0
2026-09-07T02:00:00Z,4429.21,4430.57,4428.95,4430.55,145,50,0
2026-09-07T02:01:00Z,4430.41,4430.96,4429.92,4430.55,102,50,0
2026-09-07T02:02:00Z,4430.5,4430.98,4430.4,4430.54,63,50,0
2026-09-07T02:03:00Z,4430.48,4430.53,4430.0,4430.14,53,50,0
2026-09-07T02:04:00Z,4429.93,4430.11,4429.7,4429.87,50,50,0
2026-09-07T02:05:00Z,4429.97,4431.07,4429.97,4430.74,64,50,0
2026-09-07T02:06:00Z,4430.64,4430.64,4429.86,4430.03,56,50,0
2026-09-07T02:07:00Z,4430.03,4430.93,4429.87,4430.91,65,50,0
2026-09-07T02:08:00Z,4430.85,4431.04,4430.3,4430.57,44,50,0
2026-09-07T02:09:00Z,4430.51,4430.79,4429.9,4430.13,40,13,0
2026-09-07T02:10:00Z,4430.14,4430.63,4429.66,4429.85,44,13,0
2026-09-07T02:11:00Z,4429.82,4430.12,4429.37,4430.1,81,50,0
2026-09-07T02:12:00Z,4430.11,4430.11,4429.33,4429.38,94,50,0
2026-09-07T02:13:00Z,4429.43,4429.87,4429.38,4429.66,52,50,0
2026-09-07T02:14:00Z,4429.61,4430.18,4429.48,4429.76,50,50,0
2026-09-07T02:15:00Z,4429.76,4429.93,4429.51,4429.53,60,16,0
2026-09-07T02:16:00Z,4429.48,4429.67,4429.36,4429.4,73,14,0
2026-09-07T02:17:00Z,4429.36,4429.36,4428.94,4429.01,84,50,0
2026-09-07T02:18:00Z,4429.12,4429.53,4429.12,4429.23,51,50,0
2026-09-07T02:19:00Z,4429.27,4429.43,4428.4,4428.58,76,50,0
2026-09-07T02:20:00Z,4428.65,4429.12,4428.23,4428.41,76,50,0
2026-09-07T02:21:00Z,4428.45,4428.45,4426.85,4426.96,109,50,0
2026-09-07T02:22:00Z,4426.72,4427.53,4426.5,4426.5,124,50,0
2026-09-07T02:23:00Z,4426.69,4427.94,4426.56,4426.62,119,50,0
2026-09-07T02:24:00Z,4426.57,4426.81,4425.02,4425.05,119,50,0
2026-09-07T02:25:00Z,4425.03,4426.55,4425.03,4426.05,110,50,0
2026-09-07T02:26:00Z,4425.98,4426.13,4425.35,4425.73,74,50,0
2026-09-07T02:27:00Z,4425.82,4427.04,4425.63,4426.89,81,50,0
2026-09-07T02:28:00Z,4426.84,4426.95,4425.95,4426.71,106,50,0
2026-09-07T02:29:00Z,4426.75,4427.16,4426.2,4426.78,75,50,0
2026-09-07T02:30:00Z,4426.37,4426.37,4425.15,4425.44,124,50,0
2026-09-07T02:31:00Z,4425.46,4427.12,4425.42,4426.97,100,50,0
2026-09-07T02:32:00Z,4426.93,4427.8,4426.88,4427.1,88,50,0
2026-09-07T02:33:00Z,4427.18,4427.3,4427.05,4427.21,37,50,0
2026-09-07T02:34:00Z,4427.31,4428.2,4427.29,4427.77,91,50,0
2026-09-07T02:35:00Z,4427.85,4429.83,4427.69,4429.82,69,50,0
2026-09-07T02:36:00Z,4429.83,4430.27,4428.37,4428.8,105,50,0
2026-09-07T02:37:00Z,4429.0,4429.53,4427.59,4428.18,110,50,0
2026-09-07T02:38:00Z,4428.17,4429.07,4427.61,4427.87,132,50,0
2026-09-07T02:39:00Z,4427.87,4427.94,4426.73,4427.49,81,50,0
2026-09-07T02:40:00Z,4427.54,4427.61,4425.13,4425.33,147,50,0
2026-09-07T02:41:00Z,4425.38,4426.6,4424.98,4426.6,91,50,0
2026-09-07T02:42:00Z,4426.58,4427.26,4425.82,4426.86,154,50,0
2026-09-07T02:43:00Z,4426.91,4429.01,4426.86,4428.59,165,50,0
2026-09-07T02:44:00Z,4428.43,4428.88,4428.07,4428.86,142,50,0
2026-09-07T02:45:00Z,4428.91,4433.93,4428.79,4430.93,319,50,0
2026-09-07T02:46:00Z,4430.88,4430.89,4427.97,4428.61,250,50,0
2026-09-07T02:47:00Z,4428.43,4430.12,4428.4,4428.59,177,50,0
2026-09-07T02:48:00Z,4428.57,4429.21,4428.39,4428.92,109,50,0
2026-09-07T02:49:00Z,4428.88,4429.53,4426.88,4427.12,155,50,0
2026-09-07T02:50:00Z,4426.97,4427.73,4426.44,4426.49,142,50,0
2026-09-07T02:51:00Z,4426.5,4426.52,4424.63,4424.72,167,50,0
2026-09-07T02:52:00Z,4424.56,4424.7,4422.44,4423.71,155,50,0
2026-09-07T02:53:00Z,4423.77,4424.84,4423.68,4424.04,132,50,0
2026-09-07T02:54:00Z,4423.94,4424.25,4423.18,4423.99,114,50,0
2026-09-07T02:55:00Z,4424.06,4424.79,4423.22,4423.33,161,50,0
2026-09-07T02:56:00Z,4423.38,4423.54,4421.44,4421.49,143,50,0
2026-09-07T02:57:00Z,4421.48,4422.45,4421.05,4421.21,172,50,0
2026-09-07T02:58:00Z,4421.23,4423.2,4421.13,4422.84,147,50,0
2026-09-07T02:59:00Z,4422.92,4424.25,4422.9,4423.16,150,50,0
2026-09-07T03:00:00Z,4423.27,4425.24,4422.29,4423.48,456,22,0
2026-09-07T03:01:00Z,4423.76,4426.73,4423.48,4426.51,405,22,0
2026-09-07T03:02:00Z,4426.53,4426.61,4423.49,4423.67,349,22,0
2026-09-07T03:03:00Z,4423.63,4424.51,4422.05,4423.28,241,22,0
2026-09-07T03:04:00Z,4423.32,4424.12,4422.46,4423.16,263,22,0
2026-09-07T03:05:00Z,4423.24,4424.41,4421.96,4424.2,310,22,0
2026-09-07T03:06:00Z,4423.94,4425.49,4423.65,4424.33,323,22,0
2026-09-07T03:07:00Z,4424.27,4424.82,4422.94,4423.07,254,22,0
2026-09-07T03:08:00Z,4423.07,4423.15,4421.14,4422.33,234,22,0
2026-09-07T03:09:00Z,4422.31,4422.6,4421.19,4421.95,208,22,0
2026-09-07T03:10:00Z,4421.73,4423.41,4421.11,4422.71,240,22,0
2026-09-07T03:11:00Z,4422.72,4427.29,4422.72,4426.79,279,22,0
2026-09-07T03:12:00Z,4426.85,4427.52,4425.17,4425.61,198,22,0
2026-09-07T03:13:00Z,4425.59,4426.36,4424.65,4424.79,208,22,0
2026-09-07T03:14:00Z,4424.81,4425.37,4423.2,4425.07,374,22,0
2026-09-07T03:15:00Z,4425.06,4427.96,4423.74,4427.04,298,22,0
2026-09-07T03:16:00Z,4427.0,4427.34,4425.47,4425.51,240,22,0
2026-09-07T03:17:00Z,4425.51,4428.72,4425.42,4427.76,275,22,0
2026-09-07T03:18:00Z,4427.84,4427.9,4426.04,4426.04,194,22,0
2026-09-07T03:19:00Z,4425.94,4425.99,4424.73,4425.79,188,22,0
2026-09-07T03:20:00Z,4426.13,4427.29,4426.11,4426.87,205,22,0
2026-09-07T03:21:00Z,4427.06,4427.16,4425.01,4425.58,261,22,0
2026-09-07T03:22:00Z,4425.69,4426.51,4424.55,4426.32,261,22,0
2026-09-07T03:23:00Z,4426.3,4426.47,4425.03,4425.03,189,22,0
2026-09-07T03:24:00Z,4425.02,4426.51,4425.01,4426.04,167,22,0
2026-09-07T03:25:00Z,4425.93,4425.93,4424.7,4425.7,177,22,0
2026-09-07T03:26:00Z,4425.6,4425.85,4424.46,4425.64,235,22,0
2026-09-07T03:27:00Z,4425.65,4427.17,4425.51,4425.51,223,22,0
2026-09-07T03:28:00Z,4425.5,4425.84,4423.51,4424.23,191,22,0
2026-09-07T03:29:00Z,4424.23,4424.44,4422.22,4422.23,219,22,0
2026-09-07T03:30:00Z,4422.25,4422.65,4419.0,4421.26,285,22,0
2026-09-07T03:31:00Z,4421.16,4421.52,4419.67,4419.88,239,22,0
2026-09-07T03:32:00Z,4419.88,4421.36,4419.2,4419.54,263,22,0
2026-09-07T03:33:00Z,4419.54,4422.25,4418.61,4421.86,280,22,0
2026-09-07T03:34:00Z,4421.81,4421.81,4418.78,4419.21,261,22,0
2026-09-07T03:35:00Z,4419.21,4420.21,4418.61,4419.8,196,22,0
2026-09-07T03:36:00Z,4419.83,4420.71,4418.55,4418.65,249,22,0
2026-09-07T03:37:00Z,4418.61,4419.95,4418.43,4419.35,281,22,0
2026-09-07T03:38:00Z,4419.33,4422.37,4418.57,4422.26,218,22,0
2026-09-07T03:39:00Z,4422.34,4423.94,4421.04,4422.29,224,22,0
2026-09-07T03:40:00Z,4422.28,4422.99,4421.07,4422.25,230,22,0
2026-09-07T03:41:00Z,4422.23,4422.93,4421.73,4422.88,190,22,0
2026-09-07T03:42:00Z,4422.93,4425.01,4422.8,4423.27,236,22,0
2026-09-07T03:43:00Z,4423.26,4425.19,4422.87,4424.72,232,22,0
2026-09-07T03:44:00Z,4424.76,4424.9,4422.99,4424.09,282,22,0
2026-09-07T03:45:00Z,4424.1,4426.52,4424.05,4424.88,320,22,0
2026-09-07T03:46:00Z,4424.93,4426.04,4424.66,4425.81,130,22,0
2026-09-07T03:47:00Z,4425.81,4426.85,4425.77,4426.82,218,22,0
2026-09-07T03:48:00Z,4426.88,4429.63,4426.28,4427.83,268,22,0
2026-09-07T03:49:00Z,4427.85,4428.2,4426.29,4427.14,182,22,0
2026-09-07T03:50:00Z,4427.2,4427.49,4422.49,4423.28,292,22,0
2026-09-07T03:51:00Z,4423.28,4424.76,4422.89,4424.61,203,22,0
2026-09-07T03:52:00Z,4424.65,4425.08,4423.85,4424.25,190,22,0
2026-09-07T03:53:00Z,4424.15,4424.27,4422.86,4423.07,206,22,0
2026-09-07T03:54:00Z,4423.04,4423.53,4421.27,4422.57,280,22,0
2026-09-07T03:55:00Z,4422.59,4422.63,4421.28,4421.33,272,22,0
2026-09-07T03:56:00Z,4421.42,4421.42,4417.3,4417.6,325,22,0
2026-09-07T03:57:00Z,4417.42,4417.42,4413.45,4413.59,437,22,0
2026-09-07T03:58:00Z,4413.59,4413.89,4410.09,4412.94,454,22,0
2026-09-07T03:59:00Z,4412.92,4415.3,4412.57,4412.62,518,22,0
2026-09-07T04:00:00Z,4412.72,4414.22,4407.11,4411.56,926,22,0
2026-09-07T04:01:00Z,4411.61,4415.27,4410.21,4415.2,800,22,0
2026-09-07T04:02:00Z,4415.2,4415.91,4412.35,4413.78,605,22,0
2026-09-07T04:03:00Z,4413.75,4414.67,4409.13,4410.66,696,22,0
2026-09-07T04:04:00Z,4410.77,4412.78,4410.19,4412.06,641,22,0
2026-09-07T04:05:00Z,4412.05,4413.21,4409.9,4410.24,594,22,0
2026-09-07T04:06:00Z,4410.19,4410.3,4406.32,4407.24,590,22,0
2026-09-07T04:07:00Z,4407.26,4407.5,4402.85,4407.07,615,22,0
2026-09-07T04:08:00Z,4407.04,4407.39,4404.59,4404.99,590,22,0
2026-09-07T04:09:00Z,4404.83,4405.12,4401.52,4402.96,600,22,0
2026-09-07T04:10:00Z,4402.97,4406.85,4402.56,4406.71,565,22,0
2026-09-07T04:11:00Z,4406.64,4407.07,4402.0,4402.54,520,22,0
2026-09-07T04:12:00Z,4402.47,4402.47,4399.38,4399.82,466,22,0
2026-09-07T04:13:00Z,4399.74,4399.75,4395.66,4395.66,508,22,0
2026-09-07T04:14:00Z,4395.76,4401.08,4395.63,4399.8,524,22,0
2026-09-07T04:15:00Z,4399.82,4400.29,4396.34,4396.67,530,22,0
2026-09-07T04:16:00Z,4396.6,4397.92,4395.83,4396.45,478,22,0
2026-09-07T04:17:00Z,4396.68,4397.47,4394.07,4395.46,496,22,0
2026-09-07T04:18:00Z,4395.5,4395.52,4391.21,4391.49,506,22,0
2026-09-07T04:19:00Z,4391.54,4395.23,4391.19,4393.87,370,22,0
2026-09-07T04:20:00Z,4393.85,4394.07,4391.96,4391.96,344,22,0
2026-09-07T04:21:00Z,4391.86,4394.13,4389.58,4392.8,481,22,0
2026-09-07T04:22:00Z,4392.8,4394.37,4391.07,4394.31,370,22,0
2026-09-07T04:23:00Z,4394.29,4396.47,4394.14,4394.53,457,22,0
2026-09-07T04:24:00Z,4394.54,4396.29,4393.81,4396.0,365,22,0
2026-09-07T04:25:00Z,4395.98,4397.1,4393.78,4394.46,464,22,0
2026-09-07T04:26:00Z,4394.47,4399.28,4394.22,4399.26,408,22,0
2026-09-07T04:27:00Z,4399.16,4402.35,4398.9,4402.29,358,22,0
2026-09-07T04:28:00Z,4402.29,4403.32,4401.52,4402.44,347,22,0
2026-09-07T04:29:00Z,4402.61,4403.6,4402.0,4403.34,300,22,0
2026-09-07T04:30:00Z,4403.67,4405.05,4403.05,4404.51,429,22,0
2026-09-07T04:31:00Z,4404.67,4407.82,4404.26,4405.95,465,22,0
2026-09-07T04:32:00Z,4405.92,4408.79,4404.86,4408.72,370,22,0
2026-09-07T04:33:00Z,4408.9,4411.28,4408.16,4408.3,441,22,0
2026-09-07T04:34:00Z,4408.37,4409.6,4408.28,4408.7,306,22,0
2026-09-07T04:35:00Z,4408.7,4409.38,4407.69,4407.82,281,22,0
2026-09-07T04:36:00Z,4407.82,4408.62,4406.72,4408.11,335,22,0
2026-09-07T04:37:00Z,4408.15,4409.7,4408.06,4408.67,312,22,0
2026-09-07T04:38:00Z,4408.83,4411.86,4408.76,4411.68,491,22,0
2026-09-07T04:39:00Z,4411.66,4413.3,4411.66,4412.38,440,22,0
2026-09-07T04:40:00Z,4412.5,4413.12,4409.62,4409.62,425,22,0
2026-09-07T04:41:00Z,4409.64,4411.15,4408.6,4408.74,447,22,0
2026-09-07T04:42:00Z,4408.91,4410.8,4408.84,4410.05,374,22,0
2026-09-07T04:43:00Z,4410.09,4410.81,4409.26,4409.83,388,22,0
2026-09-07T04:44:00Z,4409.8,4410.2,4408.47,4410.2,370,22,0
2026-09-07T04:45:00Z,4410.14,4410.99,4409.62,4410.92,347,22,0
2026-09-07T04:46:00Z,4410.82,4412.69,4409.77,4412.62,370,22,0
2026-09-07T04:47:00Z,4412.68,4413.29,4411.39,4411.71,256,22,0
2026-09-07T04:48:00Z,4411.72,4411.86,4409.68,4411.42,317,22,0
2026-09-07T04:49:00Z,4411.44,4411.45,4408.81,4409.35,302,22,0
2026-09-07T04:50:00Z,4409.49,4411.21,4409.14,4410.48,336,22,0
2026-09-07T04:51:00Z,4410.47,4411.62,4409.73,4411.37,324,22,0
2026-09-07T04:52:00Z,4411.38,4416.86,4411.38,4414.93,463,22,0
2026-09-07T04:53:00Z,4414.96,4416.23,4413.36,4416.22,291,22,0
2026-09-07T04:54:00Z,4416.31,4416.61,4413.69,4413.69,357,22,0
2026-09-07T04:55:00Z,4413.74,4414.92,4413.66,4413.67,356,22,0
2026-09-07T04:56:00Z,4413.63,4413.97,4411.35,4411.48,306,22,0
2026-09-07T04:57:00Z,4411.49,4412.77,4411.43,4412.33,335,22,0
2026-09-07T04:58:00Z,4412.43,4412.54,4410.0,4411.23,330,22,0
2026-09-07T04:59:00Z,4411.25,4411.29,4408.77,4409.14,340,22,0
2026-09-07T05:00:00Z,4409.14,4410.61,4408.58,4408.68,323,22,0
2026-09-07T05:01:00Z,4408.68,4409.13,4405.26,4405.26,366,22,0
2026-09-07T05:02:00Z,4405.25,4407.54,4405.18,4407.05,355,22,0
2026-09-07T05:03:00Z,4407.01,4407.85,4405.5,4407.53,314,22,0
2026-09-07T05:04:00Z,4407.58,4408.16,4406.47,4407.43,285,22,0
2026-09-07T05:05:00Z,4407.42,4407.53,4405.61,4406.89,277,22,0
2026-09-07T05:06:00Z,4406.92,4407.46,4405.15,4405.92,341,22,0
2026-09-07T05:07:00Z,4405.98,4406.1,4404.95,4405.22,274,22,0
2026-09-07T05:08:00Z,4405.22,4405.22,4404.3,4404.66,295,22,0
2026-09-07T05:09:00Z,4404.71,4404.9,4402.93,4404.78,261,22,0
2026-09-07T05:10:00Z,4404.78,4404.8,4403.4,4404.64,248,22,0
2026-09-07T05:11:00Z,4404.59,4406.08,4404.59,4405.61,272,22,0
2026-09-07T05:12:00Z,4405.59,4405.84,4404.64,4405.48,281,22,0
2026-09-07T05:13:00Z,4405.49,4405.58,4403.29,4403.43,312,22,0
2026-09-07T05:14:00Z,4403.58,4404.82,4403.13,4403.91,280,22,0
2026-09-07T05:15:00Z,4403.87,4404.48,4403.54,4403.74,177,22,0
2026-09-07T05:16:00Z,4403.71,4405.13,4403.53,4404.7,174,22,0
2026-09-07T05:17:00Z,4404.81,4406.04,4404.44,4405.86,215,22,0
2026-09-07T05:18:00Z,4405.91,4406.64,4405.78,4406.27,230,22,0
2026-09-07T05:19:00Z,4406.24,4406.91,4406.0,4406.81,138,22,0
2026-09-07T05:20:00Z,4406.61,4408.35,4406.52,4407.87,199,22,0
2026-09-07T05:21:00Z,4407.9,4407.9,4406.42,4406.87,176,22,0
2026-09-07T05:22:00Z,4406.9,4408.49,4406.37,4408.28,212,22,0
2026-09-07T05:23:00Z,4408.1,4408.79,4407.78,4408.66,210,22,0
2026-09-07T05:24:00Z,4408.61,4409.18,4408.61,4409.13,169,22,0
2026-09-07T05:25:00Z,4409.23,4409.24,4407.79,4408.31,220,22,0
2026-09-07T05:26:00Z,4408.29,4409.34,4407.91,4408.56,238,22,0
2026-09-07T05:27:00Z,4408.51,4408.51,4407.83,4408.04,163,22,0
2026-09-07T05:28:00Z,4408.11,4408.75,4407.74,4408.72,127,22,0
2026-09-07T05:29:00Z,4408.71,4408.72,4407.15,4407.67,130,22,0
2026-09-07T05:30:00Z,4407.64,4412.05,4406.79,4411.54,572,22,0
2026-09-07T05:31:00Z,4411.53,4414.48,4411.28,4412.5,464,22,0
2026-09-07T05:32:00Z,4412.52,4413.31,4410.82,4410.97,365,22,0
2026-09-07T05:33:00Z,4410.98,4413.45,4410.92,4413.43,427,22,0
2026-09-07T05:34:00Z,4413.61,4414.46,4412.67,4414.44,381,22,0
2026-09-07T05:35:00Z,4414.46,4415.32,4413.87,4414.55,418,22,0
2026-09-07T05:36:00Z,4414.38,4414.39,4412.76,4413.38,348,22,0
2026-09-07T05:37:00Z,4413.39,4417.89,4413.36,4417.66,435,22,0
2026-09-07T05:38:00Z,4417.72,4418.19,4415.75,4416.25,421,22,0
2026-09-07T05:39:00Z,4416.22,4418.48,4416.03,4417.92,265,22,0
2026-09-07T05:40:00Z,4417.93,4418.51,4416.44,4417.17,343,22,0
2026-09-07T05:41:00Z,4417.25,4418.48,4417.12,4417.54,253,22,0
2026-09-07T05:42:00Z,4417.49,4417.91,4414.98,4415.23,315,22,0
2026-09-07T05:43:00Z,4415.25,4415.53,4413.94,4414.58,368,22,0
2026-09-07T05:44:00Z,4414.57,4415.42,4413.72,4414.89,302,22,0
2026-09-07T05:45:00Z,4414.92,4415.22,4413.59,4414.83,270,22,0
2026-09-07T05:46:00Z,4414.78,4416.49,4414.76,4416.43,318,22,0
2026-09-07T05:47:00Z,4416.32,4419.02,4416.29,4418.91,424,22,0
2026-09-07T05:48:00Z,4418.9,4418.9,4417.1,4417.13,267,22,0
2026-09-07T05:49:00Z,4417.1,4417.66,4415.36,4417.28,291,22,0
2026-09-07T05:50:00Z,4417.3,4417.57,4416.55,4416.95,284,22,0
2026-09-07T05:51:00Z,4416.93,4417.37,4414.39,4415.53,270,22,0
2026-09-07T05:52:00Z,4415.49,4416.49,4415.07,4415.75,279,22,0
2026-09-07T05:53:00Z,4415.73,4415.89,4414.01,4414.12,397,22,0
2026-09-07T05:54:00Z,4414.06,4414.7,4413.56,4413.94,249,22,0
2026-09-07T05:55:00Z,4413.96,4414.42,4412.66,4413.35,298,22,0
2026-09-07T05:56:00Z,4413.51,4413.68,4410.62,4410.73,390,22,0
2026-09-07T05:57:00Z,4410.73,4411.84,4410.23,4410.59,316,22,0
2026-09-07T05:58:00Z,4410.58,4410.72,4407.41,4409.79,386,22,0
2026-09-07T05:59:00Z,4409.78,4410.02,4408.39,4408.79,337,22,0
2026-09-07T06:00:00Z,4408.8,4409.32,4407.35,4408.92,354,22,0
2026-09-07T06:01:00Z,4408.87,4408.94,4407.53,4407.74,292,22,0
2026-09-07T06:02:00Z,4407.62,4408.82,4407.35,4407.7,234,22,0
2026-09-07T06:03:00Z,4407.63,4408.9,4407.53,4408.35,221,22,0
2026-09-07T06:04:00Z,4408.39,4410.39,4407.71,4410.14,250,22,0
2026-09-07T06:05:00Z,4410.16,4410.16,4408.35,4408.7,319,22,0
2026-09-07T06:06:00Z,4408.73,4408.83,4405.86,4406.37,299,22,0
2026-09-07T06:07:00Z,4406.35,4407.28,4405.9,4406.36,402,22,0
2026-09-07T06:08:00Z,4406.39,4406.99,4405.49,4406.13,365,22,0
2026-09-07T06:09:00Z,4406.19,4406.77,4405.64,4406.39,283,22,0
2026-09-07T06:10:00Z,4406.35,4406.72,4405.63,4406.54,330,22,0
2026-09-07T06:11:00Z,4406.53,4407.38,4406.15,4407.34,303,22,0
2026-09-07T06:12:00Z,4407.27,4407.73,4407.02,4407.22,189,22,0
2026-09-07T06:13:00Z,4407.21,4408.44,4406.96,4407.71,223,22,0
2026-09-07T06:14:00Z,4407.69,4408.35,4406.7,4407.8,255,22,0
2026-09-07T06:15:00Z,4407.81,4407.96,4406.78,4407.24,204,22,0
2026-09-07T06:16:00Z,4407.21,4408.09,4406.93,4407.26,202,22,0
2026-09-07T06:17:00Z,4407.28,4407.51,4406.32,4406.77,244,22,0
2026-09-07T06:18:00Z,4407.02,4407.05,4404.62,4406.99,240,22,0
2026-09-07T06:19:00Z,4406.99,4408.84,4406.76,4406.9,279,22,0
2026-09-07T06:20:00Z,4406.88,4408.53,4406.2,4408.53,234,22,0
2026-09-07T06:21:00Z,4408.47,4410.15,4407.99,4409.91,276,22,0
2026-09-07T06:22:00Z,4409.9,4409.9,4408.44,4408.85,231,22,0
2026-09-07T06:23:00Z,4408.87,4409.49,4408.71,4409.48,212,22,0
2026-09-07T06:24:00Z,4409.67,4409.67,4408.13,4409.14,323,22,0
2026-09-07T06:25:00Z,4409.12,4409.65,4408.01,4409.08,310,22,0
2026-09-07T06:26:00Z,4409.07,4409.66,4408.98,4409.61,267,22,0
2026-09-07T06:27:00Z,4409.57,4409.69,4409.16,4409.53,301,22,0
2026-09-07T06:28:00Z,4409.54,4409.55,4408.67,4409.12,295,22,0
2026-09-07T06:29:00Z,4409.07,4409.49,4408.44,4408.68,265,22,0
2026-09-07T06:30:00Z,4408.66,4408.8,4407.08,4408.73,325,22,0
2026-09-07T06:31:00Z,4408.73,4408.73,4406.23,4406.94,224,22,0
2026-09-07T06:32:00Z,4406.84,4408.55,4406.76,4408.48,185,22,0
2026-09-07T06:33:00Z,4408.43,4408.81,4407.32,4407.36,207,22,0
2026-09-07T06:34:00Z,4407.3,4408.05,4407.11,4407.96,117,22,0
2026-09-07T06:35:00Z,4407.96,4408.49,4407.59,4407.67,121,22,0
2026-09-07T06:36:00Z,4407.68,4408.05,4406.74,4407.7,196,22,0
2026-09-07T06:37:00Z,4407.68,4407.94,4405.78,4405.8,246,22,0
2026-09-07T06:38:00Z,4405.81,4405.81,4404.81,4405.01,170,22,0
2026-09-07T06:39:00Z,4404.99,4405.51,4404.98,4405.37,122,22,0
2026-09-07T06:40:00Z,4405.34,4405.82,4405.17,4405.7,152,22,0
2026-09-07T06:41:00Z,4405.66,4405.71,4404.82,4404.88,176,22,0
2026-09-07T06:42:00Z,4404.93,4405.06,4402.66,4402.93,248,22,0
2026-09-07T06:43:00Z,4402.85,4402.98,4401.95,4402.94,135,22,0
2026-09-07T06:44:00Z,4402.91,4403.45,4401.69,4401.75,194,22,0
2026-09-07T06:45:00Z,4401.73,4402.78,4401.73,4402.37,167,22,0
2026-09-07T06:46:00Z,4402.43,4404.38,4402.37,4403.75,166,22,0
2026-09-07T06:47:00Z,4403.97,4404.48,4403.86,4404.28,117,22,0
2026-09-07T06:48:00Z,4404.37,4404.93,4403.84,4404.03,189,22,0
2026-09-07T06:49:00Z,4404.05,4404.08,4403.26,4403.37,115,22,0
2026-09-07T06:50:00Z,4403.32,4403.56,4402.85,4403.52,116,22,0
2026-09-07T06:51:00Z,4403.49,4403.52,4402.17,4402.57,196,22,0
2026-09-07T06:52:00Z,4402.51,4403.22,4402.27,4402.57,156,22,0
2026-09-07T06:53:00Z,4402.58,4402.68,4401.23,4401.8,180,22,0
2026-09-07T06:54:00Z,4401.85,4402.59,4401.68,4402.25,167,22,0
2026-09-07T06:55:00Z,4402.43,4402.7,4402.05,4402.48,114,22,0
2026-09-07T06:56:00Z,4402.47,4402.53,4401.63,4402.47,142,22,0
2026-09-07T06:57:00Z,4402.42,4402.89,4402.32,4402.72,113,22,0
2026-09-07T06:58:00Z,4402.72,4403.31,4402.7,4403.01,90,22,0
2026-09-07T06:59:00Z,4403.03,4404.43,4403.01,4404.09,131,22,0
2026-09-07T07:00:00Z,4404.09,4405.1,4404.04,4404.8,177,22,0
2026-09-07T07:01:00Z,4404.76,4404.76,4402.49,4402.59,150,22,0
2026-09-07T07:02:00Z,4402.61,4404.33,4402.36,4404.22,121,22,0
2026-09-07T07:03:00Z,4404.2,4404.81,4402.38,4402.41,218,22,0
2026-09-07T07:04:00Z,4402.61,4403.54,4401.39,4401.61,221,22,0
2026-09-07T07:05:00Z,4401.7,4403.31,4401.35,4403.1,155,22,0
2026-09-07T07:06:00Z,4403.08,4403.59,4402.88,4403.0,132,22,0
2026-09-07T07:07:00Z,4403.07,4403.44,4402.02,4403.36,166,22,0
2026-09-07T07:08:00Z,4403.39,4403.77,4402.7,4403.62,135,22,0
2026-09-07T07:09:00Z,4403.74,4405.19,4403.74,4405.03,129,22,0
2026-09-07T07:10:00Z,4405.0,4405.71,4404.89,4405.32,142,22,0
2026-09-07T07:11:00Z,4405.34,4405.96,4404.98,4405.82,140,22,0
2026-09-07T07:12:00Z,4405.97,4407.26,4405.66,4406.58,193,22,0
2026-09-07T07:13:00Z,4406.66,4406.66,4405.86,4405.99,146,22,0
2026-09-07T07:14:00Z,4405.97,4406.81,4405.55,4406.58,150,22,0
2026-09-07T07:15:00Z,4406.65,4406.7,4405.71,4405.9,98,22,0
2026-09-07T07:16:00Z,4405.93,4405.93,4404.53,4404.56,139,22,0
2026-09-07T07:17:00Z,4404.58,4404.58,4403.21,4403.22,129,22,0
2026-09-07T07:18:00Z,4403.17,4403.63,4402.75,4403.19,147,22,0
2026-09-07T07:19:00Z,4403.17,4403.67,4402.92,4403.06,117,22,0
2026-09-07T07:20:00Z,4403.02,4403.12,4401.68,4401.81,160,22,0
2026-09-07T07:21:00Z,4401.82,4401.82,4400.72,4401.55,154,22,0
2026-09-07T07:22:00Z,4401.52,4401.96,4401.08,4401.17,138,22,0
2026-09-07T07:23:00Z,4401.17,4401.86,4400.6,4400.88,146,22,0
2026-09-07T07:24:00Z,4400.82,4401.35,4400.79,4400.82,100,22,0
2026-09-07T07:25:00Z,4400.75,4401.96,4400.18,4401.64,132,22,0
2026-09-07T07:26:00Z,4401.65,4401.65,4400.55,4400.96,154,22,0
2026-09-07T07:27:00Z,4400.88,4402.19,4400.79,4402.11,125,22,0
2026-09-07T07:28:00Z,4402.13,4402.22,4401.43,4402.16,102,22,0
2026-09-07T07:29:00Z,4402.15,4402.38,4402.0,4402.21,99,22,0
2026-09-07T07:30:00Z,4402.19,4402.53,4400.92,4401.31,167,22,0
2026-09-07T07:31:00Z,4401.27,4401.4,4400.62,4400.62,86,22,0
2026-09-07T07:32:00Z,4400.67,4400.93,4399.42,4400.27,157,22,0
2026-09-07T07:33:00Z,4400.28,4400.48,4399.42,4399.42,88,22,0
2026-09-07T07:34:00Z,4399.37,4399.45,4397.24,4398.02,281,22,0
2026-09-07T07:35:00Z,4398.02,4398.37,4396.86,4397.01,200,22,0
2026-09-07T07:36:00Z,4397.0,4397.14,4396.21,4396.29,207,22,0
2026-09-07T07:37:00Z,4396.26,4396.28,4395.23,4395.26,156,22,0
2026-09-07T07:38:00Z,4395.25,4397.19,4395.25,4396.98,175,22,0
2026-09-07T07:39:00Z,4397.05,4397.05,4394.41,4395.15,208,22,0
2026-09-07T07:40:00Z,4395.17,4396.33,4394.87,4396.19,141,22,0
2026-09-07T07:41:00Z,4396.18,4396.81,4396.08,4396.08,137,22,0
2026-09-07T07:42:00Z,4396.18,4396.93,4396.18,4396.89,75,22,0
2026-09-07T07:43:00Z,4396.89,4397.32,4396.76,4397.09,146,22,0
2026-09-07T07:44:00Z,4397.1,4397.1,4396.4,4396.74,105,22,0
2026-09-07T07:45:00Z,4396.71,4397.29,4396.42,4396.59,109,22,0
2026-09-07T07:46:00Z,4396.6,4396.78,4396.44,4396.78,75,22,0
2026-09-07T07:47:00Z,4396.7,4397.5,4396.11,4396.29,115,22,0
2026-09-07T07:48:00Z,4396.36,4397.57,4395.7,4396.09,160,22,0
2026-09-07T07:49:00Z,4396.01,4396.55,4395.54,4396.54,185,22,0
2026-09-07T07:50:00Z,4396.57,4397.13,4395.87,4396.95,225,22,0
2026-09-07T07:51:00Z,4397.01,4397.83,4397.01,4397.21,171,22,0
2026-09-07T07:52:00Z,4397.22,4397.28,4396.39,4396.61,179,22,0
2026-09-07T07:53:00Z,4396.62,4397.04,4395.89,4395.89,107,22,0
2026-09-07T07:54:00Z,4395.87,4396.17,4395.62,4396.11,99,22,0
2026-09-07T07:55:00Z,4396.02,4396.74,4395.57,4396.46,123,22,0
2026-09-07T07:56:00Z,4396.48,4397.61,4396.31,4397.51,116,22,0
2026-09-07T07:57:00Z,4397.44,4398.81,4397.37,4398.19,129,22,0
2026-09-07T07:58:00Z,4398.17,4398.72,4398.14,4398.71,106,22,0
2026-09-07T07:59:00Z,4398.7,4398.92,4397.95,4397.98,113,22,0
2026-09-07T08:00:00Z,4398.0,4398.15,4397.59,4397.72,129,22,0
2026-09-07T08:01:00Z,4397.73,4400.41,4397.63,4400.06,164,22,0
2026-09-07T08:02:00Z,4400.06,4400.24,4398.33,4398.5,182,22,0
2026-09-07T08:03:00Z,4398.52,4399.64,4397.83,4399.64,107,22,0
2026-09-07T08:04:00Z,4399.63,4402.41,4399.56,4402.06,195,22,0
2026-09-07T08:05:00Z,4402.1,4402.89,4401.95,4402.72,138,22,0
2026-09-07T08:06:00Z,4402.83,4404.13,4402.83,4403.77,213,22,0
2026-09-07T08:07:00Z,4403.84,4403.91,4402.67,4402.96,160,22,0
2026-09-07T08:08:00Z,4402.96,4402.96,4401.16,4401.21,133,22,0
2026-09-07T08:09:00Z,4401.19,4401.29,4400.34,4401.02,130,22,0
2026-09-07T08:10:00Z,4401.05,4402.47,4400.7,4400.78,191,22,0
2026-09-07T08:11:00Z,4400.87,4401.1,4398.34,4398.85,191,22,0
2026-09-07T08:12:00Z,4398.84,4399.86,4398.57,4399.75,191,22,0
2026-09-07T08:13:00Z,4399.75,4401.37,4399.66,4401.37,173,22,0
2026-09-07T08:14:00Z,4401.4,4402.51,4401.12,4402.49,167,22,0
2026-09-07T08:15:00Z,4402.53,4403.14,4401.91,4402.96,194,22,0
2026-09-07T08:16:00Z,4402.99,4403.41,4402.73,4402.95,133,22,0
2026-09-07T08:17:00Z,4402.95,4403.7,4402.94,4403.49,153,22,0
2026-09-07T08:18:00Z,4403.72,4405.23,4403.5,4405.08,209,22,0
2026-09-07T08:19:00Z,4405.1,4405.38,4404.31,4404.76,116,22,0
2026-09-07T08:20:00Z,4404.83,4405.0,4404.04,4404.07,124,22,0
2026-09-07T08:21:00Z,4404.06,4404.13,4402.39,4402.58,136,22,0
2026-09-07T08:22:00Z,4402.58,4403.02,4402.47,4402.97,101,22,0
2026-09-07T08:23:00Z,4403.2,4403.25,4402.65,4402.85,114,22,0
2026-09-07T08:24:00Z,4402.98,4405.15,4402.63,4404.92,132,22,0
2026-09-07T08:25:00Z,4404.85,4406.67,4404.4,4405.89,237,22,0
2026-09-07T08:26:00Z,4405.99,4406.69,4405.85,4406.18,125,22,0
2026-09-07T08:27:00Z,4406.39,4408.34,4406.32,4408.23,131,22,0
2026-09-07T08:28:00Z,4408.28,4409.54,4408.28,4409.14,219,22,0
2026-09-07T08:29:00Z,4409.23,4411.64,4409.18,4411.04,258,22,0
2026-09-07T08:30:00Z,4411.07,4411.69,4405.99,4410.49,553,22,0
2026-09-07T08:31:00Z,4411.1,4413.26,4410.22,4410.59,404,22,0
2026-09-07T08:32:00Z,4410.52,4410.81,4407.41,4408.23,358,22,0
2026-09-07T08:33:00Z,4407.94,4407.95,4404.84,4405.99,339,22,0
2026-09-07T08:34:00Z,4405.96,4409.34,4405.45,4408.3,306,22,0
2026-09-07T08:35:00Z,4408.24,4410.36,4408.2,4410.35,273,22,0
2026-09-07T08:36:00Z,4410.44,4410.5,4408.02,4408.61,243,22,0
2026-09-07T08:37:00Z,4408.49,4408.85,4406.58,4406.66,244,22,0
2026-09-07T08:38:00Z,4406.67,4407.23,4405.62,4406.97,248,22,0
2026-09-07T08:39:00Z,4406.97,4407.22,4404.85,4405.43,225,22,0
2026-09-07T08:40:00Z,4405.09,4405.14,4401.68,4402.05,363,22,0
2026-09-07T08:41:00Z,4402.07,4403.28,4401.47,4402.41,273,22,0
2026-09-07T08:42:00Z,4402.5,4404.25,4402.49,4403.96,248,22,0
2026-09-07T08:43:00Z,4403.87,4405.07,4403.66,4404.84,230,22,0
2026-09-07T08:44:00Z,4404.86,4405.13,4403.86,4404.28,231,22,0
2026-09-07T08:45:00Z,4404.33,4406.55,4403.62,4405.91,310,22,0
2026-09-07T08:46:00Z,4405.81,4405.83,4402.16,4402.45,233,22,0
2026-09-07T08:47:00Z,4402.47,4403.99,4402.25,4403.61,190,22,0
2026-09-07T08:48:00Z,4403.71,4403.96,4402.55,4402.62,157,22,0
2026-09-07T08:49:00Z,4402.43,4403.16,4402.31,4403.12,168,22,0
2026-09-07T08:50:00Z,4402.99,4402.99,4398.32,4398.62,293,22,0
2026-09-07T08:51:00Z,4398.98,4400.25,4397.81,4398.54,361,22,0
2026-09-07T08:52:00Z,4398.41,4399.71,4398.04,4398.27,266,22,0
2026-09-07T08:53:00Z,4398.38,4399.27,4396.5,4397.11,260,22,0
2026-09-07T08:54:00Z,4397.32,4397.88,4395.35,4396.2,300,22,0
2026-09-07T08:55:00Z,4396.22,4397.81,4395.56,4396.43,324,22,0
2026-09-07T08:56:00Z,4396.46,4396.46,4393.63,4395.32,421,22,0
2026-09-07T08:57:00Z,4395.26,4397.45,4394.87,4396.61,320,22,0
2026-09-07T08:58:00Z,4396.61,4397.84,4396.58,4397.55,232,22,0
2026-09-07T08:59:00Z,4397.5,4397.51,4393.08,4393.98,349,22,0
2026-09-07T09:00:00Z,4393.98,4394.73,4391.63,4392.25,527,18,0
2026-09-07T09:01:00Z,4392.3,4392.79,4389.84,4390.55,574,18,0
2026-09-07T09:02:00Z,4390.56,4392.57,4389.79,4392.43,439,18,0
2026-09-07T09:03:00Z,4392.47,4392.92,4390.53,4391.19,439,18,0
2026-09-07T09:04:00Z,4391.21,4391.21,4385.23,4387.65,679,18,0
2026-09-07T09:05:00Z,4387.52,4390.1,4387.15,4389.27,565,18,0
2026-09-07T09:06:00Z,4389.28,4390.08,4387.28,4387.96,460,18,0
2026-09-07T09:07:00Z,4387.89,4388.25,4385.37,4387.55,442,18,0
2026-09-07T09:08:00Z,4387.67,4387.76,4386.25,4387.25,370,18,0
2026-09-07T09:09:00Z,4387.0,4390.44,4386.54,4389.49,457,18,0
2026-09-07T09:10:00Z,4389.04,4389.31,4388.29,4388.82,393,18,0
2026-09-07T09:11:00Z,4388.81,4391.22,4387.5,4391.22,492,18,0
2026-09-07T09:12:00Z,4391.3,4393.25,4391.3,4393.16,424,18,0
2026-09-07T09:13:00Z,4393.16,4393.51,4392.11,4392.88,293,18,0
2026-09-07T09:14:00Z,4392.9,4393.83,4391.81,4392.03,266,18,0
2026-09-07T09:15:00Z,4392.06,4394.06,4391.8,4393.55,298,18,0
2026-09-07T09:16:00Z,4393.55,4394.16,4393.16,4393.7,161,18,0
2026-09-07T09:17:00Z,4393.75,4394.46,4393.34,4394.16,240,18,0
2026-09-07T09:18:00Z,4394.21,4395.45,4394.21,4395.27,288,18,0
2026-09-07T09:19:00Z,4395.33,4395.92,4394.52,4395.11,321,18,0
2026-09-07T09:20:00Z,4395.12,4395.18,4392.22,4393.59,380,18,0
2026-09-07T09:21:00Z,4393.6,4393.72,4390.0,4391.69,399,18,0
2026-09-07T09:22:00Z,4391.69,4393.56,4391.69,4392.98,271,18,0
2026-09-07T09:23:00Z,4393.09,4395.0,4392.97,4394.91,323,18,0
2026-09-07T09:24:00Z,4394.92,4397.92,4394.77,4397.43,465,18,0
2026-09-07T09:25:00Z,4397.39,4398.22,4396.01,4396.32,323,18,0
2026-09-07T09:26:00Z,4396.48,4398.03,4396.27,4396.66,358,18,0
2026-09-07T09:27:00Z,4396.68,4397.11,4396.24,4396.67,235,18,0
2026-09-07T09:28:00Z,4396.63,4396.83,4393.59,4394.33,378,18,0
2026-09-07T09:29:00Z,4394.39,4395.21,4394.1,4394.43,223,18,0
2026-09-07T09:30:00Z,4394.56,4394.83,4393.8,4394.34,304,18,0
2026-09-07T09:31:00Z,4394.34,4395.13,4393.98,4394.35,318,18,0
2026-09-07T09:32:00Z,4394.35,4395.62,4394.31,4395.21,250,18,0
2026-09-07T09:33:00Z,4395.21,4397.09,4395.19,4397.06,298,18,0
2026-09-07T09:34:00Z,4397.08,4398.0,4396.79,4397.9,327,18,0
2026-09-07T09:35:00Z,4397.91,4398.59,4396.84,4396.92,286,18,0
2026-09-07T09:36:00Z,4397.07,4397.43,4395.87,4396.09,293,18,0
2026-09-07T09:37:00Z,4396.09,4396.33,4394.55,4394.79,269,18,0
2026-09-07T09:38:00Z,4394.84,4395.51,4393.94,4394.71,319,18,0
2026-09-07T09:39:00Z,4394.81,4397.54,4394.68,4397.05,371,18,0
2026-09-07T09:40:00Z,4397.07,4398.67,4396.86,4397.89,318,18,0
2026-09-07T09:41:00Z,4397.88,4399.04,4397.74,4398.93,259,18,0
2026-09-07T09:42:00Z,4398.93,4399.84,4398.23,4398.23,279,18,0
2026-09-07T09:43:00Z,4398.22,4398.32,4396.2,4397.16,320,18,0
2026-09-07T09:44:00Z,4397.14,4397.53,4396.21,4396.34,264,18,0
2026-09-07T09:45:00Z,4396.32,4397.57,4396.19,4397.15,328,18,0
2026-09-07T09:46:00Z,4397.12,4397.74,4396.2,4396.9,280,18,0
2026-09-07T09:47:00Z,4396.76,4399.22,4396.75,4398.09,312,18,0
2026-09-07T09:48:00Z,4398.11,4398.62,4397.75,4398.45,199,18,0
2026-09-07T09:49:00Z,4398.51,4398.6,4396.26,4396.76,193,18,0
2026-09-07T09:50:00Z,4396.92,4397.27,4396.47,4396.51,218,18,0
2026-09-07T09:51:00Z,4396.47,4397.1,4395.99,4396.94,271,18,0
2026-09-07T09:52:00Z,4396.95,4397.25,4396.56,4396.95,259,18,0
2026-09-07T09:53:00Z,4396.92,4397.79,4396.72,4397.63,203,18,0
2026-09-07T09:54:00Z,4397.63,4398.02,4394.6,4394.99,341,18,0
2026-09-07T09:55:00Z,4394.97,4395.78,4393.42,4393.8,292,18,0
2026-09-07T09:56:00Z,4393.83,4394.51,4393.51,4393.73,216,18,0
2026-09-07T09:57:00Z,4393.69,4393.84,4392.41,4392.58,203,18,0
2026-09-07T09:58:00Z,4392.61,4392.79,4391.26,4392.58,285,18,0
2026-09-07T09:59:00Z,4392.66,4393.71,4391.97,4392.83,387,18,0
2026-09-07T10:00:00Z,4392.9,4395.1,4392.51,4395.1,520,18,0
2026-09-07T10:01:00Z,4395.09,4395.23,4391.88,4393.37,293,18,0
2026-09-07T10:02:00Z,4393.16,4396.62,4392.99,4396.55,202,18,0
2026-09-07T10:03:00Z,4396.62,4398.04,4396.24,4397.89,212,18,0
2026-09-07T10:04:00Z,4397.97,4401.23,4397.56,4400.15,263,18,0
2026-09-07T10:05:00Z,4400.16,4401.19,4399.17,4399.66,265,18,0
2026-09-07T10:06:00Z,4399.69,4401.59,4399.02,4400.68,261,18,0
2026-09-07T10:07:00Z,4400.61,4401.74,4399.53,4401.34,325,18,0
2026-09-07T10:08:00Z,4401.45,4401.49,4397.92,4400.35,394,18,0
2026-09-07T10:09:00Z,4400.3,4401.46,4399.89,4400.29,508,18,0
2026-09-07T10:10:00Z,4400.3,4400.5,4397.31,4398.66,347,18,0
2026-09-07T10:11:00Z,4398.59,4399.24,4397.19,4397.32,299,18,0
2026-09-07T10:12:00Z,4397.32,4398.15,4395.7,4397.79,198,18,0
2026-09-07T10:13:00Z,4397.69,4400.81,4397.62,4400.39,198,18,0
2026-09-07T10:14:00Z,4400.54,4401.52,4399.81,4401.52,228,18,0
2026-09-07T10:15:00Z,4401.54,4402.23,4399.38,4399.69,350,18,0
2026-09-07T10:16:00Z,4399.54,4399.81,4398.01,4398.61,192,18,0
2026-09-07T10:17:00Z,4398.61,4399.25,4397.83,4398.86,160,18,0
2026-09-07T10:18:00Z,4398.83,4399.06,4397.55,4397.82,183,18,0
2026-09-07T10:19:00Z,4397.84,4398.43,4397.1,4397.58,229,18,0
2026-09-07T10:20:00Z,4397.58,4400.0,4397.58,4400.0,131,18,0
2026-09-07T10:21:00Z,4400.0,4400.8,4398.45,4398.46,170,18,0
2026-09-07T10:22:00Z,4398.46,4398.46,4396.43,4396.7,194,18,0
2026-09-07T10:23:00Z,4396.77,4397.98,4395.83,4397.49,166,18,0
2026-09-07T10:24:00Z,4397.39,4398.34,4397.27,4398.19,194,18,0
2026-09-07T10:25:00Z,4398.22,4399.4,4397.99,4399.15,189,18,0
2026-09-07T10:26:00Z,4398.86,4399.53,4398.3,4399.07,217,18,0
2026-09-07T10:27:00Z,4398.97,4399.79,4398.13,4398.52,283,18,0
2026-09-07T10:28:00Z,4398.49,4398.53,4396.71,4396.83,253,18,0
2026-09-07T10:29:00Z,4396.8,4396.98,4394.62,4395.17,197,18,0
2026-09-07T10:30:00Z,4395.23,4396.9,4395.18,4396.29,257,18,0
2026-09-07T10:31:00Z,4396.23,4396.68,4395.09,4395.77,243,18,0
2026-09-07T10:32:00Z,4395.85,4396.94,4395.23,4396.84,213,18,0
2026-09-07T10:33:00Z,4396.81,4397.16,4393.48,4394.73,246,18,0
2026-09-07T10:34:00Z,4394.68,4397.27,4394.4,4395.71,195,18,0
2026-09-07T10:35:00Z,4395.84,4397.77,4395.23,4397.72,239,18,0
2026-09-07T10:36:00Z,4397.68,4399.08,4397.52,4398.84,221,18,0
2026-09-07T10:37:00Z,4398.9,4398.99,4396.38,4396.84,264,18,0
2026-09-07T10:38:00Z,4396.94,4397.11,4396.26,4396.72,174,18,0
2026-09-07T10:39:00Z,4396.51,4396.6,4395.0,4395.0,203,18,0
2026-09-07T10:40:00Z,4395.02,4396.68,4394.94,4395.18,253,18,0
2026-09-07T10:41:00Z,4395.22,4395.71,4393.29,4393.54,279,18,0
2026-09-07T10:42:00Z,4393.39,4393.9,4392.31,4393.02,233,18,0
2026-09-07T10:43:00Z,4392.97,4394.0,4392.44,4394.0,223,18,0
2026-09-07T10:44:00Z,4394.0,4395.99,4393.61,4395.99,216,18,0
2026-09-07T10:45:00Z,4395.97,4396.96,4394.98,4395.81,232,18,0
2026-09-07T10:46:00Z,4395.8,4396.74,4395.44,4396.53,183,18,0
2026-09-07T10:47:00Z,4396.59,4398.01,4395.98,4396.05,206,18,0
2026-09-07T10:48:00Z,4395.99,4396.9,4395.99,4396.86,207,18,0
2026-09-07T10:49:00Z,4396.8,4399.5,4396.76,4399.26,235,18,0
2026-09-07T10:50:00Z,4399.27,4399.41,4397.74,4397.95,230,18,0
2026-09-07T10:51:00Z,4397.91,4400.07,4397.88,4399.88,268,18,0
2026-09-07T10:52:00Z,4399.9,4402.03,4399.52,4401.73,322,18,0
2026-09-07T10:53:00Z,4401.86,4402.28,4401.07,4401.87,231,18,0
2026-09-07T10:54:00Z,4401.99,4402.27,4398.65,4401.23,379,18,0
2026-09-07T10:55:00Z,4401.15,4406.12,4400.6,4406.08,428,18,0
2026-09-07T10:56:00Z,4406.14,4406.14,4402.55,4402.6,474,18,0
2026-09-07T10:57:00Z,4402.64,4404.0,4401.9,4403.45,316,18,0
2026-09-07T10:58:00Z,4403.5,4405.95,4403.28,4404.95,296,18,0
2026-09-07T10:59:00Z,4404.95,4406.68,4404.79,4406.32,292,18,0
2026-09-07T11:00:00Z,4406.3,4408.22,4405.2,4407.39,389,18,0
2026-09-07T11:01:00Z,4407.4,4411.36,4407.07,4411.36,285,18,0
2026-09-07T11:02:00Z,4411.37,4413.81,4410.43,4413.54,323,18,0
2026-09-07T11:03:00Z,4413.69,4416.76,4413.64,4416.12,349,18,0
2026-09-07T11:04:00Z,4416.23,4416.77,4411.95,4412.4,269,18,0
2026-09-07T11:05:00Z,4412.38,4412.84,4411.63,4412.03,270,18,0
2026-09-07T11:06:00Z,4412.01,4414.34,4411.76,4412.09,273,18,0
2026-09-07T11:07:00Z,4412.07,4414.01,4409.78,4412.85,449,18,0
2026-09-07T11:08:00Z,4412.85,4413.45,4411.39,4411.53,455,18,0
2026-09-07T11:09:00Z,4411.51,4414.66,4411.14,4413.89,513,18,0
2026-09-07T11:10:00Z,4413.95,4415.08,4412.73,4413.46,359,18,0
2026-09-07T11:11:00Z,4413.45,4415.04,4412.98,4414.64,459,18,0
2026-09-07T11:12:00Z,4414.7,4416.05,4412.64,4414.55,500,18,0
2026-09-07T11:13:00Z,4414.57,4417.69,4414.57,4416.7,298,18,0
2026-09-07T11:14:00Z,4416.78,4417.65,4416.36,4417.16,301,18,0
2026-09-07T11:15:00Z,4417.16,4419.51,4417.16,4419.44,336,18,0
2026-09-07T11:16:00Z,4419.46,4420.13,4419.15,4419.88,338,18,0
2026-09-07T11:17:00Z,4419.92,4420.4,4419.71,4419.82,277,18,0
2026-09-07T11:18:00Z,4419.81,4421.98,4419.81,4421.84,208,18,0
2026-09-07T11:19:00Z,4421.83,4423.54,4421.2,4421.81,280,18,0
2026-09-07T11:20:00Z,4421.86,4423.05,4421.35,4422.42,314,18,0
2026-09-07T11:21:00Z,4422.34,4422.63,4420.55,4420.55,287,18,0
2026-09-07T11:22:00Z,4420.36,4420.8,4418.68,4420.8,267,18,0
2026-09-07T11:23:00Z,4420.92,4421.09,4418.26,4419.02,245,18,0
2026-09-07T11:24:00Z,4418.98,4419.9,4417.96,4417.96,237,18,0
2026-09-07T11:25:00Z,4417.93,4417.99,4416.37,4417.05,184,18,0
2026-09-07T11:26:00Z,4417.02,4417.75,4416.51,4417.27,203,18,0
2026-09-07T11:27:00Z,4417.17,4418.55,4416.81,4418.32,238,18,0
2026-09-07T11:28:00Z,4418.21,4420.02,4417.79,4419.67,270,18,0
2026-09-07T11:29:00Z,4419.57,4420.34,4418.34,4419.82,276,18,0
2026-09-07T11:30:00Z,4419.81,4422.31,4418.37,4420.83,388,18,0
2026-09-07T11:31:00Z,4420.73,4422.48,4420.61,4421.31,314,18,0
2026-09-07T11:32:00Z,4421.31,4423.89,4420.54,4423.6,315,18,0
2026-09-07T11:33:00Z,4423.47,4423.79,4420.94,4421.78,268,18,0
2026-09-07T11:34:00Z,4421.78,4422.42,4420.15,4421.14,309,18,0
2026-09-07T11:35:00Z,4420.99,4421.84,4419.5,4419.54,222,18,0
2026-09-07T11:36:00Z,4419.47,4420.22,4418.71,4419.87,206,18,0
2026-09-07T11:37:00Z,4419.77,4419.91,4418.63,4418.93,227,18,0
2026-09-07T11:38:00Z,4419.01,4419.23,4418.13,4418.2,240,18,0
2026-09-07T11:39:00Z,4418.36,4418.51,4415.48,4415.48,238,18,0
2026-09-07T11:40:00Z,4415.48,4415.51,4414.18,4414.29,253,18,0
2026-09-07T11:41:00Z,4414.3,4415.12,4413.48,4414.97,186,18,0
2026-09-07T11:42:00Z,4415.01,4415.93,4414.36,4415.5,161,18,0
2026-09-07T11:43:00Z,4415.46,4416.04,4414.61,4415.98,169,18,0
2026-09-07T11:44:00Z,4415.92,4416.4,4414.58,4414.75,192,18,0
2026-09-07T11:45:00Z,4414.79,4415.15,4413.37,4413.73,165,18,0
2026-09-07T11:46:00Z,4413.74,4414.79,4413.6,4414.43,172,18,0
2026-09-07T11:47:00Z,4414.49,4415.06,4413.19,4415.0,203,18,0
2026-09-07T11:48:00Z,4414.93,4415.17,4414.15,4414.83,150,18,0
2026-09-07T11:49:00Z,4414.59,4414.59,4413.26,4414.31,158,18,0
2026-09-07T11:50:00Z,4414.09,4414.09,4412.48,4412.5,136,18,0
2026-09-07T11:51:00Z,4412.48,4413.06,4410.72,4410.78,187,18,0
2026-09-07T11:52:00Z,4410.74,4411.52,4410.65,4411.16,191,18,0
2026-09-07T11:53:00Z,4410.96,4412.12,4410.54,4412.01,198,18,0
2026-09-07T11:54:00Z,4412.0,4412.64,4411.33,4411.56,165,18,0
2026-09-07T11:55:00Z,4411.52,4411.71,4410.54,4410.7,149,18,0
2026-09-07T11:56:00Z,4410.67,4410.78,4410.03,4410.33,117,18,0
2026-09-07T11:57:00Z,4409.98,4410.49,4409.78,4410.0,77,18,0
2026-09-07T11:58:00Z,4409.97,4410.68,4409.7,4410.61,105,18,0
2026-09-07T11:59:00Z,4410.57,4411.54,4410.57,4410.99,136,18,0
2026-09-07T12:00:00Z,4411.12,4412.49,4411.12,4412.36,156,18,0
2026-09-07T12:01:00Z,4412.56,4413.3,4411.52,4413.28,184,18,0
2026-09-07T12:02:00Z,4413.4,4413.78,4411.43,4411.77,156,18,0
2026-09-07T12:03:00Z,4411.74,4413.0,4411.74,4412.95,119,18,0
2026-09-07T12:04:00Z,4412.66,4413.06,4411.6,4412.29,111,18,0
2026-09-07T12:05:00Z,4412.25,4412.87,4411.68,4412.11,163,18,0
2026-09-07T12:06:00Z,4412.1,4412.47,4411.29,4411.43,159,18,0
2026-09-07T12:07:00Z,4411.43,4412.71,4411.33,4412.19,159,18,0
2026-09-07T12:08:00Z,4412.19,4412.46,4411.38,4412.19,113,18,0
2026-09-07T12:09:00Z,4412.2,4412.81,4412.04,4412.71,123,18,0
2026-09-07T12:10:00Z,4412.67,4413.48,4412.28,4412.71,128,18,0
2026-09-07T12:11:00Z,4412.67,4413.46,4412.21,4413.29,156,18,0
2026-09-07T12:12:00Z,4413.2,4413.21,4410.88,4411.84,148,18,0
2026-09-07T12:13:00Z,4411.77,4412.49,4410.8,4411.27,157,18,0
2026-09-07T12:14:00Z,4411.19,4412.14,4411.11,4411.13,126,18,0
2026-09-07T12:15:00Z,4411.11,4411.89,4411.03,4411.46,118,18,0
2026-09-07T12:16:00Z,4411.37,4411.41,4409.97,4410.27,141,18,0
2026-09-07T12:17:00Z,4410.27,4410.27,4409.38,4409.43,132,18,0
2026-09-07T12:18:00Z,4409.37,4409.37,4407.1,4407.49,203,18,0
2026-09-07T12:19:00Z,4407.44,4408.16,4406.73,4408.16,169,18,0
2026-09-07T12:20:00Z,4408.16,4408.29,4407.72,4407.79,98,18,0
2026-09-07T12:21:00Z,4407.74,4408.59,4407.66,4408.45,116,18,0
2026-09-07T12:22:00Z,4408.38,4409.14,4408.16,4408.85,99,18,0
2026-09-07T12:23:00Z,4408.8,4408.81,4408.03,4408.32,150,18,0
2026-09-07T12:24:00Z,4408.44,4408.87,4408.18,4408.64,139,18,0
2026-09-07T12:25:00Z,4408.59,4409.45,4408.55,4408.96,122,18,0
2026-09-07T12:26:00Z,4408.98,4409.06,4408.17,4408.84,133,18,0
2026-09-07T12:27:00Z,4408.86,4409.47,4408.52,4409.23,186,18,0
2026-09-07T12:28:00Z,4409.17,4409.28,4407.83,4407.9,151,18,0
2026-09-07T12:29:00Z,4407.88,4407.88,4405.46,4405.6,248,18,0
2026-09-07T12:30:00Z,4405.82,4406.53,4403.56,4404.14,238,18,0
2026-09-07T12:31:00Z,4404.07,4406.36,4403.97,4404.23,283,18,0
2026-09-07T12:32:00Z,4404.09,4405.43,4403.94,4405.4,190,18,0
2026-09-07T12:33:00Z,4405.51,4406.33,4405.06,4405.24,173,18,0
2026-09-07T12:34:00Z,4405.19,4405.91,4405.02,4405.91,169,18,0
2026-09-07T12:35:00Z,4405.91,4405.91,4404.5,4405.21,178,18,0
2026-09-07T12:36:00Z,4405.21,4406.63,4405.12,4406.21,183,18,0
2026-09-07T12:37:00Z,4406.11,4406.91,4405.89,4406.69,135,18,0
2026-09-07T12:38:00Z,4406.6,4407.96,4406.29,4407.94,107,18,0
2026-09-07T12:39:00Z,4407.98,4408.98,4407.36,4408.77,174,18,0
2026-09-07T12:40:00Z,4408.72,4410.08,4408.67,4410.05,132,18,0
2026-09-07T12:41:00Z,4409.88,4409.91,4408.83,4408.83,133,18,0
2026-09-07T12:42:00Z,4408.77,4409.04,4408.6,4409.04,99,18,0
2026-09-07T12:43:00Z,4409.08,4409.32,4408.95,4409.1,101,18,0
2026-09-07T12:44:00Z,4409.17,4409.59,4408.97,4409.57,108,18,0
2026-09-07T12:45:00Z,4409.57,4409.79,4409.06,4409.44,91,18,0
2026-09-07T12:46:00Z,4409.38,4409.77,4408.95,4409.62,89,18,0
2026-09-07T12:47:00Z,4409.83,4409.83,4409.01,4409.75,104,18,0
2026-09-07T12:48:00Z,4409.76,4410.29,4409.23,4410.2,95,18,0
2026-09-07T12:49:00Z,4410.06,4410.18,4409.63,4409.78,89,18,0
2026-09-07T12:50:00Z,4409.88,4409.96,4409.17,4409.93,78,18,0
2026-09-07T12:51:00Z,4409.8,4410.18,4409.66,4409.82,90,18,0
2026-09-07T12:52:00Z,4409.97,4410.04,4409.31,4409.31,74,18,0
2026-09-07T12:53:00Z,4409.53,4409.54,4408.28,4408.53,114,18,0
2026-09-07T12:54:00Z,4408.54,4408.77,4407.08,4408.4,169,18,0
2026-09-07T12:55:00Z,4408.49,4408.49,4407.63,4407.99,98,18,0
2026-09-07T12:56:00Z,4408.05,4408.46,4406.47,4406.57,124,18,0
2026-09-07T12:57:00Z,4406.56,4406.59,4405.16,4405.18,111,18,0
2026-09-07T12:58:00Z,4405.22,4405.78,4405.15,4405.16,96,18,0
2026-09-07T12:59:00Z,4405.17,4405.77,4404.75,4405.67,98,18,0
2026-09-07T13:00:00Z,4405.68,4406.14,4405.58,4405.64,141,18,0
2026-09-07T13:01:00Z,4405.65,4406.23,4405.29,4405.58,107,18,0
2026-09-07T13:02:00Z,4405.56,4405.56,4404.83,4404.93,126,18,0
2026-09-07T13:03:00Z,4404.96,4405.09,4404.73,4404.83,51,18,0
2026-09-07T13:04:00Z,4404.99,4405.45,4404.58,4404.77,87,18,0
2026-09-07T13:05:00Z,4404.73,4405.6,4404.73,4405.06,80,18,0
2026-09-07T13:06:00Z,4405.05,4405.22,4403.82,4403.82,122,18,0
2026-09-07T13:07:00Z,4403.82,4404.1,4402.77,4403.13,157,18,0
2026-09-07T13:08:00Z,4403.08,4403.81,4402.72,4403.28,106,18,0
2026-09-07T13:09:00Z,4403.21,4405.05,4403.21,4404.86,83,18,0
2026-09-07T13:10:00Z,4404.88,4404.88,4403.86,4404.09,74,18,0
2026-09-07T13:11:00Z,4404.01,4404.57,4402.9,4402.9,103,18,0
2026-09-07T13:12:00Z,4402.9,4403.8,4402.86,4402.92,154,18,0
2026-09-07T13:13:00Z,4402.97,4403.57,4402.75,4403.16,74,18,0
2026-09-07T13:14:00Z,4403.09,4403.79,4402.4,4403.2,120,18,0
2026-09-07T13:15:00Z,4403.07,4403.27,4402.56,4403.04,84,18,0
2026-09-07T13:16:00Z,4403.02,4403.29,4402.58,4402.8,75,18,0
2026-09-07T13:17:00Z,4402.79,4404.05,4402.79,4403.57,104,18,0
2026-09-07T13:18:00Z,4403.6,4404.04,4403.18,4404.01,118,18,0
2026-09-07T13:19:00Z,4404.01,4404.47,4403.73,4404.25,74,18,0
2026-09-07T13:20:00Z,4404.11,4404.61,4401.04,4401.32,163,18,0
2026-09-07T13:21:00Z,4401.27,4401.32,4399.57,4400.54,154,18,0
2026-09-07T13:22:00Z,4400.59,4400.59,4399.68,4400.28,97,18,0
2026-09-07T13:23:00Z,4400.29,4400.59,4398.24,4398.5,149,18,0
2026-09-07T13:24:00Z,4398.47,4398.77,4397.93,4398.23,127,18,0
2026-09-07T13:25:00Z,4398.19,4398.93,4397.99,4398.37,112,18,0
2026-09-07T13:26:00Z,4398.44,4398.98,4397.43,4398.77,129,18,0
2026-09-07T13:27:00Z,4398.75,4398.9,4397.2,4397.27,168,18,0
2026-09-07T13:28:00Z,4397.21,4397.55,4396.36,4396.94,130,18,0
2026-09-07T13:29:00Z,4396.95,4397.01,4395.79,4395.94,121,18,0
2026-09-07T13:30:00Z,4395.9,4396.88,4395.73,4395.96,117,18,0
2026-09-07T13:31:00Z,4395.94,4395.94,4395.13,4395.42,77,18,0
2026-09-07T13:32:00Z,4395.42,4396.36,4394.83,4395.16,139,18,0
2026-09-07T13:33:00Z,4395.15,4395.94,4394.06,4394.16,136,18,0
2026-09-07T13:34:00Z,4394.14,4394.68,4393.66,4394.52,113,18,0
2026-09-07T13:35:00Z,4394.45,4394.45,4392.73,4392.78,151,18,0
2026-09-07T13:36:00Z,4392.82,4393.58,4392.78,4393.58,152,18,0
2026-09-07T13:37:00Z,4393.54,4393.54,4391.87,4393.37,159,18,0
2026-09-07T13:38:00Z,4393.45,4394.4,4392.72,4392.87,211,18,0
2026-09-07T13:39:00Z,4392.75,4393.6,4392.55,4393.59,137,18,0
2026-09-07T13:40:00Z,4393.52,4394.26,4393.52,4394.22,128,18,0
2026-09-07T13:41:00Z,4394.22,4396.35,4393.77,4395.59,165,18,0
2026-09-07T13:42:00Z,4395.64,4396.78,4395.52,4396.78,172,18,0
2026-09-07T13:43:00Z,4396.77,4398.77,4396.22,4398.75,147,18,0
2026-09-07T13:44:00Z,4398.77,4399.27,4398.34,4398.56,120,18,0
2026-09-07T13:45:00Z,4398.58,4398.67,4398.11,4398.66,102,18,0
2026-09-07T13:46:00Z,4398.67,4398.72,4396.37,4396.72,204,18,0
2026-09-07T13:47:00Z,4396.64,4397.07,4395.11,4395.19,143,18,0
2026-09-07T13:48:00Z,4395.05,4395.38,4394.21,4394.34,105,18,0
2026-09-07T13:49:00Z,4394.39,4394.99,4394.33,4394.72,151,18,0
2026-09-07T13:50:00Z,4394.57,4395.12,4393.14,4393.25,156,18,0
2026-09-07T13:51:00Z,4393.31,4393.97,4393.26,4393.64,79,18,0
2026-09-07T13:52:00Z,4393.68,4394.22,4392.77,4392.9,115,18,0
2026-09-07T13:53:00Z,4392.91,4396.36,4392.02,4396.06,197,18,0
2026-09-07T13:54:00Z,4396.02,4396.02,4391.77,4391.82,305,18,0
2026-09-07T13:55:00Z,4391.94,4392.78,4389.69,4391.39,490,18,0
2026-09-07T13:56:00Z,4391.37,4392.09,4388.08,4390.48,448,18,0
2026-09-07T13:57:00Z,4390.52,4392.18,4390.39,4391.28,249,18,0
2026-09-07T13:58:00Z,4391.31,4392.6,4391.21,4391.77,318,18,0
2026-09-07T13:59:00Z,4391.75,4392.37,4390.84,4391.67,278,18,0
2026-09-07T14:00:00Z,4391.42,4392.53,4390.84,4390.91,303,18,0
2026-09-07T14:01:00Z,4390.97,4391.17,4389.06,4389.57,331,18,0
2026-09-07T14:02:00Z,4389.57,4391.27,4389.01,4390.72,224,18,0
2026-09-07T14:03:00Z,4390.73,4391.73,4389.85,4391.21,183,18,0
2026-09-07T14:04:00Z,4391.35,4392.06,4390.42,4391.04,177,18,0
2026-09-07T14:05:00Z,4391.07,4392.72,4391.02,4392.72,262,18,0
2026-09-07T14:06:00Z,4392.78,4393.66,4392.78,4393.43,224,18,0
2026-09-07T14:07:00Z,4393.41,4393.41,4391.67,4392.71,219,18,0
2026-09-07T14:08:00Z,4392.74,4392.75,4391.15,4391.86,166,18,0
2026-09-07T14:09:00Z,4391.88,4391.95,4390.54,4391.14,207,18,0
2026-09-07T14:10:00Z,4391.1,4392.66,4390.29,4392.58,178,18,0
2026-09-07T14:11:00Z,4392.55,4393.45,4391.59,4392.54,167,18,0
2026-09-07T14:12:00Z,4392.6,4394.26,4391.98,4393.94,185,18,0
2026-09-07T14:13:00Z,4393.98,4394.36,4393.22,4393.39,167,18,0
2026-09-07T14:14:00Z,4393.45,4394.02,4392.85,4393.69,168,18,0
2026-09-07T14:15:00Z,4393.64,4393.73,4392.42,4393.18,150,18,0
2026-09-07T14:16:00Z,4393.27,4394.15,4393.19,4393.46,208,18,0
2026-09-07T14:17:00Z,4393.44,4394.12,4393.05,4393.86,174,18,0
2026-09-07T14:18:00Z,4393.9,4393.9,4391.88,4392.18,172,18,0
2026-09-07T14:19:00Z,4392.27,4393.38,4392.23,4392.44,121,18,0
2026-09-07T14:20:00Z,4392.51,4394.58,4392.51,4394.58,136,18,0
2026-09-07T14:21:00Z,4394.58,4394.96,4393.55,4393.55,152,18,0
2026-09-07T14:22:00Z,4393.59,4393.66,4390.81,4390.96,206,18,0
2026-09-07T14:23:00Z,4390.94,4391.57,4388.72,4389.49,209,18,0
2026-09-07T14:24:00Z,4389.55,4390.74,4389.32,4389.87,139,18,0
2026-09-07T14:25:00Z,4389.85,4389.88,4387.49,4389.06,185,18,0
2026-09-07T14:26:00Z,4389.07,4390.13,4389.02,4389.85,114,18,0
2026-09-07T14:27:00Z,4389.84,4390.5,4389.08,4389.91,198,18,0
2026-09-07T14:28:00Z,4390.08,4390.36,4388.4,4388.4,185,18,0
2026-09-07T14:29:00Z,4388.34,4390.86,4388.34,4389.53,143,18,0
2026-09-07T14:30:00Z,4389.37,4389.71,4386.86,4387.25,248,18,0
2026-09-07T14:31:00Z,4387.21,4389.86,4386.92,4388.07,260,18,0
2026-09-07T14:32:00Z,4387.78,4387.78,4381.79,4385.11,422,18,0
2026-09-07T14:33:00Z,4385.04,4385.21,4383.63,4384.87,263,18,0
2026-09-07T14:34:00Z,4384.83,4385.2,4381.12,4382.5,268,18,0
2026-09-07T14:35:00Z,4382.49,4383.37,4382.32,4382.5,233,18,0
2026-09-07T14:36:00Z,4382.48,4385.12,4382.03,4385.12,220,18,0
2026-09-07T14:37:00Z,4385.13,4385.96,4384.55,4385.53,191,18,0
2026-09-07T14:38:00Z,4385.51,4388.51,4385.48,4387.47,162,18,0
2026-09-07T14:39:00Z,4387.4,4389.13,4386.85,4388.59,154,18,0
2026-09-07T14:40:00Z,4388.61,4388.66,4387.08,4387.34,179,18,0
2026-09-07T14:41:00Z,4387.31,4388.0,4386.46,4387.82,155,18,0
2026-09-07T14:42:00Z,4387.92,4388.61,4387.22,4388.61,110,18,0
2026-09-07T14:43:00Z,4388.59,4388.63,4387.34,4387.79,106,18,0
2026-09-07T14:44:00Z,4387.75,4388.19,4386.22,4386.67,127,18,0
2026-09-07T14:45:00Z,4386.7,4388.53,4385.92,4388.09,191,18,0
2026-09-07T14:46:00Z,4388.1,4390.96,4388.1,4390.96,183,18,0
2026-09-07T14:47:00Z,4390.87,4391.23,4390.49,4391.18,114,18,0
2026-09-07T14:48:00Z,4391.21,4392.11,4391.05,4391.59,100,18,0
2026-09-07T14:49:00Z,4391.35,4391.49,4390.94,4390.98,73,18,0
2026-09-07T14:50:00Z,4391.01,4391.58,4390.73,4391.35,109,18,0
2026-09-07T14:51:00Z,4391.27,4391.81,4391.11,4391.59,105,18,0
2026-09-07T14:52:00Z,4391.71,4391.8,4389.75,4389.75,147,18,0
2026-09-07T14:53:00Z,4389.82,4390.29,4388.31,4388.6,137,18,0
2026-09-07T14:54:00Z,4388.59,4388.88,4386.54,4387.19,161,18,0
2026-09-07T14:55:00Z,4387.19,4388.13,4386.21,4386.52,222,18,0
2026-09-07T14:56:00Z,4386.67,4387.38,4386.4,4386.5,158,18,0
2026-09-07T14:57:00Z,4386.35,4386.51,4385.87,4386.27,128,18,0
2026-09-07T14:58:00Z,4386.29,4386.44,4385.37,4386.0,116,18,0
2026-09-07T14:59:00Z,4385.99,4386.03,4385.03,4385.24,160,18,0
2026-09-07T15:00:00Z,4385.34,4388.81,4385.29,4388.79,278,18,0
2026-09-07T15:01:00Z,4388.56,4389.28,4388.02,4388.73,155,18,0
2026-09-07T15:02:00Z,4388.72,4388.73,4387.33,4387.78,154,18,0
2026-09-07T15:03:00Z,4387.8,4387.98,4386.71,4386.78,185,18,0
2026-09-07T15:04:00Z,4386.8,4386.91,4385.86,4386.34,156,18,0
2026-09-07T15:05:00Z,4386.38,4388.34,4386.38,4388.25,153,18,0
2026-09-07T15:06:00Z,4388.27,4390.89,4388.23,4390.37,161,18,0
2026-09-07T15:07:00Z,4390.13,4391.39,4389.11,4391.29,140,18,0
2026-09-07T15:08:00Z,4391.3,4391.51,4390.75,4390.8,105,18,0
2026-09-07T15:09:00Z,4390.79,4391.32,4389.56,4390.58,173,18,0
2026-09-07T15:10:00Z,4390.59,4392.98,4389.97,4392.71,203,18,0
2026-09-07T15:11:00Z,4392.69,4393.03,4391.28,4391.54,171,18,0
2026-09-07T15:12:00Z,4391.44,4391.95,4391.01,4391.88,115,18,0
2026-09-07T15:13:00Z,4391.88,4392.96,4391.79,4391.91,126,18,0
2026-09-07T15:14:00Z,4391.86,4392.06,4390.78,4390.82,114,18,0
2026-09-07T15:15:00Z,4390.82,4391.96,4390.81,4391.13,118,18,0
2026-09-07T15:16:00Z,4391.13,4391.63,4390.95,4391.15,119,18,0
2026-09-07T15:17:00Z,4391.1,4392.57,4390.94,4391.93,152,18,0
2026-09-07T15:18:00Z,4391.93,4392.6,4391.75,4392.6,141,18,0
2026-09-07T15:19:00Z,4392.64,4392.9,4391.42,4392.19,170,18,0
2026-09-07T15:20:00Z,4392.15,4392.63,4390.37,4392.2,206,18,0
2026-09-07T15:21:00Z,4392.26,4393.63,4391.88,4392.38,165,18,0
2026-09-07T15:22:00Z,4392.3,4392.44,4391.19,4391.38,221,18,0
2026-09-07T15:23:00Z,4391.41,4393.58,4391.08,4393.54,181,18,0
2026-09-07T15:24:00Z,4393.49,4393.88,4393.26,4393.67,147,18,0
2026-09-07T15:25:00Z,4393.65,4394.81,4393.21,4394.41,169,18,0
2026-09-07T15:26:00Z,4394.42,4394.46,4393.69,4393.91,156,18,0
2026-09-07T15:27:00Z,4393.89,4394.64,4393.13,4394.36,169,18,0
2026-09-07T15:28:00Z,4394.26,4394.66,4393.58,4393.87,167,18,0
2026-09-07T15:29:00Z,4393.95,4395.32,4393.91,4395.31,175,18,0
2026-09-07T15:30:00Z,4395.29,4396.09,4395.05,4395.49,222,18,0
2026-09-07T15:31:00Z,4395.41,4397.02,4395.41,4396.41,205,18,0
2026-09-07T15:32:00Z,4396.43,4396.76,4395.96,4396.34,111,18,0
2026-09-07T15:33:00Z,4396.32,4396.76,4396.04,4396.06,94,18,0
2026-09-07T15:34:00Z,4396.09,4396.24,4394.17,4394.55,139,18,0
2026-09-07T15:35:00Z,4394.59,4394.79,4393.17,4393.31,198,18,0
2026-09-07T15:36:00Z,4393.43,4393.58,4392.69,4393.14,199,18,0
2026-09-07T15:37:00Z,4393.54,4394.46,4393.54,4394.43,161,18,0
2026-09-07T15:38:00Z,4394.44,4395.78,4394.13,4395.58,145,18,0
2026-09-07T15:39:00Z,4395.64,4395.81,4394.9,4395.29,194,18,0
2026-09-07T15:40:00Z,4395.32,4397.16,4395.29,4396.88,159,18,0
2026-09-07T15:41:00Z,4396.85,4397.5,4396.71,4397.11,129,18,0
2026-09-07T15:42:00Z,4397.13,4397.61,4397.03,4397.16,146,18,0
2026-09-07T15:43:00Z,4397.18,4397.28,4395.37,4395.37,146,18,0
2026-09-07T15:44:00Z,4395.38,4397.03,4395.38,4397.03,162,18,0
2026-09-07T15:45:00Z,4397.01,4397.62,4396.5,4397.01,166,18,0
2026-09-07T15:46:00Z,4397.05,4397.51,4397.02,4397.25,108,18,0
2026-09-07T15:47:00Z,4397.29,4397.66,4396.06,4396.7,139,18,0
2026-09-07T15:48:00Z,4396.7,4397.28,4395.94,4396.75,149,18,0
2026-09-07T15:49:00Z,4396.87,4397.29,4396.52,4397.01,190,18,0
2026-09-07T15:50:00Z,4396.95,4398.08,4396.95,4397.26,141,18,0
2026-09-07T15:51:00Z,4397.25,4397.46,4396.32,4396.48,187,18,0
2026-09-07T15:52:00Z,4396.52,4396.54,4394.79,4395.54,130,18,0
2026-09-07T15:53:00Z,4395.54,4395.74,4394.56,4395.69,176,18,0
2026-09-07T15:54:00Z,4395.74,4395.74,4394.33,4394.69,172,18,0
2026-09-07T15:55:00Z,4394.76,4394.97,4394.29,4394.47,121,18,0
2026-09-07T15:56:00Z,4394.44,4395.12,4394.22,4395.05,139,18,0
2026-09-07T15:57:00Z,4394.81,4395.91,4394.58,4395.59,136,18,0
2026-09-07T15:58:00Z,4395.6,4395.83,4395.06,4395.22,135,18,0
2026-09-07T15:59:00Z,4395.2,4397.06,4395.2,4396.76,181,18,0
2026-09-07T16:00:00Z,4396.79,4398.9,4395.42,4398.84,527,18,0
2026-09-07T16:01:00Z,4398.89,4398.97,4396.58,4397.53,354,18,0
2026-09-07T16:02:00Z,4397.55,4399.87,4397.19,4397.37,304,18,0
2026-09-07T16:03:00Z,4397.44,4398.22,4395.93,4396.74,308,18,0
2026-09-07T16:04:00Z,4396.76,4400.41,4396.76,4400.41,312,18,0
2026-09-07T16:05:00Z,4400.35,4402.08,4399.27,4402.08,326,18,0
2026-09-07T16:06:00Z,4402.09,4402.66,4400.23,4401.36,258,18,0
2026-09-07T16:07:00Z,4401.48,4401.48,4399.36,4400.87,303,18,0
2026-09-07T16:08:00Z,4400.85,4400.96,4400.22,4400.6,211,18,0
2026-09-07T16:09:00Z,4400.54,4402.52,4400.35,4402.52,227,18,0
2026-09-07T16:10:00Z,4402.53,4403.2,4401.67,4403.14,241,18,0
2026-09-07T16:11:00Z,4403.16,4403.99,4401.58,4401.72,189,18,0
2026-09-07T16:12:00Z,4401.84,4403.59,4400.99,4403.38,276,18,0
2026-09-07T16:13:00Z,4403.27,4403.78,4402.6,4403.67,210,18,0
2026-09-07T16:14:00Z,4403.63,4404.62,4403.49,4404.11,234,18,0
2026-09-07T16:15:00Z,4404.15,4404.15,4401.67,4403.25,299,18,0
2026-09-07T16:16:00Z,4403.26,4403.29,4401.64,4401.88,239,18,0
2026-09-07T16:17:00Z,4401.93,4403.98,4401.62,4402.67,278,18,0
2026-09-07T16:18:00Z,4402.47,4403.56,4402.25,4402.89,189,18,0
2026-09-07T16:19:00Z,4402.92,4403.19,4401.5,4402.09,166,18,0
2026-09-07T16:20:00Z,4402.11,4403.84,4402.11,4403.84,228,18,0
2026-09-07T16:21:00Z,4403.83,4404.73,4403.37,4404.29,206,18,0
2026-09-07T16:22:00Z,4404.33,4404.48,4403.2,4404.16,146,18,0
2026-09-07T16:23:00Z,4404.12,4404.5,4403.31,4403.56,127,18,0
2026-09-07T16:24:00Z,4403.33,4403.96,4402.84,4403.55,150,18,0
2026-09-07T16:25:00Z,4403.66,4404.97,4403.6,4404.69,119,18,0
2026-09-07T16:26:00Z,4404.69,4405.06,4404.06,4404.29,115,18,0
2026-09-07T16:27:00Z,4404.27,4404.33,4403.67,4403.97,150,18,0
2026-09-07T16:28:00Z,4403.97,4404.46,4403.64,4403.91,155,18,0
2026-09-07T16:29:00Z,4403.91,4404.08,4402.75,4403.81,199,18,0
2026-09-07T16:30:00Z,4403.83,4405.32,4403.24,4405.17,297,18,0
2026-09-07T16:31:00Z,4405.12,4407.03,4405.08,4406.8,264,18,0
2026-09-07T16:32:00Z,4406.8,4407.6,4406.28,4406.89,215,18,0
2026-09-07T16:33:00Z,4406.9,4407.28,4406.57,4406.74,190,18,0
2026-09-07T16:34:00Z,4406.59,4406.82,4406.1,4406.19,175,18,0
2026-09-07T16:35:00Z,4406.2,4406.69,4405.24,4405.55,174,18,0
2026-09-07T16:36:00Z,4405.49,4405.49,4403.16,4404.29,277,18,0
2026-09-07T16:37:00Z,4404.19,4404.23,4402.52,4403.39,190,18,0
2026-09-07T16:38:00Z,4403.35,4403.5,4402.68,4402.75,177,18,0
2026-09-07T16:39:00Z,4402.77,4403.51,4402.59,4403.18,179,18,0
2026-09-07T16:40:00Z,4403.11,4403.28,4401.69,4402.58,233,18,0
2026-09-07T16:41:00Z,4402.42,4403.18,4402.29,4403.04,167,18,0
2026-09-07T16:42:00Z,4403.06,4403.88,4403.0,4403.06,181,18,0
2026-09-07T16:43:00Z,4402.87,4403.33,4402.12,4402.28,166,18,0
2026-09-07T16:44:00Z,4402.28,4403.93,4402.28,4403.36,159,18,0
2026-09-07T16:45:00Z,4403.39,4405.93,4403.34,4405.15,272,18,0
2026-09-07T16:46:00Z,4405.13,4406.41,4405.08,4406.37,181,18,0
2026-09-07T16:47:00Z,4406.41,4407.85,4406.39,4406.93,247,18,0
2026-09-07T16:48:00Z,4406.97,4407.07,4404.76,4405.13,259,18,0
2026-09-07T16:49:00Z,4405.21,4405.33,4403.4,4403.59,222,18,0
2026-09-07T16:50:00Z,4403.64,4403.68,4402.9,4403.59,194,18,0
2026-09-07T16:51:00Z,4403.58,4403.87,4402.96,4403.08,165,18,0
2026-09-07T16:52:00Z,4403.08,4403.6,4402.47,4403.43,152,18,0
2026-09-07T16:53:00Z,4403.28,4403.91,4403.22,4403.6,177,18,0
2026-09-07T16:54:00Z,4403.57,4404.82,4403.49,4404.37,161,18,0
2026-09-07T16:55:00Z,4404.41,4404.66,4402.97,4403.24,169,18,0
2026-09-07T16:56:00Z,4403.26,4403.72,4402.67,4402.88,165,18,0
2026-09-07T16:57:00Z,4402.84,4402.91,4402.21,4402.27,135,18,0
2026-09-07T16:58:00Z,4402.31,4402.51,4401.2,4401.55,203,18,0
2026-09-07T16:59:00Z,4401.59,4402.67,4401.56,4402.67,167,18,0
2026-09-07T17:00:00Z,4402.52,4406.06,4401.03,4405.74,376,18,0
2026-09-07T17:01:00Z,4405.97,4407.35,4405.63,4406.81,419,18,0
2026-09-07T17:02:00Z,4407.01,4407.91,4406.66,4407.05,274,18,0
2026-09-07T17:03:00Z,4407.05,4407.78,4406.64,4407.22,307,18,0
2026-09-07T17:04:00Z,4407.22,4407.81,4405.63,4406.22,309,18,0
2026-09-07T17:05:00Z,4406.21,4406.84,4405.62,4406.16,293,18,0
2026-09-07T17:06:00Z,4406.15,4407.88,4406.15,4407.39,248,18,0
2026-09-07T17:07:00Z,4407.46,4408.65,4407.01,4408.19,220,18,0
2026-09-07T17:08:00Z,4408.2,4408.47,4407.86,4408.09,148,18,0
2026-09-07T17:09:00Z,4408.11,4408.17,4407.43,4407.98,219,18,0
2026-09-07T17:10:00Z,4407.94,4408.0,4406.89,4407.31,180,18,0
2026-09-07T17:11:00Z,4407.32,4407.75,4406.71,4407.26,159,18,0
2026-09-07T17:12:00Z,4406.97,4407.72,4406.97,4407.39,128,18,0
2026-09-07T17:13:00Z,4407.39,4408.94,4407.26,4407.56,176,18,0
2026-09-07T17:14:00Z,4407.5,4408.03,4407.08,4407.12,168,18,0
2026-09-07T17:15:00Z,4407.15,4408.27,4406.84,4407.81,212,18,0
2026-09-07T17:16:00Z,4407.85,4409.07,4407.77,4408.75,244,18,0
2026-09-07T17:17:00Z,4408.73,4409.12,4407.83,4407.86,192,18,0
2026-09-07T17:18:00Z,4407.99,4408.03,4407.14,4407.18,175,18,0
2026-09-07T17:19:00Z,4407.19,4408.06,4407.19,4407.85,156,18,0
2026-09-07T17:20:00Z,4407.87,4407.97,4407.48,4407.85,186,18,0
2026-09-07T17:21:00Z,4407.86,4407.93,4406.3,4407.03,168,18,0
2026-09-07T17:22:00Z,4407.0,4407.79,4407.0,4407.79,186,18,0
2026-09-07T17:23:00Z,4407.76,4407.8,4406.6,4406.72,189,18,0
2026-09-07T17:24:00Z,4406.69,4406.69,4405.09,4405.93,169,18,0
2026-09-07T17:25:00Z,4405.94,4408.23,4405.84,4408.11,264,18,0
2026-09-07T17:26:00Z,4408.19,4408.42,4407.4,4407.66,169,18,0
2026-09-07T17:27:00Z,4407.69,4408.86,4407.4,4407.71,189,18,0
2026-09-07T17:28:00Z,4407.81,4407.89,4407.11,4407.51,132,18,0
2026-09-07T17:29:00Z,4407.5,4407.5,4406.51,4407.03,177,18,0
2026-09-07T17:30:00Z,4406.99,4407.14,4405.54,4406.45,159,18,0
2026-09-07T17:31:00Z,4406.34,4406.72,4406.05,4406.44,182,18,0
2026-09-07T17:32:00Z,4406.48,4406.62,4405.73,4406.26,208,18,0
2026-09-07T17:33:00Z,4406.3,4407.61,4405.84,4406.61,238,18,0
2026-09-07T17:34:00Z,4406.38,4406.53,4405.69,4405.9,230,18,0
2026-09-07T17:35:00Z,4405.94,4406.39,4404.87,4405.4,199,18,0
2026-09-07T17:36:00Z,4405.53,4406.52,4404.84,4405.99,188,18,0
2026-09-07T17:37:00Z,4405.98,4407.92,4405.34,4406.88,265,18,0
2026-09-07T17:38:00Z,4406.86,4406.86,4405.62,4405.83,164,18,0
2026-09-07T17:39:00Z,4405.89,4405.89,4404.62,4405.68,172,18,0
2026-09-07T17:40:00Z,4405.73,4407.14,4405.53,4405.53,167,18,0
2026-09-07T17:41:00Z,4405.62,4406.01,4405.28,4405.51,222,18,0
2026-09-07T17:42:00Z,4405.55,4408.12,4405.53,4408.12,220,18,0
2026-09-07T17:43:00Z,4408.18,4411.39,4408.17,4411.27,324,18,0
2026-09-07T17:44:00Z,4411.28,4412.22,4410.57,4411.98,272,18,0
2026-09-07T17:45:00Z,4411.94,4413.83,4410.88,4413.0,267,18,0
2026-09-07T17:46:00Z,4413.08,4413.45,4411.98,4413.12,287,18,0
2026-09-07T17:47:00Z,4413.16,4416.88,4413.03,4415.94,344,18,0
2026-09-07T17:48:00Z,4415.96,4419.38,4415.47,4417.5,365,18,0
2026-09-07T17:49:00Z,4417.5,4417.53,4413.8,4413.96,339,18,0
2026-09-07T17:50:00Z,4414.04,4414.47,4413.42,4413.6,195,18,0
2026-09-07T17:51:00Z,4413.53,4414.18,4412.19,4414.18,218,18,0
2026-09-07T17:52:00Z,4414.09,4416.08,4414.01,4415.6,332,18,0
2026-09-07T17:53:00Z,4415.62,4418.06,4414.85,4418.05,291,18,0
2026-09-07T17:54:00Z,4418.01,4419.65,4416.6,4416.99,344,18,0
2026-09-07T17:55:00Z,4417.11,4417.45,4416.32,4416.41,292,18,0
2026-09-07T17:56:00Z,4416.49,4417.23,4416.16,4416.71,318,18,0
2026-09-07T17:57:00Z,4416.72,4417.21,4416.21,4416.56,308,18,0
2026-09-07T17:58:00Z,4416.5,4416.88,4415.58,4416.18,271,18,0
2026-09-07T17:59:00Z,4416.0,4417.05,4415.97,4416.04,265,18,0
2026-09-07T18:00:00Z,4416.04,4416.69,4415.61,4416.31,335,18,0
2026-09-07T18:01:00Z,4416.04,4416.24,4414.25,4415.33,394,18,0
2026-09-07T18:02:00Z,4415.34,4416.02,4413.87,4413.97,334,18,0
2026-09-07T18:03:00Z,4413.97,4414.53,4413.3,4414.02,237,18,0
2026-09-07T18:04:00Z,4414.06,4414.27,4412.09,4413.03,213,18,0
2026-09-07T18:05:00Z,4413.06,4413.37,4410.61,4411.01,325,18,0
2026-09-07T18:06:00Z,4411.03,4411.05,4409.96,4410.14,339,18,0
2026-09-07T18:07:00Z,4410.07,4410.39,4409.22,4410.39,268,18,0
2026-09-07T18:08:00Z,4410.29,4410.78,4409.92,4410.4,266,18,0
2026-09-07T18:09:00Z,4410.37,4413.06,4410.37,4413.02,281,18,0
2026-09-07T18:10:00Z,4413.0,4413.73,4412.28,4412.32,297,18,0
2026-09-07T18:11:00Z,4412.17,4412.63,4411.5,4412.62,256,18,0
2026-09-07T18:12:00Z,4412.58,4414.02,4412.36,4413.74,243,18,0
2026-09-07T18:13:00Z,4413.72,4413.84,4413.03,4413.12,224,18,0
2026-09-07T18:14:00Z,4413.1,4414.93,4412.52,4414.9,235,18,0
2026-09-07T18:15:00Z,4414.89,4415.0,4413.7,4414.96,264,18,0
2026-09-07T18:16:00Z,4414.97,4415.02,4413.75,4414.41,233,18,0
2026-09-07T18:17:00Z,4414.37,4414.77,4413.64,4413.82,219,18,0
2026-09-07T18:18:00Z,4413.88,4414.19,4413.42,4413.48,242,18,0
2026-09-07T18:19:00Z,4413.41,4414.97,4413.38,4414.53,197,18,0
2026-09-07T18:20:00Z,4414.56,4414.97,4413.5,4414.23,212,18,0
2026-09-07T18:21:00Z,4414.24,4414.73,4413.61,4414.47,129,18,0
2026-09-07T18:22:00Z,4414.47,4415.14,4414.09,4414.51,114,18,0
2026-09-07T18:23:00Z,4414.43,4414.66,4413.65,4414.12,148,18,0
2026-09-07T18:24:00Z,4414.09,4414.38,4413.14,4414.3,214,18,0
2026-09-07T18:25:00Z,4414.38,4414.56,4413.5,4414.06,135,18,0
2026-09-07T18:26:00Z,4413.88,4413.99,4411.61,4412.19,196,18,0
2026-09-07T18:27:00Z,4412.2,4412.58,4411.68,4412.53,121,18,0
2026-09-07T18:28:00Z,4412.46,4413.26,4412.27,4413.14,155,18,0
2026-09-07T18:29:00Z,4413.08,4413.56,4412.78,4412.93,179,18,0
2026-09-07T18:30:00Z,4412.87,4413.66,4412.51,4412.54,193,18,0
2026-09-07T18:31:00Z,4412.57,4413.07,4412.15,4412.35,160,18,0
2026-09-07T18:32:00Z,4412.34,4412.46,4411.61,4411.73,149,18,0
2026-09-07T18:33:00Z,4411.66,4411.9,4411.16,4411.9,108,18,0
2026-09-07T18:34:00Z,4411.91,4413.58,4411.75,4412.95,140,18,0
2026-09-07T18:35:00Z,4412.96,4413.73,4412.77,4413.58,127,18,0
2026-09-07T18:36:00Z,4413.56,4414.04,4413.03,4413.15,146,18,0
2026-09-07T18:37:00Z,4413.15,4413.15,4411.68,4411.93,150,18,0
2026-09-07T18:38:00Z,4411.95,4412.34,4411.44,4412.09,133,18,0
2026-09-07T18:39:00Z,4412.08,4412.8,4410.91,4410.96,122,18,0
2026-09-07T18:40:00Z,4410.98,4411.1,4410.23,4410.53,118,18,0
2026-09-07T18:41:00Z,4410.54,4410.94,4409.48,4409.48,144,18,0
2026-09-07T18:42:00Z,4409.49,4410.42,4408.82,4410.05,205,18,0
2026-09-07T18:43:00Z,4410.06,4410.46,4409.59,4410.46,99,18,0
2026-09-07T18:44:00Z,4410.45,4411.84,4410.19,4411.84,103,18,0
2026-09-07T18:45:00Z,4411.94,4412.15,4411.26,4411.82,120,18,0
2026-09-07T18:46:00Z,4412.02,4413.0,4411.61,4412.84,157,18,0
2026-09-07T18:47:00Z,4412.81,4412.9,4411.94,4412.35,102,18,0
2026-09-07T18:48:00Z,4412.39,4412.68,4412.01,4412.21,104,18,0
2026-09-07T18:49:00Z,4412.18,4412.77,4412.18,4412.31,83,18,0
2026-09-07T18:50:00Z,4412.31,4413.25,4412.29,4413.01,113,18,0
2026-09-07T18:51:00Z,4413.01,4413.32,4413.01,4413.15,128,18,0
2026-09-07T18:52:00Z,4413.15,4413.19,4412.42,4412.67,89,18,0
2026-09-07T18:53:00Z,4412.84,4413.01,4412.14,4412.19,79,18,0
2026-09-07T18:54:00Z,4412.19,4413.34,4412.19,4413.28,77,18,0
2026-09-07T18:55:00Z,4413.08,4413.78,4412.42,4412.44,181,18,0
2026-09-07T18:56:00Z,4412.53,4413.21,4412.51,4412.88,110,18,0
2026-09-07T18:57:00Z,4412.83,4413.54,4412.29,4413.24,160,18,0
2026-09-07T18:58:00Z,4413.24,4413.85,4413.2,4413.79,90,18,0
2026-09-07T18:59:00Z,4413.77,4415.02,4413.77,4414.47,76,18,0
2026-09-07T19:00:00Z,4414.47,4414.98,4413.7,4413.85,134,18,0
2026-09-07T19:01:00Z,4413.86,4413.88,4413.4,4413.67,74,18,0
2026-09-07T19:02:00Z,4413.66,4413.72,4413.33,4413.36,53,18,0
2026-09-07T19:03:00Z,4413.33,4413.93,4412.85,4413.66,106,18,0
2026-09-07T19:04:00Z,4413.68,4414.03,4413.6,4413.95,61,18,0
2026-09-07T19:05:00Z,4414.03,4414.09,4413.73,4413.85,55,18,0
2026-09-07T19:06:00Z,4413.87,4414.11,4413.79,4414.11,55,18,0
2026-09-07T19:07:00Z,4414.08,4415.0,4413.92,4414.66,78,18,0
2026-09-07T19:08:00Z,4414.63,4415.31,4414.57,4414.64,111,18,0
2026-09-07T19:09:00Z,4414.67,4415.81,4414.66,4415.71,89,18,0
2026-09-07T19:10:00Z,4415.69,4416.56,4415.39,4416.42,117,18,0
2026-09-07T19:11:00Z,4416.42,4416.65,4416.04,4416.58,74,18,0
2026-09-07T19:12:00Z,4416.62,4417.27,4416.53,4416.67,107,18,0
2026-09-07T19:13:00Z,4416.71,4417.24,4416.61,4417.22,40,18,0
2026-09-07T19:14:00Z,4417.1,4417.22,4415.24,4415.32,141,18,0
2026-09-07T19:15:00Z,4415.31,4415.86,4415.28,4415.43,77,18,0
2026-09-07T19:16:00Z,4415.48,4415.5,4414.45,4414.78,107,18,0
2026-09-07T19:17:00Z,4414.8,4414.92,4413.6,4413.67,104,18,0
2026-09-07T19:18:00Z,4413.69,4413.7,4413.24,4413.45,87,18,0
2026-09-07T19:19:00Z,4413.45,4413.45,4412.59,4413.34,159,18,0
2026-09-07T19:20:00Z,4413.36,4413.84,4413.23,4413.76,93,18,0
2026-09-07T19:21:00Z,4413.7,4413.72,4413.3,4413.58,73,18,0
2026-09-07T19:22:00Z,4413.57,4413.62,4413.11,4413.56,75,18,0
2026-09-07T19:23:00Z,4413.54,4413.64,4413.34,4413.62,48,18,0
2026-09-07T19:24:00Z,4413.57,4414.04,4413.14,4413.31,56,18,0
2026-09-07T19:25:00Z,4413.32,4413.67,4413.11,4413.53,74,18,0
2026-09-07T19:26:00Z,4413.49,4414.27,4413.48,4414.02,63,13,0
2026-09-07T19:27:00Z,4414.11,4414.32,4413.62,4413.62,60,18,0
2026-09-07T19:28:00Z,4413.62,4414.17,4413.61,4413.85,66,18,0
2026-09-07T19:29:00Z,4413.84,4414.19,4413.59,4413.59,73,18,0
2026-09-07T19:30:00Z,4413.65,4413.85,4413.24,4413.57,50,18,0
2026-09-07T19:31:00Z,4413.52,4413.55,4413.25,4413.54,52,18,0
2026-09-07T19:32:00Z,4413.47,4413.77,4413.42,4413.63,66,18,0
2026-09-07T19:33:00Z,4413.58,4414.02,4413.37,4413.42,77,18,0
2026-09-07T19:34:00Z,4413.38,4413.39,4412.61,4412.69,93,18,0
2026-09-07T19:35:00Z,4412.81,4413.47,4412.73,4413.31,70,18,0
2026-09-07T19:36:00Z,4413.32,4413.36,4412.17,4412.17,122,18,0
2026-09-07T19:37:00Z,4412.21,4412.78,4412.21,4412.51,83,18,0
2026-09-07T19:38:00Z,4412.52,4412.73,4412.42,4412.45,61,18,0
2026-09-07T19:39:00Z,4412.45,4412.45,4411.8,4412.29,78,18,0
2026-09-07T19:40:00Z,4412.29,4413.77,4412.18,4413.77,111,18,0
2026-09-07T19:41:00Z,4413.61,4413.73,4413.48,4413.68,42,18,0
2026-09-07T19:42:00Z,4413.65,4413.68,4413.2,4413.42,37,16,0
2026-09-07T19:43:00Z,4413.38,4413.88,4413.03,4413.86,48,18,0
2026-09-07T19:44:00Z,4413.75,4414.14,4413.68,4414.11,65,18,0
2026-09-07T19:45:00Z,4414.13,4414.54,4413.49,4413.55,101,18,0
2026-09-07T19:46:00Z,4413.57,4413.65,4413.15,4413.15,66,18,0
2026-09-07T19:47:00Z,4413.12,4413.21,4412.93,4413.02,38,18,0
2026-09-07T19:48:00Z,4413.0,4413.76,4412.99,4413.41,43,18,0
2026-09-07T19:49:00Z,4413.4,4413.54,4413.24,4413.42,61,18,0
2026-09-07T19:50:00Z,4413.52,4414.5,4413.45,4414.5,76,13,0
2026-09-07T19:51:00Z,4414.5,4414.51,4414.12,4414.12,37,18,0
2026-09-07T19:52:00Z,4414.19,4414.38,4414.02,4414.06,29,18,0
2026-09-07T19:53:00Z,4414.09,4414.23,4413.6,4413.92,57,18,0
2026-09-07T19:54:00Z,4413.54,4413.54,4413.0,4413.3,46,18,0
2026-09-07T19:55:00Z,4413.24,4413.49,4413.08,4413.39,94,18,0
2026-09-07T19:56:00Z,4413.35,4413.4,4413.08,4413.08,51,13,0
2026-09-07T19:57:00Z,4413.07,4413.33,4413.01,4413.27,60,18,0
2026-09-07T19:58:00Z,4413.3,4413.87,4413.08,4413.84,71,13,0
2026-09-07T19:59:00Z,4413.86,4414.47,4413.83,4414.45,78,18,0
2026-09-07T20:00:00Z,4414.47,4415.0,4414.46,4414.97,67,18,0
2026-09-07T20:01:00Z,4414.98,4415.04,4414.74,4414.93,34,18,0
2026-09-07T20:02:00Z,4414.95,4414.95,4413.73,4413.86,49,14,0
2026-09-07T20:03:00Z,4413.87,4413.9,4413.72,4413.74,24,13,0
2026-09-07T20:04:00Z,4413.73,4413.79,4413.54,4413.72,34,13,0
2026-09-07T20:05:00Z,4413.69,4414.69,4413.69,4414.27,89,13,0
2026-09-07T20:06:00Z,4414.1,4414.1,4412.84,4413.01,47,18,0
2026-09-07T20:07:00Z,4413.0,4413.04,4412.52,4412.64,34,14,0
2026-09-07T20:08:00Z,4412.67,4413.59,4412.67,4413.49,88,18,0
2026-09-07T20:09:00Z,4413.51,4413.54,4412.83,4413.1,40,18,0
2026-09-07T20:10:00Z,4413.14,4413.14,4412.66,4412.76,50,15,0
2026-09-07T20:11:00Z,4412.75,4412.76,4412.61,4412.72,69,18,0
2026-09-07T20:12:00Z,4412.72,4412.87,4411.96,4412.2,106,18,0
2026-09-07T20:13:00Z,4412.2,4412.55,4412.03,4412.08,61,18,0
2026-09-07T20:14:00Z,4412.03,4412.33,4412.03,4412.08,32,13,0
2026-09-07T20:15:00Z,4412.13,4412.53,4412.1,4412.28,72,18,0
2026-09-07T20:16:00Z,4412.3,4412.61,4412.24,4412.52,56,18,0
2026-09-07T20:17:00Z,4412.53,4413.5,4412.53,4413.46,54,18,0
2026-09-07T20:18:00Z,4413.47,4413.6,4413.18,4413.6,35,18,0
2026-09-07T20:19:00Z,4413.61,4413.76,4413.34,4413.36,26,13,0
2026-09-07T20:20:00Z,4413.32,4413.32,4412.93,4413.25,49,18,0
2026-09-07T20:21:00Z,4413.2,4413.24,4412.78,4412.79,39,18,0
2026-09-07T20:22:00Z,4412.8,4413.31,4412.66,4413.01,71,13,0
2026-09-07T20:23:00Z,4413.02,4413.02,4412.27,4412.32,75,15,0
2026-09-07T20:24:00Z,4412.31,4412.84,4412.31,4412.79,31,15,0
2026-09-07T20:25:00Z,4412.75,4412.94,4412.75,4412.81,49,13,0
2026-09-07T20:26:00Z,4412.57,4412.57,4412.12,4412.16,47,16,0
2026-09-07T20:27:00Z,4412.22,4412.36,4412.22,4412.32,41,13,0
2026-09-07T20:28:00Z,4412.31,4412.49,4412.17,4412.43,78,18,0
2026-09-07T20:29:00Z,4412.43,4412.63,4412.25,4412.28,66,18,0
2026-09-07T20:30:00Z,4412.25,4412.72,4411.37,4411.44,89,14,0
2026-09-07T20:31:00Z,4411.45,4411.47,4411.36,4411.42,74,18,0
2026-09-07T20:32:00Z,4411.41,4411.47,4410.93,4411.01,62,18,0
2026-09-07T20:33:00Z,4410.94,4411.01,4410.02,4410.09,62,18,0
2026-09-07T20:34:00Z,4410.03,4410.26,4409.98,4410.09,86,18,0
2026-09-07T20:35:00Z,4410.1,4410.16,4410.0,4410.09,35,18,0
2026-09-07T20:36:00Z,4410.1,4410.46,4410.1,4410.45,46,13,0
2026-09-07T20:37:00Z,4410.46,4410.47,4410.31,4410.43,41,13,0
2026-09-07T20:38:00Z,4410.66,4410.84,4410.15,4410.34,61,18,0
2026-09-07T20:39:00Z,4410.34,4410.34,4410.11,4410.28,54,18,0
2026-09-07T20:40:00Z,4410.29,4410.69,4410.09,4410.58,69,18,0
2026-09-07T20:41:00Z,4410.57,4410.78,4410.51,4410.78,17,13,0
2026-09-07T20:42:00Z,4410.77,4410.87,4410.68,4410.87,35,13,0
2026-09-07T20:43:00Z,4410.84,4410.93,4410.79,4410.91,19,13,0
2026-09-07T20:44:00Z,4410.82,4411.04,4410.79,4410.91,19,13,0
2026-09-07T20:45:00Z,4410.91,4410.91,4409.68,4410.16,66,13,0
2026-09-07T20:46:00Z,4410.15,4410.18,4409.92,4410.04,52,18,0
2026-09-07T20:47:00Z,4410.28,4410.69,4410.28,4410.69,24,18,0
2026-09-07T20:48:00Z,4410.67,4410.67,4410.28,4410.37,63,18,0
2026-09-07T20:49:00Z,4410.39,4410.64,4410.37,4410.5,49,18,0
2026-09-07T20:50:00Z,4410.53,4410.8,4410.53,4410.7,38,18,0
2026-09-07T20:51:00Z,4410.66,4410.7,4410.54,4410.6,34,18,0
2026-09-07T20:52:00Z,4410.61,4410.9,4410.5,4410.56,49,15,0
2026-09-07T20:53:00Z,4410.37,4410.43,4408.87,4409.17,95,18,0
2026-09-07T20:54:00Z,4409.03,4409.52,4409.03,4409.39,48,18,0
2026-09-07T20:55:00Z,4409.29,4409.29,4408.32,4408.34,61,18,0
2026-09-07T20:56:00Z,4408.33,4408.39,4407.42,4407.55,92,18,0
2026-09-07T20:57:00Z,4407.71,4408.76,4407.69,4408.75,90,18,0
2026-09-07T20:58:00Z,4408.75,4408.75,4407.82,4407.94,128,18,0
2026-09-07T20:59:00Z,4407.93,4408.08,4407.04,4407.08,152,18,0
2026-09-07T21:00:00Z,4407.1,4407.49,4406.54,4407.29,233,18,0
2026-09-07T21:01:00Z,4407.28,4407.3,4406.09,4406.14,108,18,0
2026-09-07T21:02:00Z,4406.14,4407.38,4405.85,4407.38,117,18,0
2026-09-07T21:03:00Z,4407.41,4408.56,4407.36,4408.55,88,18,0
2026-09-07T21:04:00Z,4408.6,4408.6,4407.03,4407.04,71,18,0
2026-09-07T21:05:00Z,4407.04,4407.67,4406.75,4407.65,99,18,0
2026-09-07T21:06:00Z,4407.68,4408.62,4407.64,4408.53,77,18,0
2026-09-07T21:07:00Z,4408.25,4408.72,4408.25,4408.7,43,18,0
2026-09-07T21:08:00Z,4408.86,4409.13,4408.65,4408.65,56,18,0
2026-09-07T21:09:00Z,4408.59,4408.62,4407.47,4407.95,84,18,0
2026-09-07T21:10:00Z,4408.07,4408.95,4407.64,4407.67,109,18,0
2026-09-07T21:11:00Z,4407.66,4407.91,4407.35,4407.89,90,18,0
2026-09-07T21:12:00Z,4407.88,4407.9,4406.26,4406.43,110,18,0
2026-09-07T21:13:00Z,4406.41,4406.73,4405.49,4405.73,121,18,0
2026-09-07T21:14:00Z,4405.76,4405.85,4404.45,4404.82,157,18,0
2026-09-07T21:15:00Z,4404.88,4405.16,4404.76,4405.0,79,18,0
2026-09-07T21:16:00Z,4404.85,4404.85,4403.64,4403.77,166,18,0
2026-09-07T21:17:00Z,4403.8,4404.78,4403.8,4404.02,103,18,0
2026-09-07T21:18:00Z,4404.07,4405.19,4403.96,4404.7,132,18,0
2026-09-07T21:19:00Z,4404.67,4404.96,4403.89,4404.9,157,18,0
2026-09-07T21:20:00Z,4404.97,4404.97,4404.24,4404.61,147,18,0
2026-09-07T21:21:00Z,4404.63,4405.0,4404.43,4404.97,122,18,0
2026-09-07T21:22:00Z,4404.95,4406.22,4404.95,4406.18,97,18,0
2026-09-07T21:23:00Z,4406.2,4406.23,4405.43,4405.45,87,18,0
2026-09-07T21:24:00Z,4405.54,4405.63,4405.45,4405.49,53,18,0
2026-09-07T21:25:00Z,4405.46,4405.68,4403.12,4403.68,167,14,0
2026-09-07T21:26:00Z,4403.74,4404.15,4403.57,4404.12,77,18,0
2026-09-07T21:27:00Z,4404.18,4405.17,4403.88,4404.96,153,18,0
2026-09-07T21:28:00Z,4404.94,4406.38,4404.82,4406.32,189,18,0
2026-09-07T21:29:00Z,4406.23,4406.47,4405.71,4406.26,149,18,0
2026-09-07T21:30:00Z,4406.17,4406.2,4406.17,4406.18,14,23,0
2026-09-07T21:31:00Z,4406.19,4406.28,4406.06,4406.15,22,23,0
2026-09-07T21:32:00Z,4406.08,4406.67,4406.08,4406.66,39,23,0
2026-09-07T21:33:00Z,4406.67,4406.67,4406.66,4406.67,3,23,0
2026-09-07T21:34:00Z,4406.66,4406.75,4406.66,4406.68,9,23,0
2026-09-07T21:35:00Z,4406.67,4406.73,4406.67,4406.72,5,23,0
2026-09-07T21:36:00Z,4406.7,4406.73,4406.7,4406.71,3,23,0
2026-09-08T01:00:00Z,4411.33,4414.91,4410.64,4414.02,273,18,0
2026-09-08T01:01:00Z,4413.73,4414.55,4410.67,4413.91,291,24,0
2026-09-08T01:02:00Z,4413.91,4413.91,4410.45,4411.83,201,24,0
2026-09-08T01:03:00Z,4411.83,4412.33,4410.52,4411.67,120,24,0
2026-09-08T01:04:00Z,4411.67,4413.13,4411.5,4412.76,110,24,0
2026-09-08T01:05:00Z,4412.73,4413.14,4412.28,4412.3,160,24,0
2026-09-08T01:06:00Z,4412.31,4413.48,4412.31,4413.33,100,23,0
2026-09-08T01:07:00Z,4413.33,4413.34,4412.34,4412.34,82,23,0
2026-09-08T01:08:00Z,4412.34,4412.36,4411.82,4411.85,58,23,0
2026-09-08T01:09:00Z,4411.85,4412.9,4411.85,4412.46,79,23,0
2026-09-08T01:10:00Z,4412.46,4413.02,4412.31,4412.58,71,23,0
2026-09-08T01:11:00Z,4412.58,4413.08,4412.32,4412.69,75,23,0
2026-09-08T01:12:00Z,4412.69,4413.12,4412.36,4412.42,99,24,0
2026-09-08T01:13:00Z,4412.63,4412.67,4412.17,4412.26,97,50,0
2026-09-08T01:14:00Z,4412.22,4412.47,4412.13,4412.47,90,50,0
2026-09-08T01:15:00Z,4412.45,4413.0,4412.38,4412.66,103,50,0
2026-09-08T01:16:00Z,4412.6,4412.64,4412.23,4412.35,70,50,0
2026-09-08T01:17:00Z,4412.34,4412.72,4412.3,4412.37,61,16,0
2026-09-08T01:18:00Z,4412.38,4412.62,4412.31,4412.6,54,50,0
2026-09-08T01:19:00Z,4412.54,4413.17,4412.54,4413.16,55,16,0
2026-09-08T01:20:00Z,4413.15,4413.2,4412.82,4412.88,73,50,0
2026-09-08T01:21:00Z,4412.85,4412.86,4411.58,4411.9,102,50,0
2026-09-08T01:22:00Z,4411.88,4411.96,4411.57,4411.57,73,50,0
2026-09-08T01:23:00Z,4411.56,4411.65,4411.1,4411.16,99,50,0
2026-09-08T01:24:00Z,4411.17,4411.42,4410.98,4411.41,63,50,0
2026-09-08T01:25:00Z,4411.35,4411.38,4409.71,4409.9,106,50,0
2026-09-08T01:26:00Z,4409.89,4410.14,4409.79,4409.79,67,50,0
2026-09-08T01:27:00Z,4409.85,4409.89,4409.53,4409.53,58,50,0
2026-09-08T01:28:00Z,4409.58,4410.02,4409.54,4409.8,83,50,0
2026-09-08T01:29:00Z,4409.83,4409.84,4409.55,4409.56,31,50,0
2026-09-08T01:30:00Z,4409.33,4409.39,4408.83,4408.9,72,50,0
2026-09-08T01:31:00Z,4408.89,4409.07,4408.6,4408.7,73,50,0
2026-09-08T01:32:00Z,4408.58,4408.77,4408.49,4408.62,51,50,0
2026-09-08T01:33:00Z,4408.6,4409.28,4408.6,4409.03,35,50,0
2026-09-08T01:34:00Z,4409.01,4409.32,4408.74,4408.83,78,50,0
2026-09-08T01:35:00Z,4409.0,4409.1,4408.33,4408.67,74,50,0
2026-09-08T01:36:00Z,4408.62,4409.41,4408.62,4409.4,74,50,0
2026-09-08T01:37:00Z,4409.45,4409.73,4408.77,4409.08,91,50,0
2026-09-08T01:38:00Z,4409.03,4409.32,4408.65,4409.13,100,50,0
2026-09-08T01:39:00Z,4408.98,4409.14,4408.3,4408.59,104,50,0
2026-09-08T01:40:00Z,4408.58,4409.49,4408.34,4409.12,61,50,0
2026-09-08T01:41:00Z,4409.11,4409.14,4408.61,4408.61,52,50,0
2026-09-08T01:42:00Z,4408.65,4408.77,4407.87,4407.87,57,50,0
2026-09-08T01:43:00Z,4407.85,4408.13,4407.7,4407.9,55,50,0
2026-09-08T01:44:00Z,4407.93,4408.06,4407.76,4408.02,59,50,0
2026-09-08T01:45:00Z,4408.07,4408.32,4407.1,4407.14,68,50,0
2026-09-08T01:46:00Z,4407.13,4407.34,4406.81,4407.22,51,50,0
2026-09-08T01:47:00Z,4407.19,4407.23,4406.65,4406.67,41,50,0
2026-09-08T01:48:00Z,4406.8,4407.02,4406.05,4406.13,56,50,0
2026-09-08T01:49:00Z,4406.25,4406.81,4406.21,4406.4,52,50,0
2026-09-08T01:50:00Z,4406.34,4406.64,4406.34,4406.62,44,50,0
2026-09-08T01:51:00Z,4406.63,4407.02,4406.6,4406.78,48,50,0
2026-09-08T01:52:00Z,4406.76,4406.98,4406.71,4406.83,30,50,0
2026-09-08T01:53:00Z,4406.81,4406.86,4406.75,4406.81,35,50,0
2026-09-08T01:54:00Z,4406.8,4407.43,4406.71,4407.43,58,13,0
2026-09-08T01:55:00Z,4407.69,4407.81,4407.48,4407.68,68,17,0
2026-09-08T01:56:00Z,4407.66,4407.77,4407.36,4407.5,33,16,0
2026-09-08T01:57:00Z,4407.42,4407.48,4407.05,4407.22,36,18,0
2026-09-08T01:58:00Z,4407.04,4407.48,4407.04,4407.32,52,50,0
2026-09-08T01:59:00Z,4407.31,4407.5,4407.3,4407.4,30,50,0
2026-09-08T02:00:00Z,4407.55,4407.55,4407.03,4407.45,50,13,0
2026-09-08T02:01:00Z,4407.44,4409.15,4407.44,4408.66,72,50,0
2026-09-08T02:02:00Z,4408.71,4409.27,4408.66,4409.05,54,50,0
2026-09-08T02:03:00Z,4409.12,4410.47,4409.12,4410.47,65,50,0
2026-09-08T02:04:00Z,4410.52,4411.87,4410.4,4411.84,97,50,0
2026-09-08T02:05:00Z,4411.82,4412.2,4411.35,4411.47,119,50,0
2026-09-08T02:06:00Z,4411.52,4412.08,4410.99,4411.07,70,50,0
2026-09-08T02:07:00Z,4411.08,4411.91,4410.76,4411.8,56,20,0
2026-09-08T02:08:00Z,4411.53,4411.55,4410.99,4411.24,54,50,0
2026-09-08T02:09:00Z,4411.22,4411.24,4410.23,4410.4,74,50,0
2026-09-08T02:10:00Z,4410.35,4411.26,4410.27,4410.46,87,50,0
2026-09-08T02:11:00Z,4410.45,4410.75,4410.31,4410.35,59,50,0
2026-09-08T02:12:00Z,4410.48,4411.06,4410.36,4411.06,66,50,0
2026-09-08T02:13:00Z,4410.96,4410.96,4410.07,4410.68,80,50,0
2026-09-08T02:14:00Z,4410.66,4411.06,4410.02,4410.83,148,50,0
2026-09-08T02:15:00Z,4410.79,4410.92,4409.57,4409.91,75,50,0
2026-09-08T02:16:00Z,4409.89,4410.82,4408.33,4410.02,139,50,0
2026-09-08T02:17:00Z,4410.02,4411.27,4409.7,4409.7,155,50,0
2026-09-08T02:18:00Z,4409.75,4409.87,4409.07,4409.19,103,50,0
2026-09-08T02:19:00Z,4409.21,4410.34,4409.21,4410.19,92,50,0
2026-09-08T02:20:00Z,4410.21,4411.91,4409.99,4411.63,129,50,0
2026-09-08T02:21:00Z,4411.6,4411.63,4411.34,4411.47,57,50,0
2026-09-08T02:22:00Z,4411.61,4412.53,4411.59,4411.93,111,50,0
2026-09-08T02:23:00Z,4411.95,4411.97,4410.44,4410.75,108,50,0
2026-09-08T02:24:00Z,4410.8,4410.91,4409.44,4410.01,141,50,0
2026-09-08T02:25:00Z,4410.04,4410.53,4409.33,4409.33,118,50,0
2026-09-08T02:26:00Z,4409.44,4412.45,4409.43,4412.37,189,50,0
2026-09-08T02:27:00Z,4412.2,4412.5,4411.43,4411.49,151,50,0
2026-09-08T02:28:00Z,4411.48,4411.49,4410.39,4410.63,100,50,0
2026-09-08T02:29:00Z,4410.43,4410.65,4409.7,4410.65,100,50,0
2026-09-08T02:30:00Z,4410.6,4411.26,4410.6,4411.14,93,50,0
2026-09-08T02:31:00Z,4411.03,4412.03,4410.87,4411.72,88,50,0
2026-09-08T02:32:00Z,4411.67,4412.86,4411.51,4412.32,75,50,0
2026-09-08T02:33:00Z,4412.36,4415.68,4412.35,4415.57,128,50,0
2026-09-08T02:34:00Z,4415.61,4417.65,4415.61,4417.49,206,50,0
2026-09-08T02:35:00Z,4417.78,4420.58,4417.75,4420.47,248,50,0
2026-09-08T02:36:00Z,4420.43,4421.46,4419.76,4421.46,155,50,0
2026-09-08T02:37:00Z,4421.51,4422.62,4417.39,4418.2,318,50,0
2026-09-08T02:38:00Z,4418.33,4420.27,4418.09,4419.92,233,50,0
2026-09-08T02:39:00Z,4419.97,4420.79,4418.11,4420.24,232,50,0
2026-09-08T02:40:00Z,4420.04,4420.78,4419.09,4420.29,262,50,0
2026-09-08T02:41:00Z,4420.52,4421.71,4420.06,4421.17,187,50,0
2026-09-08T02:42:00Z,4421.18,4425.26,4421.13,4424.95,232,50,0
2026-09-08T02:43:00Z,4424.97,4425.89,4423.8,4424.25,193,50,0
2026-09-08T02:44:00Z,4424.24,4427.86,4424.24,4427.26,266,50,0
2026-09-08T02:45:00Z,4427.31,4427.81,4424.73,4424.85,247,50,0
2026-09-08T02:46:00Z,4424.87,4424.87,4423.26,4423.26,149,50,0
2026-09-08T02:47:00Z,4423.29,4425.81,4423.03,4425.55,172,50,0
2026-09-08T02:48:00Z,4425.59,4426.08,4424.25,4424.25,144,50,0
2026-09-08T02:49:00Z,4424.23,4426.66,4424.02,4426.35,157,50,0
2026-09-08T02:50:00Z,4426.33,4426.87,4425.32,4425.33,130,50,0
2026-09-08T02:51:00Z,4425.32,4426.17,4425.31,4426.12,105,50,0
2026-09-08T02:52:00Z,4426.15,4426.17,4422.15,4422.5,216,50,0
2026-09-08T02:53:00Z,4422.56,4423.19,4421.53,4422.1,168,50,0
2026-09-08T02:54:00Z,4422.14,4422.14,4421.13,4421.25,211,50,0
2026-09-08T02:55:00Z,4421.23,4421.28,4419.89,4420.39,215,50,0
2026-09-08T02:56:00Z,4420.5,4422.43,4420.25,4421.56,154,50,0
2026-09-08T02:57:00Z,4421.51,4423.59,4421.41,4423.43,171,50,0
2026-09-08T02:58:00Z,4423.36,4423.69,4420.3,4421.74,386,50,0
2026-09-08T02:59:00Z,4421.59,4423.42,4421.55,4422.84,391,50,0
2026-09-08T03:00:00Z,4423.17,4424.5,4420.34,4420.74,724,22,0
2026-09-08T03:01:00Z,4420.77,4422.07,4418.41,4419.15,595,22,0
2026-09-08T03:02:00Z,4419.18,4421.94,4418.73,4421.45,694,22,0
2026-09-08T03:03:00Z,4421.42,4423.19,4419.32,4422.86,518,22,0
2026-09-08T03:04:00Z,4422.8,4423.3,4418.86,4419.33,547,22,0
2026-09-08T03:05:00Z,4419.26,4420.07,4418.08,4419.85,608,22,0
2026-09-08T03:06:00Z,4419.85,4419.9,4417.23,4417.36,458,22,0
2026-09-08T03:07:00Z,4417.33,4420.13,4417.27,4420.02,382,22,0
2026-09-08T03:08:00Z,4419.96,4420.3,4418.04,4418.28,467,22,0
2026-09-08T03:09:00Z,4418.27,4420.73,4418.16,4420.04,485,22,0
2026-09-08T03:10:00Z,4420.02,4420.08,4417.73,4419.04,540,22,0
2026-09-08T03:11:00Z,4419.06,4420.02,4418.75,4419.15,447,22,0
2026-09-08T03:12:00Z,4419.04,4419.06,4415.09,4417.09,490,22,0
2026-09-08T03:13:00Z,4417.09,4417.14,4415.78,4417.05,395,22,0
2026-09-08T03:14:00Z,4417.03,4417.39,4415.62,4417.18,375,22,0
2026-09-08T03:15:00Z,4417.17,4418.38,4415.9,4418.14,505,22,0
2026-09-08T03:16:00Z,4418.08,4421.4,4417.99,4420.46,468,22,0
2026-09-08T03:17:00Z,4420.35,4425.66,4419.58,4425.41,451,22,0
2026-09-08T03:18:00Z,4425.59,4430.11,4424.68,4429.12,528,22,0
2026-09-08T03:19:00Z,4429.1,4429.18,4424.87,4425.3,464,22,0
2026-09-08T03:20:00Z,4425.27,4428.38,4424.8,4427.54,412,22,0
2026-09-08T03:21:00Z,4427.57,4430.13,4426.88,4426.88,496,22,0
2026-09-08T03:22:00Z,4426.9,4428.83,4422.67,4422.86,479,22,0
2026-09-08T03:23:00Z,4422.85,4423.72,4421.63,4421.77,418,22,0
2026-09-08T03:24:00Z,4421.73,4421.73,4419.32,4421.44,338,22,0
2026-09-08T03:25:00Z,4421.43,4421.78,4419.7,4421.76,355,22,0
2026-09-08T03:26:00Z,4421.72,4422.46,4419.81,4420.52,326,22,0
2026-09-08T03:27:00Z,4420.68,4420.89,4417.94,4419.13,367,22,0
2026-09-08T03:28:00Z,4419.15,4421.88,4418.57,4421.02,383,22,0
2026-09-08T03:29:00Z,4421.12,4423.37,4420.99,4421.45,349,22,0
2026-09-08T03:30:00Z,4421.41,4423.76,4421.07,4422.62,356,22,0
2026-09-08T03:31:00Z,4422.62,4423.08,4420.9,4421.76,361,22,0
2026-09-08T03:32:00Z,4421.78,4424.15,4421.76,4424.14,358,22,0
2026-09-08T03:33:00Z,4424.12,4426.15,4423.68,4423.74,344,22,0
2026-09-08T03:34:00Z,4423.88,4425.45,4422.87,4425.3,384,22,0
2026-09-08T03:35:00Z,4425.33,4425.33,4423.67,4424.89,219,22,0
2026-09-08T03:36:00Z,4424.87,4425.69,4424.0,4425.5,249,22,0
2026-09-08T03:37:00Z,4425.47,4425.57,4422.22,4422.87,301,22,0
2026-09-08T03:38:00Z,4422.89,4423.57,4422.28,4422.31,262,22,0
2026-09-08T03:39:00Z,4422.33,4422.97,4421.07,4422.77,277,22,0
2026-09-08T03:40:00Z,4422.81,4426.06,4421.41,4426.04,370,22,0
2026-09-08T03:41:00Z,4426.06,4426.26,4423.62,4423.88,258,22,0
2026-09-08T03:42:00Z,4423.89,4423.98,4422.13,4422.39,295,22,0
2026-09-08T03:43:00Z,4422.4,4422.49,4418.79,4419.44,293,22,0
2026-09-08T03:44:00Z,4419.34,4422.23,4419.29,4421.52,314,22,0
2026-09-08T03:45:00Z,4421.63,4421.84,4420.61,4421.01,311,22,0
2026-09-08T03:46:00Z,4420.69,4422.96,4420.59,4421.54,337,22,0
2026-09-08T03:47:00Z,4421.4,4421.68,4419.96,4420.31,305,22,0
2026-09-08T03:48:00Z,4420.05,4420.25,4417.1,4417.99,310,22,0
2026-09-08T03:49:00Z,4418.01,4420.49,4417.53,4420.29,240,22,0
2026-09-08T03:50:00Z,4420.29,4420.37,4418.53,4418.85,272,22,0
2026-09-08T03:51:00Z,4418.82,4420.46,4417.98,4418.64,448,22,0
2026-09-08T03:52:00Z,4418.59,4418.61,4415.62,4415.68,402,22,0
2026-09-08T03:53:00Z,4415.69,4418.66,4415.08,4418.6,579,22,0
2026-09-08T03:54:00Z,4418.49,4421.4,4417.15,4421.21,548,22,0
2026-09-08T03:55:00Z,4421.32,4424.73,4420.88,4423.65,486,22,0
2026-09-08T03:56:00Z,4423.67,4424.46,4422.65,4423.33,455,22,0
2026-09-08T03:57:00Z,4423.27,4425.83,4422.61,4425.63,273,22,0
2026-09-08T03:58:00Z,4425.58,4426.36,4423.95,4424.85,365,22,0
2026-09-08T03:59:00Z,4424.87,4427.52,4424.84,4426.21,393,22,0
2026-09-08T04:00:00Z,4426.28,4428.0,4422.56,4424.35,919,22,0
2026-09-08T04:01:00Z,4424.29,4428.75,4423.35,4424.61,721,22,0
2026-09-08T04:02:00Z,4424.73,4426.41,4423.21,4425.54,676,22,0
2026-09-08T04:03:00Z,4425.65,4425.77,4419.2,4419.21,653,22,0
2026-09-08T04:04:00Z,4418.96,4420.98,4417.07,4419.16,576,22,0
2026-09-08T04:05:00Z,4419.21,4421.9,4419.01,4421.41,535,22,0
2026-09-08T04:06:00Z,4421.45,4421.45,4418.15,4418.51,582,22,0
2026-09-08T04:07:00Z,4418.36,4421.82,4418.0,4421.7,576,22,0
2026-09-08T04:08:00Z,4421.66,4422.16,4419.84,4419.86,629,22,0
2026-09-08T04:09:00Z,4419.83,4422.38,4419.23,4422.2,601,22,0
2026-09-08T04:10:00Z,4422.18,4423.34,4421.19,4422.97,477,22,0
2026-09-08T04:11:00Z,4422.92,4428.2,4422.86,4426.55,662,22,0
2026-09-08T04:12:00Z,4426.75,4429.18,4426.09,4429.14,546,22,0
2026-09-08T04:13:00Z,4429.13,4430.83,4428.68,4429.29,387,22,0
2026-09-08T04:14:00Z,4429.43,4431.39,4427.75,4428.55,488,22,0
2026-09-08T04:15:00Z,4428.72,4430.62,4428.72,4429.68,395,22,0
2026-09-08T04:16:00Z,4429.72,4430.08,4427.82,4428.16,386,22,0
2026-09-08T04:17:00Z,4428.1,4429.1,4427.0,4428.92,393,22,0
2026-09-08T04:18:00Z,4428.92,4431.53,4428.46,4430.96,405,22,0
2026-09-08T04:19:00Z,4430.86,4430.86,4427.89,4428.54,394,22,0
2026-09-08T04:20:00Z,4428.51,4430.48,4428.07,4429.69,407,22,0
2026-09-08T04:21:00Z,4429.68,4431.37,4429.1,4429.71,411,22,0
2026-09-08T04:22:00Z,4429.7,4431.92,4428.89,4431.87,297,22,0
2026-09-08T04:23:00Z,4432.04,4435.59,4431.94,4434.04,444,22,0
2026-09-08T04:24:00Z,4434.07,4434.68,4432.22,4433.54,402,22,0
2026-09-08T04:25:00Z,4433.62,4435.0,4433.62,4434.73,308,22,0
2026-09-08T04:26:00Z,4434.71,4435.46,4434.06,4434.25,321,22,0
2026-09-08T04:27:00Z,4434.26,4436.2,4433.99,4435.73,423,22,0
2026-09-08T04:28:00Z,4435.69,4436.0,4432.36,4433.26,400,22,0
2026-09-08T04:29:00Z,4433.25,4434.52,4432.46,4434.52,334,22,0
2026-09-08T04:30:00Z,4434.52,4434.78,4432.94,4433.7,386,22,0
2026-09-08T04:31:00Z,4433.68,4437.03,4433.15,4436.17,447,22,0
2026-09-08T04:32:00Z,4436.25,4436.48,4433.3,4433.91,418,22,0
2026-09-08T04:33:00Z,4433.86,4434.53,4432.32,4432.69,447,22,0
2026-09-08T04:34:00Z,4432.71,4433.33,4431.82,4432.03,350,22,0
2026-09-08T04:35:00Z,4432.05,4432.94,4431.96,4432.26,391,22,0
2026-09-08T04:36:00Z,4432.3,4433.02,4431.61,4432.22,359,22,0
2026-09-08T04:37:00Z,4432.25,4432.87,4431.29,4432.28,389,22,0
2026-09-08T04:38:00Z,4432.27,4432.35,4431.3,4431.3,306,22,0
2026-09-08T04:39:00Z,4431.27,4432.97,4430.7,4432.64,401,22,0
2026-09-08T04:40:00Z,4432.68,4435.39,4432.62,4433.23,449,22,0
2026-09-08T04:41:00Z,4433.26,4433.86,4432.2,4432.93,367,22,0
2026-09-08T04:42:00Z,4432.93,4435.52,4432.72,4433.04,383,22,0
2026-09-08T04:43:00Z,4432.99,4435.11,4432.79,4433.26,392,22,0
2026-09-08T04:44:00Z,4433.24,4434.08,4432.65,4433.39,530,22,0
2026-09-08T04:45:00Z,4433.53,4437.75,4433.53,4436.75,463,22,0
2026-09-08T04:46:00Z,4436.75,4437.27,4435.08,4435.55,392,22,0
2026-09-08T04:47:00Z,4435.52,4437.84,4435.22,4437.74,396,22,0
2026-09-08T04:48:00Z,4437.74,4440.14,4437.68,4439.71,433,22,0
2026-09-08T04:49:00Z,4439.73,4440.7,4439.06,4440.7,347,22,0
2026-09-08T04:50:00Z,4440.69,4440.74,4437.78,4438.78,436,22,0
2026-09-08T04:51:00Z,4438.78,4438.78,4436.0,4436.48,412,22,0
2026-09-08T04:52:00Z,4436.47,4437.57,4436.02,4437.4,403,22,0
2026-09-08T04:53:00Z,4437.4,4439.07,4437.38,4438.93,458,22,0
2026-09-08T04:54:00Z,4439.03,4439.18,4437.77,4438.54,327,22,0
2026-09-08T04:55:00Z,4438.48,4439.09,4437.39,4437.39,509,22,0
2026-09-08T04:56:00Z,4437.34,4439.61,4437.29,4439.25,409,22,0
2026-09-08T04:57:00Z,4439.25,4439.71,4436.57,4436.6,336,22,0
2026-09-08T04:58:00Z,4436.61,4437.29,4436.31,4437.08,346,22,0
2026-09-08T04:59:00Z,4437.09,4437.95,4436.48,4437.05,356,22,0
2026-09-08T05:00:00Z,4437.46,4438.04,4436.71,4437.59,381,22,0
2026-09-08T05:01:00Z,4437.68,4438.68,4437.28,4437.39,331,22,0
2026-09-08T05:02:00Z,4437.39,4437.44,4435.26,4435.75,355,22,0
2026-09-08T05:03:00Z,4435.77,4436.19,4432.23,4433.35,321,22,0
2026-09-08T05:04:00Z,4433.45,4434.13,4432.97,4433.8,333,22,0
2026-09-08T05:05:00Z,4433.82,4434.24,4432.71,4433.55,343,22,0
2026-09-08T05:06:00Z,4433.56,4433.72,4432.21,4433.22,308,22,0
2026-09-08T05:07:00Z,4433.18,4433.97,4431.95,4432.0,274,22,0
2026-09-08T05:08:00Z,4431.43,4431.5,4429.34,4429.36,297,22,0
2026-09-08T05:09:00Z,4429.36,4429.84,4428.48,4428.53,230,22,0
2026-09-08T05:10:00Z,4428.6,4429.94,4427.23,4427.78,316,22,0
2026-09-08T05:11:00Z,4427.69,4428.43,4426.08,4427.77,458,22,0
2026-09-08T05:12:00Z,4427.66,4430.48,4427.41,4430.48,358,22,0
2026-09-08T05:13:00Z,4430.48,4430.48,4428.24,4429.21,285,22,0
2026-09-08T05:14:00Z,4429.11,4429.42,4427.19,4428.22,291,22,0
2026-09-08T05:15:00Z,4428.19,4428.19,4426.24,4426.63,239,22,0
2026-09-08T05:16:00Z,4426.63,4427.49,4425.73,4427.4,283,22,0
2026-09-08T05:17:00Z,4427.35,4427.71,4427.13,4427.37,210,22,0
2026-09-08T05:18:00Z,4427.21,4427.44,4426.43,4427.44,235,22,0
2026-09-08T05:19:00Z,4427.42,4427.56,4426.17,4426.42,251,22,0
2026-09-08T05:20:00Z,4426.37,4426.58,4425.82,4426.43,210,22,0
2026-09-08T05:21:00Z,4426.43,4427.76,4425.11,4427.69,339,22,0
2026-09-08T05:22:00Z,4427.62,4428.35,4426.96,4427.04,324,22,0
2026-09-08T05:23:00Z,4427.07,4428.91,4426.66,4428.86,318,22,0
2026-09-08T05:24:00Z,4428.87,4429.66,4428.45,4428.55,261,22,0
2026-09-08T05:25:00Z,4428.48,4428.92,4427.88,4428.06,217,22,0
2026-09-08T05:26:00Z,4427.72,4428.42,4426.83,4427.4,253,22,0
2026-09-08T05:27:00Z,4427.54,4427.98,4426.49,4426.69,290,22,0
2026-09-08T05:28:00Z,4426.73,4426.98,4424.44,4425.19,296,22,0
2026-09-08T05:29:00Z,4425.11,4425.5,4424.47,4424.89,273,22,0
2026-09-08T05:30:00Z,4424.91,4426.15,4424.0,4425.7,432,22,0
2026-09-08T05:31:00Z,4425.65,4425.66,4422.91,4424.53,326,22,0
2026-09-08T05:32:00Z,4424.58,4426.02,4423.8,4423.95,393,22,0
2026-09-08T05:33:00Z,4423.97,4424.09,4423.49,4423.55,304,22,0
2026-09-08T05:34:00Z,4423.57,4424.57,4423.12,4424.57,239,22,0
2026-09-08T05:35:00Z,4424.55,4424.61,4422.47,4423.4,372,22,0
2026-09-08T05:36:00Z,4423.18,4423.75,4422.24,4422.78,310,22,0
2026-09-08T05:37:00Z,4422.76,4423.3,4421.42,4421.87,341,22,0
2026-09-08T05:38:00Z,4422.02,4423.54,4421.78,4422.86,335,22,0
2026-09-08T05:39:00Z,4422.88,4424.7,4422.85,4423.77,338,22,0
2026-09-08T05:40:00Z,4423.75,4425.66,4423.75,4425.44,287,22,0
2026-09-08T05:41:00Z,4425.43,4425.83,4423.4,4424.0,354,22,0
2026-09-08T05:42:00Z,4424.0,4424.0,4423.13,4423.84,275,22,0
2026-09-08T05:43:00Z,4423.86,4426.05,4422.49,4425.63,401,22,0
2026-09-08T05:44:00Z,4425.6,4426.95,4425.38,4426.67,333,22,0
2026-09-08T05:45:00Z,4426.65,4428.03,4425.51,4425.62,350,22,0
2026-09-08T05:46:00Z,4425.64,4426.13,4423.18,4423.21,372,22,0
2026-09-08T05:47:00Z,4423.23,4425.98,4423.16,4425.31,300,22,0
2026-09-08T05:48:00Z,4425.28,4425.33,4423.69,4424.88,312,22,0
2026-09-08T05:49:00Z,4424.85,4424.95,4422.66,4423.4,275,22,0
2026-09-08T05:50:00Z,4423.41,4425.64,4423.33,4424.96,323,22,0
2026-09-08T05:51:00Z,4424.96,4424.99,4423.21,4423.67,296,22,0
2026-09-08T05:52:00Z,4423.67,4423.67,4422.24,4422.81,321,22,0
2026-09-08T05:53:00Z,4422.8,4422.87,4421.14,4421.69,326,22,0
2026-09-08T05:54:00Z,4421.67,4423.24,4421.61,4422.92,287,22,0
2026-09-08T05:55:00Z,4422.92,4423.57,4422.16,4423.28,310,22,0
2026-09-08T05:56:00Z,4423.38,4424.71,4423.38,4424.2,350,22,0
2026-09-08T05:57:00Z,4424.2,4424.35,4422.65,4424.24,295,22,0
2026-09-08T05:58:00Z,4424.21,4424.28,4423.42,4423.73,251,22,0
2026-09-08T05:59:00Z,4423.74,4424.79,4423.7,4424.2,230,22,0
2026-09-08T06:00:00Z,4424.2,4424.32,4422.73,4423.01,234,22,0
2026-09-08T06:01:00Z,4422.99,4424.7,4422.51,4423.5,291,22,0
2026-09-08T06:02:00Z,4423.51,4424.46,4423.41,4424.44,235,22,0
2026-09-08T06:03:00Z,4424.45,4425.38,4424.38,4425.04,240,22,0
2026-09-08T06:04:00Z,4425.06,4425.36,4424.13,4425.24,220,22,0
2026-09-08T06:05:00Z,4425.27,4426.59,4425.09,4426.07,332,22,0
2026-09-08T06:06:00Z,4425.97,4426.14,4424.74,4425.65,263,22,0
2026-09-08T06:07:00Z,4425.63,4426.61,4425.43,4425.65,259,22,0
2026-09-08T06:08:00Z,4425.64,4427.6,4425.49,4427.56,228,22,0
2026-09-08T06:09:00Z,4427.47,4430.48,4427.38,4430.16,267,22,0
2026-09-08T06:10:00Z,4430.13,4430.97,4429.4,4430.9,359,22,0
2026-09-08T06:11:00Z,4431.24,4431.74,4429.34,4429.68,283,22,0
2026-09-08T06:12:00Z,4429.68,4430.38,4429.45,4430.34,259,22,0
2026-09-08T06:13:00Z,4430.36,4430.4,4428.63,4428.83,313,22,0
2026-09-08T06:14:00Z,4428.85,4429.94,4428.77,4429.59,339,22,0
2026-09-08T06:15:00Z,4429.57,4429.65,4428.79,4429.06,264,22,0
2026-09-08T06:16:00Z,4428.96,4429.56,4428.72,4429.05,257,22,0
2026-09-08T06:17:00Z,4429.05,4431.05,4429.02,4430.62,260,22,0
2026-09-08T06:18:00Z,4430.68,4433.24,4430.55,4433.19,254,22,0
2026-09-08T06:19:00Z,4433.1,4435.88,4433.07,4435.17,331,22,0
2026-09-08T06:20:00Z,4435.19,4439.18,4435.15,4439.01,453,22,0
2026-09-08T06:21:00Z,4439.07,4440.05,4434.63,4435.29,435,22,0
2026-09-08T06:22:00Z,4435.36,4437.44,4434.5,4437.29,476,22,0
2026-09-08T06:23:00Z,4437.35,4438.83,4437.2,4438.82,415,22,0
2026-09-08T06:24:00Z,4438.98,4439.15,4436.53,4436.77,307,22,0
2026-09-08T06:25:00Z,4436.79,4437.68,4434.49,4435.83,360,22,0
2026-09-08T06:26:00Z,4435.8,4435.86,4434.17,4434.96,325,22,0
2026-09-08T06:27:00Z,4435.03,4435.03,4432.75,4433.11,316,22,0
2026-09-08T06:28:00Z,4433.1,4433.37,4431.01,4431.7,320,22,0
2026-09-08T06:29:00Z,4431.72,4432.67,4431.16,4432.08,276,22,0
2026-09-08T06:30:00Z,4432.22,4435.08,4432.06,4434.57,280,22,0
2026-09-08T06:31:00Z,4434.57,4434.72,4433.84,4433.85,222,22,0
2026-09-08T06:32:00Z,4433.59,4433.63,4432.06,4432.48,213,22,0
2026-09-08T06:33:00Z,4432.26,4432.58,4430.98,4431.65,228,22,0
2026-09-08T06:34:00Z,4431.66,4431.82,4431.04,4431.77,100,22,0
2026-09-08T06:35:00Z,4431.58,4431.75,4430.88,4431.17,192,22,0
2026-09-08T06:36:00Z,4431.19,4431.96,4431.18,4431.9,119,22,0
2026-09-08T06:37:00Z,4431.9,4432.07,4431.29,4431.32,101,22,0
2026-09-08T06:38:00Z,4431.32,4431.32,4430.54,4430.85,126,22,0
2026-09-08T06:39:00Z,4430.86,4431.18,4430.62,4431.04,148,22,0
2026-09-08T06:40:00Z,4431.06,4432.08,4430.86,4431.43,164,22,0
2026-09-08T06:41:00Z,4431.45,4431.97,4431.43,4431.74,143,22,0
2026-09-08T06:42:00Z,4431.74,4432.73,4431.48,4432.57,114,22,0
2026-09-08T06:43:00Z,4432.44,4433.17,4432.12,4432.9,143,22,0
2026-09-08T06:44:00Z,4432.84,4433.17,4432.12,4432.6,145,22,0
2026-09-08T06:45:00Z,4432.66,4434.09,4432.45,4434.09,156,22,0
2026-09-08T06:46:00Z,4434.03,4434.3,4432.99,4434.01,222,22,0
2026-09-08T06:47:00Z,4434.01,4435.6,4433.84,4434.27,255,22,0
2026-09-08T06:48:00Z,4434.26,4436.15,4434.2,4436.15,246,22,0
2026-09-08T06:49:00Z,4436.15,4437.61,4435.7,4436.73,246,22,0
2026-09-08T06:50:00Z,4436.71,4437.48,4436.13,4437.29,204,22,0
2026-09-08T06:51:00Z,4437.27,4437.56,4435.91,4435.92,238,22,0
2026-09-08T06:52:00Z,4435.91,4436.45,4434.93,4436.36,255,22,0
2026-09-08T06:53:00Z,4436.32,4436.54,4435.79,4435.97,112,22,0
2026-09-08T06:54:00Z,4435.77,4436.83,4435.35,4436.83,149,22,0
2026-09-08T06:55:00Z,4436.75,4436.87,4436.18,4436.4,132,22,0
2026-09-08T06:56:00Z,4436.41,4437.32,4436.02,4437.14,166,22,0
2026-09-08T06:57:00Z,4436.97,4437.4,4436.54,4437.12,209,22,0
2026-09-08T06:58:00Z,4437.19,4437.97,4436.84,4437.75,185,22,0
2026-09-08T06:59:00Z,4437.73,4438.94,4437.64,4437.84,158,22,0
2026-09-08T07:00:00Z,4437.83,4441.68,4437.83,4440.99,322,22,0
2026-09-08T07:01:00Z,4440.9,4441.02,4437.99,4438.44,246,22,0
2026-09-08T07:02:00Z,4438.46,4440.19,4438.24,4439.16,248,22,0
2026-09-08T07:03:00Z,4439.19,4441.78,4439.19,4441.62,288,22,0
2026-09-08T07:04:00Z,4441.66,4442.09,4441.3,4441.6,189,22,0
2026-09-08T07:05:00Z,4441.65,4442.95,4441.36,4442.63,251,22,0
2026-09-08T07:06:00Z,4442.6,4442.87,4441.29,4441.5,231,22,0
2026-09-08T07:07:00Z,4441.5,4442.23,4440.66,4441.93,242,22,0
2026-09-08T07:08:00Z,4441.95,4441.95,4439.88,4440.18,256,22,0
2026-09-08T07:09:00Z,4440.13,4440.62,4439.19,4440.59,279,22,0
2026-09-08T07:10:00Z,4440.6,4442.68,4440.31,4441.19,279,22,0
2026-09-08T07:11:00Z,4441.21,4441.36,4440.49,4440.93,127,22,0
2026-09-08T07:12:00Z,4441.1,4442.26,4440.7,4440.73,195,22,0
2026-09-08T07:13:00Z,4440.73,4440.93,4439.19,4439.23,201,22,0
2026-09-08T07:14:00Z,4439.24,4440.42,4439.16,4439.24,143,22,0
2026-09-08T07:15:00Z,4439.24,4439.43,4438.08,4438.97,319,22,0
2026-09-08T07:16:00Z,4438.98,4440.6,4438.74,4439.85,353,22,0
2026-09-08T07:17:00Z,4439.98,4440.05,4439.31,4439.59,180,22,0
2026-09-08T07:18:00Z,4439.55,4439.78,4439.05,4439.12,288,22,0
2026-09-08T07:19:00Z,4439.15,4439.16,4437.92,4438.84,267,22,0
2026-09-08T07:20:00Z,4438.86,4438.92,4436.67,4437.3,196,22,0
2026-09-08T07:21:00Z,4437.4,4438.3,4435.88,4436.07,273,22,0
2026-09-08T07:22:00Z,4436.11,4436.13,4434.16,4434.16,219,22,0
2026-09-08T07:23:00Z,4434.1,4434.78,4433.7,4433.75,211,22,0
2026-09-08T07:24:00Z,4433.77,4434.08,4432.92,4433.55,179,22,0
2026-09-08T07:25:00Z,4433.47,4434.01,4432.97,4433.2,232,22,0
2026-09-08T07:26:00Z,4433.15,4433.74,4432.86,4433.09,139,22,0
2026-09-08T07:27:00Z,4433.12,4433.14,4431.59,4432.41,185,22,0
2026-09-08T07:28:00Z,4432.39,4432.7,4432.16,4432.2,181,22,0
2026-09-08T07:29:00Z,4432.2,4432.91,4431.74,4432.62,198,22,0
2026-09-08T07:30:00Z,4432.59,4433.16,4432.33,4432.99,223,22,0
2026-09-08T07:31:00Z,4433.12,4433.25,4432.53,4433.17,207,22,0
2026-09-08T07:32:00Z,4433.23,4433.54,4432.26,4433.54,175,22,0
2026-09-08T07:33:00Z,4433.42,4433.69,4433.08,4433.37,177,22,0
2026-09-08T07:34:00Z,4433.38,4434.5,4433.37,4433.67,216,22,0
2026-09-08T07:35:00Z,4433.68,4434.15,4433.46,4433.53,160,22,0
2026-09-08T07:36:00Z,4433.54,4434.66,4433.54,4434.48,141,22,0
2026-09-08T07:37:00Z,4434.49,4434.78,4433.34,4433.82,191,22,0
2026-09-08T07:38:00Z,4433.92,4434.09,4433.09,4433.12,188,22,0
2026-09-08T07:39:00Z,4433.06,4434.64,4433.06,4434.29,190,22,0
2026-09-08T07:40:00Z,4434.24,4435.5,4434.24,4435.01,142,22,0
2026-09-08T07:41:00Z,4435.01,4435.83,4434.65,4435.22,166,22,0
2026-09-08T07:42:00Z,4435.17,4435.4,4434.61,4434.73,125,22,0
2026-09-08T07:43:00Z,4434.74,4436.6,4434.74,4436.09,179,22,0
2026-09-08T07:44:00Z,4436.04,4436.53,4435.52,4436.5,163,22,0
2026-09-08T07:45:00Z,4436.52,4436.74,4435.29,4435.46,129,22,0
2026-09-08T07:46:00Z,4435.42,4435.9,4435.06,4435.62,109,22,0
2026-09-08T07:47:00Z,4435.65,4435.78,4434.7,4435.22,116,22,0
2026-09-08T07:48:00Z,4435.17,4435.53,4434.71,4435.03,127,22,0
2026-09-08T07:49:00Z,4435.03,4435.32,4434.49,4434.63,119,22,0
2026-09-08T07:50:00Z,4434.63,4435.91,4434.63,4434.92,131,22,0
2026-09-08T07:51:00Z,4434.93,4435.63,4434.63,4435.21,132,22,0
2026-09-08T07:52:00Z,4435.14,4435.2,4434.35,4434.74,168,22,0
2026-09-08T07:53:00Z,4434.79,4435.16,4434.33,4434.74,148,22,0
2026-09-08T07:54:00Z,4434.73,4435.01,4434.4,4434.99,84,22,0
2026-09-08T07:55:00Z,4435.15,4435.19,4434.12,4434.3,174,22,0
2026-09-08T07:56:00Z,4434.39,4435.17,4434.39,4435.04,116,22,0
2026-09-08T07:57:00Z,4435.05,4437.32,4434.67,4437.31,169,22,0
2026-09-08T07:58:00Z,4437.29,4439.86,4437.27,4439.38,190,22,0
2026-09-08T07:59:00Z,4439.32,4439.36,4434.59,4435.91,264,22,0
2026-09-08T08:00:00Z,4435.88,4436.92,4435.74,4436.9,159,22,0
2026-09-08T08:01:00Z,4436.85,4437.32,4436.48,4436.96,169,22,0
2026-09-08T08:02:00Z,4436.94,4437.68,4436.84,4437.19,164,22,0
2026-09-08T08:03:00Z,4437.18,4437.44,4435.73,4435.75,126,22,0
2026-09-08T08:04:00Z,4435.73,4435.73,4434.38,4434.43,151,22,0
2026-09-08T08:05:00Z,4434.38,4434.38,4433.07,4434.24,256,22,0
2026-09-08T08:06:00Z,4434.2,4434.47,4432.9,4433.71,219,22,0
2026-09-08T08:07:00Z,4433.61,4433.67,4432.22,4432.22,250,22,0
2026-09-08T08:08:00Z,4432.28,4432.57,4431.2,4431.63,213,22,0
2026-09-08T08:09:00Z,4431.63,4431.68,4430.04,4430.97,314,22,0
2026-09-08T08:10:00Z,4430.92,4431.41,4430.31,4430.86,238,22,0
2026-09-08T08:11:00Z,4430.76,4430.82,4428.89,4429.3,320,22,0
2026-09-08T08:12:00Z,4429.29,4429.29,4427.5,4428.72,348,22,0
2026-09-08T08:13:00Z,4428.72,4429.23,4427.95,4428.22,289,22,0
2026-09-08T08:14:00Z,4428.26,4429.06,4427.04,4427.38,250,22,0
2026-09-08T08:15:00Z,4427.34,4427.86,4426.32,4427.43,253,22,0
2026-09-08T08:16:00Z,4427.38,4428.57,4427.08,4428.4,190,22,0
2026-09-08T08:17:00Z,4428.27,4429.3,4427.89,4428.61,233,22,0
2026-09-08T08:18:00Z,4428.53,4429.12,4428.02,4428.46,187,22,0
2026-09-08T08:19:00Z,4428.49,4429.44,4428.46,4429.22,232,22,0
2026-09-08T08:20:00Z,4429.22,4430.46,4428.94,4430.46,282,22,0
2026-09-08T08:21:00Z,4430.41,4430.79,4429.67,4430.72,335,22,0
2026-09-08T08:22:00Z,4430.74,4431.52,4428.7,4429.01,291,22,0
2026-09-08T08:23:00Z,4429.04,4429.59,4426.18,4426.18,384,22,0
2026-09-08T08:24:00Z,4426.14,4426.63,4424.83,4424.83,364,22,0
2026-09-08T08:25:00Z,4424.77,4425.42,4424.07,4424.07,292,22,0
2026-09-08T08:26:00Z,4424.03,4424.47,4422.99,4423.34,262,22,0
2026-09-08T08:27:00Z,4423.25,4423.94,4422.36,4422.73,201,22,0
2026-09-08T08:28:00Z,4422.6,4422.74,4421.28,4421.43,217,22,0
2026-09-08T08:29:00Z,4421.45,4422.45,4420.22,4420.48,245,22,0
2026-09-08T08:30:00Z,4420.5,4425.56,4417.99,4424.44,700,22,0
2026-09-08T08:31:00Z,4424.46,4424.46,4421.05,4421.14,415,22,0
2026-09-08T08:32:00Z,4421.13,4421.69,4419.96,4420.79,418,22,0
2026-09-08T08:33:00Z,4420.78,4421.3,4419.64,4420.4,390,22,0
2026-09-08T08:34:00Z,4420.39,4423.16,4420.02,4422.86,425,22,0
2026-09-08T08:35:00Z,4422.91,4423.58,4421.56,4422.62,413,22,0
2026-09-08T08:36:00Z,4422.63,4423.22,4421.59,4422.62,391,22,0
2026-09-08T08:37:00Z,4422.67,4423.99,4422.59,4423.18,337,22,0
2026-09-08T08:38:00Z,4423.2,4425.33,4422.59,4425.33,292,22,0
2026-09-08T08:39:00Z,4425.31,4426.96,4425.1,4426.86,430,22,0
2026-09-08T08:40:00Z,4426.93,4426.99,4425.27,4425.98,405,22,0
2026-09-08T08:41:00Z,4425.97,4426.73,4425.49,4426.3,288,22,0
2026-09-08T08:42:00Z,4426.33,4426.91,4425.63,4426.49,322,22,0
2026-09-08T08:43:00Z,4426.48,4426.73,4425.05,4425.3,261,22,0
2026-09-08T08:44:00Z,4425.35,4425.91,4424.92,4425.76,320,22,0
2026-09-08T08:45:00Z,4425.81,4428.35,4425.36,4428.32,401,22,0
2026-09-08T08:46:00Z,4428.31,4428.79,4425.26,4425.45,349,22,0
2026-09-08T08:47:00Z,4425.46,4426.17,4424.49,4424.97,272,22,0
2026-09-08T08:48:00Z,4425.0,4426.35,4423.25,4423.25,332,22,0
2026-09-08T08:49:00Z,4423.24,4425.62,4423.21,4425.15,331,22,0
2026-09-08T08:50:00Z,4424.98,4425.03,4422.04,4422.12,380,22,0
2026-09-08T08:51:00Z,4422.17,4423.07,4422.08,4422.7,257,22,0
2026-09-08T08:52:00Z,4422.69,4423.52,4421.91,4422.63,318,22,0
2026-09-08T08:53:00Z,4422.56,4422.58,4420.04,4420.76,359,22,0
2026-09-08T08:54:00Z,4420.77,4422.27,4419.26,4419.55,382,22,0
2026-09-08T08:55:00Z,4419.53,4420.08,4417.78,4417.95,422,22,0
2026-09-08T08:56:00Z,4417.93,4419.86,4417.37,4419.81,431,22,0
2026-09-08T08:57:00Z,4419.84,4420.57,4418.51,4419.69,372,22,0
2026-09-08T08:58:00Z,4419.67,4420.14,4418.91,4420.11,269,22,0
2026-09-08T08:59:00Z,4420.12,4420.82,4418.76,4418.85,298,22,0
2026-09-08T09:00:00Z,4419.03,4420.2,4417.64,4418.73,609,18,0
2026-09-08T09:01:00Z,4418.75,4418.81,4414.7,4414.73,650,18,0
2026-09-08T09:02:00Z,4414.76,4415.78,4412.85,4414.98,673,18,0
2026-09-08T09:03:00Z,4414.99,4415.45,4413.71,4414.47,632,18,0
2026-09-08T09:04:00Z,4414.49,4415.44,4413.06,4415.33,642,18,0
2026-09-08T09:05:00Z,4415.32,4415.33,4411.11,4413.42,726,18,0
2026-09-08T09:06:00Z,4413.41,4415.61,4413.15,4414.21,610,18,0
2026-09-08T09:07:00Z,4414.21,4415.1,4413.46,4414.28,513,18,0
2026-09-08T09:08:00Z,4414.29,4415.62,4413.84,4414.01,587,18,0
2026-09-08T09:09:00Z,4413.97,4414.01,4412.84,4413.34,503,18,0
2026-09-08T09:10:00Z,4413.36,4413.51,4411.32,4412.32,592,18,0
2026-09-08T09:11:00Z,4412.27,4412.51,4410.76,4411.35,456,18,0
2026-09-08T09:12:00Z,4411.36,4411.91,4408.59,4408.96,602,18,0
2026-09-08T09:13:00Z,4409.01,4412.14,4408.83,4412.13,546,18,0
2026-09-08T09:14:00Z,4412.14,4412.5,4411.41,4411.55,410,18,0
2026-09-08T09:15:00Z,4411.52,4411.52,4408.37,4408.54,536,18,0
2026-09-08T09:16:00Z,4408.58,4409.37,4407.45,4407.9,476,18,0
2026-09-08T09:17:00Z,4407.9,4409.24,4407.19,4408.15,491,18,0
2026-09-08T09:18:00Z,4408.15,4408.15,4405.52,4405.59,597,18,0
2026-09-08T09:19:00Z,4405.56,4405.62,4401.6,4401.65,585,18,0
2026-09-08T09:20:00Z,4401.6,4405.4,4401.21,4405.04,645,18,0
2026-09-08T09:21:00Z,4405.07,4406.12,4403.9,4405.54,681,18,0
2026-09-08T09:22:00Z,4405.55,4405.79,4403.44,4405.23,591,18,0
2026-09-08T09:23:00Z,4405.45,4405.72,4401.91,4402.47,616,18,0
2026-09-08T09:24:00Z,4402.47,4403.65,4401.5,4403.56,561,18,0
2026-09-08T09:25:00Z,4403.51,4404.04,4402.0,4402.83,543,18,0
2026-09-08T09:26:00Z,4402.91,4403.61,4401.37,4401.51,578,18,0
2026-09-08T09:27:00Z,4401.48,4402.16,4400.11,4400.11,536,18,0
2026-09-08T09:28:00Z,4400.1,4401.75,4399.05,4400.81,660,18,0
2026-09-08T09:29:00Z,4400.77,4402.62,4399.97,4400.16,620,18,0
2026-09-08T09:30:00Z,4400.23,4401.82,4399.62,4399.88,607,18,0
2026-09-08T09:31:00Z,4399.89,4401.56,4398.53,4401.41,535,18,0
2026-09-08T09:32:00Z,4401.37,4402.91,4400.96,4402.16,462,18,0
2026-09-08T09:33:00Z,4402.1,4402.54,4401.11,4401.37,466,18,0
2026-09-08T09:34:00Z,4401.37,4402.85,4401.01,4402.25,569,18,0
2026-09-08T09:35:00Z,4402.25,4402.87,4400.02,4400.68,648,18,0
2026-09-08T09:36:00Z,4400.66,4401.79,4398.48,4399.31,445,18,0
2026-09-08T09:37:00Z,4399.33,4400.92,4398.22,4400.69,459,18,0
2026-09-08T09:38:00Z,4400.75,4403.81,4400.75,4402.82,436,18,0
2026-09-08T09:39:00Z,4402.83,4403.94,4402.81,4403.92,510,18,0
2026-09-08T09:40:00Z,4403.87,4406.27,4403.8,4405.93,440,18,0
2026-09-08T09:41:00Z,4405.92,4406.01,4404.83,4405.71,450,18,0
2026-09-08T09:42:00Z,4405.65,4406.39,4405.13,4405.99,344,18,0
2026-09-08T09:43:00Z,4405.85,4407.09,4405.53,4407.03,337,18,0
2026-09-08T09:44:00Z,4407.02,4408.75,4406.81,4407.31,460,18,0
2026-09-08T09:45:00Z,4407.26,4408.07,4405.99,4406.31,368,18,0
2026-09-08T09:46:00Z,4406.36,4408.14,4406.09,4408.1,427,18,0
2026-09-08T09:47:00Z,4408.1,4408.3,4406.21,4406.78,436,18,0
2026-09-08T09:48:00Z,4406.76,4408.01,4406.53,4407.13,409,18,0
2026-09-08T09:49:00Z,4407.19,4408.32,4406.99,4408.05,320,18,0
2026-09-08T09:50:00Z,4408.01,4409.03,4407.35,4408.97,367,18,0
2026-09-08T09:51:00Z,4408.98,4409.32,4406.44,4406.9,457,18,0
2026-09-08T09:52:00Z,4406.86,4407.25,4406.17,4407.15,284,18,0
2026-09-08T09:53:00Z,4407.04,4407.08,4403.84,4404.03,374,18,0
2026-09-08T09:54:00Z,4404.01,4405.68,4403.93,4405.04,310,18,0
2026-09-08T09:55:00Z,4404.99,4405.32,4404.44,4404.92,270,18,0
2026-09-08T09:56:00Z,4404.94,4404.94,4403.56,4403.74,217,18,0
2026-09-08T09:57:00Z,4403.79,4404.54,4403.6,4404.32,266,18,0
2026-09-08T09:58:00Z,4404.32,4404.88,4403.55,4404.0,284,18,0
2026-09-08T09:59:00Z,4403.9,4404.6,4403.27,4403.73,391,18,0
2026-09-08T10:00:00Z,4403.78,4404.15,4402.4,4402.94,378,18,0
2026-09-08T10:01:00Z,4402.84,4405.44,4402.46,4405.44,279,18,0
2026-09-08T10:02:00Z,4405.44,4406.32,4404.32,4404.57,247,18,0
2026-09-08T10:03:00Z,4404.52,4406.43,4404.28,4406.37,273,18,0
2026-09-08T10:04:00Z,4406.22,4408.54,4406.15,4408.02,257,18,0
2026-09-08T10:05:00Z,4407.95,4409.06,4407.58,4408.62,326,18,0
2026-09-08T10:06:00Z,4408.62,4409.45,4408.29,4408.5,280,18,0
2026-09-08T10:07:00Z,4408.55,4408.76,4406.68,4407.71,196,18,0
2026-09-08T10:08:00Z,4407.6,4408.17,4406.49,4407.76,276,18,0
2026-09-08T10:09:00Z,4407.8,4408.21,4406.79,4407.07,221,18,0
2026-09-08T10:10:00Z,4407.12,4407.47,4406.3,4406.66,297,18,0
2026-09-08T10:11:00Z,4406.68,4407.12,4406.22,4406.64,272,18,0
2026-09-08T10:12:00Z,4406.71,4406.71,4404.88,4405.42,321,18,0
2026-09-08T10:13:00Z,4405.41,4406.33,4404.49,4404.8,313,18,0
2026-09-08T10:14:00Z,4404.77,4405.07,4402.57,4403.14,360,18,0
2026-09-08T10:15:00Z,4402.95,4403.11,4401.69,4402.07,253,18,0
2026-09-08T10:16:00Z,4402.05,4402.55,4401.37,4402.35,232,18,0
2026-09-08T10:17:00Z,4402.35,4402.84,4401.49,4401.97,205,18,0
2026-09-08T10:18:00Z,4401.9,4402.15,4401.23,4401.45,232,18,0
2026-09-08T10:19:00Z,4401.55,4403.49,4400.92,4403.49,212,18,0
2026-09-08T10:20:00Z,4403.5,4403.91,4402.49,4403.91,308,18,0
2026-09-08T10:21:00Z,4403.86,4404.11,4402.29,4402.33,190,18,0
2026-09-08T10:22:00Z,4402.42,4403.57,4401.69,4401.95,236,18,0
2026-09-08T10:23:00Z,4402.02,4402.02,4400.21,4401.36,240,18,0
2026-09-08T10:24:00Z,4401.16,4402.81,4401.12,4402.0,231,18,0
2026-09-08T10:25:00Z,4402.11,4402.4,4400.76,4401.76,335,18,0
2026-09-08T10:26:00Z,4401.66,4402.59,4401.08,4401.97,270,18,0
2026-09-08T10:27:00Z,4401.97,4404.23,4401.9,4403.18,253,18,0
2026-09-08T10:28:00Z,4403.18,4403.28,4401.83,4402.3,182,18,0
2026-09-08T10:29:00Z,4402.45,4402.87,4401.42,4401.6,173,18,0
2026-09-08T10:30:00Z,4401.6,4402.91,4401.39,4402.36,275,18,0
2026-09-08T10:31:00Z,4402.31,4404.45,4402.03,4404.04,233,18,0
2026-09-08T10:32:00Z,4404.06,4405.34,4403.75,4404.55,227,18,0
2026-09-08T10:33:00Z,4404.6,4404.89,4400.26,4400.72,292,18,0
2026-09-08T10:34:00Z,4400.73,4400.76,4397.98,4398.09,433,18,0
2026-09-08T10:35:00Z,4398.12,4399.12,4397.14,4398.46,336,18,0
2026-09-08T10:36:00Z,4398.4,4398.69,4397.85,4398.12,248,18,0
2026-09-08T10:37:00Z,4398.12,4398.78,4395.55,4396.76,319,18,0
2026-09-08T10:38:00Z,4396.74,4397.67,4394.83,4394.88,357,18,0
2026-09-08T10:39:00Z,4394.83,4395.18,4391.85,4393.66,481,18,0
2026-09-08T10:40:00Z,4393.65,4396.5,4393.64,4395.88,319,18,0
2026-09-08T10:41:00Z,4395.9,4397.32,4394.34,4394.42,333,18,0
2026-09-08T10:42:00Z,4394.57,4394.69,4391.16,4392.29,415,18,0
2026-09-08T10:43:00Z,4392.27,4395.17,4392.13,4394.81,295,18,0
2026-09-08T10:44:00Z,4394.79,4396.06,4394.32,4395.54,264,18,0
2026-09-08T10:45:00Z,4395.52,4396.79,4394.59,4396.66,292,18,0
2026-09-08T10:46:00Z,4396.67,4397.26,4395.62,4395.93,224,18,0
2026-09-08T10:47:00Z,4396.15,4396.71,4395.09,4395.81,319,18,0
2026-09-08T10:48:00Z,4395.8,4396.19,4394.79,4395.89,295,18,0
2026-09-08T10:49:00Z,4395.85,4396.11,4393.34,4393.44,297,18,0
2026-09-08T10:50:00Z,4393.48,4393.55,4391.62,4392.27,252,18,0
2026-09-08T10:51:00Z,4392.25,4392.61,4390.85,4391.34,224,18,0
2026-09-08T10:52:00Z,4391.36,4392.58,4391.09,4392.49,351,18,0
2026-09-08T10:53:00Z,4392.46,4392.98,4391.83,4392.46,287,18,0
2026-09-08T10:54:00Z,4392.47,4392.94,4390.38,4391.41,313,18,0
2026-09-08T10:55:00Z,4391.56,4394.06,4391.28,4393.96,308,18,0
2026-09-08T10:56:00Z,4393.94,4393.98,4392.62,4392.85,245,18,0
2026-09-08T10:57:00Z,4392.88,4393.38,4390.1,4390.99,325,18,0
2026-09-08T10:58:00Z,4390.97,4392.12,4390.7,4392.12,217,18,0
2026-09-08T10:59:00Z,4392.35,4392.66,4391.71,4392.41,249,18,0
2026-09-08T11:00:00Z,4392.38,4392.81,4390.46,4391.58,382,18,0
2026-09-08T11:01:00Z,4391.56,4391.56,4389.54,4390.34,390,18,0
2026-09-08T11:02:00Z,4390.28,4390.61,4388.79,4389.58,391,18,0
2026-09-08T11:03:00Z,4389.58,4391.63,4389.3,4390.39,422,18,0
2026-09-08T11:04:00Z,4390.39,4391.89,4388.91,4391.42,445,18,0
2026-09-08T11:05:00Z,4391.4,4392.99,4390.25,4392.86,373,18,0
2026-09-08T11:06:00Z,4392.84,4395.08,4392.34,4395.08,379,18,0
2026-09-08T11:07:00Z,4395.05,4395.85,4393.06,4393.8,295,18,0
2026-09-08T11:08:00Z,4393.81,4394.51,4389.9,4390.75,469,18,0
2026-09-08T11:09:00Z,4390.57,4391.09,4387.86,4388.08,344,18,0
2026-09-08T11:10:00Z,4388.16,4389.76,4387.83,4389.26,296,18,0
2026-09-08T11:11:00Z,4388.99,4390.49,4388.76,4389.7,238,18,0
2026-09-08T11:12:00Z,4389.69,4392.76,4389.57,4392.1,333,18,0
2026-09-08T11:13:00Z,4392.08,4392.69,4390.09,4390.09,281,18,0
2026-09-08T11:14:00Z,4390.13,4390.87,4389.61,4390.43,253,18,0
2026-09-08T11:15:00Z,4390.5,4391.77,4390.24,4391.39,236,18,0
2026-09-08T11:16:00Z,4391.38,4392.28,4390.35,4390.35,285,18,0
2026-09-08T11:17:00Z,4390.33,4392.37,4390.12,4392.37,237,18,0
2026-09-08T11:18:00Z,4392.34,4392.51,4390.76,4391.0,247,18,0
2026-09-08T11:19:00Z,4390.95,4393.97,4390.88,4393.56,245,18,0
2026-09-08T11:20:00Z,4393.58,4393.6,4391.57,4391.62,240,18,0
2026-09-08T11:21:00Z,4391.61,4391.88,4389.6,4390.46,272,18,0
2026-09-08T11:22:00Z,4390.41,4391.59,4390.22,4391.39,259,18,0
2026-09-08T11:23:00Z,4391.4,4392.02,4390.97,4391.9,272,18,0
2026-09-08T11:24:00Z,4391.88,4394.49,4391.81,4394.32,269,18,0
2026-09-08T11:25:00Z,4394.3,4396.39,4394.29,4396.24,273,18,0
2026-09-08T11:26:00Z,4396.14,4396.33,4394.91,4395.59,321,18,0
2026-09-08T11:27:00Z,4395.54,4396.21,4395.09,4395.12,331,18,0
2026-09-08T11:28:00Z,4395.12,4395.76,4394.58,4395.54,337,18,0
2026-09-08T11:29:00Z,4395.56,4395.66,4394.35,4394.65,402,18,0
2026-09-08T11:30:00Z,4394.69,4394.98,4393.27,4394.58,416,18,0
2026-09-08T11:31:00Z,4394.59,4396.1,4393.3,4395.79,461,18,0
2026-09-08T11:32:00Z,4395.8,4396.49,4394.75,4396.32,327,18,0
2026-09-08T11:33:00Z,4396.27,4397.69,4395.46,4396.76,304,18,0
2026-09-08T11:34:00Z,4396.76,4398.35,4396.12,4398.32,319,18,0
2026-09-08T11:35:00Z,4398.31,4398.61,4395.91,4396.08,263,18,0
2026-09-08T11:36:00Z,4396.11,4396.36,4394.67,4395.95,276,18,0
2026-09-08T11:37:00Z,4396.05,4396.24,4393.91,4395.01,297,18,0
2026-09-08T11:38:00Z,4395.06,4396.31,4394.92,4395.87,153,18,0
2026-09-08T11:39:00Z,4395.86,4396.01,4395.56,4395.96,187,18,0
2026-09-08T11:40:00Z,4395.93,4396.0,4394.44,4395.11,261,18,0
2026-09-08T11:41:00Z,4395.11,4395.14,4393.87,4394.26,307,18,0
2026-09-08T11:42:00Z,4394.26,4395.04,4393.7,4393.88,361,18,0
2026-09-08T11:43:00Z,4393.85,4394.7,4392.43,4392.46,345,18,0
2026-09-08T11:44:00Z,4392.45,4393.29,4391.91,4392.78,219,18,0
2026-09-08T11:45:00Z,4392.75,4398.06,4390.99,4396.3,553,18,0
2026-09-08T11:46:00Z,4396.39,4398.31,4395.83,4396.19,547,18,0
2026-09-08T11:47:00Z,4396.14,4396.26,4393.35,4394.37,336,18,0
2026-09-08T11:48:00Z,4394.39,4394.59,4391.86,4391.93,284,18,0
2026-09-08T11:49:00Z,4391.93,4393.9,4391.17,4393.79,329,18,0
2026-09-08T11:50:00Z,4393.81,4395.01,4392.49,4392.85,290,18,0
2026-09-08T11:51:00Z,4392.9,4393.27,4392.09,4392.75,256,18,0
2026-09-08T11:52:00Z,4392.72,4392.93,4391.65,4392.65,206,18,0
2026-09-08T11:53:00Z,4392.61,4392.75,4391.98,4392.71,216,18,0
2026-09-08T11:54:00Z,4392.48,4393.42,4391.89,4392.89,257,18,0
2026-09-08T11:55:00Z,4392.96,4393.12,4391.7,4391.81,211,18,0
2026-09-08T11:56:00Z,4391.81,4393.86,4391.71,4393.73,268,18,0
2026-09-08T11:57:00Z,4394.01,4394.48,4392.94,4394.03,301,18,0
2026-09-08T11:58:00Z,4393.89,4394.35,4393.4,4393.62,271,18,0
2026-09-08T11:59:00Z,4393.56,4394.28,4393.04,4394.13,205,18,0
2026-09-08T12:00:00Z,4394.13,4394.16,4391.28,4392.85,336,18,0
2026-09-08T12:01:00Z,4392.86,4394.05,4392.67,4393.66,275,18,0
2026-09-08T12:02:00Z,4393.69,4394.58,4392.64,4394.58,258,18,0
2026-09-08T12:03:00Z,4394.47,4395.27,4393.25,4395.19,263,18,0
2026-09-08T12:04:00Z,4394.98,4395.97,4394.66,4395.9,171,18,0
2026-09-08T12:05:00Z,4395.8,4396.98,4395.6,4396.98,222,18,0
2026-09-08T12:06:00Z,4396.98,4398.07,4396.32,4396.39,302,18,0
2026-09-08T12:07:00Z,4396.4,4396.41,4394.71,4396.2,263,18,0
2026-09-08T12:08:00Z,4396.2,4396.37,4394.96,4395.27,204,18,0
2026-09-08T12:09:00Z,4395.31,4395.72,4394.78,4395.21,175,18,0
2026-09-08T12:10:00Z,4395.22,4396.39,4395.14,4396.2,214,18,0
2026-09-08T12:11:00Z,4396.22,4397.08,4396.13,4396.79,201,18,0
2026-09-08T12:12:00Z,4396.77,4397.92,4396.77,4397.73,249,18,0
2026-09-08T12:13:00Z,4397.74,4397.74,4396.1,4396.47,229,18,0
2026-09-08T12:14:00Z,4396.7,4397.62,4396.48,4397.43,182,18,0
2026-09-08T12:15:00Z,4397.44,4397.74,4397.0,4397.57,170,18,0
2026-09-08T12:16:00Z,4397.62,4398.44,4397.27,4398.25,158,18,0
2026-09-08T12:17:00Z,4398.55,4399.37,4398.45,4399.05,246,18,0
2026-09-08T12:18:00Z,4399.07,4399.1,4397.29,4397.51,267,18,0
2026-09-08T12:19:00Z,4397.44,4398.12,4396.79,4396.81,225,18,0
2026-09-08T12:20:00Z,4396.84,4397.09,4396.23,4396.35,248,18,0
2026-09-08T12:21:00Z,4396.32,4396.35,4394.5,4395.83,243,18,0
2026-09-08T12:22:00Z,4395.82,4396.11,4395.4,4395.96,172,18,0
2026-09-08T12:23:00Z,4395.97,4396.09,4393.73,4394.45,200,18,0
2026-09-08T12:24:00Z,4394.36,4395.0,4394.17,4394.75,229,18,0
2026-09-08T12:25:00Z,4394.75,4395.69,4393.96,4395.46,231,18,0
2026-09-08T12:26:00Z,4395.48,4396.46,4393.46,4393.54,222,18,0
2026-09-08T12:27:00Z,4393.53,4394.69,4393.16,4394.45,238,18,0
2026-09-08T12:28:00Z,4394.46,4395.2,4393.84,4394.23,269,18,0
2026-09-08T12:29:00Z,4394.15,4394.29,4392.5,4393.08,329,18,0
2026-09-08T12:30:00Z,4393.09,4393.41,4390.87,4392.76,248,18,0
2026-09-08T12:31:00Z,4392.8,4395.38,4391.85,4395.38,256,18,0
2026-09-08T12:32:00Z,4395.35,4397.63,4395.13,4395.44,307,18,0
2026-09-08T12:33:00Z,4395.28,4396.88,4394.93,4395.2,217,18,0
2026-09-08T12:34:00Z,4395.22,4396.07,4395.19,4395.8,162,18,0
2026-09-08T12:35:00Z,4395.81,4396.71,4395.48,4396.33,202,18,0
2026-09-08T12:36:00Z,4396.33,4396.41,4395.38,4395.79,248,18,0
2026-09-08T12:37:00Z,4395.74,4396.75,4395.59,4396.26,214,18,0
2026-09-08T12:38:00Z,4396.26,4396.51,4395.88,4395.89,182,18,0
2026-09-08T12:39:00Z,4395.69,4397.44,4395.69,4397.19,185,18,0
2026-09-08T12:40:00Z,4397.11,4401.27,4397.1,4399.68,343,18,0
2026-09-08T12:41:00Z,4399.47,4403.44,4398.89,4402.33,490,18,0
2026-09-08T12:42:00Z,4402.31,4403.84,4401.87,4401.92,373,18,0
2026-09-08T12:43:00Z,4402.04,4402.71,4400.92,4401.11,327,18,0
2026-09-08T12:44:00Z,4401.18,4401.77,4399.56,4401.49,273,18,0
2026-09-08T12:45:00Z,4401.45,4402.04,4401.11,4401.76,198,18,0
2026-09-08T12:46:00Z,4401.79,4403.1,4401.79,4402.32,229,18,0
2026-09-08T12:47:00Z,4402.34,4403.16,4402.18,4402.56,177,18,0
2026-09-08T12:48:00Z,4402.51,4402.51,4401.48,4402.29,140,18,0
2026-09-08T12:49:00Z,4402.36,4403.16,4401.94,4403.08,163,18,0
2026-09-08T12:50:00Z,4403.06,4404.32,4403.05,4404.26,189,18,0
2026-09-08T12:51:00Z,4404.31,4405.26,4404.26,4405.19,175,18,0
2026-09-08T12:52:00Z,4405.26,4405.68,4404.46,4404.46,145,18,0
2026-09-08T12:53:00Z,4404.42,4404.89,4404.05,4404.3,150,18,0
2026-09-08T12:54:00Z,4404.15,4404.76,4403.81,4404.6,125,18,0
2026-09-08T12:55:00Z,4404.56,4405.2,4404.04,4404.97,162,18,0
2026-09-08T12:56:00Z,4405.01,4405.01,4404.16,4404.31,169,18,0
2026-09-08T12:57:00Z,4404.33,4404.38,4402.88,4403.12,154,18,0
2026-09-08T12:58:00Z,4403.16,4404.3,4403.03,4404.3,162,18,0
2026-09-08T12:59:00Z,4404.3,4404.88,4403.0,4403.0,145,18,0
2026-09-08T13:00:00Z,4403.03,4403.03,4401.78,4402.41,197,18,0
2026-09-08T13:01:00Z,4402.37,4402.62,4401.58,4401.58,186,18,0
2026-09-08T13:02:00Z,4401.67,4401.87,4399.48,4399.75,229,18,0
2026-09-08T13:03:00Z,4399.7,4400.85,4399.48,4399.97,274,18,0
2026-09-08T13:04:00Z,4399.92,4400.6,4398.35,4398.35,207,18,0
2026-09-08T13:05:00Z,4398.41,4398.8,4396.93,4397.31,179,18,0
2026-09-08T13:06:00Z,4397.27,4398.43,4397.06,4397.09,258,18,0
2026-09-08T13:07:00Z,4397.16,4397.77,4396.3,4397.42,215,18,0
2026-09-08T13:08:00Z,4397.42,4397.56,4396.21,4397.0,194,18,0
2026-09-08T13:09:00Z,4396.99,4397.15,4396.29,4396.47,170,18,0
2026-09-08T13:10:00Z,4396.49,4396.56,4394.82,4395.41,175,18,0
2026-09-08T13:11:00Z,4395.41,4395.55,4394.17,4394.19,195,18,0
2026-09-08T13:12:00Z,4394.22,4395.41,4393.65,4394.65,219,18,0
2026-09-08T13:13:00Z,4394.6,4395.57,4393.87,4395.3,239,18,0
2026-09-08T13:14:00Z,4395.29,4396.79,4395.2,4396.33,209,18,0
2026-09-08T13:15:00Z,4396.38,4397.9,4396.03,4397.9,208,18,0
2026-09-08T13:16:00Z,4397.97,4398.27,4397.22,4397.51,153,18,0
2026-09-08T13:17:00Z,4397.48,4398.27,4397.3,4397.94,188,18,0
2026-09-08T13:18:00Z,4397.91,4398.52,4397.21,4398.17,175,18,0
2026-09-08T13:19:00Z,4398.16,4398.65,4397.97,4398.32,185,18,0
2026-09-08T13:20:00Z,4398.29,4406.77,4397.38,4405.27,807,18,0
2026-09-08T13:21:00Z,4405.33,4405.7,4402.23,4403.85,494,18,0
2026-09-08T13:22:00Z,4403.8,4403.8,4401.08,4401.29,357,18,0
2026-09-08T13:23:00Z,4401.31,4402.03,4400.97,4401.62,197,18,0
2026-09-08T13:24:00Z,4401.66,4401.87,4399.81,4400.47,261,18,0
2026-09-08T13:25:00Z,4400.64,4400.97,4399.9,4399.9,228,18,0
2026-09-08T13:26:00Z,4400.04,4401.12,4399.59,4399.81,215,18,0
2026-09-08T13:27:00Z,4399.77,4400.49,4399.77,4399.94,223,18,0
2026-09-08T13:28:00Z,4399.92,4401.01,4399.87,4399.88,203,18,0
2026-09-08T13:29:00Z,4399.84,4399.84,4398.47,4399.42,145,18,0
2026-09-08T13:30:00Z,4399.34,4399.52,4398.35,4398.4,159,18,0
2026-09-08T13:31:00Z,4398.44,4399.15,4398.37,4398.64,153,18,0
2026-09-08T13:32:00Z,4398.69,4398.69,4397.8,4398.27,166,18,0
2026-09-08T13:33:00Z,4398.35,4398.45,4397.17,4397.52,151,18,0
2026-09-08T13:34:00Z,4397.51,4398.09,4396.95,4396.95,178,18,0
2026-09-08T13:35:00Z,4397.06,4397.48,4396.26,4397.06,161,18,0
2026-09-08T13:36:00Z,4397.16,4397.18,4395.75,4395.81,162,18,0
2026-09-08T13:37:00Z,4395.95,4396.21,4395.47,4395.47,122,18,0
2026-09-08T13:38:00Z,4395.52,4395.99,4395.12,4395.39,146,18,0
2026-09-08T13:39:00Z,4395.36,4395.44,4394.0,4394.96,175,18,0
2026-09-08T13:40:00Z,4394.77,4395.07,4393.94,4394.61,198,18,0
2026-09-08T13:41:00Z,4394.62,4396.21,4394.5,4396.21,182,18,0
2026-09-08T13:42:00Z,4396.29,4397.86,4395.94,4397.85,210,18,0
2026-09-08T13:43:00Z,4397.86,4397.95,4396.45,4396.78,210,18,0
2026-09-08T13:44:00Z,4396.77,4398.26,4396.62,4397.04,208,18,0
2026-09-08T13:45:00Z,4397.06,4397.72,4396.79,4397.57,197,18,0
2026-09-08T13:46:00Z,4397.57,4398.23,4397.26,4398.18,164,18,0
2026-09-08T13:47:00Z,4398.23,4398.74,4397.59,4398.64,170,18,0
2026-09-08T13:48:00Z,4398.68,4400.16,4398.41,4400.05,163,18,0
2026-09-08T13:49:00Z,4400.0,4400.39,4398.63,4398.96,199,18,0
2026-09-08T13:50:00Z,4398.91,4400.1,4398.51,4399.87,186,18,0
2026-09-08T13:51:00Z,4399.86,4400.13,4398.65,4398.72,143,18,0
2026-09-08T13:52:00Z,4398.89,4398.95,4397.45,4397.47,118,18,0
2026-09-08T13:53:00Z,4397.46,4398.98,4396.72,4398.93,217,18,0
2026-09-08T13:54:00Z,4398.91,4399.34,4398.78,4398.78,192,18,0
2026-09-08T13:55:00Z,4398.8,4399.15,4397.39,4397.39,187,18,0
2026-09-08T13:56:00Z,4397.44,4399.61,4397.31,4399.01,224,18,0
2026-09-08T13:57:00Z,4399.0,4399.83,4398.84,4399.8,235,18,0
2026-09-08T13:58:00Z,4399.77,4399.8,4397.36,4397.41,186,18,0
2026-09-08T13:59:00Z,4397.43,4397.46,4395.29,4395.33,199,18,0
2026-09-08T14:00:00Z,4395.34,4396.68,4394.9,4395.37,296,18,0
2026-09-08T14:01:00Z,4395.37,4397.36,4395.22,4396.98,260,18,0
2026-09-08T14:02:00Z,4396.99,4397.27,4396.48,4397.27,240,18,0
2026-09-08T14:03:00Z,4397.27,4397.34,4396.28,4396.54,197,18,0
2026-09-08T14:04:00Z,4396.7,4396.92,4395.26,4395.97,230,18,0
2026-09-08T14:05:00Z,4395.94,4396.99,4395.84,4396.92,200,18,0
2026-09-08T14:06:00Z,4396.68,4396.71,4394.94,4395.29,214,18,0
2026-09-08T14:07:00Z,4395.29,4395.59,4394.82,4395.08,231,18,0
2026-09-08T14:08:00Z,4395.12,4395.12,4393.18,4393.67,271,18,0
2026-09-08T14:09:00Z,4393.66,4399.37,4393.66,4396.66,553,18,0
2026-09-08T14:10:00Z,4396.47,4397.03,4393.52,4393.79,269,18,0
2026-09-08T14:11:00Z,4393.9,4394.43,4393.19,4393.19,203,18,0
2026-09-08T14:12:00Z,4393.18,4393.41,4391.33,4391.33,267,18,0
2026-09-08T14:13:00Z,4391.39,4392.72,4391.13,4392.45,235,18,0
2026-09-08T14:14:00Z,4392.39,4395.17,4392.39,4395.13,206,18,0
2026-09-08T14:15:00Z,4395.03,4396.68,4394.97,4396.3,336,18,0
2026-09-08T14:16:00Z,4396.37,4400.59,4396.37,4400.48,304,18,0
2026-09-08T14:17:00Z,4400.42,4400.79,4399.4,4399.82,184,18,0
2026-09-08T14:18:00Z,4399.82,4400.83,4399.4,4400.75,253,18,0
2026-09-08T14:19:00Z,4400.79,4401.7,4400.75,4401.6,149,18,0
2026-09-08T14:20:00Z,4401.45,4401.64,4399.73,4400.49,178,18,0
2026-09-08T14:21:00Z,4400.52,4400.53,4398.37,4399.22,252,18,0
2026-09-08T14:22:00Z,4399.25,4399.95,4399.19,4399.68,227,18,0
2026-09-08T14:23:00Z,4399.75,4400.03,4399.02,4399.88,185,18,0
2026-09-08T14:24:00Z,4399.88,4401.42,4399.79,4401.04,168,18,0
2026-09-08T14:25:00Z,4401.05,4402.09,4400.35,4402.08,182,18,0
2026-09-08T14:26:00Z,4401.98,4402.18,4401.09,4401.32,166,18,0
2026-09-08T14:27:00Z,4401.38,4402.11,4401.24,4401.51,146,18,0
2026-09-08T14:28:00Z,4401.68,4402.94,4401.62,4402.3,175,18,0
2026-09-08T14:29:00Z,4402.32,4402.32,4401.34,4402.04,147,18,0
2026-09-08T14:30:00Z,4401.99,4402.13,4400.77,4401.07,250,18,0
2026-09-08T14:31:00Z,4401.15,4401.76,4401.05,4401.49,145,18,0
2026-09-08T14:32:00Z,4401.4,4402.04,4400.56,4401.96,194,18,0
2026-09-08T14:33:00Z,4402.02,4404.96,4402.02,4404.71,263,18,0
2026-09-08T14:34:00Z,4404.64,4404.87,4404.02,4404.73,189,18,0
2026-09-08T14:35:00Z,4404.69,4405.53,4404.44,4404.94,171,18,0
2026-09-08T14:36:00Z,4405.16,4406.21,4404.23,4406.02,244,18,0
2026-09-08T14:37:00Z,4406.07,4407.89,4405.97,4407.87,228,18,0
2026-09-08T14:38:00Z,4407.89,4407.89,4405.84,4406.1,225,18,0
2026-09-08T14:39:00Z,4406.1,4406.13,4404.84,4404.86,215,18,0
2026-09-08T14:40:00Z,4404.85,4406.26,4404.78,4406.19,178,18,0
2026-09-08T14:41:00Z,4406.35,4406.49,4405.24,4405.42,171,18,0
2026-09-08T14:42:00Z,4405.4,4405.75,4404.46,4404.57,172,18,0
2026-09-08T14:43:00Z,4404.62,4406.69,4404.57,4406.27,208,18,0
2026-09-08T14:44:00Z,4406.27,4406.84,4403.42,4403.55,193,18,0
2026-09-08T14:45:00Z,4403.72,4404.27,4403.59,4404.03,253,18,0
2026-09-08T14:46:00Z,4404.03,4404.36,4402.37,4403.04,232,18,0
2026-09-08T14:47:00Z,4403.1,4403.1,4400.54,4400.81,195,18,0
2026-09-08T14:48:00Z,4400.84,4400.96,4399.33,4399.64,190,18,0
2026-09-08T14:49:00Z,4399.59,4400.58,4399.41,4399.84,161,18,0
2026-09-08T14:50:00Z,4399.7,4402.43,4399.59,4402.4,221,18,0
2026-09-08T14:51:00Z,4402.48,4402.66,4399.2,4399.35,195,18,0
2026-09-08T14:52:00Z,4399.34,4399.36,4397.76,4399.36,270,18,0
2026-09-08T14:53:00Z,4399.22,4399.66,4398.15,4399.65,186,18,0
2026-09-08T14:54:00Z,4399.64,4400.52,4399.3,4400.45,167,18,0
2026-09-08T14:55:00Z,4400.42,4402.66,4400.25,4402.36,242,18,0
2026-09-08T14:56:00Z,4402.29,4402.85,4401.99,4402.41,243,18,0
2026-09-08T14:57:00Z,4402.45,4402.93,4402.35,4402.68,158,18,0
2026-09-08T14:58:00Z,4402.78,4405.52,4402.37,4405.14,218,18,0
2026-09-08T14:59:00Z,4405.07,4406.61,4404.85,4406.4,225,18,0
2026-09-08T15:00:00Z,4406.51,4406.67,4403.17,4403.93,306,18,0
2026-09-08T15:01:00Z,4403.94,4405.77,4403.7,4404.99,281,18,0
2026-09-08T15:02:00Z,4405.09,4405.12,4402.75,4403.82,314,18,0
2026-09-08T15:03:00Z,4403.87,4403.87,4402.43,4402.89,250,18,0
2026-09-08T15:04:00Z,4402.88,4403.52,4402.71,4402.81,261,18,0
2026-09-08T15:05:00Z,4402.81,4404.09,4401.73,4403.76,296,18,0
2026-09-08T15:06:00Z,4403.64,4403.69,4402.38,4403.26,194,18,0
2026-09-08T15:07:00Z,4403.49,4404.25,4403.13,4404.07,235,18,0
2026-09-08T15:08:00Z,4404.07,4404.25,4402.72,4403.25,272,18,0
2026-09-08T15:09:00Z,4403.2,4404.29,4402.6,4403.9,256,18,0
2026-09-08T15:10:00Z,4403.99,4404.06,4400.88,4401.11,390,18,0
2026-09-08T15:11:00Z,4401.07,4401.11,4398.36,4398.92,433,18,0
2026-09-08T15:12:00Z,4398.9,4399.76,4393.8,4393.81,481,18,0
2026-09-08T15:13:00Z,4393.76,4395.27,4392.02,4392.4,424,18,0
2026-09-08T15:14:00Z,4392.42,4393.29,4390.39,4391.81,505,18,0
2026-09-08T15:15:00Z,4391.75,4391.91,4385.35,4387.93,616,18,0
2026-09-08T15:16:00Z,4387.98,4390.46,4387.72,4389.43,471,18,0
2026-09-08T15:17:00Z,4389.43,4390.98,4387.44,4388.16,480,18,0
2026-09-08T15:18:00Z,4388.15,4391.01,4387.24,4389.52,435,18,0
2026-09-08T15:19:00Z,4389.46,4391.6,4387.77,4391.6,395,18,0
2026-09-08T15:20:00Z,4391.54,4394.57,4387.4,4394.39,571,18,0
2026-09-08T15:21:00Z,4394.42,4396.53,4393.52,4393.88,552,18,0
2026-09-08T15:22:00Z,4394.0,4394.54,4390.98,4391.42,407,18,0
2026-09-08T15:23:00Z,4391.56,4394.22,4390.38,4394.06,386,18,0
2026-09-08T15:24:00Z,4393.85,4395.5,4393.1,4395.1,367,18,0
2026-09-08T15:25:00Z,4395.1,4396.94,4394.2,4396.62,415,18,0
2026-09-08T15:26:00Z,4396.6,4398.64,4396.32,4397.42,400,18,0
2026-09-08T15:27:00Z,4397.4,4399.2,4396.8,4398.58,320,18,0
2026-09-08T15:28:00Z,4398.52,4398.52,4396.88,4397.81,321,18,0
2026-09-08T15:29:00Z,4397.85,4401.91,4397.61,4401.91,393,18,0
2026-09-08T15:30:00Z,4401.91,4404.05,4401.0,4402.3,454,18,0
2026-09-08T15:31:00Z,4402.35,4402.59,4400.8,4401.15,257,18,0
2026-09-08T15:32:00Z,4401.16,4406.98,4401.16,4406.7,396,18,0
2026-09-08T15:33:00Z,4406.75,4408.2,4405.11,4408.2,515,18,0
2026-09-08T15:34:00Z,4408.08,4408.18,4404.13,4405.11,374,18,0
2026-09-08T15:35:00Z,4405.06,4405.58,4401.28,4402.37,367,18,0
2026-09-08T15:36:00Z,4402.34,4403.24,4401.78,4403.11,399,18,0
2026-09-08T15:37:00Z,4403.03,4403.35,4400.97,4401.84,254,18,0
2026-09-08T15:38:00Z,4401.82,4401.88,4398.4,4399.58,311,18,0
2026-09-08T15:39:00Z,4399.62,4401.87,4399.23,4401.22,346,18,0
2026-09-08T15:40:00Z,4401.5,4401.84,4398.06,4398.1,369,18,0
2026-09-08T15:41:00Z,4398.1,4399.74,4397.59,4399.52,345,18,0
2026-09-08T15:42:00Z,4399.54,4399.6,4397.9,4398.02,306,18,0
2026-09-08T15:43:00Z,4398.01,4398.39,4395.37,4396.19,333,18,0
2026-09-08T15:44:00Z,4396.27,4396.87,4395.25,4396.56,260,18,0
2026-09-08T15:45:00Z,4396.59,4397.38,4395.68,4396.77,291,18,0
2026-09-08T15:46:00Z,4396.82,4399.11,4396.28,4397.28,361,18,0
2026-09-08T15:47:00Z,4397.49,4400.6,4397.03,4400.17,353,18,0
2026-09-08T15:48:00Z,4400.16,4400.66,4398.26,4399.21,325,18,0
2026-09-08T15:49:00Z,4399.2,4402.33,4398.79,4402.21,311,18,0
2026-09-08T15:50:00Z,4402.31,4402.77,4401.58,4402.02,290,18,0
2026-09-08T15:51:00Z,4402.04,4403.25,4401.25,4402.36,257,18,0
2026-09-08T15:52:00Z,4402.42,4403.54,4401.94,4403.44,257,18,0
2026-09-08T15:53:00Z,4403.05,4403.05,4400.67,4401.38,253,18,0
2026-09-08T15:54:00Z,4401.61,4403.52,4401.21,4403.38,253,18,0
2026-09-08T15:55:00Z,4403.4,4405.31,4403.04,4405.31,293,18,0
2026-09-08T15:56:00Z,4405.71,4406.87,4403.89,4404.74,303,18,0
2026-09-08T15:57:00Z,4404.67,4407.12,4404.56,4406.94,328,18,0
2026-09-08T15:58:00Z,4406.93,4407.96,4405.81,4407.96,309,18,0
2026-09-08T15:59:00Z,4408.73,4411.85,4408.73,4411.57,429,18,0
2026-09-08T16:00:00Z,4411.65,4413.25,4406.1,4407.61,785,18,0
2026-09-08T16:01:00Z,4407.53,4408.14,4404.37,4404.73,568,18,0
2026-09-08T16:02:00Z,4404.81,4405.25,4403.03,4403.77,560,18,0
2026-09-08T16:03:00Z,4403.41,4405.7,4403.16,4403.76,470,18,0
2026-09-08T16:04:00Z,4403.67,4406.3,4402.72,4406.3,441,18,0
2026-09-08T16:05:00Z,4406.28,4407.13,4404.98,4406.57,437,18,0
2026-09-08T16:06:00Z,4406.57,4406.63,4403.95,4403.98,392,18,0
2026-09-08T16:07:00Z,4404.01,4406.52,4403.23,4405.7,439,18,0
2026-09-08T16:08:00Z,4405.61,4406.46,4403.08,4403.08,411,18,0
2026-09-08T16:09:00Z,4403.04,4405.0,4402.52,4404.63,350,18,0
2026-09-08T16:10:00Z,4404.56,4406.27,4403.93,4406.12,310,18,0
2026-09-08T16:11:00Z,4406.09,4406.75,4405.28,4405.35,415,18,0
2026-09-08T16:12:00Z,4405.35,4407.83,4405.3,4406.53,403,18,0
2026-09-08T16:13:00Z,4406.55,4407.37,4406.12,4406.93,275,18,0
2026-09-08T16:14:00Z,4406.96,4408.66,4406.32,4408.5,368,18,0
2026-09-08T16:15:00Z,4408.5,4408.55,4406.18,4407.31,358,18,0
2026-09-08T16:16:00Z,4407.39,4408.83,4405.65,4406.72,313,18,0
2026-09-08T16:17:00Z,4406.74,4409.5,4406.7,4408.22,389,18,0
2026-09-08T16:18:00Z,4408.22,4409.75,4408.21,4409.61,388,18,0
2026-09-08T16:19:00Z,4409.61,4410.81,4407.32,4407.98,377,18,0
2026-09-08T16:20:00Z,4407.99,4408.84,4405.9,4406.57,370,18,0
2026-09-08T16:21:00Z,4406.76,4406.81,4404.09,4405.49,337,18,0
2026-09-08T16:22:00Z,4405.49,4405.91,4404.22,4405.19,308,18,0
2026-09-08T16:23:00Z,4405.12,4407.72,4405.12,4407.37,327,18,0
2026-09-08T16:24:00Z,4407.32,4408.14,4403.24,4403.35,317,18,0
2026-09-08T16:25:00Z,4403.29,4404.24,4402.34,4402.89,317,18,0
2026-09-08T16:26:00Z,4402.91,4402.98,4400.54,4402.98,297,18,0
2026-09-08T16:27:00Z,4402.77,4403.33,4400.13,4400.55,322,18,0
2026-09-08T16:28:00Z,4400.65,4400.8,4399.54,4400.21,316,18,0
2026-09-08T16:29:00Z,4400.06,4400.99,4399.09,4400.31,389,18,0
2026-09-08T16:30:00Z,4400.3,4405.79,4399.75,4405.0,704,18,0
2026-09-08T16:31:00Z,4405.16,4405.6,4402.87,4403.19,641,18,0
2026-09-08T16:32:00Z,4403.2,4403.28,4399.09,4400.44,599,18,0
2026-09-08T16:33:00Z,4400.49,4404.51,4399.19,4402.91,615,18,0
2026-09-08T16:34:00Z,4402.79,4403.31,4398.0,4398.23,607,18,0
2026-09-08T16:35:00Z,4398.21,4398.52,4395.91,4397.74,858,18,0
2026-09-08T16:36:00Z,4397.84,4399.26,4396.89,4397.43,653,18,0
2026-09-08T16:37:00Z,4397.34,4400.88,4396.63,4400.86,604,18,0
2026-09-08T16:38:00Z,4400.87,4402.95,4399.13,4400.71,654,18,0
2026-09-08T16:39:00Z,4400.71,4402.09,4398.77,4400.01,573,18,0
2026-09-08T16:40:00Z,4399.89,4399.89,4395.62,4395.88,519,18,0
2026-09-08T16:41:00Z,4395.8,4396.9,4394.44,4395.39,562,18,0
2026-09-08T16:42:00Z,4395.39,4395.57,4390.35,4392.56,576,18,0
2026-09-08T16:43:00Z,4392.56,4395.4,4391.98,4395.04,586,18,0
2026-09-08T16:44:00Z,4394.99,4398.22,4394.89,4396.68,572,18,0
2026-09-08T16:45:00Z,4396.58,4399.6,4394.36,4394.63,658,18,0
2026-09-08T16:46:00Z,4394.72,4399.16,4394.71,4399.05,618,18,0
2026-09-08T16:47:00Z,4399.08,4400.87,4397.0,4397.74,629,18,0
2026-09-08T16:48:00Z,4397.81,4402.11,4397.81,4399.14,541,18,0
2026-09-08T16:49:00Z,4399.13,4402.99,4398.47,4402.93,485,18,0
2026-09-08T16:50:00Z,4402.91,4403.28,4401.22,4402.41,506,18,0
2026-09-08T16:51:00Z,4402.24,4402.28,4398.96,4400.41,506,18,0
2026-09-08T16:52:00Z,4400.44,4400.44,4397.26,4398.24,515,18,0
2026-09-08T16:53:00Z,4398.28,4399.46,4397.38,4398.76,525,18,0
2026-09-08T16:54:00Z,4398.56,4404.33,4398.17,4404.25,531,18,0
2026-09-08T16:55:00Z,4404.32,4407.12,4403.75,4406.86,615,18,0
2026-09-08T16:56:00Z,4406.82,4407.46,4403.42,4404.91,492,18,0
2026-09-08T16:57:00Z,4404.92,4406.14,4403.93,4404.38,352,18,0
2026-09-08T16:58:00Z,4404.22,4404.48,4400.9,4400.99,466,18,0
2026-09-08T16:59:00Z,4401.01,4401.32,4395.46,4395.61,650,18,0
2026-09-08T17:00:00Z,4395.63,4399.5,4394.45,4398.81,682,18,0
2026-09-08T17:01:00Z,4398.81,4401.65,4398.59,4400.14,642,18,0
2026-09-08T17:02:00Z,4400.21,4401.02,4396.64,4398.26,762,18,0
2026-09-08T17:03:00Z,4398.27,4400.01,4396.63,4399.37,677,18,0
2026-09-08T17:04:00Z,4399.37,4402.08,4397.95,4401.99,679,18,0
2026-09-08T17:05:00Z,4402.07,4402.81,4399.62,4400.47,521,18,0
2026-09-08T17:06:00Z,4400.54,4401.07,4398.05,4400.27,672,18,0
2026-09-08T17:07:00Z,4400.11,4402.65,4399.21,4399.28,640,18,0
2026-09-08T17:08:00Z,4399.26,4401.55,4398.35,4401.12,633,18,0
2026-09-08T17:09:00Z,4401.11,4402.47,4399.03,4399.03,627,18,0
2026-09-08T17:10:00Z,4399.06,4399.06,4396.2,4397.56,684,18,0
2026-09-08T17:11:00Z,4397.52,4398.69,4396.08,4397.31,639,18,0
2026-09-08T17:12:00Z,4397.2,4398.74,4396.86,4398.55,491,18,0
2026-09-08T17:13:00Z,4398.58,4398.78,4395.07,4395.45,552,18,0
2026-09-08T17:14:00Z,4395.41,4396.48,4391.5,4394.46,596,18,0
2026-09-08T17:15:00Z,4394.44,4395.97,4394.08,4395.86,502,18,0
2026-09-08T17:16:00Z,4395.78,4396.42,4394.12,4396.25,374,18,0
2026-09-08T17:17:00Z,4396.25,4398.32,4395.8,4396.87,410,18,0
2026-09-08T17:18:00Z,4396.88,4400.18,4396.6,4400.15,496,18,0
2026-09-08T17:19:00Z,4400.09,4400.35,4398.63,4399.71,454,18,0
2026-09-08T17:20:00Z,4399.8,4400.44,4395.67,4397.39,508,18,0
2026-09-08T17:21:00Z,4397.46,4398.89,4396.92,4397.58,479,18,0
2026-09-08T17:22:00Z,4397.58,4398.57,4397.29,4397.29,486,18,0
2026-09-08T17:23:00Z,4397.23,4400.58,4396.71,4400.56,351,18,0
2026-09-08T17:24:00Z,4400.63,4401.98,4400.01,4401.78,378,18,0
2026-09-08T17:25:00Z,4401.83,4403.22,4401.55,4403.13,433,18,0
2026-09-08T17:26:00Z,4403.13,4403.56,4402.01,4402.17,415,18,0
2026-09-08T17:27:00Z,4402.16,4403.17,4401.34,4402.73,403,18,0
2026-09-08T17:28:00Z,4402.9,4403.72,4399.07,4399.42,473,18,0
2026-09-08T17:29:00Z,4399.42,4400.11,4396.15,4396.73,620,18,0
2026-09-08T17:30:00Z,4396.7,4397.46,4395.0,4397.41,524,18,0
2026-09-08T17:31:00Z,4397.42,4397.47,4395.74,4395.9,501,18,0
2026-09-08T17:32:00Z,4395.91,4398.7,4395.64,4397.82,498,18,0
2026-09-08T17:33:00Z,4397.78,4399.5,4396.36,4396.36,444,18,0
2026-09-08T17:34:00Z,4396.27,4398.48,4396.11,4398.45,358,18,0
2026-09-08T17:35:00Z,4398.45,4398.99,4397.67,4398.89,461,18,0
2026-09-08T17:36:00Z,4398.82,4399.23,4397.32,4398.24,471,18,0
2026-09-08T17:37:00Z,4398.12,4400.69,4396.69,4400.27,518,18,0
2026-09-08T17:38:00Z,4400.24,4400.46,4397.92,4399.9,424,18,0
2026-09-08T17:39:00Z,4399.9,4400.4,4395.14,4395.76,561,18,0
2026-09-08T17:40:00Z,4395.51,4395.73,4393.46,4393.78,459,18,0
2026-09-08T17:41:00Z,4393.97,4395.14,4392.84,4393.25,499,18,0
2026-09-08T17:42:00Z,4393.15,4394.36,4392.73,4393.39,436,18,0
2026-09-08T17:43:00Z,4393.37,4394.29,4393.12,4393.57,506,18,0
2026-09-08T17:44:00Z,4393.58,4397.81,4393.58,4397.4,405,18,0
2026-09-08T17:45:00Z,4397.4,4397.75,4395.43,4395.65,428,18,0
2026-09-08T17:46:00Z,4395.63,4399.02,4395.46,4398.55,439,18,0
2026-09-08T17:47:00Z,4398.55,4398.66,4395.49,4397.14,433,18,0
2026-09-08T17:48:00Z,4397.11,4397.42,4391.96,4393.14,404,18,0
2026-09-08T17:49:00Z,4393.13,4393.75,4392.78,4393.48,326,18,0
2026-09-08T17:50:00Z,4393.34,4394.63,4390.89,4393.26,485,18,0
2026-09-08T17:51:00Z,4393.3,4394.55,4390.98,4391.14,397,18,0
2026-09-08T17:52:00Z,4391.08,4391.8,4389.09,4391.44,561,18,0
2026-09-08T17:53:00Z,4391.43,4393.95,4390.73,4393.95,374,18,0
2026-09-08T17:54:00Z,4393.8,4395.8,4393.65,4393.83,302,18,0
2026-09-08T17:55:00Z,4393.75,4395.69,4392.21,4394.96,395,18,0
2026-09-08T17:56:00Z,4395.01,4395.47,4393.73,4395.2,376,18,0
2026-09-08T17:57:00Z,4395.19,4395.75,4394.86,4395.44,299,18,0
2026-09-08T17:58:00Z,4395.2,4395.6,4393.32,4393.61,324,18,0
2026-09-08T17:59:00Z,4393.61,4398.73,4393.53,4398.62,344,18,0
2026-09-08T18:00:00Z,4398.67,4399.78,4397.56,4399.46,468,18,0
2026-09-08T18:01:00Z,4399.46,4401.63,4399.45,4400.87,439,18,0
2026-09-08T18:02:00Z,4400.97,4403.33,4400.03,4403.0,406,18,0
2026-09-08T18:03:00Z,4403.0,4406.91,4402.36,4406.15,510,18,0
2026-09-08T18:04:00Z,4406.2,4406.2,4402.58,4403.34,460,18,0
2026-09-08T18:05:00Z,4403.16,4403.39,4401.66,4403.11,372,18,0
2026-09-08T18:06:00Z,4403.15,4403.46,4402.26,4402.64,332,18,0
2026-09-08T18:07:00Z,4402.57,4402.65,4400.56,4401.0,362,18,0
2026-09-08T18:08:00Z,4400.99,4402.73,4400.94,4402.73,310,18,0
2026-09-08T18:09:00Z,4402.7,4404.0,4402.27,4403.68,304,18,0
2026-09-08T18:10:00Z,4404.03,4406.51,4403.96,4405.36,343,18,0
2026-09-08T18:11:00Z,4405.35,4408.16,4405.34,4408.09,356,18,0
2026-09-08T18:12:00Z,4408.05,4408.18,4404.96,4405.97,351,18,0
2026-09-08T18:13:00Z,4405.97,4406.29,4404.85,4405.21,303,18,0
2026-09-08T18:14:00Z,4405.2,4405.91,4403.93,4404.79,280,18,0
2026-09-08T18:15:00Z,4404.92,4408.61,4404.82,4407.93,334,18,0
2026-09-08T18:16:00Z,4407.94,4408.28,4407.09,4408.13,341,18,0
2026-09-08T18:17:00Z,4408.19,4409.3,4407.09,4409.24,252,18,0
2026-09-08T18:18:00Z,4409.28,4409.28,4406.6,4407.53,255,18,0
2026-09-08T18:19:00Z,4407.49,4407.55,4405.85,4405.98,256,18,0
2026-09-08T18:20:00Z,4405.68,4405.87,4403.4,4403.5,379,18,0
2026-09-08T18:21:00Z,4403.54,4403.55,4400.12,4400.43,505,18,0
2026-09-08T18:22:00Z,4400.42,4400.42,4397.04,4397.69,514,18,0
2026-09-08T18:23:00Z,4397.58,4397.99,4396.38,4397.26,342,18,0
2026-09-08T18:24:00Z,4397.26,4398.74,4397.01,4398.39,304,18,0
2026-09-08T18:25:00Z,4398.29,4404.53,4398.11,4402.11,480,18,0
2026-09-08T18:26:00Z,4402.49,4403.6,4400.64,4403.6,427,18,0
2026-09-08T18:27:00Z,4403.67,4403.67,4399.16,4399.37,383,18,0
2026-09-08T18:28:00Z,4399.42,4400.96,4399.32,4400.19,377,18,0
2026-09-08T18:29:00Z,4400.15,4400.15,4398.56,4398.95,425,18,0
2026-09-08T18:30:00Z,4399.04,4401.44,4398.98,4400.49,405,18,0
2026-09-08T18:31:00Z,4400.46,4402.45,4400.31,4402.22,330,18,0
2026-09-08T18:32:00Z,4402.29,4403.63,4401.58,4402.99,359,18,0
2026-09-08T18:33:00Z,4403.0,4403.39,4401.82,4402.33,336,18,0
2026-09-08T18:34:00Z,4402.38,4404.16,4401.7,4403.87,370,18,0
2026-09-08T18:35:00Z,4403.83,4404.08,4402.29,4402.46,371,18,0
2026-09-08T18:36:00Z,4402.39,4402.58,4398.94,4399.11,418,18,0
2026-09-08T18:37:00Z,4399.17,4399.86,4398.58,4399.36,280,18,0
2026-09-08T18:38:00Z,4399.34,4400.79,4399.13,4399.96,300,18,0
2026-09-08T18:39:00Z,4399.91,4400.52,4399.05,4399.65,312,18,0
2026-09-08T18:40:00Z,4399.71,4399.74,4397.77,4397.91,357,18,0
2026-09-08T18:41:00Z,4397.92,4399.11,4397.77,4398.5,249,18,0
2026-09-08T18:42:00Z,4398.36,4399.76,4398.36,4398.58,300,18,0
2026-09-08T18:43:00Z,4398.57,4399.57,4397.31,4399.23,247,18,0
2026-09-08T18:44:00Z,4399.28,4401.01,4399.28,4400.22,218,18,0
2026-09-08T18:45:00Z,4400.26,4400.51,4397.66,4398.76,298,18,0
2026-09-08T18:46:00Z,4398.73,4398.75,4397.54,4397.7,242,18,0
2026-09-08T18:47:00Z,4397.67,4397.92,4395.97,4396.72,332,18,0
2026-09-08T18:48:00Z,4396.71,4398.87,4396.27,4396.62,267,18,0
2026-09-08T18:49:00Z,4396.53,4397.56,4396.36,4396.91,253,18,0
2026-09-08T18:50:00Z,4397.02,4400.53,4396.2,4398.21,320,18,0
2026-09-08T18:51:00Z,4398.26,4398.83,4397.38,4398.68,264,18,0
2026-09-08T18:52:00Z,4398.81,4399.08,4397.96,4398.31,256,18,0
2026-09-08T18:53:00Z,4398.35,4400.3,4398.35,4398.82,293,18,0
2026-09-08T18:54:00Z,4398.85,4399.29,4397.1,4397.71,273,18,0
2026-09-08T18:55:00Z,4397.62,4399.04,4397.37,4398.86,201,18,0
2026-09-08T18:56:00Z,4398.69,4398.92,4398.16,4398.23,200,18,0
2026-09-08T18:57:00Z,4398.25,4398.25,4396.49,4396.54,228,18,0
2026-09-08T18:58:00Z,4396.6,4397.37,4396.6,4396.69,180,18,0
2026-09-08T18:59:00Z,4396.51,4397.07,4394.72,4394.73,251,18,0
2026-09-08T19:00:00Z,4394.75,4395.12,4393.48,4393.89,353,18,0
2026-09-08T19:01:00Z,4393.89,4393.89,4392.17,4392.64,418,18,0
2026-09-08T19:02:00Z,4392.65,4393.04,4391.27,4392.51,348,18,0
2026-09-08T19:03:00Z,4392.49,4393.04,4391.79,4391.84,292,18,0
2026-09-08T19:04:00Z,4391.8,4394.99,4391.51,4394.84,234,18,0
2026-09-08T19:05:00Z,4394.72,4394.72,4393.5,4394.58,298,18,0
2026-09-08T19:06:00Z,4394.64,4394.68,4393.36,4393.46,287,18,0
2026-09-08T19:07:00Z,4393.46,4393.46,4391.25,4391.96,271,18,0
2026-09-08T19:08:00Z,4391.86,4392.3,4389.67,4389.95,315,18,0
2026-09-08T19:09:00Z,4389.97,4390.01,4380.6,4381.17,576,18,0
2026-09-08T19:10:00Z,4381.08,4385.71,4381.03,4383.2,692,18,0
2026-09-08T19:11:00Z,4382.99,4384.45,4380.95,4382.62,553,18,0
2026-09-08T19:12:00Z,4382.61,4383.9,4381.09,4381.16,558,18,0
2026-09-08T19:13:00Z,4381.13,4385.45,4380.66,4385.45,494,18,0
2026-09-08T19:14:00Z,4385.5,4386.47,4385.17,4386.45,320,18,0
2026-09-08T19:15:00Z,4386.36,4387.54,4384.62,4386.29,444,18,0
2026-09-08T19:16:00Z,4386.28,4386.6,4385.07,4386.59,359,18,0
2026-09-08T19:17:00Z,4386.64,4387.23,4385.29,4385.76,363,18,0
2026-09-08T19:18:00Z,4385.69,4386.44,4384.82,4385.07,332,18,0
2026-09-08T19:19:00Z,4385.1,4385.95,4383.69,4385.34,282,18,0
2026-09-08T19:20:00Z,4385.33,4388.96,4385.33,4388.57,347,18,0
2026-09-08T19:21:00Z,4388.56,4390.08,4386.94,4389.92,406,18,0
2026-09-08T19:22:00Z,4389.92,4392.43,4389.51,4392.19,383,18,0
2026-09-08T19:23:00Z,4392.21,4392.47,4391.53,4391.64,227,18,0
2026-09-08T19:24:00Z,4391.9,4392.87,4391.16,4392.82,244,18,0
2026-09-08T19:25:00Z,4392.76,4395.48,4390.88,4393.38,380,18,0
2026-09-08T19:26:00Z,4393.5,4394.03,4392.11,4392.72,287,18,0
2026-09-08T19:27:00Z,4392.7,4393.03,4391.64,4391.91,293,18,0
2026-09-08T19:28:00Z,4391.95,4393.74,4391.89,4393.56,299,18,0
2026-09-08T19:29:00Z,4393.53,4394.41,4392.96,4394.03,264,18,0
2026-09-08T19:30:00Z,4393.97,4396.03,4392.96,4395.43,436,18,0
2026-09-08T19:31:00Z,4395.47,4396.69,4394.84,4395.1,310,18,0
2026-09-08T19:32:00Z,4395.32,4395.47,4394.8,4394.99,214,18,0
2026-09-08T19:33:00Z,4395.0,4395.01,4393.67,4394.75,295,18,0
2026-09-08T19:34:00Z,4394.76,4395.65,4394.59,4394.66,334,18,0
2026-09-08T19:35:00Z,4394.67,4396.35,4394.6,4395.27,274,18,0
2026-09-08T19:36:00Z,4395.22,4395.95,4394.79,4395.42,181,18,0
2026-09-08T19:37:00Z,4395.39,4395.39,4393.99,4394.39,179,18,0
2026-09-08T19:38:00Z,4394.48,4394.97,4393.63,4394.96,249,18,0
2026-09-08T19:39:00Z,4394.98,4394.99,4394.29,4394.61,260,18,0
2026-09-08T19:40:00Z,4394.61,4395.58,4393.84,4394.18,334,18,0
2026-09-08T19:41:00Z,4394.17,4395.35,4393.57,4395.31,325,18,0
2026-09-08T19:42:00Z,4395.42,4395.47,4394.63,4395.29,278,18,0
2026-09-08T19:43:00Z,4395.15,4395.72,4393.61,4394.33,257,18,0
2026-09-08T19:44:00Z,4394.32,4394.37,4393.58,4394.21,219,18,0
2026-09-08T19:45:00Z,4394.22,4394.48,4392.6,4393.02,264,18,0
2026-09-08T19:46:00Z,4393.02,4393.75,4392.5,4393.11,227,18,0
2026-09-08T19:47:00Z,4392.98,4393.52,4392.62,4392.68,187,18,0
2026-09-08T19:48:00Z,4392.57,4393.81,4391.96,4392.74,352,18,0
2026-09-08T19:49:00Z,4392.76,4393.96,4392.52,4393.75,437,18,0
2026-09-08T19:50:00Z,4393.75,4398.41,4393.06,4396.16,683,18,0
2026-09-08T19:51:00Z,4396.13,4396.13,4392.74,4392.82,430,18,0
2026-09-08T19:52:00Z,4393.06,4394.49,4392.8,4393.59,322,18,0
2026-09-08T19:53:00Z,4393.56,4394.83,4393.29,4394.54,319,18,0
2026-09-08T19:54:00Z,4394.54,4394.84,4393.9,4393.93,269,18,0
2026-09-08T19:55:00Z,4394.13,4395.46,4394.09,4395.17,273,18,0
2026-09-08T19:56:00Z,4394.97,4395.07,4390.28,4392.67,513,18,0
2026-09-08T19:57:00Z,4392.63,4395.01,4392.63,4394.99,313,18,0
2026-09-08T19:58:00Z,4395.16,4395.2,4394.26,4394.36,285,18,0
2026-09-08T19:59:00Z,4394.5,4394.53,4390.83,4393.61,407,18,0
2026-09-08T20:00:00Z,4393.74,4396.01,4393.66,4395.85,359,18,0
2026-09-08T20:01:00Z,4395.85,4397.03,4395.42,4396.87,369,18,0
2026-09-08T20:02:00Z,4396.87,4399.29,4396.56,4398.55,398,18,0
2026-09-08T20:03:00Z,4398.55,4399.84,4398.25,4399.78,262,18,0
2026-09-08T20:04:00Z,4399.81,4401.83,4399.36,4401.39,399,18,0
2026-09-08T20:05:00Z,4401.38,4403.76,4400.85,4401.04,462,18,0
2026-09-08T20:06:00Z,4401.02,4401.27,4400.04,4400.64,476,18,0
2026-09-08T20:07:00Z,4400.71,4400.86,4398.82,4398.95,392,18,0
2026-09-08T20:08:00Z,4398.91,4398.99,4397.55,4398.36,328,18,0
2026-09-08T20:09:00Z,4398.32,4398.87,4397.54,4397.78,297,18,0
2026-09-08T20:10:00Z,4397.76,4399.2,4397.55,4398.07,341,18,0
2026-09-08T20:11:00Z,4398.1,4398.14,4396.59,4396.75,259,18,0
2026-09-08T20:12:00Z,4396.77,4396.79,4395.44,4395.62,298,18,0
2026-09-08T20:13:00Z,4395.49,4396.08,4395.05,4395.14,247,18,0
2026-09-08T20:14:00Z,4395.13,4395.98,4394.63,4395.56,256,18,0
2026-09-08T20:15:00Z,4395.55,4396.38,4395.52,4396.38,198,18,0
2026-09-08T20:16:00Z,4396.43,4396.97,4396.28,4396.56,237,18,0
2026-09-08T20:17:00Z,4396.63,4397.36,4396.0,4396.02,279,18,0
2026-09-08T20:18:00Z,4396.05,4396.86,4395.79,4396.34,258,18,0
2026-09-08T20:19:00Z,4396.44,4397.36,4396.44,4396.68,222,18,0
2026-09-08T20:20:00Z,4396.71,4396.71,4394.37,4394.58,288,18,0
2026-09-08T20:21:00Z,4394.54,4394.95,4393.77,4394.67,260,18,0
2026-09-08T20:22:00Z,4394.71,4394.71,4393.06,4393.78,277,18,0
2026-09-08T20:23:00Z,4393.8,4394.04,4393.18,4393.18,196,18,0
2026-09-08T20:24:00Z,4393.29,4394.82,4393.06,4394.35,231,18,0
2026-09-08T20:25:00Z,4394.35,4394.44,4392.39,4392.82,245,18,0
2026-09-08T20:26:00Z,4392.81,4393.39,4392.05,4392.72,307,18,0
2026-09-08T20:27:00Z,4392.69,4393.2,4392.31,4392.41,225,18,0
2026-09-08T20:28:00Z,4392.47,4394.9,4392.43,4394.87,300,18,0
2026-09-08T20:29:00Z,4394.66,4395.0,4393.78,4394.03,433,18,0
2026-09-08T20:30:00Z,4394.08,4394.98,4393.64,4394.79,250,18,0
2026-09-08T20:31:00Z,4394.77,4395.0,4393.59,4394.49,198,18,0
2026-09-08T20:32:00Z,4394.49,4394.79,4393.91,4394.69,231,18,0
2026-09-08T20:33:00Z,4394.74,4395.1,4393.44,4393.44,256,18,0
2026-09-08T20:34:00Z,4393.48,4393.95,4391.43,4391.43,288,18,0
2026-09-08T20:35:00Z,4391.42,4391.92,4390.99,4391.6,362,18,0
2026-09-08T20:36:00Z,4391.55,4391.95,4390.35,4390.83,293,18,0
2026-09-08T20:37:00Z,4390.84,4391.89,4389.63,4391.89,325,18,0
2026-09-08T20:38:00Z,4391.71,4392.84,4391.69,4391.69,214,18,0
2026-09-08T20:39:00Z,4391.68,4391.84,4389.4,4389.4,275,18,0
2026-09-08T20:40:00Z,4389.37,4389.54,4387.52,4387.53,346,18,0
2026-09-08T20:41:00Z,4387.55,4387.55,4386.54,4386.87,296,18,0
2026-09-08T20:42:00Z,4386.92,4388.15,4386.76,4387.6,267,18,0
2026-09-08T20:43:00Z,4387.61,4387.69,4386.3,4386.74,229,18,0
2026-09-08T20:44:00Z,4386.6,4386.73,4385.4,4385.42,249,18,0
2026-09-08T20:45:00Z,4385.42,4386.25,4385.4,4385.6,225,18,0
2026-09-08T20:46:00Z,4385.56,4387.31,4385.24,4386.89,350,18,0
2026-09-08T20:47:00Z,4386.81,4387.42,4386.38,4387.06,282,18,0
2026-09-08T20:48:00Z,4387.06,4387.85,4387.05,4387.59,195,18,0
2026-09-08T20:49:00Z,4387.62,4387.78,4386.88,4387.08,239,18,0
2026-09-08T20:50:00Z,4387.09,4388.87,4387.04,4388.41,313,18,0
2026-09-08T20:51:00Z,4388.41,4388.41,4386.89,4387.7,258,18,0
2026-09-08T20:52:00Z,4387.7,4389.37,4387.7,4389.06,334,18,0
2026-09-08T20:53:00Z,4389.07,4389.32,4388.5,4389.25,187,18,0
2026-09-08T20:54:00Z,4389.28,4389.37,4388.62,4388.93,247,18,0
2026-09-08T20:55:00Z,4388.93,4388.99,4387.74,4388.52,278,18,0
2026-09-08T20:56:00Z,4388.51,4388.96,4387.85,4388.48,240,18,0
2026-09-08T20:57:00Z,4388.44,4389.19,4388.33,4389.19,226,18,0
2026-09-08T20:58:00Z,4389.28,4390.37,4389.01,4389.63,230,18,0
2026-09-08T20:59:00Z,4389.6,4390.01,4389.27,4389.93,197,18,0
2026-09-08T21:00:00Z,4389.92,4390.26,4388.06,4388.06,306,18,0
2026-09-08T21:01:00Z,4387.93,4389.37,4387.88,4388.73,366,18,0
2026-09-08T21:02:00Z,4388.72,4388.93,4387.14,4387.27,272,18,0
2026-09-08T21:03:00Z,4387.25,4388.54,4387.17,4388.51,301,18,0
2026-09-08T21:04:00Z,4388.5,4388.68,4387.07,4387.09,274,18,0
2026-09-08T21:05:00Z,4387.08,4387.63,4386.2,4387.54,300,18,0
2026-09-08T21:06:00Z,4387.55,4388.31,4386.12,4386.27,315,18,0
2026-09-08T21:07:00Z,4386.26,4386.85,4385.71,4386.44,343,18,0
2026-09-08T21:08:00Z,4386.41,4386.42,4384.9,4385.66,287,18,0
2026-09-08T21:09:00Z,4385.65,4385.83,4384.74,4384.77,288,18,0
2026-09-08T21:10:00Z,4384.78,4386.2,4384.05,4386.17,356,18,0
2026-09-08T21:11:00Z,4386.21,4386.89,4386.04,4386.1,275,18,0
2026-09-08T21:12:00Z,4386.16,4386.74,4385.78,4386.27,230,18,0
2026-09-08T21:13:00Z,4386.25,4386.78,4384.81,4386.57,289,18,0
2026-09-08T21:14:00Z,4386.6,4387.59,4386.6,4387.52,188,18,0
2026-09-08T21:15:00Z,4387.5,4387.63,4385.43,4386.11,396,18,0
2026-09-08T21:16:00Z,4386.12,4386.67,4385.85,4386.3,300,18,0
2026-09-08T21:17:00Z,4386.3,4387.02,4386.19,4386.26,344,18,0
2026-09-08T21:18:00Z,4386.16,4386.16,4384.42,4384.59,330,18,0
2026-09-08T21:19:00Z,4384.52,4386.42,4384.48,4385.59,284,18,0
2026-09-08T21:20:00Z,4385.64,4386.37,4385.59,4385.63,306,18,0
2026-09-08T21:21:00Z,4385.61,4385.88,4384.58,4384.63,286,18,0
2026-09-08T21:22:00Z,4384.69,4385.6,4384.63,4385.51,300,18,0
2026-09-08T21:23:00Z,4385.46,4385.96,4384.85,4385.33,290,18,0
2026-09-08T21:24:00Z,4385.42,4386.81,4385.21,4385.55,241,18,0
2026-09-08T21:25:00Z,4385.53,4386.08,4384.7,4385.35,288,18,0
2026-09-08T21:26:00Z,4385.34,4385.77,4384.64,4384.98,245,18,0
2026-09-08T21:27:00Z,4384.9,4385.5,4384.28,4384.32,334,18,0
2026-09-08T21:28:00Z,4384.29,4385.13,4384.29,4384.88,333,18,0
2026-09-08T21:29:00Z,4384.87,4385.82,4384.75,4385.55,317,18,0
2026-09-08T21:30:00Z,4385.57,4385.74,4382.74,4383.11,343,18,0
2026-09-08T21:31:00Z,4383.11,4383.25,4381.47,4382.15,343,18,0
2026-09-08T21:32:00Z,4382.14,4383.48,4381.37,4383.32,287,18,0
2026-09-08T21:33:00Z,4383.39,4383.79,4382.55,4383.18,272,18,0
2026-09-08T21:34:00Z,4383.18,4384.76,4383.03,4384.21,214,18,0
2026-09-08T21:35:00Z,4384.31,4384.31,4383.37,4383.75,284,18,0
2026-09-08T21:36:00Z,4383.7,4383.73,4382.68,4383.24,276,18,0
2026-09-08T21:37:00Z,4383.24,4384.55,4383.14,4384.44,257,18,0
2026-09-08T21:38:00Z,4384.34,4384.83,4384.26,4384.44,215,18,0
2026-09-08T21:39:00Z,4384.46,4384.9,4383.61,4384.22,264,18,0
2026-09-08T21:40:00Z,4384.23,4384.55,4383.73,4384.3,163,18,0
2026-09-08T21:41:00Z,4384.28,4384.44,4383.64,4383.7,204,18,0
2026-09-08T21:42:00Z,4383.68,4384.41,4383.53,4384.28,223,18,0
2026-09-08T21:43:00Z,4384.32,4384.33,4383.85,4383.88,187,18,0
2026-09-08T21:44:00Z,4383.92,4385.66,4383.39,4385.59,241,18,0
2026-09-08T21:45:00Z,4385.59,4385.59,4384.33,4384.35,222,18,0
2026-09-08T21:46:00Z,4384.38,4385.23,4384.32,4385.2,265,18,0
2026-09-08T21:47:00Z,4385.2,4386.61,4382.29,4382.59,492,18,0
2026-09-08T21:48:00Z,4382.56,4383.14,4368.2,4370.85,1132,18,0
2026-09-08T21:49:00Z,4370.73,4371.32,4362.47,4363.56,1250,18,0
2026-09-08T21:50:00Z,4363.8,4369.89,4363.8,4366.67,948,18,0
2026-09-08T21:51:00Z,4366.91,4370.23,4362.19,4362.19,838,18,0
2026-09-08T21:52:00Z,4361.52,4362.79,4358.25,4360.34,914,18,0
2026-09-08T21:53:00Z,4360.25,4372.15,4360.25,4372.15,769,18,0
2026-09-08T21:54:00Z,4372.25,4375.96,4372.19,4375.82,653,18,0
2026-09-08T21:55:00Z,4375.85,4378.02,4375.38,4377.26,665,18,0
2026-09-08T21:56:00Z,4377.19,4378.09,4373.28,4375.42,633,18,0
2026-09-08T21:57:00Z,4375.41,4375.48,4373.48,4374.26,600,18,0
2026-09-08T21:58:00Z,4374.2,4374.86,4372.75,4374.86,513,18,0
2026-09-08T21:59:00Z,4374.91,4376.57,4372.52,4375.66,732,18,0
2026-09-08T22:00:00Z,4375.61,4375.98,4371.65,4372.43,627,18,0
2026-09-08T22:01:00Z,4372.49,4373.41,4371.0,4372.26,508,30,0
2026-09-08T22:02:00Z,4372.31,4375.16,4371.79,4375.03,491,30,0
2026-09-08T22:03:00Z,4375.11,4376.11,4373.99,4375.19,411,30,0
2026-09-08T22:04:00Z,4375.15,4377.2,4373.85,4374.68,355,30,0
2026-09-08T22:05:00Z,4374.66,4375.4,4371.51,4371.98,448,30,0
2026-09-08T22:06:00Z,4371.99,4374.7,4371.7,4372.57,372,30,0
2026-09-08T22:07:00Z,4372.75,4372.99,4369.27,4371.58,435,30,0
2026-09-08T22:08:00Z,4371.67,4372.71,4370.76,4371.71,298,30,0
2026-09-08T22:09:00Z,4371.9,4373.07,4371.05,4371.4,347,30,0
2026-09-08T22:10:00Z,4371.45,4373.17,4370.78,4372.69,430,30,0
2026-09-08T22:11:00Z,4372.56,4374.17,4371.85,4373.89,505,30,0
2026-09-08T22:12:00Z,4373.92,4374.13,4372.58,4373.51,298,30,0
2026-09-08T22:13:00Z,4373.52,4374.13,4371.96,4372.01,407,30,0
2026-09-08T22:14:00Z,4372.0,4372.04,4370.31,4370.32,388,30,0
2026-09-08T22:15:00Z,4370.32,4373.05,4369.33,4369.33,428,30,0
2026-09-08T22:16:00Z,4369.17,4370.86,4368.63,4370.66,368,30,0
2026-09-08T22:17:00Z,4370.64,4370.91,4368.02,4368.54,335,30,0
2026-09-08T22:18:00Z,4368.55,4369.19,4367.9,4368.43,284,30,0
2026-09-08T22:19:00Z,4368.36,4368.65,4367.7,4367.73,272,30,0
2026-09-08T22:20:00Z,4367.62,4369.5,4367.12,4368.77,320,30,0
2026-09-08T22:21:00Z,4368.73,4370.44,4368.38,4368.7,358,30,0
2026-09-08T22:22:00Z,4368.64,4369.21,4367.37,4368.23,372,30,0
2026-09-08T22:23:00Z,4368.31,4369.16,4367.22,4369.14,294,30,0
2026-09-08T22:24:00Z,4369.09,4369.37,4366.33,4366.62,310,30,0
2026-09-08T22:25:00Z,4366.66,4368.47,4366.61,4368.04,284,30,0
2026-09-08T22:26:00Z,4367.96,4368.39,4366.22,4367.62,434,30,0
2026-09-08T22:27:00Z,4367.66,4369.51,4367.22,4369.37,291,30,0
2026-09-08T22:28:00Z,4369.38,4369.38,4367.8,4368.39,324,30,0
2026-09-08T22:29:00Z,4368.39,4370.21,4368.26,4368.66,363,30,0
2026-09-08T22:30:00Z,4368.61,4368.7,4365.74,4366.28,396,30,0
2026-09-08T22:31:00Z,4366.26,4366.29,4365.47,4365.48,424,30,0
2026-09-08T22:32:00Z,4365.51,4366.11,4363.99,4364.29,495,30,0
2026-09-08T22:33:00Z,4364.21,4364.33,4361.54,4361.54,477,30,0
2026-09-08T22:34:00Z,4361.4,4364.52,4361.4,4364.33,272,30,0
2026-09-08T22:35:00Z,4364.38,4366.67,4364.24,4366.16,273,30,0
2026-09-08T22:36:00Z,4366.12,4367.79,4366.05,4366.15,371,30,0
2026-09-08T22:37:00Z,4366.22,4367.92,4366.06,4367.26,258,30,0
2026-09-08T22:38:00Z,4367.35,4369.72,4367.05,4369.18,314,30,0
2026-09-08T22:39:00Z,4369.2,4369.39,4367.15,4367.22,294,30,0
2026-09-08T22:40:00Z,4367.32,4368.37,4366.4,4368.05,276,30,0
2026-09-08T22:41:00Z,4367.96,4367.96,4367.11,4367.67,325,30,0
2026-09-08T22:42:00Z,4367.5,4369.22,4366.18,4369.1,328,30,0
2026-09-08T22:43:00Z,4369.1,4369.39,4367.67,4367.86,294,30,0
2026-09-08T22:44:00Z,4367.84,4368.77,4367.57,4368.67,335,30,0
2026-09-08T22:45:00Z,4368.68,4368.79,4366.22,4366.84,478,30,0
2026-09-08T22:46:00Z,4366.84,4366.84,4365.06,4365.26,429,30,0
2026-09-08T22:47:00Z,4365.23,4366.54,4365.18,4366.3,418,30,0
2026-09-08T22:48:00Z,4366.3,4366.48,4364.78,4365.44,362,30,0
2026-09-08T22:49:00Z,4365.49,4366.02,4364.85,4365.9,333,30,0
2026-09-08T22:50:00Z,4365.96,4366.02,4361.33,4362.35,773,30,0
2026-09-08T22:51:00Z,4362.46,4364.32,4362.35,4363.31,453,30,0
2026-09-08T22:52:00Z,4363.3,4363.67,4361.18,4362.11,457,30,0
2026-09-08T22:53:00Z,4362.11,4363.09,4361.18,4361.45,466,30,0
2026-09-08T22:54:00Z,4361.55,4364.16,4361.05,4363.6,364,30,0
2026-09-08T22:55:00Z,4363.63,4364.3,4361.13,4361.34,427,30,0
2026-09-08T22:56:00Z,4361.31,4363.12,4360.16,4360.56,457,30,0
2026-09-08T22:57:00Z,4360.66,4363.11,4360.37,4362.39,391,30,0
2026-09-08T22:58:00Z,4362.41,4363.28,4358.17,4358.23,550,30,0
2026-09-08T22:59:00Z,4358.49,4359.89,4356.75,4359.38,643,30,0
2026-09-08T23:00:00Z,4359.37,4362.58,4358.36,4362.28,436,30,0
2026-09-08T23:01:00Z,4362.08,4364.34,4360.42,4360.48,290,30,0
2026-09-08T23:02:00Z,4360.47,4362.26,4360.19,4360.83,225,30,0
2026-09-08T23:03:00Z,4360.88,4361.47,4359.12,4359.14,196,30,0
2026-09-08T23:04:00Z,4359.1,4359.29,4357.46,4357.54,195,30,0
2026-09-08T23:05:00Z,4357.53,4358.08,4357.39,4357.79,166,30,0
2026-09-08T23:06:00Z,4357.82,4358.44,4356.25,4357.52,188,30,0
2026-09-08T23:07:00Z,4357.5,4358.75,4357.48,4357.84,222,30,0
2026-09-08T23:08:00Z,4357.93,4358.43,4356.27,4356.37,214,30,0
2026-09-08T23:09:00Z,4356.39,4358.16,4355.86,4357.93,221,30,0
2026-09-08T23:10:00Z,4357.93,4358.56,4356.84,4358.42,183,30,0
2026-09-08T23:11:00Z,4358.3,4359.52,4358.3,4359.5,129,30,0
2026-09-08T23:12:00Z,4359.58,4360.27,4358.68,4360.26,157,30,0
2026-09-08T23:13:00Z,4360.24,4361.43,4360.04,4361.02,159,30,0
2026-09-08T23:14:00Z,4361.03,4361.92,4359.88,4360.14,138,30,0
2026-09-08T23:15:00Z,4360.18,4360.57,4359.83,4359.94,151,30,0
2026-09-08T23:16:00Z,4359.84,4360.01,4359.13,4359.88,143,30,0
2026-09-08T23:17:00Z,4359.87,4360.77,4359.82,4360.36,134,30,0
2026-09-08T23:18:00Z,4360.39,4360.54,4359.73,4360.19,95,30,0
2026-09-08T23:19:00Z,4360.21,4361.0,4360.09,4361.0,80,30,0
2026-09-08T23:20:00Z,4361.08,4361.37,4360.52,4360.52,95,30,0
2026-09-08T23:21:00Z,4360.39,4360.5,4359.49,4359.92,72,30,0
2026-09-08T23:22:00Z,4359.91,4360.96,4359.91,4360.96,68,15,0
2026-09-08T23:23:00Z,4361.02,4361.02,4359.69,4359.96,71,15,0
2026-09-08T23:24:00Z,4359.97,4360.24,4358.95,4359.01,108,30,0
2026-09-08T23:25:00Z,4358.99,4359.6,4358.41,4358.43,137,30,0
2026-09-08T23:26:00Z,4358.48,4359.12,4357.48,4357.61,85,30,0
2026-09-08T23:27:00Z,4357.67,4358.81,4357.6,4358.59,107,30,0
2026-09-08T23:28:00Z,4358.62,4358.95,4355.99,4356.86,132,30,0
2026-09-08T23:29:00Z,4356.94,4356.96,4355.53,4356.7,188,30,0
2026-09-08T23:30:00Z,4356.83,4358.09,4356.83,4357.86,137,30,0
2026-09-08T23:31:00Z,4357.79,4357.79,4356.5,4356.59,110,30,0
2026-09-08T23:32:00Z,4356.6,4357.43,4356.44,4356.85,147,30,0
2026-09-08T23:33:00Z,4356.84,4358.04,4356.3,4357.53,97,30,0
2026-09-08T23:34:00Z,4357.49,4358.13,4357.46,4357.99,81,30,0
2026-09-08T23:35:00Z,4357.95,4358.63,4357.92,4358.61,91,30,0
2026-09-08T23:36:00Z,4358.64,4358.64,4357.63,4357.63,69,30,0
2026-09-08T23:37:00Z,4357.64,4358.41,4357.33,4357.57,122,30,0
2026-09-08T23:38:00Z,4357.56,4357.56,4357.12,4357.12,55,30,0
2026-09-08T23:39:00Z,4357.18,4357.61,4357.18,4357.45,46,30,0
2026-09-08T23:40:00Z,4357.49,4358.32,4357.34,4357.52,82,30,0
2026-09-08T23:41:00Z,4357.47,4357.59,4357.16,4357.46,59,30,0
2026-09-08T23:42:00Z,4357.47,4357.57,4357.09,4357.55,64,30,0
2026-09-08T23:43:00Z,4357.52,4358.2,4357.36,4358.2,64,30,0
2026-09-08T23:44:00Z,4358.2,4358.25,4357.21,4357.79,109,30,0
2026-09-08T23:45:00Z,4357.78,4357.98,4357.3,4357.38,96,30,0
2026-09-08T23:46:00Z,4357.35,4357.35,4355.73,4356.16,129,30,0
2026-09-08T23:47:00Z,4356.22,4356.88,4356.03,4356.13,141,30,0
2026-09-08T23:48:00Z,4356.12,4356.4,4355.61,4355.88,66,30,0
2026-09-08T23:49:00Z,4355.86,4355.95,4345.62,4347.71,145,30,0
2026-09-08T23:50:00Z,4347.89,4351.25,4347.89,4350.79,328,30,0
2026-09-08T23:51:00Z,4350.9,4352.9,4350.9,4351.99,160,30,0
2026-09-08T23:52:00Z,4351.95,4353.22,4351.65,4353.17,126,30,0
2026-09-08T23:53:00Z,4353.14,4355.47,4353.1,4355.17,103,30,0
2026-09-08T23:54:00Z,4354.92,4354.92,4352.87,4353.55,188,30,0
2026-09-08T23:55:00Z,4353.39,4354.92,4352.99,4354.39,169,30,0
2026-09-08T23:56:00Z,4354.43,4355.32,4353.73,4355.11,142,30,0
2026-09-08T23:57:00Z,4355.12,4355.47,4354.12,4355.45,169,30,0
2026-09-08T23:58:00Z,4355.35,4356.15,4355.1,4355.24,125,48,0
2026-09-09T01:00:00Z,4355.75,4356.1,4352.84,4354.63,525,18,0
2026-09-09T01:01:00Z,4354.62,4358.08,4354.62,4357.87,217,24,0
2026-09-09T01:02:00Z,4357.87,4359.02,4357.57,4357.86,149,24,0
2026-09-09T01:03:00Z,4357.86,4358.49,4357.23,4357.54,131,24,0
2026-09-09T01:04:00Z,4357.54,4357.77,4357.11,4357.44,74,24,0
2026-09-09T01:05:00Z,4357.44,4357.7,4356.67,4357.28,130,23,0
2026-09-09T01:06:00Z,4357.28,4357.8,4357.06,4357.36,115,23,0
2026-09-09T01:07:00Z,4357.36,4357.39,4355.22,4355.74,141,23,0
2026-09-09T01:08:00Z,4355.73,4355.73,4353.06,4353.11,194,24,0
2026-09-09T01:09:00Z,4353.11,4354.78,4353.11,4354.2,102,24,0
2026-09-09T01:10:00Z,4354.2,4355.22,4354.17,4354.32,138,24,0
2026-09-09T01:11:00Z,4354.32,4355.3,4353.67,4355.23,123,24,0
2026-09-09T01:12:00Z,4355.23,4356.35,4354.77,4356.34,141,24,0
2026-09-09T01:13:00Z,4356.33,4356.72,4356.33,4356.61,62,50,0
2026-09-09T01:14:00Z,4356.62,4357.07,4355.76,4355.95,88,50,0
2026-09-09T01:15:00Z,4356.07,4357.41,4355.5,4357.12,113,50,0
2026-09-09T01:16:00Z,4357.13,4357.5,4356.79,4356.87,76,50,0
2026-09-09T01:17:00Z,4356.85,4357.09,4355.79,4355.83,75,50,0
2026-09-09T01:18:00Z,4355.77,4355.79,4354.6,4355.51,94,50,0
2026-09-09T01:19:00Z,4355.44,4355.52,4355.2,4355.5,81,50,0
2026-09-09T01:20:00Z,4355.56,4355.56,4354.35,4354.36,56,50,0
2026-09-09T01:21:00Z,4354.39,4354.46,4353.7,4353.84,75,50,0
2026-09-09T01:22:00Z,4353.79,4353.79,4353.08,4353.15,68,50,0
2026-09-09T01:23:00Z,4353.16,4353.84,4353.1,4353.84,82,50,0
2026-09-09T01:24:00Z,4353.84,4353.96,4353.51,4353.89,77,50,0
2026-09-09T01:25:00Z,4353.91,4353.91,4353.15,4353.83,71,50,0
2026-09-09T01:26:00Z,4353.84,4354.13,4353.74,4354.02,49,50,0
2026-09-09T01:27:00Z,4354.03,4355.43,4354.03,4355.18,114,50,0
2026-09-09T01:28:00Z,4355.09,4355.18,4354.04,4354.52,118,50,0
2026-09-09T01:29:00Z,4354.34,4354.57,4354.09,4354.34,72,50,0
2026-09-09T01:30:00Z,4354.36,4354.98,4354.33,4354.86,105,50,0
2026-09-09T01:31:00Z,4354.84,4355.89,4354.26,4355.6,98,50,0
2026-09-09T01:32:00Z,4355.66,4355.69,4354.96,4355.19,66,50,0
2026-09-09T01:33:00Z,4355.05,4355.42,4354.21,4354.56,90,50,0
2026-09-09T01:34:00Z,4354.51,4355.02,4354.38,4354.59,86,50,0
2026-09-09T01:35:00Z,4354.62,4354.86,4354.19,4354.84,96,50,0
2026-09-09T01:36:00Z,4354.86,4354.99,4354.38,4354.65,89,50,0
2026-09-09T01:37:00Z,4354.7,4355.47,4354.32,4354.68,112,50,0
2026-09-09T01:38:00Z,4354.62,4354.62,4353.07,4353.15,107,50,0
2026-09-09T01:39:00Z,4353.13,4353.14,4352.25,4352.45,91,50,0
2026-09-09T01:40:00Z,4352.5,4353.75,4352.39,4353.45,104,50,0
2026-09-09T01:41:00Z,4353.43,4353.55,4351.47,4351.68,120,50,0
2026-09-09T01:42:00Z,4351.65,4352.4,4351.41,4352.22,98,50,0
2026-09-09T01:43:00Z,4352.21,4352.53,4352.04,4352.09,80,50,0
2026-09-09T01:44:00Z,4352.11,4352.11,4350.31,4351.71,146,50,0
2026-09-09T01:45:00Z,4351.77,4352.21,4351.0,4351.65,95,50,0
2026-09-09T01:46:00Z,4351.71,4352.35,4350.97,4351.16,110,50,0
2026-09-09T01:47:00Z,4351.21,4351.75,4351.08,4351.37,76,50,0
2026-09-09T01:48:00Z,4351.38,4351.52,4350.7,4351.21,83,50,0
2026-09-09T01:49:00Z,4351.46,4352.37,4351.46,4352.27,97,50,0
2026-09-09T01:50:00Z,4352.28,4353.1,4352.27,4352.98,75,50,0
2026-09-09T01:51:00Z,4353.0,4353.3,4352.97,4353.08,60,50,0
2026-09-09T01:52:00Z,4353.07,4353.31,4352.77,4353.27,41,50,0
2026-09-09T01:53:00Z,4353.29,4353.57,4352.96,4353.28,67,13,0
2026-09-09T01:54:00Z,4353.23,4353.37,4352.85,4353.2,62,50,0
2026-09-09T01:55:00Z,4353.25,4353.45,4352.91,4352.98,57,50,0
2026-09-09T01:56:00Z,4352.91,4353.38,4352.87,4353.18,62,50,0
2026-09-09T01:57:00Z,4353.22,4353.47,4352.85,4352.95,84,50,0
2026-09-09T01:58:00Z,4352.93,4353.2,4352.38,4353.18,70,50,0
2026-09-09T01:59:00Z,4353.22,4354.16,4353.19,4353.99,111,50,0
2026-09-09T02:00:00Z,4353.86,4353.95,4352.63,4353.77,124,50,0
2026-09-09T02:01:00Z,4353.75,4354.7,4353.64,4354.63,104,50,0
2026-09-09T02:02:00Z,4354.65,4354.83,4353.63,4353.83,58,50,0
2026-09-09T02:03:00Z,4353.76,4354.24,4352.98,4352.99,75,50,0
2026-09-09T02:04:00Z,4352.8,4353.17,4352.62,4352.98,100,50,0
2026-09-09T02:05:00Z,4352.9,4353.37,4352.75,4353.05,79,50,0
2026-09-09T02:06:00Z,4353.03,4354.2,4352.93,4353.46,102,50,0
2026-09-09T02:07:00Z,4353.26,4353.99,4352.83,4353.99,78,50,0
2026-09-09T02:08:00Z,4354.01,4354.01,4352.99,4353.6,98,50,0
2026-09-09T02:09:00Z,4353.63,4353.93,4353.21,4353.72,80,50,0
2026-09-09T02:10:00Z,4353.73,4354.33,4353.71,4353.98,61,50,0
2026-09-09T02:11:00Z,4353.94,4353.94,4352.26,4353.04,102,50,0
2026-09-09T02:12:00Z,4353.09,4353.15,4351.69,4352.34,96,50,0
2026-09-09T02:13:00Z,4352.23,4353.37,4351.7,4353.02,117,50,0
2026-09-09T02:14:00Z,4353.03,4353.03,4352.17,4352.25,79,50,0
2026-09-09T02:15:00Z,4352.22,4353.0,4351.72,4351.89,165,50,0
2026-09-09T02:16:00Z,4352.03,4352.55,4351.76,4352.54,120,50,0
2026-09-09T02:17:00Z,4352.45,4353.13,4352.45,4353.13,86,50,0
2026-09-09T02:18:00Z,4353.09,4353.53,4352.29,4352.48,102,50,0
2026-09-09T02:19:00Z,4352.53,4352.98,4352.49,4352.98,94,50,0
2026-09-09T02:20:00Z,4352.93,4353.28,4352.63,4353.21,82,50,0
2026-09-09T02:21:00Z,4353.22,4353.53,4352.85,4353.37,92,50,0
2026-09-09T02:22:00Z,4353.32,4354.26,4353.26,4353.86,124,50,0
2026-09-09T02:23:00Z,4353.87,4353.87,4353.08,4353.79,88,50,0
2026-09-09T02:24:00Z,4353.89,4354.28,4353.59,4353.88,98,50,0
2026-09-09T02:25:00Z,4353.75,4354.16,4353.49,4354.06,121,50,0
2026-09-09T02:26:00Z,4353.86,4355.81,4353.76,4355.81,161,50,0
2026-09-09T02:27:00Z,4355.79,4356.33,4355.79,4356.06,122,50,0
2026-09-09T02:28:00Z,4356.03,4357.16,4356.02,4357.16,138,50,0
2026-09-09T02:29:00Z,4357.15,4357.48,4356.72,4357.37,109,50,0
2026-09-09T02:30:00Z,4357.3,4357.87,4356.92,4357.81,113,50,0
2026-09-09T02:31:00Z,4357.81,4359.49,4357.21,4359.38,159,50,0
2026-09-09T02:32:00Z,4359.28,4359.77,4359.07,4359.66,103,50,0
2026-09-09T02:33:00Z,4359.69,4359.81,4359.23,4359.44,92,50,0
2026-09-09T02:34:00Z,4359.37,4359.47,4358.7,4358.84,67,50,0
2026-09-09T02:35:00Z,4358.81,4358.81,4357.91,4357.97,81,50,0
2026-09-09T02:36:00Z,4357.91,4358.05,4357.07,4357.18,68,50,0
2026-09-09T02:37:00Z,4357.12,4357.16,4356.76,4357.02,32,50,0
2026-09-09T02:38:00Z,4357.28,4357.36,4356.6,4356.69,87,13,0
2026-09-09T02:39:00Z,4356.66,4356.99,4356.59,4356.99,55,50,0
2026-09-09T02:40:00Z,4356.94,4357.95,4356.66,4357.92,73,50,0
2026-09-09T02:41:00Z,4357.88,4358.73,4357.81,4358.53,115,50,0
2026-09-09T02:42:00Z,4358.47,4358.87,4357.88,4358.53,84,50,0
2026-09-09T02:43:00Z,4358.45,4358.91,4358.03,4358.36,105,50,0
2026-09-09T02:44:00Z,4358.35,4358.9,4358.33,4358.45,91,50,0
2026-09-09T02:45:00Z,4358.4,4358.5,4357.31,4357.45,133,50,0
2026-09-09T02:46:00Z,4357.42,4357.42,4355.0,4355.43,215,50,0
2026-09-09T02:47:00Z,4355.49,4357.17,4355.49,4356.57,140,50,0
2026-09-09T02:48:00Z,4356.59,4356.97,4356.18,4356.77,161,50,0
2026-09-09T02:49:00Z,4356.54,4356.75,4352.94,4353.53,247,50,0
2026-09-09T02:50:00Z,4353.54,4353.72,4352.22,4352.33,191,50,0
2026-09-09T02:51:00Z,4352.39,4352.85,4351.79,4352.09,137,50,0
2026-09-09T02:52:00Z,4352.07,4352.82,4350.3,4351.77,173,50,0
2026-09-09T02:53:00Z,4351.76,4352.41,4350.18,4350.56,199,50,0
2026-09-09T02:54:00Z,4350.55,4351.01,4350.34,4350.34,138,50,0
2026-09-09T02:55:00Z,4350.24,4351.91,4349.98,4351.9,209,50,0
2026-09-09T02:56:00Z,4351.88,4352.6,4350.8,4351.21,154,50,0
2026-09-09T02:57:00Z,4351.16,4351.74,4350.17,4350.81,146,50,0
2026-09-09T02:58:00Z,4350.6,4350.76,4349.1,4349.32,200,50,0
2026-09-09T02:59:00Z,4349.27,4350.07,4349.27,4349.81,154,50,0
2026-09-09T03:00:00Z,4349.85,4349.96,4346.41,4346.97,543,22,0
2026-09-09T03:01:00Z,4346.97,4348.85,4346.97,4348.81,528,22,0
2026-09-09T03:02:00Z,4348.8,4350.89,4348.78,4349.84,425,22,0
2026-09-09T03:03:00Z,4349.81,4352.89,4349.68,4351.15,430,22,0
2026-09-09T03:04:00Z,4351.17,4352.35,4349.67,4350.04,313,22,0
2026-09-09T03:05:00Z,4349.97,4350.44,4347.61,4347.64,324,22,0
2026-09-09T03:06:00Z,4347.61,4347.68,4344.54,4345.28,421,22,0
2026-09-09T03:07:00Z,4345.23,4346.95,4345.13,4346.51,310,22,0
2026-09-09T03:08:00Z,4346.51,4349.29,4344.63,4348.46,345,22,0
2026-09-09T03:09:00Z,4348.54,4349.24,4347.78,4349.14,270,22,0
2026-09-09T03:10:00Z,4348.76,4351.05,4348.3,4349.96,392,22,0
2026-09-09T03:11:00Z,4349.93,4352.58,4346.97,4352.09,386,22,0
2026-09-09T03:12:00Z,4352.06,4352.53,4350.19,4351.47,392,22,0
2026-09-09T03:13:00Z,4351.56,4352.47,4351.43,4351.43,293,22,0
2026-09-09T03:14:00Z,4351.46,4352.06,4349.62,4349.64,307,22,0
2026-09-09T03:15:00Z,4349.6,4350.2,4349.16,4349.93,345,22,0
2026-09-09T03:16:00Z,4349.92,4350.05,4346.69,4346.77,434,22,0
2026-09-09T03:17:00Z,4346.76,4346.83,4344.58,4345.79,380,22,0
2026-09-09T03:18:00Z,4345.84,4347.75,4345.76,4347.3,367,22,0
2026-09-09T03:19:00Z,4347.34,4348.55,4346.69,4348.01,297,22,0
2026-09-09T03:20:00Z,4348.04,4348.62,4346.61,4346.86,338,22,0
2026-09-09T03:21:00Z,4346.87,4347.36,4345.24,4345.65,378,22,0
2026-09-09T03:22:00Z,4345.67,4345.67,4342.75,4343.42,312,22,0
2026-09-09T03:23:00Z,4343.5,4344.7,4343.48,4343.6,305,22,0
2026-09-09T03:24:00Z,4343.51,4344.43,4342.85,4343.05,340,22,0
2026-09-09T03:25:00Z,4343.0,4344.59,4341.24,4343.82,378,22,0
2026-09-09T03:26:00Z,4344.15,4344.78,4342.77,4342.96,303,22,0
2026-09-09T03:27:00Z,4342.94,4343.16,4341.8,4342.78,250,22,0
2026-09-09T03:28:00Z,4342.71,4346.85,4342.54,4346.8,338,22,0
2026-09-09T03:29:00Z,4346.81,4347.77,4346.39,4346.94,261,22,0
2026-09-09T03:30:00Z,4347.05,4347.79,4346.31,4346.4,342,22,0
2026-09-09T03:31:00Z,4346.37,4347.53,4345.95,4346.53,230,22,0
2026-09-09T03:32:00Z,4346.82,4347.96,4346.4,4346.49,329,22,0
2026-09-09T03:33:00Z,4346.49,4347.82,4345.7,4346.09,342,22,0
2026-09-09T03:34:00Z,4346.08,4346.97,4345.49,4346.47,371,22,0
2026-09-09T03:35:00Z,4346.41,4347.86,4345.46,4345.75,479,22,0
2026-09-09T03:36:00Z,4345.81,4345.84,4344.61,4344.77,245,22,0
2026-09-09T03:37:00Z,4344.83,4347.15,4344.06,4344.08,433,22,0
2026-09-09T03:38:00Z,4344.12,4346.93,4343.66,4346.71,565,22,0
2026-09-09T03:39:00Z,4346.75,4349.38,4346.34,4349.24,503,22,0
2026-09-09T03:40:00Z,4349.24,4350.23,4347.49,4348.18,357,22,0
2026-09-09T03:41:00Z,4348.14,4349.15,4347.77,4348.65,317,22,0
2026-09-09T03:42:00Z,4348.65,4349.19,4348.1,4348.91,296,22,0
2026-09-09T03:43:00Z,4348.93,4351.83,4348.81,4351.61,384,22,0
2026-09-09T03:44:00Z,4351.58,4354.93,4351.45,4354.83,325,22,0
2026-09-09T03:45:00Z,4354.82,4355.86,4354.49,4355.57,299,22,0
2026-09-09T03:46:00Z,4355.61,4355.81,4352.86,4353.3,351,22,0
2026-09-09T03:47:00Z,4353.31,4356.85,4353.29,4355.58,349,22,0
2026-09-09T03:48:00Z,4355.6,4355.71,4354.01,4354.88,267,22,0
2026-09-09T03:49:00Z,4354.87,4355.98,4354.8,4355.98,297,22,0
2026-09-09T03:50:00Z,4356.54,4357.45,4355.59,4355.65,340,22,0
2026-09-09T03:51:00Z,4355.67,4357.19,4354.94,4356.95,313,22,0
2026-09-09T03:52:00Z,4356.95,4358.89,4356.45,4358.61,358,22,0
2026-09-09T03:53:00Z,4358.58,4360.92,4358.58,4360.77,324,22,0
2026-09-09T03:54:00Z,4360.76,4360.89,4358.79,4359.65,352,22,0
2026-09-09T03:55:00Z,4359.69,4359.91,4358.85,4359.32,305,22,0
2026-09-09T03:56:00Z,4359.33,4359.94,4358.95,4359.47,253,22,0
2026-09-09T03:57:00Z,4359.46,4361.07,4358.98,4360.96,243,22,0
2026-09-09T03:58:00Z,4361.0,4361.96,4360.75,4361.9,180,22,0
2026-09-09T03:59:00Z,4361.96,4365.57,4361.96,4364.76,375,22,0
2026-09-09T04:00:00Z,4364.77,4364.8,4359.37,4359.87,827,22,0
2026-09-09T04:01:00Z,4359.89,4360.07,4354.06,4356.22,680,22,0
2026-09-09T04:02:00Z,4356.31,4358.1,4355.85,4356.94,662,22,0
2026-09-09T04:03:00Z,4356.9,4358.92,4354.57,4356.15,487,22,0
2026-09-09T04:04:00Z,4356.13,4357.96,4354.28,4357.87,445,22,0
2026-09-09T04:05:00Z,4357.93,4359.39,4357.5,4358.47,482,22,0
2026-09-09T04:06:00Z,4358.5,4364.11,4358.09,4362.77,525,22,0
2026-09-09T04:07:00Z,4362.76,4366.14,4361.2,4365.62,481,22,0
2026-09-09T04:08:00Z,4365.64,4367.14,4364.33,4364.62,390,22,0
2026-09-09T04:09:00Z,4364.57,4367.42,4363.97,4367.36,537,22,0
2026-09-09T04:10:00Z,4367.24,4367.94,4366.64,4367.08,420,22,0
2026-09-09T04:11:00Z,4367.03,4367.11,4365.44,4366.03,374,22,0
2026-09-09T04:12:00Z,4366.03,4368.06,4366.01,4367.21,375,22,0
2026-09-09T04:13:00Z,4367.11,4367.32,4366.24,4366.96,350,22,0
2026-09-09T04:14:00Z,4367.01,4368.54,4366.94,4368.23,357,22,0
2026-09-09T04:15:00Z,4368.1,4369.13,4366.14,4366.26,457,22,0
2026-09-09T04:16:00Z,4366.29,4367.88,4364.96,4364.97,381,22,0
2026-09-09T04:17:00Z,4364.99,4365.51,4362.69,4364.14,370,22,0
2026-09-09T04:18:00Z,4364.15,4366.55,4363.89,4366.3,304,22,0
2026-09-09T04:19:00Z,4366.32,4366.5,4365.09,4366.09,268,22,0
2026-09-09T04:20:00Z,4365.93,4366.62,4364.91,4365.85,225,22,0
2026-09-09T04:21:00Z,4365.84,4366.73,4365.17,4366.33,349,22,0
2026-09-09T04:22:00Z,4366.38,4367.54,4365.11,4365.9,454,22,0
2026-09-09T04:23:00Z,4365.89,4367.75,4365.86,4367.11,403,22,0
2026-09-09T04:24:00Z,4367.13,4369.5,4366.98,4369.47,483,22,0
2026-09-09T04:25:00Z,4369.5,4370.35,4368.49,4369.19,401,22,0
2026-09-09T04:26:00Z,4369.19,4369.26,4368.3,4368.6,261,22,0
2026-09-09T04:27:00Z,4368.72,4371.64,4368.04,4371.22,291,22,0
2026-09-09T04:28:00Z,4371.12,4372.07,4370.71,4371.02,272,22,0
2026-09-09T04:29:00Z,4371.06,4373.06,4371.01,4371.65,284,22,0
2026-09-09T04:30:00Z,4371.52,4373.09,4370.63,4372.93,328,22,0
2026-09-09T04:31:00Z,4373.34,4373.97,4372.23,4372.45,320,22,0
2026-09-09T04:32:00Z,4372.45,4373.75,4371.7,4373.72,231,22,0
2026-09-09T04:33:00Z,4373.67,4375.64,4373.63,4375.53,275,22,0
2026-09-09T04:34:00Z,4375.43,4376.83,4374.99,4376.64,273,22,0
2026-09-09T04:35:00Z,4376.61,4377.09,4375.96,4376.61,326,22,0
2026-09-09T04:36:00Z,4376.57,4377.75,4376.15,4376.36,291,22,0
2026-09-09T04:37:00Z,4376.33,4377.9,4376.03,4377.6,416,22,0
2026-09-09T04:38:00Z,4377.57,4377.59,4374.26,4374.62,362,22,0
2026-09-09T04:39:00Z,4374.58,4375.76,4374.52,4375.1,294,22,0
2026-09-09T04:40:00Z,4375.1,4376.44,4374.67,4376.06,234,22,0
2026-09-09T04:41:00Z,4376.06,4376.57,4375.43,4376.23,210,22,0
2026-09-09T04:42:00Z,4376.18,4376.96,4374.68,4376.91,271,22,0
2026-09-09T04:43:00Z,4376.92,4377.13,4375.98,4376.95,177,22,0
2026-09-09T04:44:00Z,4377.05,4378.04,4375.96,4376.48,271,22,0
2026-09-09T04:45:00Z,4376.5,4378.12,4376.11,4377.97,308,22,0
2026-09-09T04:46:00Z,4378.04,4378.13,4375.95,4376.43,331,22,0
2026-09-09T04:47:00Z,4376.38,4376.44,4374.56,4375.46,362,22,0
2026-09-09T04:48:00Z,4375.49,4375.56,4373.33,4373.97,302,22,0
2026-09-09T04:49:00Z,4374.04,4375.58,4373.59,4375.58,248,22,0
2026-09-09T04:50:00Z,4375.67,4375.92,4374.37,4374.71,244,22,0
2026-09-09T04:51:00Z,4374.77,4374.87,4372.66,4372.68,284,22,0
2026-09-09T04:52:00Z,4372.6,4372.78,4371.92,4371.94,285,22,0
2026-09-09T04:53:00Z,4371.93,4373.58,4371.73,4373.58,266,22,0
2026-09-09T04:54:00Z,4373.54,4373.86,4372.55,4373.7,275,22,0
2026-09-09T04:55:00Z,4373.7,4374.14,4373.06,4373.33,272,22,0
2026-09-09T04:56:00Z,4373.37,4375.9,4373.16,4375.84,243,22,0
2026-09-09T04:57:00Z,4375.86,4376.08,4372.79,4372.91,253,22,0
2026-09-09T04:58:00Z,4373.0,4373.51,4370.91,4370.98,266,22,0
2026-09-09T04:59:00Z,4370.92,4373.73,4370.77,4373.65,379,22,0
2026-09-09T05:00:00Z,4373.8,4373.84,4371.93,4372.01,394,22,0
2026-09-09T05:01:00Z,4371.92,4372.58,4370.98,4372.12,279,22,0
2026-09-09T05:02:00Z,4372.14,4372.46,4371.0,4371.27,332,22,0
2026-09-09T05:03:00Z,4371.37,4373.57,4371.37,4372.67,343,22,0
2026-09-09T05:04:00Z,4372.7,4373.72,4372.31,4373.2,325,22,0
2026-09-09T05:05:00Z,4373.08,4373.08,4370.83,4370.83,331,22,0
2026-09-09T05:06:00Z,4370.9,4373.5,4370.55,4373.12,397,22,0
2026-09-09T05:07:00Z,4373.1,4373.95,4372.44,4372.8,356,22,0
2026-09-09T05:08:00Z,4372.78,4372.89,4371.92,4372.89,319,22,0
2026-09-09T05:09:00Z,4372.88,4375.55,4372.88,4374.58,306,22,0
2026-09-09T05:10:00Z,4374.53,4375.41,4374.53,4375.0,307,22,0
2026-09-09T05:11:00Z,4374.98,4375.03,4373.72,4374.53,315,22,0
2026-09-09T05:12:00Z,4374.44,4375.29,4374.37,4374.97,374,22,0
2026-09-09T05:13:00Z,4374.9,4375.01,4372.58,4372.65,298,22,0
2026-09-09T05:14:00Z,4372.62,4373.79,4372.62,4373.41,356,22,0
2026-09-09T05:15:00Z,4373.38,4374.39,4373.38,4373.91,218,22,0
2026-09-09T05:16:00Z,4373.88,4374.28,4373.2,4374.06,243,22,0
2026-09-09T05:17:00Z,4374.01,4374.65,4373.91,4374.57,309,22,0
2026-09-09T05:18:00Z,4374.61,4376.9,4374.19,4375.46,226,22,0
2026-09-09T05:19:00Z,4375.21,4375.43,4374.04,4374.67,293,22,0
2026-09-09T05:20:00Z,4374.69,4375.12,4373.85,4374.1,185,22,0
2026-09-09T05:21:00Z,4374.13,4374.88,4373.94,4374.25,197,22,0
2026-09-09T05:22:00Z,4374.28,4374.5,4373.04,4373.32,227,22,0
2026-09-09T05:23:00Z,4373.29,4373.29,4372.31,4372.59,213,22,0
2026-09-09T05:24:00Z,4372.66,4372.88,4371.76,4371.82,137,22,0
2026-09-09T05:25:00Z,4371.79,4372.48,4371.58,4372.11,227,22,0
2026-09-09T05:26:00Z,4372.12,4373.01,4372.02,4372.67,244,22,0
2026-09-09T05:27:00Z,4372.77,4372.77,4371.83,4372.36,195,22,0
2026-09-09T05:28:00Z,4372.37,4372.63,4371.92,4372.58,131,22,0
2026-09-09T05:29:00Z,4372.57,4373.09,4372.54,4372.92,168,22,0
2026-09-09T05:30:00Z,4372.89,4373.82,4372.09,4373.41,292,22,0
2026-09-09T05:31:00Z,4373.44,4373.72,4371.43,4371.66,262,22,0
2026-09-09T05:32:00Z,4371.64,4372.31,4370.58,4370.79,282,22,0
2026-09-09T05:33:00Z,4370.89,4370.89,4369.49,4369.88,285,22,0
2026-09-09T05:34:00Z,4370.0,4370.0,4369.19,4369.31,252,22,0
2026-09-09T05:35:00Z,4369.27,4369.56,4367.62,4367.78,246,22,0
2026-09-09T05:36:00Z,4367.72,4368.45,4367.19,4368.37,246,22,0
2026-09-09T05:37:00Z,4368.4,4369.12,4367.73,4368.96,273,22,0
2026-09-09T05:38:00Z,4368.92,4370.86,4368.92,4370.74,314,22,0
2026-09-09T05:39:00Z,4370.7,4370.79,4367.75,4368.28,207,22,0
2026-09-09T05:40:00Z,4368.33,4369.29,4368.33,4368.57,213,22,0
2026-09-09T05:41:00Z,4368.55,4370.46,4368.55,4370.41,284,22,0
2026-09-09T05:42:00Z,4370.67,4370.89,4369.72,4370.03,225,22,0
2026-09-09T05:43:00Z,4370.02,4371.11,4369.71,4370.88,267,22,0
2026-09-09T05:44:00Z,4370.9,4374.42,4370.47,4374.19,431,22,0
2026-09-09T05:45:00Z,4374.16,4375.64,4372.97,4373.67,317,22,0
2026-09-09T05:46:00Z,4373.62,4377.82,4373.62,4377.82,300,22,0
2026-09-09T05:47:00Z,4377.8,4377.92,4376.16,4376.71,321,22,0
2026-09-09T05:48:00Z,4376.73,4377.71,4375.14,4377.67,332,22,0
2026-09-09T05:49:00Z,4377.67,4378.48,4376.97,4376.97,332,22,0
2026-09-09T05:50:00Z,4376.94,4378.0,4376.46,4376.69,258,22,0
2026-09-09T05:51:00Z,4376.87,4377.5,4376.18,4377.5,354,22,0
2026-09-09T05:52:00Z,4377.54,4382.86,4377.54,4382.58,498,22,0
2026-09-09T05:53:00Z,4382.63,4384.39,4381.53,4381.72,461,22,0
2026-09-09T05:54:00Z,4381.69,4382.02,4380.3,4380.36,490,22,0
2026-09-09T05:55:00Z,4380.31,4381.98,4379.71,4381.92,418,22,0
2026-09-09T05:56:00Z,4381.93,4382.69,4381.47,4382.69,233,22,0
2026-09-09T05:57:00Z,4382.66,4382.86,4380.5,4381.06,362,22,0
2026-09-09T05:58:00Z,4380.96,4382.26,4380.3,4382.03,297,22,0
2026-09-09T05:59:00Z,4382.04,4382.65,4381.58,4382.07,312,22,0
2026-09-09T06:00:00Z,4382.11,4382.68,4381.06,4381.43,394,22,0
2026-09-09T06:01:00Z,4381.58,4381.87,4380.12,4380.12,289,22,0
2026-09-09T06:02:00Z,4379.87,4379.87,4378.53,4379.79,413,22,0
2026-09-09T06:03:00Z,4379.73,4380.14,4379.09,4379.96,339,22,0
2026-09-09T06:04:00Z,4379.92,4380.36,4379.3,4379.56,275,22,0
2026-09-09T06:05:00Z,4379.6,4380.36,4379.33,4379.97,292,22,0
2026-09-09T06:06:00Z,4379.94,4382.17,4379.9,4381.58,453,22,0
2026-09-09T06:07:00Z,4381.48,4381.62,4379.27,4379.35,363,22,0
2026-09-09T06:08:00Z,4379.43,4379.89,4378.92,4378.92,285,22,0
2026-09-09T06:09:00Z,4378.98,4379.24,4378.12,4378.59,164,22,0
2026-09-09T06:10:00Z,4378.59,4379.7,4378.42,4379.1,212,22,0
2026-09-09T06:11:00Z,4379.07,4380.31,4378.71,4380.1,244,22,0
2026-09-09T06:12:00Z,4380.05,4380.58,4379.05,4379.06,256,22,0
2026-09-09T06:13:00Z,4379.07,4379.21,4378.37,4378.46,140,22,0
2026-09-09T06:14:00Z,4378.54,4379.41,4378.46,4379.01,176,22,0
2026-09-09T06:15:00Z,4379.05,4379.08,4377.53,4377.57,207,22,0
2026-09-09T06:16:00Z,4377.47,4378.07,4377.35,4377.44,256,22,0
2026-09-09T06:17:00Z,4377.41,4377.61,4375.61,4376.86,224,22,0
2026-09-09T06:18:00Z,4376.82,4377.08,4376.24,4376.27,126,22,0
2026-09-09T06:19:00Z,4376.31,4377.12,4376.22,4377.11,183,22,0
2026-09-09T06:20:00Z,4377.11,4378.26,4377.11,4378.18,139,22,0
2026-09-09T06:21:00Z,4378.11,4378.11,4376.92,4378.05,156,22,0
2026-09-09T06:22:00Z,4378.07,4378.57,4377.88,4378.02,158,22,0
2026-09-09T06:23:00Z,4378.01,4378.27,4377.55,4378.01,200,22,0
2026-09-09T06:24:00Z,4377.96,4379.33,4377.91,4378.8,165,22,0
2026-09-09T06:25:00Z,4378.82,4378.94,4376.93,4376.93,172,22,0
2026-09-09T06:26:00Z,4377.0,4377.08,4375.55,4376.23,272,22,0
2026-09-09T06:27:00Z,4376.28,4376.37,4375.5,4375.68,240,22,0
2026-09-09T06:28:00Z,4375.68,4376.77,4375.68,4376.35,159,22,0
2026-09-09T06:29:00Z,4376.38,4378.34,4376.27,4378.01,190,22,0
2026-09-09T06:30:00Z,4378.09,4378.15,4376.83,4377.09,181,22,0
2026-09-09T06:31:00Z,4377.04,4377.04,4375.4,4376.11,206,22,0
2026-09-09T06:32:00Z,4376.1,4376.66,4375.93,4376.66,171,22,0
2026-09-09T06:33:00Z,4376.66,4376.79,4375.31,4375.51,190,22,0
2026-09-09T06:34:00Z,4375.55,4376.66,4375.34,4376.42,145,22,0
2026-09-09T06:35:00Z,4376.41,4376.78,4376.03,4376.78,121,22,0
2026-09-09T06:36:00Z,4376.74,4377.19,4376.34,4377.18,118,22,0
2026-09-09T06:37:00Z,4377.16,4377.35,4376.78,4377.01,102,22,0
2026-09-09T06:38:00Z,4377.04,4377.54,4376.78,4376.94,155,22,0
2026-09-09T06:39:00Z,4376.96,4377.83,4376.9,4377.57,92,22,0
2026-09-09T06:40:00Z,4377.59,4378.44,4377.47,4378.37,180,22,0
2026-09-09T06:41:00Z,4378.38,4380.07,4378.38,4379.88,241,22,0
2026-09-09T06:42:00Z,4379.82,4379.82,4377.48,4378.66,237,22,0
2026-09-09T06:43:00Z,4378.67,4378.71,4378.2,4378.25,217,22,0
2026-09-09T06:44:00Z,4378.24,4379.08,4378.24,4378.61,216,22,0
2026-09-09T06:45:00Z,4378.59,4378.91,4377.85,4377.94,211,22,0
2026-09-09T06:46:00Z,4377.92,4378.23,4377.48,4377.75,275,22,0
2026-09-09T06:47:00Z,4377.72,4378.24,4377.69,4377.99,134,22,0
2026-09-09T06:48:00Z,4377.98,4378.12,4377.05,4377.65,202,22,0
2026-09-09T06:49:00Z,4377.61,4378.33,4377.54,4377.8,146,22,0
2026-09-09T06:50:00Z,4377.83,4379.13,4377.8,4378.27,205,22,0
2026-09-09T06:51:00Z,4378.21,4378.23,4376.96,4377.0,154,22,0
2026-09-09T06:52:00Z,4377.1,4377.12,4376.08,4376.74,242,22,0
2026-09-09T06:53:00Z,4376.8,4377.69,4376.51,4377.27,155,22,0
2026-09-09T06:54:00Z,4377.31,4378.34,4376.86,4377.35,208,22,0
2026-09-09T06:55:00Z,4377.37,4377.43,4376.9,4377.05,268,22,0
2026-09-09T06:56:00Z,4377.03,4377.07,4376.64,4376.8,164,22,0
2026-09-09T06:57:00Z,4376.79,4377.59,4376.37,4377.35,203,22,0
2026-09-09T06:58:00Z,4377.35,4377.35,4376.62,4376.78,181,22,0
2026-09-09T06:59:00Z,4376.71,4376.79,4375.06,4375.09,208,22,0
2026-09-09T07:00:00Z,4375.09,4375.13,4374.61,4374.72,147,22,0
2026-09-09T07:01:00Z,4374.89,4375.27,4374.58,4374.9,167,22,0
2026-09-09T07:02:00Z,4374.89,4376.06,4374.83,4375.09,191,22,0
2026-09-09T07:03:00Z,4375.12,4375.32,4374.49,4374.83,162,22,0
2026-09-09T07:04:00Z,4374.83,4375.02,4374.44,4374.55,184,22,0
2026-09-09T07:05:00Z,4374.57,4374.57,4373.49,4373.83,226,22,0
2026-09-09T07:06:00Z,4373.88,4373.94,4371.91,4371.97,216,22,0
2026-09-09T07:07:00Z,4372.0,4372.65,4371.73,4372.44,192,22,0
2026-09-09T07:08:00Z,4372.51,4372.75,4372.05,4372.43,99,22,0
2026-09-09T07:09:00Z,4372.49,4372.79,4371.98,4372.12,144,22,0
2026-09-09T07:10:00Z,4372.12,4372.25,4370.75,4370.75,206,22,0
2026-09-09T07:11:00Z,4370.85,4372.62,4370.53,4372.37,237,22,0
2026-09-09T07:12:00Z,4372.39,4373.13,4372.02,4373.09,123,22,0
2026-09-09T07:13:00Z,4373.1,4373.35,4372.65,4373.31,125,22,0
2026-09-09T07:14:00Z,4373.28,4373.65,4373.12,4373.31,138,22,0
2026-09-09T07:15:00Z,4373.35,4373.79,4372.74,4373.23,173,22,0
2026-09-09T07:16:00Z,4373.35,4374.33,4372.53,4372.53,167,22,0
2026-09-09T07:17:00Z,4372.52,4373.44,4372.43,4372.92,133,22,0
2026-09-09T07:18:00Z,4373.01,4373.24,4372.28,4372.56,117,22,0
2026-09-09T07:19:00Z,4372.54,4373.6,4372.45,4373.55,127,22,0
2026-09-09T07:20:00Z,4373.52,4374.31,4373.4,4373.4,166,22,0
2026-09-09T07:21:00Z,4373.39,4374.54,4372.86,4374.16,174,22,0
2026-09-09T07:22:00Z,4374.17,4375.29,4373.79,4374.9,220,22,0
2026-09-09T07:23:00Z,4374.89,4376.13,4374.84,4376.13,163,22,0
2026-09-09T07:24:00Z,4376.14,4377.26,4376.02,4377.14,243,22,0
2026-09-09T07:25:00Z,4377.08,4378.03,4376.86,4377.81,254,22,0
2026-09-09T07:26:00Z,4377.76,4377.76,4376.95,4377.47,168,22,0
2026-09-09T07:27:00Z,4377.48,4379.55,4377.41,4379.55,187,22,0
2026-09-09T07:28:00Z,4379.54,4380.58,4379.54,4380.04,244,22,0
2026-09-09T07:29:00Z,4380.02,4380.58,4379.38,4379.99,206,22,0
2026-09-09T07:30:00Z,4379.97,4380.0,4378.11,4378.73,214,22,0
2026-09-09T07:31:00Z,4378.74,4379.36,4378.49,4379.16,148,22,0
2026-09-09T07:32:00Z,4379.18,4379.95,4379.18,4379.81,166,22,0
2026-09-09T07:33:00Z,4379.86,4380.02,4379.25,4379.26,158,22,0
2026-09-09T07:34:00Z,4379.25,4379.34,4377.88,4378.72,163,22,0
2026-09-09T07:35:00Z,4378.68,4378.89,4378.44,4378.62,121,22,0
2026-09-09T07:36:00Z,4378.63,4379.59,4378.63,4379.53,140,22,0
2026-09-09T07:37:00Z,4379.59,4380.04,4379.44,4379.78,147,22,0
2026-09-09T07:38:00Z,4379.74,4379.77,4378.45,4378.7,124,22,0
2026-09-09T07:39:00Z,4378.75,4378.88,4377.78,4378.24,116,22,0
2026-09-09T07:40:00Z,4378.22,4378.24,4376.76,4377.47,215,22,0
2026-09-09T07:41:00Z,4377.51,4377.57,4376.34,4376.36,176,22,0
2026-09-09T07:42:00Z,4376.33,4377.76,4376.31,4377.37,119,22,0
2026-09-09T07:43:00Z,4377.36,4378.52,4377.33,4378.48,131,22,0
2026-09-09T07:44:00Z,4378.5,4378.57,4377.65,4377.95,135,22,0
2026-09-09T07:45:00Z,4377.96,4378.81,4377.96,4378.75,152,22,0
2026-09-09T07:46:00Z,4378.72,4378.85,4378.28,4378.85,113,22,0
2026-09-09T07:47:00Z,4378.89,4379.66,4378.89,4379.3,151,22,0
2026-09-09T07:48:00Z,4379.31,4380.0,4379.29,4379.73,110,22,0
2026-09-09T07:49:00Z,4379.74,4379.74,4378.6,4378.77,169,22,0
2026-09-09T07:50:00Z,4378.75,4379.61,4377.92,4377.97,261,22,0
2026-09-09T07:51:00Z,4378.0,4379.29,4377.49,4379.11,162,22,0
2026-09-09T07:52:00Z,4379.12,4379.3,4378.54,4379.26,168,22,0
2026-09-09T07:53:00Z,4379.24,4381.08,4379.22,4380.94,165,22,0
2026-09-09T07:54:00Z,4380.9,4381.37,4380.69,4380.98,147,22,0
2026-09-09T07:55:00Z,4380.94,4381.39,4380.44,4380.54,165,22,0
2026-09-09T07:56:00Z,4380.53,4381.93,4380.21,4381.9,185,22,0
2026-09-09T07:57:00Z,4381.95,4382.2,4380.57,4382.09,258,22,0
2026-09-09T07:58:00Z,4382.12,4382.51,4381.68,4382.11,163,22,0
2026-09-09T07:59:00Z,4382.08,4382.25,4381.14,4381.58,140,22,0
2026-09-09T08:00:00Z,4381.54,4382.12,4380.57,4380.92,295,22,0
2026-09-09T08:01:00Z,4380.95,4383.4,4380.95,4383.4,291,22,0
2026-09-09T08:02:00Z,4383.52,4384.07,4382.93,4382.95,288,22,0
2026-09-09T08:03:00Z,4382.87,4382.99,4381.37,4382.29,296,22,0
2026-09-09T08:04:00Z,4382.32,4383.24,4380.36,4381.53,233,22,0
2026-09-09T08:05:00Z,4381.42,4382.75,4381.31,4382.5,141,22,0
2026-09-09T08:06:00Z,4382.49,4384.2,4382.4,4383.33,211,22,0
2026-09-09T08:07:00Z,4383.4,4385.09,4382.99,4383.59,221,22,0
2026-09-09T08:08:00Z,4383.5,4384.89,4383.41,4384.3,201,22,0
2026-09-09T08:09:00Z,4384.28,4385.06,4383.98,4384.69,170,22,0
2026-09-09T08:10:00Z,4384.7,4386.31,4384.7,4385.93,230,22,0
2026-09-09T08:11:00Z,4385.91,4385.93,4385.13,4385.87,138,22,0
2026-09-09T08:12:00Z,4385.89,4387.04,4385.37,4386.68,191,22,0
2026-09-09T08:13:00Z,4386.64,4387.79,4386.55,4387.73,139,22,0
2026-09-09T08:14:00Z,4387.78,4387.78,4386.93,4387.64,143,22,0
2026-09-09T08:15:00Z,4387.65,4388.23,4386.82,4387.18,229,22,0
2026-09-09T08:16:00Z,4387.18,4387.7,4386.86,4387.44,139,22,0
2026-09-09T08:17:00Z,4387.47,4388.1,4386.9,4387.62,210,22,0
2026-09-09T08:18:00Z,4387.61,4388.6,4387.6,4388.6,124,22,0
2026-09-09T08:19:00Z,4388.53,4388.53,4387.39,4388.16,166,22,0
2026-09-09T08:20:00Z,4388.2,4388.38,4386.71,4386.93,182,22,0
2026-09-09T08:21:00Z,4386.87,4386.9,4383.99,4384.25,261,22,0
2026-09-09T08:22:00Z,4384.21,4384.34,4383.42,4384.13,206,22,0
2026-09-09T08:23:00Z,4384.13,4384.19,4383.26,4383.83,145,22,0
2026-09-09T08:24:00Z,4383.87,4386.59,4383.87,4386.59,163,22,0
2026-09-09T08:25:00Z,4386.59,4386.84,4386.33,4386.76,126,22,0
2026-09-09T08:26:00Z,4386.79,4387.91,4386.36,4387.43,192,22,0
2026-09-09T08:27:00Z,4387.41,4388.25,4387.04,4387.62,198,22,0
2026-09-09T08:28:00Z,4387.59,4388.34,4386.22,4386.72,188,22,0
2026-09-09T08:29:00Z,4386.69,4386.85,4385.1,4385.14,203,22,0
2026-09-09T08:30:00Z,4385.2,4388.95,4384.98,4385.06,502,22,0
2026-09-09T08:31:00Z,4385.05,4386.57,4384.57,4386.14,341,22,0
2026-09-09T08:32:00Z,4385.74,4387.99,4385.34,4386.23,356,22,0
2026-09-09T08:33:00Z,4386.26,4386.72,4384.28,4385.32,290,22,0
2026-09-09T08:34:00Z,4385.3,4387.84,4385.02,4387.47,342,22,0
2026-09-09T08:35:00Z,4387.4,4388.22,4386.19,4388.22,277,22,0
2026-09-09T08:36:00Z,4388.26,4390.12,4387.94,4390.12,246,22,0
2026-09-09T08:37:00Z,4389.99,4392.27,4389.86,4391.37,260,22,0
2026-09-09T08:38:00Z,4391.32,4391.51,4389.91,4391.27,292,22,0
2026-09-09T08:39:00Z,4391.24,4392.54,4391.23,4392.43,198,22,0
2026-09-09T08:40:00Z,4392.39,4392.95,4391.91,4392.19,186,22,0
2026-09-09T08:41:00Z,4392.2,4393.58,4392.08,4393.2,168,22,0
2026-09-09T08:42:00Z,4393.2,4393.68,4391.57,4393.53,248,22,0
2026-09-09T08:43:00Z,4393.62,4394.65,4393.37,4394.37,233,22,0
2026-09-09T08:44:00Z,4394.4,4395.54,4394.08,4395.49,193,22,0
2026-09-09T08:45:00Z,4395.46,4395.74,4394.98,4395.18,247,22,0
2026-09-09T08:46:00Z,4395.17,4395.23,4392.49,4392.96,272,22,0
2026-09-09T08:47:00Z,4392.96,4395.67,4392.92,4395.61,264,22,0
2026-09-09T08:48:00Z,4395.7,4397.25,4395.57,4396.5,225,22,0
2026-09-09T08:49:00Z,4396.32,4396.64,4395.74,4395.77,194,22,0
2026-09-09T08:50:00Z,4395.81,4397.35,4395.64,4397.26,187,22,0
2026-09-09T08:51:00Z,4397.29,4399.05,4396.81,4397.81,252,22,0
2026-09-09T08:52:00Z,4397.84,4399.52,4397.41,4399.18,229,22,0
2026-09-09T08:53:00Z,4399.25,4400.3,4397.96,4398.33,264,22,0
2026-09-09T08:54:00Z,4398.26,4400.2,4398.26,4399.69,188,22,0
2026-09-09T08:55:00Z,4399.76,4400.93,4399.52,4399.6,216,22,0
2026-09-09T08:56:00Z,4399.47,4400.73,4399.19,4400.16,240,22,0
2026-09-09T08:57:00Z,4399.9,4400.49,4398.67,4399.34,268,22,0
2026-09-09T08:58:00Z,4399.35,4400.11,4399.04,4399.27,261,22,0
2026-09-09T08:59:00Z,4399.28,4399.44,4398.62,4398.74,206,22,0
2026-09-09T09:00:00Z,4398.74,4400.31,4398.28,4398.28,359,18,0
2026-09-09T09:01:00Z,4398.33,4399.65,4398.33,4398.63,241,18,0
2026-09-09T09:02:00Z,4398.7,4399.3,4398.56,4398.98,264,18,0
2026-09-09T09:03:00Z,4399.02,4402.53,4398.54,4402.47,325,18,0
2026-09-09T09:04:00Z,4402.51,4404.27,4401.98,4403.02,299,18,0
2026-09-09T09:05:00Z,4403.06,4405.28,4403.01,4404.86,246,18,0
2026-09-09T09:06:00Z,4404.86,4404.86,4402.07,4402.88,255,18,0
2026-09-09T09:07:00Z,4403.07,4403.2,4400.14,4400.49,343,18,0
2026-09-09T09:08:00Z,4400.47,4401.51,4399.93,4400.51,305,18,0
2026-09-09T09:09:00Z,4400.48,4400.95,4400.22,4400.22,222,18,0
2026-09-09T09:10:00Z,4400.22,4400.62,4399.14,4399.5,337,18,0
2026-09-09T09:11:00Z,4399.47,4400.47,4398.88,4399.97,267,18,0
2026-09-09T09:12:00Z,4400.0,4400.5,4399.36,4400.11,256,18,0
2026-09-09T09:13:00Z,4400.2,4401.87,4400.2,4401.13,247,18,0
2026-09-09T09:14:00Z,4401.03,4402.05,4400.98,4401.3,263,18,0
2026-09-09T09:15:00Z,4401.34,4402.73,4401.19,4402.63,325,18,0
2026-09-09T09:16:00Z,4402.69,4403.24,4400.42,4401.09,280,18,0
2026-09-09T09:17:00Z,4401.08,4401.32,4399.75,4400.0,290,18,0
2026-09-09T09:18:00Z,4400.01,4400.87,4399.64,4400.48,210,18,0
2026-09-09T09:19:00Z,4400.44,4401.76,4399.98,4400.02,258,18,0
2026-09-09T09:20:00Z,4400.01,4400.26,4399.11,4399.92,249,18,0
2026-09-09T09:21:00Z,4399.97,4399.97,4397.62,4397.67,283,18,0
2026-09-09T09:22:00Z,4397.75,4399.04,4397.18,4398.5,274,18,0
2026-09-09T09:23:00Z,4398.42,4400.55,4398.25,4400.33,282,18,0
2026-09-09T09:24:00Z,4400.43,4400.54,4398.87,4398.9,287,18,0
2026-09-09T09:25:00Z,4398.9,4399.45,4397.23,4398.88,261,18,0
2026-09-09T09:26:00Z,4398.9,4399.01,4396.92,4397.01,231,18,0
2026-09-09T09:27:00Z,4397.09,4397.54,4396.71,4397.07,226,18,0
2026-09-09T09:28:00Z,4397.1,4397.1,4395.29,4395.29,221,18,0
2026-09-09T09:29:00Z,4395.26,4398.95,4395.19,4398.17,275,18,0
2026-09-09T09:30:00Z,4398.33,4399.55,4397.1,4398.2,365,18,0
2026-09-09T09:31:00Z,4398.21,4399.66,4398.21,4399.66,265,18,0
2026-09-09T09:32:00Z,4399.83,4401.19,4399.61,4399.99,255,18,0
2026-09-09T09:33:00Z,4400.1,4401.93,4399.73,4401.89,210,18,0
2026-09-09T09:34:00Z,4401.83,4403.4,4401.63,4402.95,306,18,0
2026-09-09T09:35:00Z,4402.92,4403.43,4402.01,4402.52,250,18,0
2026-09-09T09:36:00Z,4402.63,4403.89,4402.42,4402.43,234,18,0
2026-09-09T09:37:00Z,4402.41,4405.51,4402.41,4404.89,290,18,0
2026-09-09T09:38:00Z,4404.88,4406.04,4404.67,4405.82,244,18,0
2026-09-09T09:39:00Z,4405.76,4405.83,4404.41,4404.92,243,18,0
2026-09-09T09:40:00Z,4404.91,4405.06,4402.39,4402.41,233,18,0
2026-09-09T09:41:00Z,4402.28,4403.13,4402.08,4402.36,131,18,0
2026-09-09T09:42:00Z,4402.34,4402.55,4400.57,4400.78,202,18,0
2026-09-09T09:43:00Z,4400.73,4400.77,4399.76,4400.1,156,18,0
2026-09-09T09:44:00Z,4400.15,4400.63,4399.75,4400.38,186,18,0
2026-09-09T09:45:00Z,4400.33,4400.5,4399.12,4399.61,188,18,0
2026-09-09T09:46:00Z,4399.65,4399.92,4398.79,4399.04,147,18,0
2026-09-09T09:47:00Z,4399.13,4399.63,4398.8,4398.89,193,18,0
2026-09-09T09:48:00Z,4398.82,4399.71,4398.8,4398.83,197,18,0
2026-09-09T09:49:00Z,4398.8,4401.25,4398.8,4401.18,246,18,0
2026-09-09T09:50:00Z,4401.14,4401.6,4400.06,4400.26,197,18,0
2026-09-09T09:51:00Z,4400.24,4401.02,4399.99,4400.91,209,18,0
2026-09-09T09:52:00Z,4400.85,4401.24,4399.9,4400.28,190,18,0
2026-09-09T09:53:00Z,4400.21,4400.64,4399.65,4400.01,171,18,0
2026-09-09T09:54:00Z,4400.0,4400.96,4399.94,4400.61,188,18,0
2026-09-09T09:55:00Z,4400.62,4401.47,4399.84,4401.15,217,18,0
2026-09-09T09:56:00Z,4401.13,4401.38,4400.44,4400.46,167,18,0
2026-09-09T09:57:00Z,4400.36,4400.75,4399.78,4399.86,137,18,0
2026-09-09T09:58:00Z,4399.81,4400.15,4399.81,4399.98,119,18,0
2026-09-09T09:59:00Z,4399.93,4400.98,4399.55,4400.5,229,18,0
2026-09-09T10:00:00Z,4400.55,4401.56,4399.83,4400.64,340,18,0
2026-09-09T10:01:00Z,4400.58,4400.74,4399.26,4400.48,214,18,0
2026-09-09T10:02:00Z,4400.47,4401.75,4399.98,4401.53,270,18,0
2026-09-09T10:03:00Z,4401.37,4401.69,4400.99,4401.51,250,18,0
2026-09-09T10:04:00Z,4401.39,4402.47,4401.16,4401.48,232,18,0
2026-09-09T10:05:00Z,4401.48,4403.83,4401.23,4403.54,245,18,0
2026-09-09T10:06:00Z,4403.38,4403.46,4402.48,4403.1,220,18,0
2026-09-09T10:07:00Z,4403.07,4404.37,4402.69,4404.25,186,18,0
2026-09-09T10:08:00Z,4404.15,4404.39,4402.95,4403.26,209,18,0
2026-09-09T10:09:00Z,4403.26,4403.84,4403.18,4403.77,165,18,0
2026-09-09T10:10:00Z,4403.77,4404.44,4403.6,4404.08,178,18,0
2026-09-09T10:11:00Z,4404.13,4404.23,4403.18,4403.51,172,18,0
2026-09-09T10:12:00Z,4403.44,4405.94,4403.44,4405.88,193,18,0
2026-09-09T10:13:00Z,4405.88,4406.52,4404.43,4406.19,222,18,0
2026-09-09T10:14:00Z,4406.19,4407.78,4405.9,4406.54,239,18,0
2026-09-09T10:15:00Z,4406.52,4406.83,4405.15,4406.33,286,18,0
2026-09-09T10:16:00Z,4406.25,4406.41,4404.9,4405.19,231,18,0
2026-09-09T10:17:00Z,4405.17,4405.56,4404.26,4404.56,284,18,0
2026-09-09T10:18:00Z,4404.56,4405.5,4403.99,4404.21,283,18,0
2026-09-09T10:19:00Z,4404.2,4404.65,4402.99,4403.73,381,18,0
2026-09-09T10:20:00Z,4403.73,4405.58,4403.6,4405.33,367,18,0
2026-09-09T10:21:00Z,4405.26,4406.46,4405.12,4406.37,220,18,0
2026-09-09T10:22:00Z,4406.38,4407.53,4405.84,4407.09,231,18,0
2026-09-09T10:23:00Z,4407.07,4407.72,4405.37,4405.83,281,18,0
2026-09-09T10:24:00Z,4405.83,4406.23,4405.24,4405.37,223,18,0
2026-09-09T10:25:00Z,4405.38,4406.06,4404.97,4406.06,158,18,0
2026-09-09T10:26:00Z,4405.92,4406.31,4405.53,4406.12,240,18,0
2026-09-09T10:27:00Z,4406.22,4407.86,4406.2,4407.37,216,18,0
2026-09-09T10:28:00Z,4407.37,4407.55,4406.7,4407.22,187,18,0
2026-09-09T10:29:00Z,4407.23,4408.79,4407.04,4407.71,208,18,0
2026-09-09T10:30:00Z,4407.66,4408.74,4407.44,4408.0,252,18,0
2026-09-09T10:31:00Z,4408.02,4408.47,4406.75,4406.88,222,18,0
2026-09-09T10:32:00Z,4407.02,4407.69,4406.55,4407.27,159,18,0
2026-09-09T10:33:00Z,4407.31,4407.31,4406.41,4406.7,164,18,0
2026-09-09T10:34:00Z,4406.71,4407.61,4406.69,4407.38,182,18,0
2026-09-09T10:35:00Z,4407.38,4407.99,4406.94,4407.87,198,18,0
2026-09-09T10:36:00Z,4407.87,4409.66,4407.81,4409.66,261,18,0
2026-09-09T10:37:00Z,4409.55,4409.98,4408.58,4408.58,217,18,0
2026-09-09T10:38:00Z,4408.63,4409.11,4408.1,4408.21,185,18,0
2026-09-09T10:39:00Z,4408.24,4410.24,4408.22,4410.14,148,18,0
2026-09-09T10:40:00Z,4410.12,4410.13,4408.38,4408.86,184,18,0
2026-09-09T10:41:00Z,4408.79,4409.54,4408.37,4409.5,175,18,0
2026-09-09T10:42:00Z,4409.56,4410.49,4408.61,4408.61,195,18,0
2026-09-09T10:43:00Z,4408.56,4409.66,4408.56,4409.35,153,18,0
2026-09-09T10:44:00Z,4409.2,4410.28,4409.16,4410.2,184,18,0
2026-09-09T10:45:00Z,4410.2,4410.98,4409.42,4410.98,229,18,0
2026-09-09T10:46:00Z,4410.97,4412.79,4410.97,4411.35,297,18,0
2026-09-09T10:47:00Z,4411.39,4411.74,4410.8,4411.36,223,18,0
2026-09-09T10:48:00Z,4411.32,4412.21,4411.32,4411.81,204,18,0
2026-09-09T10:49:00Z,4411.82,4412.18,4411.06,4411.69,238,18,0
2026-09-09T10:50:00Z,4411.47,4411.49,4409.47,4409.59,201,18,0
2026-09-09T10:51:00Z,4409.6,4410.13,4409.3,4409.51,203,18,0
2026-09-09T10:52:00Z,4409.33,4411.57,4409.02,4411.43,269,18,0
2026-09-09T10:53:00Z,4411.46,4411.51,4409.46,4409.49,248,18,0
2026-09-09T10:54:00Z,4409.71,4410.15,4408.4,4408.93,248,18,0
2026-09-09T10:55:00Z,4408.98,4410.09,4408.86,4409.23,183,18,0
2026-09-09T10:56:00Z,4409.16,4409.95,4408.84,4409.83,189,18,0
2026-09-09T10:57:00Z,4409.79,4410.18,4409.27,4409.3,248,18,0
2026-09-09T10:58:00Z,4409.34,4409.39,4408.55,4408.67,227,18,0
2026-09-09T10:59:00Z,4408.64,4409.52,4408.6,4409.13,167,18,0
2026-09-09T11:00:00Z,4409.21,4409.25,4407.87,4408.43,320,18,0
2026-09-09T11:01:00Z,4408.44,4409.72,4408.04,4409.09,315,18,0
2026-09-09T11:02:00Z,4409.05,4409.21,4407.88,4408.21,274,18,0
2026-09-09T11:03:00Z,4408.2,4408.2,4406.97,4407.68,250,18,0
2026-09-09T11:04:00Z,4407.69,4408.73,4407.02,4408.43,313,18,0
2026-09-09T11:05:00Z,4408.44,4411.12,4408.15,4410.61,317,18,0
2026-09-09T11:06:00Z,4410.73,4411.99,4410.42,4410.77,222,18,0
2026-09-09T11:07:00Z,4410.77,4411.45,4409.22,4410.29,288,18,0
2026-09-09T11:08:00Z,4410.35,4410.9,4409.72,4409.72,224,18,0
2026-09-09T11:09:00Z,4409.31,4409.36,4407.03,4407.08,219,18,0
2026-09-09T11:10:00Z,4407.2,4407.33,4404.91,4405.35,316,18,0
2026-09-09T11:11:00Z,4405.38,4406.44,4404.62,4406.32,259,18,0
2026-09-09T11:12:00Z,4406.29,4406.51,4405.05,4406.06,246,18,0
2026-09-09T11:13:00Z,4406.04,4406.32,4404.31,4404.4,207,18,0
2026-09-09T11:14:00Z,4404.41,4404.6,4403.7,4403.8,222,18,0
2026-09-09T11:15:00Z,4403.84,4404.8,4403.84,4404.32,225,18,0
2026-09-09T11:16:00Z,4404.23,4404.33,4403.01,4403.43,287,18,0
2026-09-09T11:17:00Z,4403.48,4404.15,4402.55,4402.58,263,18,0
2026-09-09T11:18:00Z,4402.59,4403.67,4402.12,4403.33,201,18,0
2026-09-09T11:19:00Z,4403.33,4404.1,4403.29,4403.8,161,18,0
2026-09-09T11:20:00Z,4403.69,4403.81,4402.97,4403.18,172,18,0
2026-09-09T11:21:00Z,4403.29,4403.29,4402.38,4402.4,201,18,0
2026-09-09T11:22:00Z,4402.41,4403.49,4402.31,4402.67,201,18,0
2026-09-09T11:23:00Z,4402.68,4402.69,4401.2,4401.27,251,18,0
2026-09-09T11:24:00Z,4401.3,4401.58,4400.88,4401.19,216,18,0
2026-09-09T11:25:00Z,4401.33,4402.02,4400.73,4401.87,290,18,0
2026-09-09T11:26:00Z,4401.86,4402.26,4401.5,4401.57,189,18,0
2026-09-09T11:27:00Z,4401.5,4402.23,4400.5,4400.57,217,18,0
2026-09-09T11:28:00Z,4400.6,4400.83,4399.55,4399.92,325,18,0
2026-09-09T11:29:00Z,4399.85,4401.1,4399.58,4399.73,273,18,0
2026-09-09T11:30:00Z,4399.75,4400.95,4399.61,4400.36,255,18,0
2026-09-09T11:31:00Z,4400.36,4401.41,4400.36,4401.25,191,18,0
2026-09-09T11:32:00Z,4401.24,4402.41,4401.11,4402.27,230,18,0
2026-09-09T11:33:00Z,4402.19,4402.89,4402.12,4402.85,142,18,0
2026-09-09T11:34:00Z,4402.78,4403.53,4401.88,4401.94,202,18,0
2026-09-09T11:35:00Z,4401.91,4402.36,4401.72,4402.26,150,18,0
2026-09-09T11:36:00Z,4402.25,4402.46,4401.86,4402.04,151,18,0
2026-09-09T11:37:00Z,4402.02,4402.21,4400.73,4402.13,194,18,0
2026-09-09T11:38:00Z,4402.15,4402.21,4400.55,4400.73,177,18,0
2026-09-09T11:39:00Z,4400.72,4400.92,4399.41,4399.54,205,18,0
2026-09-09T11:40:00Z,4399.59,4400.94,4399.01,4400.94,209,18,0
2026-09-09T11:41:00Z,4401.04,4401.66,4400.75,4401.4,188,18,0
2026-09-09T11:42:00Z,4401.39,4401.87,4400.32,4400.63,171,18,0
2026-09-09T11:43:00Z,4400.55,4401.73,4399.87,4400.18,287,18,0
2026-09-09T11:44:00Z,4400.1,4400.55,4399.87,4399.94,160,18,0
2026-09-09T11:45:00Z,4399.97,4400.42,4399.02,4400.16,267,18,0
2026-09-09T11:46:00Z,4400.14,4400.82,4399.57,4400.46,202,18,0
2026-09-09T11:47:00Z,4400.46,4401.91,4400.41,4401.67,224,18,0
2026-09-09T11:48:00Z,4401.67,4402.07,4401.2,4402.06,195,18,0
2026-09-09T11:49:00Z,4401.98,4402.0,4400.1,4400.3,231,18,0
2026-09-09T11:50:00Z,4400.32,4400.41,4399.66,4400.19,256,18,0
2026-09-09T11:51:00Z,4400.29,4400.85,4399.79,4400.54,205,18,0
2026-09-09T11:52:00Z,4400.74,4401.59,4400.32,4401.38,160,18,0
2026-09-09T11:53:00Z,4401.44,4401.75,4400.99,4401.52,125,18,0
2026-09-09T11:54:00Z,4401.49,4402.02,4401.28,4401.94,149,18,0
2026-09-09T11:55:00Z,4401.9,4402.73,4401.84,4402.17,149,18,0
2026-09-09T11:56:00Z,4402.13,4403.24,4402.13,4402.72,141,18,0
2026-09-09T11:57:00Z,4402.63,4402.75,4401.0,4401.0,102,18,0
2026-09-09T11:58:00Z,4401.0,4401.56,4400.77,4401.11,110,18,0
2026-09-09T11:59:00Z,4401.13,4401.13,4400.35,4400.61,121,18,0
2026-09-09T12:00:00Z,4400.68,4401.99,4400.53,4401.18,155,18,0
2026-09-09T12:01:00Z,4401.21,4401.54,4400.1,4400.48,194,18,0
2026-09-09T12:02:00Z,4400.42,4401.25,4400.13,4401.02,163,18,0
2026-09-09T12:03:00Z,4400.75,4402.02,4400.65,4401.95,211,18,0
2026-09-09T12:04:00Z,4402.26,4402.26,4400.7,4400.96,179,18,0
2026-09-09T12:05:00Z,4401.1,4401.54,4399.58,4400.06,274,18,0
2026-09-09T12:06:00Z,4400.03,4400.66,4399.42,4400.62,217,18,0
2026-09-09T12:07:00Z,4400.71,4402.27,4400.5,4401.44,189,18,0
2026-09-09T12:08:00Z,4401.46,4401.83,4400.53,4400.72,175,18,0
2026-09-09T12:09:00Z,4400.75,4401.84,4400.23,4401.79,132,18,0
2026-09-09T12:10:00Z,4401.84,4401.84,4399.27,4399.78,143,18,0
2026-09-09T12:11:00Z,4399.8,4399.88,4398.56,4398.84,166,18,0
2026-09-09T12:12:00Z,4398.78,4399.3,4398.55,4398.79,259,18,0
2026-09-09T12:13:00Z,4398.88,4398.9,4398.01,4398.14,191,18,0
2026-09-09T12:14:00Z,4398.19,4398.58,4397.91,4398.5,152,18,0
2026-09-09T12:15:00Z,4398.36,4398.66,4397.5,4397.74,195,18,0
2026-09-09T12:16:00Z,4397.74,4398.5,4397.61,4397.74,154,18,0
2026-09-09T12:17:00Z,4397.74,4398.3,4397.51,4397.91,205,18,0
2026-09-09T12:18:00Z,4397.9,4398.79,4397.71,4398.6,165,18,0
2026-09-09T12:19:00Z,4398.56,4399.93,4398.56,4399.81,225,18,0
2026-09-09T12:20:00Z,4399.83,4399.9,4398.87,4398.92,164,18,0
2026-09-09T12:21:00Z,4398.96,4400.09,4398.91,4399.5,163,18,0
2026-09-09T12:22:00Z,4399.46,4400.16,4398.92,4399.12,182,18,0
2026-09-09T12:23:00Z,4398.91,4399.19,4398.15,4398.37,179,18,0
2026-09-09T12:24:00Z,4398.51,4398.65,4397.21,4397.66,221,18,0
2026-09-09T12:25:00Z,4397.65,4398.34,4397.34,4398.26,138,18,0
2026-09-09T12:26:00Z,4398.28,4398.42,4397.63,4398.27,142,18,0
2026-09-09T12:27:00Z,4398.35,4399.09,4397.96,4398.27,181,18,0
2026-09-09T12:28:00Z,4398.17,4398.64,4396.98,4397.23,198,18,0
2026-09-09T12:29:00Z,4397.26,4398.49,4397.14,4398.33,219,18,0
2026-09-09T12:30:00Z,4398.39,4398.7,4396.06,4397.89,293,18,0
2026-09-09T12:31:00Z,4398.04,4398.49,4395.65,4396.59,354,18,0
2026-09-09T12:32:00Z,4396.52,4397.98,4396.39,4397.56,293,18,0
2026-09-09T12:33:00Z,4397.54,4398.05,4397.32,4397.82,128,18,0
2026-09-09T12:34:00Z,4397.86,4398.28,4397.5,4397.91,133,18,0
2026-09-09T12:35:00Z,4397.92,4398.14,4397.17,4397.66,155,18,0
2026-09-09T12:36:00Z,4397.71,4398.51,4397.44,4397.89,164,18,0
2026-09-09T12:37:00Z,4397.78,4398.5,4397.22,4397.74,183,18,0
2026-09-09T12:38:00Z,4397.75,4398.36,4397.75,4398.3,150,18,0
2026-09-09T12:39:00Z,4398.3,4398.3,4397.28,4397.9,216,18,0
2026-09-09T12:40:00Z,4398.05,4398.51,4396.82,4397.36,175,18,0
2026-09-09T12:41:00Z,4397.41,4397.83,4396.19,4396.31,220,18,0
2026-09-09T12:42:00Z,4396.34,4396.48,4395.37,4395.66,191,18,0
2026-09-09T12:43:00Z,4395.59,4396.73,4395.59,4396.3,185,18,0
2026-09-09T12:44:00Z,4396.2,4396.32,4395.34,4396.23,136,18,0
2026-09-09T12:45:00Z,4396.17,4396.17,4394.17,4394.47,192,18,0
2026-09-09T12:46:00Z,4394.72,4394.99,4394.02,4394.29,216,18,0
2026-09-09T12:47:00Z,4394.33,4395.98,4394.07,4394.97,198,18,0
2026-09-09T12:48:00Z,4395.02,4395.16,4394.09,4394.69,187,18,0
2026-09-09T12:49:00Z,4394.62,4395.3,4394.38,4394.96,196,18,0
2026-09-09T12:50:00Z,4394.95,4394.96,4392.83,4393.0,217,18,0
2026-09-09T12:51:00Z,4392.95,4393.1,4392.32,4392.77,188,18,0
2026-09-09T12:52:00Z,4392.82,4393.5,4392.17,4393.49,194,18,0
2026-09-09T12:53:00Z,4393.49,4393.98,4392.73,4392.91,192,18,0
2026-09-09T12:54:00Z,4392.9,4392.99,4391.0,4391.05,277,18,0
2026-09-09T12:55:00Z,4391.0,4391.12,4389.62,4389.62,241,18,0
2026-09-09T12:56:00Z,4389.62,4390.24,4389.13,4389.81,296,18,0
2026-09-09T12:57:00Z,4389.81,4390.55,4388.89,4388.9,366,18,0
2026-09-09T12:58:00Z,4388.91,4389.85,4388.64,4389.31,276,18,0
2026-09-09T12:59:00Z,4389.36,4391.1,4389.05,4390.74,249,18,0
2026-09-09T13:00:00Z,4390.69,4391.5,4390.38,4391.22,273,18,0
2026-09-09T13:01:00Z,4391.17,4391.22,4386.44,4386.55,404,18,0
2026-09-09T13:02:00Z,4386.55,4389.63,4386.2,4388.81,351,18,0
2026-09-09T13:03:00Z,4388.81,4390.91,4388.77,4390.85,257,18,0
2026-09-09T13:04:00Z,4390.87,4391.49,4389.55,4390.18,311,18,0
2026-09-09T13:05:00Z,4390.15,4392.09,4390.1,4391.58,289,18,0
2026-09-09T13:06:00Z,4391.58,4392.23,4391.24,4392.23,306,18,0
2026-09-09T13:07:00Z,4392.25,4393.3,4392.1,4392.8,235,18,0
2026-09-09T13:08:00Z,4392.7,4393.11,4392.22,4392.83,247,18,0
2026-09-09T13:09:00Z,4392.83,4392.84,4391.98,4392.51,209,18,0
2026-09-09T13:10:00Z,4392.51,4392.81,4391.54,4392.67,266,18,0
2026-09-09T13:11:00Z,4392.68,4392.98,4391.75,4392.43,174,18,0
2026-09-09T13:12:00Z,4392.45,4393.4,4392.05,4392.55,212,18,0
2026-09-09T13:13:00Z,4392.65,4392.78,4390.71,4391.18,242,18,0
2026-09-09T13:14:00Z,4391.18,4391.54,4389.9,4391.14,331,18,0
2026-09-09T13:15:00Z,4391.1,4391.66,4390.2,4390.23,317,18,0
2026-09-09T13:16:00Z,4390.24,4390.77,4389.27,4390.38,384,18,0
2026-09-09T13:17:00Z,4390.39,4390.92,4390.12,4390.85,204,18,0
2026-09-09T13:18:00Z,4390.85,4392.09,4390.56,4391.76,246,18,0
2026-09-09T13:19:00Z,4391.79,4394.63,4391.79,4394.41,269,18,0
2026-09-09T13:20:00Z,4394.29,4396.01,4394.27,4395.42,257,18,0
2026-09-09T13:21:00Z,4395.38,4395.43,4394.45,4394.81,156,18,0
2026-09-09T13:22:00Z,4394.83,4394.84,4394.06,4394.31,189,18,0
2026-09-09T13:23:00Z,4394.31,4394.71,4394.2,4394.6,171,18,0
2026-09-09T13:24:00Z,4394.55,4394.79,4393.76,4394.59,193,18,0
2026-09-09T13:25:00Z,4394.45,4395.08,4394.45,4394.99,180,18,0
2026-09-09T13:26:00Z,4394.95,4395.56,4394.66,4395.53,214,18,0
2026-09-09T13:27:00Z,4395.4,4395.4,4393.12,4393.3,187,18,0
2026-09-09T13:28:00Z,4393.29,4394.51,4393.28,4394.12,157,18,0
2026-09-09T13:29:00Z,4394.05,4394.71,4393.8,4394.33,148,18,0
2026-09-09T13:30:00Z,4394.31,4394.79,4393.52,4394.67,276,18,0
2026-09-09T13:31:00Z,4394.7,4395.74,4394.41,4395.74,228,18,0
2026-09-09T13:32:00Z,4395.73,4395.95,4395.04,4395.46,218,18,0
2026-09-09T13:33:00Z,4395.46,4396.73,4395.38,4396.72,169,18,0
2026-09-09T13:34:00Z,4396.78,4397.05,4395.44,4396.34,207,18,0
2026-09-09T13:35:00Z,4396.1,4397.45,4396.1,4397.05,210,18,0
2026-09-09T13:36:00Z,4397.07,4397.36,4396.35,4397.3,220,18,0
2026-09-09T13:37:00Z,4397.31,4398.58,4397.31,4398.42,167,18,0
2026-09-09T13:38:00Z,4398.49,4399.24,4398.41,4398.71,171,18,0
2026-09-09T13:39:00Z,4398.6,4399.13,4398.32,4398.51,162,18,0
2026-09-09T13:40:00Z,4398.44,4399.05,4396.59,4396.73,170,18,0
2026-09-09T13:41:00Z,4396.72,4397.18,4395.97,4396.12,145,18,0
2026-09-09T13:42:00Z,4396.03,4396.2,4394.79,4395.24,165,18,0
2026-09-09T13:43:00Z,4395.19,4395.44,4394.58,4394.85,123,18,0
2026-09-09T13:44:00Z,4394.85,4395.1,4394.31,4394.85,141,18,0
2026-09-09T13:45:00Z,4394.82,4395.45,4394.55,4394.63,128,18,0
2026-09-09T13:46:00Z,4394.66,4396.12,4394.63,4395.86,179,18,0
2026-09-09T13:47:00Z,4395.9,4396.9,4395.48,4396.81,147,18,0
2026-09-09T13:48:00Z,4396.73,4399.15,4396.73,4399.15,193,18,0
2026-09-09T13:49:00Z,4399.1,4399.83,4398.71,4398.85,200,18,0
2026-09-09T13:50:00Z,4398.9,4400.1,4398.36,4399.55,265,18,0
2026-09-09T13:51:00Z,4399.57,4400.17,4398.59,4398.59,231,18,0
2026-09-09T13:52:00Z,4398.59,4399.6,4398.3,4399.28,206,18,0
2026-09-09T13:53:00Z,4399.31,4402.07,4399.17,4401.46,222,18,0
2026-09-09T13:54:00Z,4401.44,4402.23,4400.78,4402.06,168,18,0
2026-09-09T13:55:00Z,4402.0,4403.16,4401.42,4402.83,257,18,0
2026-09-09T13:56:00Z,4402.87,4402.87,4400.6,4401.23,253,18,0
2026-09-09T13:57:00Z,4401.23,4402.07,4400.76,4400.99,234,18,0
2026-09-09T13:58:00Z,4400.94,4401.81,4400.57,4400.68,191,18,0
2026-09-09T13:59:00Z,4400.58,4400.66,4399.47,4399.57,226,18,0
2026-09-09T14:00:00Z,4399.58,4402.89,4399.58,4402.6,250,18,0
2026-09-09T14:01:00Z,4402.61,4403.37,4401.75,4403.23,312,18,0
2026-09-09T14:02:00Z,4403.25,4403.38,4401.58,4402.02,304,18,0
2026-09-09T14:03:00Z,4401.97,4402.89,4401.53,4402.71,206,18,0
2026-09-09T14:04:00Z,4402.67,4403.71,4402.28,4403.55,209,18,0
2026-09-09T14:05:00Z,4403.52,4403.73,4403.25,4403.35,220,18,0
2026-09-09T14:06:00Z,4403.32,4403.77,4403.11,4403.11,187,18,0
2026-09-09T14:07:00Z,4403.09,4403.39,4402.1,4402.36,174,18,0
2026-09-09T14:08:00Z,4402.36,4403.05,4402.36,4403.04,173,18,0
2026-09-09T14:09:00Z,4403.05,4404.26,4403.04,4404.13,142,18,0
2026-09-09T14:10:00Z,4404.1,4404.55,4403.96,4404.39,218,18,0
2026-09-09T14:11:00Z,4404.35,4404.47,4403.81,4404.12,166,18,0
2026-09-09T14:12:00Z,4404.12,4404.57,4403.55,4404.17,196,18,0
2026-09-09T14:13:00Z,4404.17,4404.39,4402.99,4403.09,186,18,0
2026-09-09T14:14:00Z,4402.98,4403.54,4402.59,4403.52,224,18,0
2026-09-09T14:15:00Z,4403.64,4403.71,4401.68,4401.81,188,18,0
2026-09-09T14:16:00Z,4401.85,4403.4,4401.38,4402.91,212,18,0
2026-09-09T14:17:00Z,4402.9,4403.64,4402.65,4402.78,198,18,0
2026-09-09T14:18:00Z,4402.87,4403.95,4402.81,4403.8,247,18,0
2026-09-09T14:19:00Z,4403.82,4404.58,4403.73,4404.05,261,18,0
2026-09-09T14:20:00Z,4404.07,4404.7,4403.21,4403.34,273,18,0
2026-09-09T14:21:00Z,4403.32,4403.59,4402.44,4403.08,210,18,0
2026-09-09T14:22:00Z,4403.08,4403.94,4402.74,4403.92,194,18,0
2026-09-09T14:23:00Z,4404.1,4404.94,4403.83,4404.93,176,18,0
2026-09-09T14:24:00Z,4404.95,4406.21,4404.74,4406.14,283,18,0
2026-09-09T14:25:00Z,4406.13,4407.06,4406.08,4406.72,289,18,0
2026-09-09T14:26:00Z,4406.85,4408.4,4406.58,4407.91,283,18,0
2026-09-09T14:27:00Z,4407.95,4409.03,4407.62,4408.94,223,18,0
2026-09-09T14:28:00Z,4408.93,4409.01,4407.49,4408.24,288,18,0
2026-09-09T14:29:00Z,4408.26,4408.64,4407.49,4408.3,248,18,0
2026-09-09T14:30:00Z,4408.25,4408.42,4405.98,4406.15,357,18,0
2026-09-09T14:31:00Z,4406.17,4407.31,4405.67,4406.53,274,18,0
2026-09-09T14:32:00Z,4406.54,4407.1,4405.93,4407.02,303,18,0
2026-09-09T14:33:00Z,4407.04,4407.72,4407.03,4407.12,287,18,0
2026-09-09T14:34:00Z,4406.86,4406.86,4404.5,4404.71,301,18,0
2026-09-09T14:35:00Z,4404.68,4404.71,4403.9,4404.51,255,18,0
2026-09-09T14:36:00Z,4404.57,4404.61,4403.53,4404.03,255,18,0
2026-09-09T14:37:00Z,4404.07,4404.31,4403.51,4403.7,220,18,0
2026-09-09T14:38:00Z,4403.68,4405.39,4403.67,4404.78,279,18,0
2026-09-09T14:39:00Z,4404.49,4404.86,4403.72,4404.86,204,18,0
2026-09-09T14:40:00Z,4404.87,4406.04,4404.84,4405.7,180,18,0
2026-09-09T14:41:00Z,4405.7,4405.94,4404.87,4405.19,239,18,0
2026-09-09T14:42:00Z,4405.22,4406.9,4405.04,4406.55,250,18,0
2026-09-09T14:43:00Z,4406.5,4406.99,4405.16,4406.14,254,18,0
2026-09-09T14:44:00Z,4406.1,4406.13,4405.27,4405.5,239,18,0
2026-09-09T14:45:00Z,4405.65,4406.48,4405.16,4405.2,264,18,0
2026-09-09T14:46:00Z,4405.19,4405.28,4403.64,4403.65,267,18,0
2026-09-09T14:47:00Z,4403.65,4404.25,4403.4,4403.99,271,18,0
2026-09-09T14:48:00Z,4403.96,4405.39,4403.81,4405.35,310,18,0
2026-09-09T14:49:00Z,4405.32,4414.54,4405.32,4414.04,771,18,0
2026-09-09T14:50:00Z,4414.01,4415.37,4413.12,4413.21,780,18,0
2026-09-09T14:51:00Z,4413.24,4413.36,4409.18,4409.26,575,18,0
2026-09-09T14:52:00Z,4409.28,4412.21,4409.17,4410.04,406,18,0
2026-09-09T14:53:00Z,4410.35,4410.47,4408.9,4409.36,373,18,0
2026-09-09T14:54:00Z,4409.27,4409.3,4406.92,4407.11,316,18,0
2026-09-09T14:55:00Z,4407.07,4407.17,4405.95,4406.77,421,18,0
2026-09-09T14:56:00Z,4406.73,4407.76,4406.63,4407.12,306,18,0
2026-09-09T14:57:00Z,4407.14,4408.34,4407.14,4407.84,275,18,0
2026-09-09T14:58:00Z,4408.03,4408.54,4406.89,4406.92,418,18,0
2026-09-09T14:59:00Z,4406.94,4407.78,4406.52,4407.37,279,18,0
2026-09-09T15:00:00Z,4407.4,4409.38,4407.31,4408.79,422,18,0
2026-09-09T15:01:00Z,4408.68,4408.68,4406.6,4406.63,356,18,0
2026-09-09T15:02:00Z,4406.66,4407.27,4405.99,4406.15,365,18,0
2026-09-09T15:03:00Z,4406.15,4407.2,4405.02,4405.11,412,18,0
2026-09-09T15:04:00Z,4405.11,4405.15,4403.33,4404.16,413,18,0
2026-09-09T15:05:00Z,4404.19,4405.76,4403.42,4403.65,438,18,0
2026-09-09T15:06:00Z,4403.8,4404.56,4401.49,4401.54,435,18,0
2026-09-09T15:07:00Z,4401.52,4403.01,4400.87,4403.0,402,18,0
2026-09-09T15:08:00Z,4403.03,4403.88,4401.5,4401.69,450,18,0
2026-09-09T15:09:00Z,4401.84,4403.24,4400.95,4403.24,355,18,0
2026-09-09T15:10:00Z,4403.46,4404.61,4403.27,4404.02,319,18,0
2026-09-09T15:11:00Z,4404.04,4404.66,4402.83,4403.15,393,18,0
2026-09-09T15:12:00Z,4403.2,4403.34,4400.54,4400.54,379,18,0
2026-09-09T15:13:00Z,4400.72,4400.97,4399.82,4399.82,313,18,0
2026-09-09T15:14:00Z,4399.88,4399.91,4399.1,4399.23,310,18,0
2026-09-09T15:15:00Z,4399.23,4399.51,4398.06,4398.7,346,18,0
2026-09-09T15:16:00Z,4398.97,4400.25,4397.6,4397.79,445,18,0
2026-09-09T15:17:00Z,4397.84,4397.96,4397.16,4397.81,375,18,0
2026-09-09T15:18:00Z,4397.76,4398.81,4397.0,4397.48,328,18,0
2026-09-09T15:19:00Z,4397.53,4397.79,4396.05,4396.55,337,18,0
2026-09-09T15:20:00Z,4396.71,4400.29,4394.91,4400.18,630,18,0
2026-09-09T15:21:00Z,4400.29,4400.29,4397.96,4399.53,422,18,0
2026-09-09T15:22:00Z,4399.41,4399.67,4398.06,4398.17,319,18,0
2026-09-09T15:23:00Z,4398.01,4398.53,4395.99,4396.59,369,18,0
2026-09-09T15:24:00Z,4396.59,4396.92,4394.84,4396.88,416,18,0
2026-09-09T15:25:00Z,4396.94,4396.98,4394.44,4394.7,417,18,0
2026-09-09T15:26:00Z,4394.61,4395.14,4394.22,4394.79,402,18,0
2026-09-09T15:27:00Z,4394.81,4396.73,4394.46,4394.86,420,18,0
2026-09-09T15:28:00Z,4394.92,4396.28,4394.47,4394.47,364,18,0
2026-09-09T15:29:00Z,4394.5,4395.46,4393.65,4393.82,401,18,0
2026-09-09T15:30:00Z,4393.76,4393.99,4391.89,4392.59,566,18,0
2026-09-09T15:31:00Z,4392.66,4394.44,4392.66,4393.07,384,18,0
2026-09-09T15:32:00Z,4393.18,4395.53,4392.45,4395.19,410,18,0
2026-09-09T15:33:00Z,4395.19,4396.45,4394.76,4396.0,342,18,0
2026-09-09T15:34:00Z,4396.01,4397.23,4395.7,4396.3,370,18,0
2026-09-09T15:35:00Z,4396.33,4397.49,4395.77,4395.77,299,18,0
2026-09-09T15:36:00Z,4395.8,4397.6,4394.74,4396.9,461,18,0
2026-09-09T15:37:00Z,4396.82,4396.86,4394.18,4394.86,401,18,0
2026-09-09T15:38:00Z,4394.95,4394.95,4392.53,4393.22,378,18,0
2026-09-09T15:39:00Z,4393.25,4393.3,4390.92,4391.16,353,18,0
2026-09-09T15:40:00Z,4391.18,4392.84,4390.85,4392.45,316,18,0
2026-09-09T15:41:00Z,4392.4,4393.67,4391.51,4392.81,421,18,0
2026-09-09T15:42:00Z,4392.81,4393.4,4391.14,4392.38,328,18,0
2026-09-09T15:43:00Z,4392.41,4394.34,4391.72,4393.89,392,18,0
2026-09-09T15:44:00Z,4393.74,4395.63,4393.29,4395.39,325,18,0
2026-09-09T15:45:00Z,4395.43,4399.64,4395.36,4398.81,453,18,0
2026-09-09T15:46:00Z,4398.84,4399.59,4397.68,4398.38,284,18,0
2026-09-09T15:47:00Z,4398.33,4398.89,4397.99,4398.74,280,18,0
2026-09-09T15:48:00Z,4398.69,4399.35,4398.03,4398.43,222,18,0
2026-09-09T15:49:00Z,4398.4,4398.43,4397.07,4397.33,255,18,0
2026-09-09T15:50:00Z,4397.23,4397.23,4396.16,4396.99,217,18,0
2026-09-09T15:51:00Z,4397.03,4397.54,4396.43,4396.46,307,18,0
2026-09-09T15:52:00Z,4396.26,4398.13,4396.21,4397.84,351,18,0
2026-09-09T15:53:00Z,4397.79,4398.81,4396.61,4396.84,312,18,0
2026-09-09T15:54:00Z,4396.84,4399.07,4396.62,4398.46,242,18,0
2026-09-09T15:55:00Z,4398.45,4399.04,4398.31,4399.0,254,18,0
2026-09-09T15:56:00Z,4399.01,4400.19,4398.98,4400.19,239,18,0
2026-09-09T15:57:00Z,4400.81,4402.13,4400.58,4401.98,272,18,0
2026-09-09T15:58:00Z,4401.83,4402.23,4401.3,4401.43,196,18,0
2026-09-09T15:59:00Z,4401.45,4401.48,4399.84,4400.13,237,18,0
2026-09-09T16:00:00Z,4400.13,4404.66,4398.71,4404.46,614,18,0
2026-09-09T16:01:00Z,4404.47,4404.57,4402.98,4404.09,492,18,0
2026-09-09T16:02:00Z,4404.08,4407.16,4403.73,4407.11,476,18,0
2026-09-09T16:03:00Z,4407.18,4408.31,4404.2,4404.98,468,18,0
2026-09-09T16:04:00Z,4404.96,4407.42,4404.79,4407.18,421,18,0
2026-09-09T16:05:00Z,4407.14,4408.75,4406.9,4408.44,411,18,0
2026-09-09T16:06:00Z,4408.64,4409.57,4408.47,4409.31,310,18,0
2026-09-09T16:07:00Z,4409.24,4409.24,4407.5,4408.86,394,18,0
2026-09-09T16:08:00Z,4408.88,4410.49,4408.26,4408.38,294,18,0
2026-09-09T16:09:00Z,4408.37,4410.57,4408.33,4409.84,308,18,0
2026-09-09T16:10:00Z,4410.03,4411.15,4409.71,4411.15,342,18,0
2026-09-09T16:11:00Z,4411.13,4413.65,4410.67,4410.95,436,18,0
2026-09-09T16:12:00Z,4410.92,4412.09,4410.08,4411.98,391,18,0
2026-09-09T16:13:00Z,4411.95,4412.78,4410.95,4411.99,328,18,0
2026-09-09T16:14:00Z,4412.04,4413.41,4411.03,4413.28,355,18,0
2026-09-09T16:15:00Z,4413.24,4414.01,4411.43,4412.66,414,18,0
2026-09-09T16:16:00Z,4412.66,4413.18,4410.85,4411.0,334,18,0
2026-09-09T16:17:00Z,4411.02,4413.17,4411.02,4412.54,414,18,0
2026-09-09T16:18:00Z,4412.56,4413.52,4412.18,4413.13,297,18,0
2026-09-09T16:19:00Z,4413.14,4418.04,4413.11,4417.34,548,18,0
2026-09-09T16:20:00Z,4417.34,4417.92,4414.57,4417.41,428,18,0
2026-09-09T16:21:00Z,4417.47,4419.45,4416.17,4418.0,460,18,0
2026-09-09T16:22:00Z,4418.0,4420.4,4416.74,4419.25,487,18,0
2026-09-09T16:23:00Z,4419.34,4423.25,4418.89,4423.08,497,18,0
2026-09-09T16:24:00Z,4423.12,4427.89,4422.83,4427.55,525,18,0
2026-09-09T16:25:00Z,4427.71,4430.1,4425.23,4426.33,648,18,0
2026-09-09T16:26:00Z,4426.27,4427.75,4425.6,4426.54,575,18,0
2026-09-09T16:27:00Z,4426.55,4429.28,4426.12,4428.18,511,18,0
2026-09-09T16:28:00Z,4428.01,4430.1,4427.86,4428.44,517,18,0
2026-09-09T16:29:00Z,4428.42,4430.35,4427.48,4429.54,502,18,0
2026-09-09T16:30:00Z,4429.5,4433.77,4428.87,4431.93,862,18,0
2026-09-09T16:31:00Z,4431.92,4432.08,4428.15,4430.29,709,18,0
2026-09-09T16:32:00Z,4430.28,4434.05,4429.42,4429.48,774,18,0
2026-09-09T16:33:00Z,4429.57,4432.89,4428.94,4432.34,663,18,0
2026-09-09T16:34:00Z,4432.31,4432.74,4430.11,4430.64,679,18,0
2026-09-09T16:35:00Z,4430.62,4430.62,4427.27,4427.64,712,18,0
2026-09-09T16:36:00Z,4427.63,4428.41,4425.83,4427.05,719,18,0
2026-09-09T16:37:00Z,4427.17,4428.08,4424.06,4426.01,545,18,0
2026-09-09T16:38:00Z,4426.02,4426.44,4423.24,4426.16,629,18,0
2026-09-09T16:39:00Z,4426.17,4426.31,4419.84,4421.38,634,18,0
2026-09-09T16:40:00Z,4421.44,4422.04,4418.92,4419.97,672,18,0
2026-09-09T16:41:00Z,4419.93,4420.11,4418.19,4418.33,606,18,0
2026-09-09T16:42:00Z,4418.26,4418.33,4414.24,4414.8,531,18,0
2026-09-09T16:43:00Z,4414.81,4416.2,4412.93,4414.98,550,18,0
2026-09-09T16:44:00Z,4414.93,4418.45,4414.52,4417.13,530,18,0
2026-09-09T16:45:00Z,4417.13,4419.58,4416.59,4416.93,588,18,0
2026-09-09T16:46:00Z,4416.72,4420.35,4415.95,4420.29,588,18,0
2026-09-09T16:47:00Z,4420.34,4420.36,4418.07,4419.05,577,18,0
2026-09-09T16:48:00Z,4419.02,4419.6,4416.86,4418.76,490,18,0
2026-09-09T16:49:00Z,4418.71,4421.33,4418.44,4421.29,490,18,0
2026-09-09T16:50:00Z,4421.2,4423.73,4419.63,4421.54,558,18,0
2026-09-09T16:51:00Z,4421.64,4422.97,4419.8,4420.24,426,18,0
2026-09-09T16:52:00Z,4420.34,4420.83,4417.82,4418.12,505,18,0
2026-09-09T16:53:00Z,4418.14,4420.27,4417.47,4418.37,436,18,0
2026-09-09T16:54:00Z,4418.43,4418.86,4415.44,4416.31,566,18,0
2026-09-09T16:55:00Z,4416.31,4416.85,4411.62,4413.38,530,18,0
2026-09-09T16:56:00Z,4413.48,4413.89,4411.78,4412.57,511,18,0
2026-09-09T16:57:00Z,4412.5,4412.95,4411.43,4412.53,531,18,0
2026-09-09T16:58:00Z,4412.55,4413.2,4410.7,4412.47,574,18,0
2026-09-09T16:59:00Z,4412.37,4415.45,4412.37,4415.08,517,18,0
2026-09-09T17:00:00Z,4415.08,4416.73,4414.37,4416.52,680,18,0
2026-09-09T17:01:00Z,4416.43,4418.31,4414.42,4417.95,536,18,0
2026-09-09T17:02:00Z,4417.96,4420.59,4417.12,4420.59,522,18,0
2026-09-09T17:03:00Z,4420.58,4424.04,4419.8,4423.85,581,18,0
2026-09-09T17:04:00Z,4423.85,4424.52,4422.64,4423.65,605,18,0
2026-09-09T17:05:00Z,4423.62,4428.64,4423.62,4425.79,578,18,0
2026-09-09T17:06:00Z,4425.81,4426.0,4423.01,4424.32,541,18,0
2026-09-09T17:07:00Z,4424.34,4424.48,4422.01,4423.59,454,18,0
2026-09-09T17:08:00Z,4423.54,4423.94,4421.82,4422.44,398,18,0
2026-09-09T17:09:00Z,4422.47,4423.17,4421.0,4422.08,426,18,0
2026-09-09T17:10:00Z,4422.12,4422.91,4420.66,4421.84,449,18,0
2026-09-09T17:11:00Z,4421.87,4422.41,4420.19,4421.15,427,18,0
2026-09-09T17:12:00Z,4421.5,4421.5,4417.85,4418.18,523,18,0
2026-09-09T17:13:00Z,4418.2,4419.96,4417.96,4419.12,451,18,0
2026-09-09T17:14:00Z,4419.17,4423.6,4419.07,4423.33,485,18,0
2026-09-09T17:15:00Z,4423.33,4423.33,4419.35,4420.36,525,18,0
2026-09-09T17:16:00Z,4420.25,4420.25,4414.98,4416.37,606,18,0
2026-09-09T17:17:00Z,4416.37,4419.24,4415.9,4418.81,572,18,0
2026-09-09T17:18:00Z,4418.76,4418.76,4416.37,4417.11,521,18,0
2026-09-09T17:19:00Z,4417.18,4417.45,4413.97,4416.84,472,18,0
2026-09-09T17:20:00Z,4416.85,4417.35,4413.84,4414.43,559,18,0
2026-09-09T17:21:00Z,4414.45,4415.43,4413.16,4413.45,512,18,0
2026-09-09T17:22:00Z,4413.5,4414.47,4412.59,4413.52,545,18,0
2026-09-09T17:23:00Z,4413.62,4415.63,4413.04,4414.94,565,18,0
2026-09-09T17:24:00Z,4414.94,4415.42,4409.87,4410.37,741,18,0
2026-09-09T17:25:00Z,4410.49,4416.53,4410.22,4416.46,751,18,0
2026-09-09T17:26:00Z,4416.41,4420.06,4416.1,4419.57,664,18,0
2026-09-09T17:27:00Z,4419.6,4422.59,4419.55,4420.9,667,18,0
2026-09-09T17:28:00Z,4420.86,4424.18,4420.84,4423.83,609,18,0
2026-09-09T17:29:00Z,4423.66,4426.08,4423.4,4425.96,434,18,0
2026-09-09T17:30:00Z,4425.95,4425.99,4423.88,4424.14,462,18,0
2026-09-09T17:31:00Z,4424.12,4424.28,4421.94,4423.13,433,18,0
2026-09-09T17:32:00Z,4423.17,4423.58,4421.05,4422.42,444,18,0
2026-09-09T17:33:00Z,4422.36,4422.87,4420.47,4422.35,424,18,0
2026-09-09T17:34:00Z,4422.25,4422.79,4420.96,4422.79,427,18,0
2026-09-09T17:35:00Z,4422.77,4425.42,4422.65,4424.75,483,18,0
2026-09-09T17:36:00Z,4424.58,4425.21,4424.3,4425.1,376,18,0
2026-09-09T17:37:00Z,4425.2,4425.2,4423.24,4423.33,404,18,0
2026-09-09T17:38:00Z,4423.16,4425.18,4422.71,4423.74,449,18,0
2026-09-09T17:39:00Z,4423.72,4427.05,4423.72,4426.1,445,18,0
2026-09-09T17:40:00Z,4425.91,4426.43,4423.36,4424.16,504,18,0
2026-09-09T17:41:00Z,4424.16,4425.24,4423.46,4423.95,513,18,0
2026-09-09T17:42:00Z,4423.87,4424.05,4421.64,4422.13,377,18,0
2026-09-09T17:43:00Z,4422.07,4422.16,4419.94,4420.39,429,18,0
2026-09-09T17:44:00Z,4420.38,4421.66,4418.66,4418.88,414,18,0
2026-09-09T17:45:00Z,4418.93,4420.54,4418.03,4420.53,441,18,0
2026-09-09T17:46:00Z,4420.6,4420.98,4418.73,4420.47,454,18,0
2026-09-09T17:47:00Z,4420.47,4422.3,4420.44,4422.21,446,18,0
2026-09-09T17:48:00Z,4422.2,4422.29,4420.72,4421.15,462,18,0
2026-09-09T17:49:00Z,4421.26,4421.77,4419.93,4420.62,472,18,0
2026-09-09T17:50:00Z,4420.69,4422.77,4419.93,4422.15,501,18,0
2026-09-09T17:51:00Z,4422.16,4422.42,4421.17,4421.81,519,18,0
2026-09-09T17:52:00Z,4421.71,4423.54,4419.86,4420.02,463,18,0
2026-09-09T17:53:00Z,4420.04,4421.52,4419.84,4420.2,469,18,0
2026-09-09T17:54:00Z,4420.14,4421.72,4419.24,4419.4,404,18,0
2026-09-09T17:55:00Z,4419.45,4420.45,4416.3,4416.7,497,18,0
2026-09-09T17:56:00Z,4416.63,4417.97,4415.93,4416.34,514,18,0
2026-09-09T17:57:00Z,4416.32,4418.09,4416.0,4417.05,448,18,0
2026-09-09T17:58:00Z,4417.11,4417.85,4414.99,4417.45,493,18,0
2026-09-09T17:59:00Z,4417.38,4418.77,4416.48,4418.77,411,18,0
2026-09-09T18:00:00Z,4418.76,4432.11,4418.07,4428.3,549,18,0
2026-09-09T18:01:00Z,4428.21,4430.91,4405.34,4407.07,1343,18,0
2026-09-09T18:02:00Z,4407.22,4414.12,4400.17,4400.32,1345,18,0
2026-09-09T18:03:00Z,4400.31,4403.59,4397.91,4401.81,1251,18,0
2026-09-09T18:04:00Z,4401.79,4402.33,4394.63,4395.07,1218,18,0
2026-09-09T18:05:00Z,4395.06,4398.36,4382.92,4383.61,1253,18,0
2026-09-09T18:06:00Z,4383.71,4390.49,4380.34,4386.05,1267,18,0
2026-09-09T18:07:00Z,4386.01,4394.7,4385.05,4394.38,1054,18,0
2026-09-09T18:08:00Z,4394.57,4395.14,4391.24,4394.92,885,18,0
2026-09-09T18:09:00Z,4394.92,4395.09,4387.59,4391.16,923,18,0
2026-09-09T18:10:00Z,4391.18,4392.51,4386.71,4390.32,989,18,0
2026-09-09T18:11:00Z,4390.28,4390.31,4383.44,4383.44,1008,18,0
2026-09-09T18:12:00Z,4383.29,4388.81,4381.93,4382.91,1020,18,0
2026-09-09T18:13:00Z,4382.94,4389.99,4382.86,4386.33,958,18,0
2026-09-09T18:14:00Z,4386.35,4391.38,4386.26,4389.78,878,18,0
2026-09-09T18:15:00Z,4389.76,4391.36,4385.72,4389.59,1012,18,0
2026-09-09T18:16:00Z,4389.58,4393.35,4388.32,4391.48,987,18,0
2026-09-09T18:17:00Z,4391.48,4391.93,4383.08,4386.33,852,18,0
2026-09-09T18:18:00Z,4386.53,4388.73,4383.77,4383.89,739,18,0
2026-09-09T18:19:00Z,4383.94,4384.96,4380.52,4384.69,808,18,0
2026-09-09T18:20:00Z,4384.64,4388.3,4384.2,4386.76,736,18,0
2026-09-09T18:21:00Z,4386.81,4387.21,4380.93,4382.12,772,18,0
2026-09-09T18:22:00Z,4382.12,4383.52,4375.29,4375.95,864,18,0
2026-09-09T18:23:00Z,4375.93,4379.79,4375.07,4379.56,854,18,0
2026-09-09T18:24:00Z,4379.56,4383.53,4377.77,4383.52,903,18,0
2026-09-09T18:25:00Z,4383.51,4389.83,4382.95,4389.48,882,18,0
2026-09-09T18:26:00Z,4389.48,4390.25,4386.89,4389.73,849,18,0
2026-09-09T18:27:00Z,4389.68,4391.94,4388.36,4390.74,770,18,0
2026-09-09T18:28:00Z,4390.71,4393.53,4390.48,4393.22,704,18,0
2026-09-09T18:29:00Z,4393.26,4395.36,4392.64,4394.68,565,18,0
2026-09-09T18:30:00Z,4394.77,4397.49,4393.12,4396.81,651,18,0
2026-09-09T18:31:00Z,4396.77,4396.94,4392.87,4392.9,614,18,0
2026-09-09T18:32:00Z,4392.83,4397.62,4392.47,4397.59,541,18,0
2026-09-09T18:33:00Z,4397.52,4398.43,4396.68,4398.24,555,18,0
2026-09-09T18:34:00Z,4398.24,4401.37,4397.95,4401.07,597,18,0
2026-09-09T18:35:00Z,4400.89,4402.65,4400.42,4402.34,816,18,0
2026-09-09T18:36:00Z,4402.59,4406.9,4402.23,4406.9,681,18,0
2026-09-09T18:37:00Z,4406.81,4406.81,4402.61,4402.63,658,18,0
2026-09-09T18:38:00Z,4402.63,4402.66,4400.26,4401.66,563,18,0
2026-09-09T18:39:00Z,4401.67,4407.14,4397.81,4406.45,754,18,0
2026-09-09T18:40:00Z,4406.59,4407.07,4399.39,4402.26,914,18,0
2026-09-09T18:41:00Z,4402.29,4404.11,4400.77,4402.32,695,18,0
2026-09-09T18:42:00Z,4402.39,4402.73,4400.84,4401.72,644,18,0
2026-09-09T18:43:00Z,4401.75,4403.86,4401.34,4403.42,604,18,0
2026-09-09T18:44:00Z,4403.46,4404.7,4402.73,4403.01,566,18,0
2026-09-09T18:45:00Z,4403.05,4404.12,4402.51,4402.91,627,18,0
2026-09-09T18:46:00Z,4402.85,4404.42,4402.6,4404.28,620,18,0
2026-09-09T18:47:00Z,4404.42,4404.73,4401.9,4401.98,522,18,0
2026-09-09T18:48:00Z,4401.93,4402.84,4400.53,4400.63,482,18,0
2026-09-09T18:49:00Z,4400.59,4403.14,4399.13,4402.2,468,18,0
2026-09-09T18:50:00Z,4402.22,4407.25,4401.93,4406.02,576,18,0
2026-09-09T18:51:00Z,4406.08,4406.42,4404.79,4405.12,595,18,0
2026-09-09T18:52:00Z,4405.33,4405.45,4400.74,4401.23,633,18,0
2026-09-09T18:53:00Z,4401.17,4402.04,4400.43,4400.64,595,18,0
2026-09-09T18:54:00Z,4400.71,4401.5,4399.51,4401.35,624,18,0
2026-09-09T18:55:00Z,4401.35,4401.35,4399.69,4399.72,541,18,0
2026-09-09T18:56:00Z,4399.76,4400.5,4399.14,4400.11,579,18,0
2026-09-09T18:57:00Z,4400.13,4400.46,4398.45,4398.78,567,18,0
2026-09-09T18:58:00Z,4398.91,4400.36,4398.12,4399.59,525,18,0
2026-09-09T18:59:00Z,4399.6,4399.72,4398.14,4398.51,644,18,0
2026-09-09T19:00:00Z,4398.58,4398.73,4396.95,4398.33,572,18,0
2026-09-09T19:01:00Z,4398.28,4398.93,4397.3,4398.04,566,18,0
2026-09-09T19:02:00Z,4398.01,4400.82,4397.34,4399.78,467,18,0
2026-09-09T19:03:00Z,4399.77,4402.02,4399.24,4401.7,545,18,0
2026-09-09T19:04:00Z,4401.7,4403.14,4401.33,4402.59,465,18,0
2026-09-09T19:05:00Z,4402.6,4402.6,4400.15,4400.73,669,18,0
2026-09-09T19:06:00Z,4400.69,4401.07,4398.17,4399.43,622,18,0
2026-09-09T19:07:00Z,4399.47,4400.11,4397.44,4397.62,412,18,0
2026-09-09T19:08:00Z,4397.66,4400.27,4394.92,4396.44,846,18,0
2026-09-09T19:09:00Z,4396.4,4397.21,4394.86,4395.63,672,18,0
2026-09-09T19:10:00Z,4395.62,4397.36,4395.0,4395.94,599,18,0
2026-09-09T19:11:00Z,4395.91,4396.94,4394.99,4396.1,561,18,0
2026-09-09T19:12:00Z,4396.09,4396.61,4395.57,4396.11,538,18,0
2026-09-09T19:13:00Z,4396.1,4398.71,4395.71,4398.53,533,18,0
2026-09-09T19:14:00Z,4398.5,4398.66,4397.88,4397.91,336,18,0
2026-09-09T19:15:00Z,4397.88,4398.32,4394.74,4395.7,628,18,0
2026-09-09T19:16:00Z,4395.93,4396.24,4394.12,4394.46,455,18,0
2026-09-09T19:17:00Z,4394.46,4395.01,4392.38,4392.82,448,18,0
2026-09-09T19:18:00Z,4392.88,4393.14,4391.91,4391.91,370,18,0
2026-09-09T19:19:00Z,4391.91,4395.06,4391.59,4393.4,490,18,0
2026-09-09T19:20:00Z,4393.4,4395.18,4393.4,4393.87,288,18,0
2026-09-09T19:21:00Z,4393.88,4395.8,4393.37,4395.59,310,18,0
2026-09-09T19:22:00Z,4395.53,4395.57,4394.4,4394.93,289,18,0
2026-09-09T19:23:00Z,4394.93,4396.67,4394.25,4396.26,393,18,0
2026-09-09T19:24:00Z,4396.27,4398.66,4395.77,4398.66,366,18,0
2026-09-09T19:25:00Z,4398.58,4402.48,4398.58,4401.67,511,18,0
2026-09-09T19:26:00Z,4401.75,4402.27,4400.15,4400.76,421,18,0
2026-09-09T19:27:00Z,4400.69,4402.43,4400.55,4402.15,398,18,0
2026-09-09T19:28:00Z,4402.13,4402.24,4400.16,4400.19,265,18,0
2026-09-09T19:29:00Z,4400.21,4401.81,4399.9,4401.71,322,18,0
2026-09-09T19:30:00Z,4401.75,4401.86,4399.03,4400.0,476,18,0
2026-09-09T19:31:00Z,4399.99,4401.48,4399.85,4401.48,421,18,0
2026-09-09T19:32:00Z,4401.5,4403.25,4400.55,4403.24,362,18,0
2026-09-09T19:33:00Z,4403.23,4403.87,4402.27,4403.08,332,18,0
2026-09-09T19:34:00Z,4403.08,4403.68,4402.41,4402.71,346,18,0
2026-09-09T19:35:00Z,4402.81,4404.19,4401.49,4401.92,350,18,0
2026-09-09T19:36:00Z,4402.09,4402.3,4400.35,4401.23,410,18,0
2026-09-09T19:37:00Z,4401.2,4401.2,4399.53,4399.59,320,18,0
2026-09-09T19:38:00Z,4399.6,4401.67,4399.21,4400.59,368,18,0
2026-09-09T19:39:00Z,4400.63,4404.33,4400.59,4404.13,404,18,0
2026-09-09T19:40:00Z,4404.16,4404.53,4403.29,4403.41,405,18,0
2026-09-09T19:41:00Z,4403.45,4405.0,4403.45,4404.24,467,18,0
2026-09-09T19:42:00Z,4404.13,4405.84,4404.13,4405.46,361,18,0
2026-09-09T19:43:00Z,4405.46,4407.76,4405.41,4406.86,300,18,0
2026-09-09T19:44:00Z,4406.77,4407.89,4406.51,4407.42,346,18,0
2026-09-09T19:45:00Z,4407.4,4408.05,4406.93,4407.5,407,18,0
2026-09-09T19:46:00Z,4407.48,4408.19,4407.48,4408.04,370,18,0
2026-09-09T19:47:00Z,4408.1,4408.49,4406.88,4408.32,375,18,0
2026-09-09T19:48:00Z,4408.45,4409.29,4406.12,4406.93,373,18,0
2026-09-09T19:49:00Z,4406.95,4408.16,4406.68,4406.89,303,18,0
2026-09-09T19:50:00Z,4406.91,4407.97,4406.15,4407.13,374,18,0
2026-09-09T19:51:00Z,4407.08,4407.42,4405.76,4406.43,364,18,0
2026-09-09T19:52:00Z,4406.42,4407.38,4405.78,4406.14,389,18,0
2026-09-09T19:53:00Z,4406.25,4406.38,4405.56,4406.26,358,18,0
2026-09-09T19:54:00Z,4406.4,4407.45,4406.08,4407.27,337,18,0
2026-09-09T19:55:00Z,4407.06,4407.93,4406.44,4407.11,375,18,0
2026-09-09T19:56:00Z,4407.47,4409.01,4407.15,4408.1,318,18,0
2026-09-09T19:57:00Z,4408.18,4408.88,4407.86,4408.56,312,18,0
2026-09-09T19:58:00Z,4408.61,4409.6,4408.37,4409.08,371,18,0
2026-09-09T19:59:00Z,4409.08,4410.4,4408.51,4409.49,312,18,0
2026-09-09T20:00:00Z,4409.48,4411.13,4408.92,4410.37,358,18,0
2026-09-09T20:01:00Z,4410.41,4411.08,4409.08,4410.17,385,18,0
2026-09-09T20:02:00Z,4410.17,4414.01,4409.45,4413.39,746,18,0
2026-09-09T20:03:00Z,4413.41,4413.42,4411.0,4412.11,514,18,0
2026-09-09T20:04:00Z,4412.02,4413.47,4411.76,4412.95,483,18,0
2026-09-09T20:05:00Z,4412.98,4415.68,4412.79,4415.59,409,18,0
2026-09-09T20:06:00Z,4415.55,4419.46,4415.4,4418.22,530,18,0
2026-09-09T20:07:00Z,4418.13,4418.38,4416.6,4418.27,308,18,0
2026-09-09T20:08:00Z,4418.27,4419.6,4418.13,4418.95,346,18,0
2026-09-09T20:09:00Z,4418.93,4420.52,4418.14,4418.46,401,18,0
2026-09-09T20:10:00Z,4418.46,4418.59,4417.02,4417.94,434,18,0
2026-09-09T20:11:00Z,4417.93,4418.86,4416.12,4417.23,440,18,0
2026-09-09T20:12:00Z,4417.13,4417.89,4415.8,4415.94,412,18,0
2026-09-09T20:13:00Z,4415.88,4417.32,4415.52,4417.3,418,18,0
2026-09-09T20:14:00Z,4417.31,4419.23,4416.47,4416.66,478,18,0
2026-09-09T20:15:00Z,4416.67,4417.31,4415.15,4416.38,428,18,0
2026-09-09T20:16:00Z,4416.45,4417.24,4415.4,4416.62,395,18,0
2026-09-09T20:17:00Z,4416.58,4418.07,4415.93,4417.51,381,18,0
2026-09-09T20:18:00Z,4417.56,4418.47,4417.21,4418.04,384,18,0
2026-09-09T20:19:00Z,4418.01,4418.04,4416.23,4416.29,464,18,0
2026-09-09T20:20:00Z,4416.3,4417.71,4416.01,4417.24,374,18,0
2026-09-09T20:21:00Z,4417.3,4418.53,4417.03,4418.21,263,18,0
2026-09-09T20:22:00Z,4418.32,4418.5,4417.5,4418.31,277,18,0
2026-09-09T20:23:00Z,4418.32,4418.55,4417.58,4417.88,328,18,0
2026-09-09T20:24:00Z,4417.9,4418.39,4415.7,4418.22,471,18,0
2026-09-09T20:25:00Z,4418.31,4419.7,4417.82,4419.37,341,18,0
2026-09-09T20:26:00Z,4419.44,4420.38,4418.98,4419.49,400,18,0
2026-09-09T20:27:00Z,4419.49,4420.56,4418.19,4419.42,340,18,0
2026-09-09T20:28:00Z,4419.59,4419.63,4416.81,4416.84,428,18,0
2026-09-09T20:29:00Z,4416.85,4417.65,4414.4,4414.81,580,18,0
2026-09-09T20:30:00Z,4414.81,4415.02,4413.44,4414.23,455,18,0
2026-09-09T20:31:00Z,4414.36,4414.65,4413.02,4413.61,373,18,0
2026-09-09T20:32:00Z,4413.54,4414.54,4413.12,4413.16,299,18,0
2026-09-09T20:33:00Z,4413.17,4413.95,4413.04,4413.64,395,18,0
2026-09-09T20:34:00Z,4413.62,4413.62,4411.7,4412.72,376,18,0
2026-09-09T20:35:00Z,4412.72,4413.04,4412.06,4412.9,349,18,0
2026-09-09T20:36:00Z,4412.93,4413.71,4412.8,4413.01,361,18,0
2026-09-09T20:37:00Z,4412.64,4414.6,4412.64,4413.03,379,18,0
2026-09-09T20:38:00Z,4412.85,4413.1,4412.17,4413.01,372,18,0
2026-09-09T20:39:00Z,4413.01,4413.31,4412.59,4413.24,294,18,0
2026-09-09T20:40:00Z,4413.32,4415.76,4413.32,4415.73,282,18,0
2026-09-09T20:41:00Z,4415.66,4416.48,4415.18,4416.4,233,18,0
2026-09-09T20:42:00Z,4416.47,4417.18,4416.02,4416.33,289,18,0
2026-09-09T20:43:00Z,4416.23,4416.25,4413.53,4413.6,280,18,0
2026-09-09T20:44:00Z,4413.57,4414.67,4413.55,4413.62,185,18,0
2026-09-09T20:45:00Z,4413.62,4414.18,4413.44,4413.57,358,18,0
2026-09-09T20:46:00Z,4413.53,4414.86,4413.33,4414.83,319,18,0
2026-09-09T20:47:00Z,4414.83,4415.14,4414.0,4414.18,262,18,0
2026-09-09T20:48:00Z,4414.18,4414.51,4413.94,4414.05,295,18,0
2026-09-09T20:49:00Z,4414.13,4414.26,4413.54,4413.75,318,18,0
2026-09-09T20:50:00Z,4413.74,4414.64,4413.37,4414.64,282,18,0
2026-09-09T20:51:00Z,4414.67,4414.95,4413.56,4414.74,223,18,0
2026-09-09T20:52:00Z,4414.72,4415.23,4414.52,4415.07,175,18,0
2026-09-09T20:53:00Z,4415.09,4416.07,4414.99,4415.44,238,18,0
2026-09-09T20:54:00Z,4415.44,4416.25,4414.64,4415.19,267,18,0
2026-09-09T20:55:00Z,4415.2,4415.87,4415.05,4415.77,218,18,0
2026-09-09T20:56:00Z,4415.77,4416.15,4415.38,4415.58,194,18,0
2026-09-09T20:57:00Z,4415.51,4416.58,4415.48,4416.19,270,18,0
2026-09-09T20:58:00Z,4416.23,4416.91,4416.18,4416.76,292,18,0
2026-09-09T20:59:00Z,4416.6,4416.87,4415.53,4416.06,223,18,0
2026-09-09T21:00:00Z,4416.08,4418.57,4416.0,4417.78,388,18,0
2026-09-09T21:01:00Z,4417.81,4419.03,4417.01,4417.44,297,18,0
2026-09-09T21:02:00Z,4417.42,4418.13,4416.79,4416.84,297,18,0
2026-09-09T21:03:00Z,4416.92,4418.09,4416.23,4417.6,225,18,0
2026-09-09T21:04:00Z,4417.61,4418.56,4417.0,4418.49,247,18,0
2026-09-09T21:05:00Z,4418.51,4419.03,4417.45,4417.65,281,18,0
2026-09-09T21:06:00Z,4417.68,4418.34,4417.31,4418.32,159,18,0
2026-09-09T21:07:00Z,4418.41,4418.44,4416.13,4416.45,298,18,0
2026-09-09T21:08:00Z,4416.41,4416.65,4415.84,4415.99,224,18,0
2026-09-09T21:09:00Z,4416.01,4418.43,4416.01,4418.16,185,18,0
2026-09-09T21:10:00Z,4418.12,4418.83,4417.88,4417.92,182,18,0
2026-09-09T21:11:00Z,4417.94,4419.25,4417.8,4419.09,246,18,0
2026-09-09T21:12:00Z,4418.99,4421.58,4418.99,4421.2,264,18,0
2026-09-09T21:13:00Z,4421.22,4421.23,4420.52,4420.98,274,18,0
2026-09-09T21:14:00Z,4421.0,4421.02,4419.83,4420.36,303,18,0
2026-09-09T21:15:00Z,4420.37,4420.45,4419.55,4419.89,278,18,0
2026-09-09T21:16:00Z,4419.93,4420.07,4418.22,4419.48,298,18,0
2026-09-09T21:17:00Z,4419.49,4420.71,4419.25,4420.32,240,18,0
2026-09-09T21:18:00Z,4420.22,4420.22,4419.65,4419.9,246,18,0
2026-09-09T21:19:00Z,4419.89,4419.93,4418.73,4419.13,260,18,0
2026-09-09T21:20:00Z,4419.11,4419.53,4418.6,4418.75,292,18,0
2026-09-09T21:21:00Z,4418.75,4419.52,4418.71,4419.34,400,18,0
2026-09-09T21:22:00Z,4419.34,4419.75,4418.55,4419.06,387,18,0
2026-09-09T21:23:00Z,4419.12,4419.34,4417.36,4417.39,273,18,0
2026-09-09T21:24:00Z,4417.36,4417.88,4417.1,4417.57,273,18,0
2026-09-09T21:25:00Z,4417.55,4418.02,4416.89,4417.76,301,18,0
2026-09-09T21:26:00Z,4417.77,4417.98,4416.88,4417.15,193,18,0
2026-09-09T21:27:00Z,4417.21,4417.98,4417.14,4417.42,244,18,0
2026-09-09T21:28:00Z,4417.43,4417.63,4416.77,4416.78,265,18,0
2026-09-09T21:29:00Z,4416.71,4417.96,4416.71,4417.96,250,18,0
2026-09-09T21:30:00Z,4417.97,4418.37,4416.71,4416.74,284,18,0
2026-09-09T21:31:00Z,4416.74,4416.74,4414.29,4414.85,365,18,0
2026-09-09T21:32:00Z,4414.87,4415.55,4413.73,4415.47,346,18,0
2026-09-09T21:33:00Z,4415.48,4416.83,4415.08,4415.71,320,18,0
2026-09-09T21:34:00Z,4415.69,4416.01,4414.83,4415.04,310,18,0
2026-09-09T21:35:00Z,4415.05,4415.57,4414.5,4414.81,265,18,0
2026-09-09T21:36:00Z,4414.78,4415.3,4413.9,4414.53,270,18,0
2026-09-09T21:37:00Z,4414.53,4414.55,4413.51,4414.0,274,18,0
2026-09-09T21:38:00Z,4414.02,4415.37,4414.0,4414.91,236,18,0
2026-09-09T21:39:00Z,4415.02,4415.71,4414.45,4414.92,344,18,0
2026-09-09T21:40:00Z,4414.97,4416.56,4414.73,4416.12,295,18,0
2026-09-09T21:41:00Z,4416.15,4416.51,4412.23,4412.25,309,18,0
2026-09-09T21:42:00Z,4412.21,4412.39,4410.23,4410.23,232,18,0
2026-09-09T21:43:00Z,4410.23,4410.92,4410.21,4410.76,199,18,0
2026-09-09T21:44:00Z,4410.74,4410.78,4409.51,4409.83,209,18,0
2026-09-09T21:45:00Z,4409.84,4410.13,4409.16,4409.65,316,18,0
2026-09-09T21:46:00Z,4409.72,4409.87,4408.66,4409.13,291,18,0
2026-09-09T21:47:00Z,4409.13,4409.13,4406.95,4407.98,335,18,0
2026-09-09T21:48:00Z,4407.85,4407.89,4406.54,4407.13,370,18,0
2026-09-09T21:49:00Z,4407.11,4407.37,4406.37,4406.53,331,18,0
2026-09-09T21:50:00Z,4406.51,4407.6,4405.42,4407.4,370,18,0
2026-09-09T21:51:00Z,4407.4,4407.89,4406.26,4406.67,327,18,0
2026-09-09T21:52:00Z,4406.67,4406.79,4405.33,4405.58,285,18,0
2026-09-09T21:53:00Z,4405.48,4406.36,4405.44,4405.93,317,18,0
2026-09-09T21:54:00Z,4405.99,4406.15,4405.04,4405.7,204,18,0
2026-09-09T21:55:00Z,4405.7,4407.0,4405.7,4406.01,290,18,0
2026-09-09T21:56:00Z,4405.95,4406.56,4402.95,4403.11,320,18,0
2026-09-09T21:57:00Z,4403.13,4403.64,4401.71,4402.26,313,18,0
2026-09-09T21:58:00Z,4402.24,4402.79,4401.84,4401.84,305,18,0
2026-09-09T21:59:00Z,4401.84,4403.37,4401.84,4403.09,252,18,0
2026-09-09T22:00:00Z,4403.17,4404.13,4402.66,4403.25,358,18,0
2026-09-09T22:01:00Z,4403.22,4403.25,4399.13,4399.25,440,30,0
2026-09-09T22:02:00Z,4399.28,4399.9,4396.91,4397.21,278,30,0
2026-09-09T22:03:00Z,4397.05,4398.85,4396.82,4398.4,296,30,0
2026-09-09T22:04:00Z,4398.46,4398.82,4397.31,4398.27,304,30,0
2026-09-09T22:05:00Z,4398.17,4399.54,4396.94,4397.65,367,30,0
2026-09-09T22:06:00Z,4397.62,4398.3,4397.2,4398.02,219,30,0
2026-09-09T22:07:00Z,4398.06,4400.05,4397.97,4399.01,244,30,0
2026-09-09T22:08:00Z,4399.02,4399.31,4398.14,4398.74,254,30,0
2026-09-09T22:09:00Z,4398.53,4399.68,4397.51,4399.14,320,30,0
2026-09-09T22:10:00Z,4399.14,4399.59,4398.37,4398.63,217,30,0
2026-09-09T22:11:00Z,4398.6,4399.19,4397.97,4398.92,179,30,0
2026-09-09T22:12:00Z,4398.8,4398.81,4397.5,4397.72,255,30,0
2026-09-09T22:13:00Z,4397.69,4398.43,4397.0,4398.33,231,30,0
2026-09-09T22:14:00Z,4398.39,4400.54,4397.86,4400.2,230,30,0
2026-09-09T22:15:00Z,4400.2,4401.35,4399.12,4400.13,270,30,0
2026-09-09T22:16:00Z,4400.0,4400.09,4399.12,4399.19,209,30,0
2026-09-09T22:17:00Z,4399.14,4400.06,4398.52,4399.53,277,30,0
2026-09-09T22:18:00Z,4399.56,4401.41,4399.56,4401.31,206,30,0
2026-09-09T22:19:00Z,4401.31,4402.26,4401.19,4401.85,187,30,0
2026-09-09T22:20:00Z,4401.8,4402.49,4401.57,4402.47,193,30,0
2026-09-09T22:21:00Z,4402.46,4403.85,4402.2,4403.53,163,30,0
2026-09-09T22:22:00Z,4403.51,4403.96,4401.94,4403.96,183,30,0
2026-09-09T22:23:00Z,4404.02,4404.8,4403.81,4404.65,186,30,0
2026-09-09T22:24:00Z,4404.64,4404.85,4404.26,4404.45,143,30,0
2026-09-09T22:25:00Z,4404.35,4404.68,4404.14,4404.3,156,30,0
2026-09-09T22:26:00Z,4404.25,4404.28,4402.05,4402.32,168,30,0
2026-09-09T22:27:00Z,4402.22,4402.41,4401.25,4401.67,152,30,0
2026-09-09T22:28:00Z,4401.5,4401.67,4400.47,4400.66,163,30,0
2026-09-09T22:29:00Z,4400.6,4400.74,4399.52,4399.52,140,30,0
2026-09-09T22:30:00Z,4399.52,4400.85,4398.43,4400.09,250,30,0
2026-09-09T22:31:00Z,4400.18,4400.56,4399.53,4400.12,203,30,0
2026-09-09T22:32:00Z,4400.5,4400.76,4398.83,4399.1,170,30,0
2026-09-09T22:33:00Z,4399.2,4399.72,4398.72,4398.77,121,30,0
2026-09-09T22:34:00Z,4398.82,4399.39,4398.72,4398.82,124,30,0
2026-09-09T22:35:00Z,4398.77,4398.92,4397.51,4397.71,156,30,0
2026-09-09T22:36:00Z,4397.61,4397.87,4396.19,4396.49,180,30,0
2026-09-09T22:37:00Z,4396.49,4396.6,4395.78,4395.78,135,30,0
2026-09-09T22:38:00Z,4395.91,4396.99,4395.58,4396.59,130,30,0
2026-09-09T22:39:00Z,4396.62,4398.04,4396.61,4397.31,160,30,0
2026-09-09T22:40:00Z,4397.29,4397.55,4396.18,4396.94,227,30,0
2026-09-09T22:41:00Z,4396.93,4398.05,4396.34,4396.9,163,30,0
2026-09-09T22:42:00Z,4396.89,4397.89,4396.78,4397.06,211,30,0
2026-09-09T22:43:00Z,4397.03,4399.26,4396.88,4399.21,252,30,0
2026-09-09T22:44:00Z,4399.04,4399.89,4398.75,4399.79,177,30,0
2026-09-09T22:45:00Z,4399.86,4401.5,4399.86,4400.5,269,30,0
2026-09-09T22:46:00Z,4400.46,4400.65,4399.59,4399.81,169,30,0
2026-09-09T22:47:00Z,4399.81,4401.18,4399.81,4399.83,222,30,0
2026-09-09T22:48:00Z,4399.86,4401.07,4399.75,4400.31,166,30,0
2026-09-09T22:49:00Z,4400.36,4401.12,4400.16,4400.22,154,30,0
2026-09-09T22:50:00Z,4400.27,4400.29,4397.29,4397.29,290,30,0
2026-09-09T22:51:00Z,4397.29,4398.3,4396.29,4398.17,205,30,0
2026-09-09T22:52:00Z,4398.22,4399.66,4398.22,4399.04,193,30,0
2026-09-09T22:53:00Z,4399.0,4399.58,4398.67,4399.05,188,30,0
2026-09-09T22:54:00Z,4399.0,4400.68,4398.53,4398.84,315,30,0
2026-09-09T22:55:00Z,4398.84,4399.51,4398.24,4399.38,321,30,0
2026-09-09T22:56:00Z,4399.4,4400.01,4398.81,4399.08,304,30,0
2026-09-09T22:57:00Z,4399.0,4399.69,4397.82,4397.83,242,30,0
2026-09-09T22:58:00Z,4397.72,4399.2,4397.63,4398.58,343,30,0
2026-09-09T22:59:00Z,4398.55,4399.5,4398.42,4399.09,489,30,0
2026-09-09T23:00:00Z,4399.07,4399.3,4397.8,4398.64,233,30,0
2026-09-09T23:01:00Z,4398.59,4398.63,4396.99,4397.61,122,30,0
2026-09-09T23:02:00Z,4397.65,4398.12,4397.46,4397.93,99,30,0
2026-09-09T23:03:00Z,4397.93,4398.2,4397.13,4397.17,92,30,0
2026-09-09T23:04:00Z,4396.99,4397.04,4396.32,4396.75,105,30,0
2026-09-09T23:05:00Z,4396.82,4397.33,4396.37,4397.29,93,30,0
2026-09-09T23:06:00Z,4397.04,4397.18,4396.72,4396.92,49,13,0
2026-09-09T23:07:00Z,4396.97,4397.15,4396.53,4396.67,67,13,0
2026-09-09T23:08:00Z,4396.8,4397.03,4396.71,4396.86,50,30,0
2026-09-09T23:09:00Z,4396.89,4397.04,4396.73,4396.94,57,30,0
2026-09-09T23:10:00Z,4396.96,4397.73,4396.82,4397.49,66,30,0
2026-09-09T23:11:00Z,4397.53,4397.79,4397.53,4397.74,70,30,0
2026-09-09T23:12:00Z,4397.68,4398.12,4397.66,4398.02,81,30,0
2026-09-09T23:13:00Z,4398.06,4398.26,4397.22,4397.38,50,13,0
2026-09-09T23:14:00Z,4397.28,4397.45,4397.16,4397.22,40,30,0
2026-09-09T23:15:00Z,4397.25,4397.43,4396.39,4396.46,57,30,0
2026-09-09T23:16:00Z,4396.5,4396.67,4395.88,4396.02,96,30,0
2026-09-09T23:17:00Z,4396.03,4396.15,4395.9,4396.0,96,30,0
2026-09-09T23:18:00Z,4395.89,4396.13,4395.88,4395.92,78,30,0
2026-09-09T23:19:00Z,4395.88,4395.92,4394.23,4394.47,244,30,0
2026-09-09T23:20:00Z,4394.46,4394.46,4393.45,4393.97,276,30,0
2026-09-09T23:21:00Z,4394.02,4394.27,4393.47,4393.62,65,30,0
2026-09-09T23:22:00Z,4393.6,4394.74,4393.6,4394.61,92,30,0
2026-09-09T23:23:00Z,4394.61,4394.86,4394.24,4394.8,57,30,0
2026-09-09T23:24:00Z,4394.81,4394.93,4394.63,4394.88,54,30,0
2026-09-09T23:25:00Z,4394.97,4395.7,4394.97,4395.7,39,30,0
2026-09-09T23:26:00Z,4395.72,4395.9,4395.41,4395.58,61,30,0
2026-09-09T23:27:00Z,4395.57,4395.68,4395.16,4395.21,39,30,0
2026-09-09T23:28:00Z,4395.2,4395.2,4393.78,4393.88,71,30,0
2026-09-09T23:29:00Z,4394.0,4394.8,4394.0,4394.72,62,30,0
2026-09-09T23:30:00Z,4394.76,4395.68,4394.72,4395.55,76,30,0
2026-09-09T23:31:00Z,4395.54,4397.52,4395.51,4397.45,91,30,0
2026-09-09T23:32:00Z,4397.41,4397.45,4397.0,4397.23,47,30,0
2026-09-09T23:33:00Z,4397.29,4397.38,4397.01,4397.33,42,30,0
2026-09-09T23:34:00Z,4397.27,4397.29,4396.26,4397.23,107,30,0
2026-09-09T23:35:00Z,4397.24,4399.6,4397.03,4399.49,90,30,0
2026-09-09T23:36:00Z,4399.48,4400.83,4399.46,4400.6,114,30,0
2026-09-09T23:37:00Z,4400.56,4400.56,4399.46,4399.46,88,30,0
2026-09-09T23:38:00Z,4399.41,4399.77,4399.21,4399.21,81,30,0
2026-09-09T23:39:00Z,4399.25,4399.91,4398.6,4399.43,81,30,0
2026-09-09T23:40:00Z,4399.35,4399.51,4398.87,4399.24,107,30,0
2026-09-09T23:41:00Z,4399.24,4399.71,4398.74,4399.51,68,30,0
2026-09-09T23:42:00Z,4399.45,4399.7,4399.36,4399.63,68,30,0
2026-09-09T23:43:00Z,4399.58,4400.01,4399.32,4399.34,83,30,0
2026-09-09T23:44:00Z,4399.28,4400.36,4399.24,4400.16,92,30,0
2026-09-09T23:45:00Z,4400.12,4400.93,4399.88,4399.88,90,30,0
2026-09-09T23:46:00Z,4399.92,4400.6,4399.76,4400.37,94,30,0
2026-09-09T23:47:00Z,4400.34,4400.34,4399.7,4399.99,61,30,0
2026-09-09T23:48:00Z,4399.83,4399.86,4399.38,4399.54,98,30,0
2026-09-09T23:49:00Z,4399.55,4400.11,4399.32,4399.99,54,30,0
2026-09-09T23:50:00Z,4400.04,4400.29,4399.54,4399.94,70,30,0
2026-09-09T23:51:00Z,4399.83,4400.27,4399.45,4399.7,68,30,0
2026-09-09T23:52:00Z,4399.69,4400.22,4399.44,4399.99,91,30,0
2026-09-09T23:53:00Z,4400.04,4400.53,4399.72,4400.3,82,30,0
2026-09-09T23:54:00Z,4400.25,4400.32,4399.69,4400.3,83,30,0
2026-09-09T23:55:00Z,4400.33,4400.84,4400.14,4400.42,115,30,0
2026-09-09T23:56:00Z,4400.44,4400.77,4399.64,4399.64,94,30,0
2026-09-09T23:57:00Z,4399.64,4400.79,4399.64,4400.7,103,30,0
2026-09-09T23:58:00Z,4400.51,4401.53,4400.51,4401.5,90,48,0
2026-09-10T01:00:00Z,4404.49,4404.66,4403.74,4404.05,116,18,0
2026-09-10T01:01:00Z,4403.98,4405.91,4403.98,4405.22,99,24,0
2026-09-10T01:02:00Z,4405.22,4406.05,4404.58,4405.31,58,24,0
2026-09-10T01:03:00Z,4405.31,4406.55,4405.26,4405.72,73,23,0
2026-09-10T01:04:00Z,4405.72,4405.72,4405.04,4405.33,63,23,0
2026-09-10T01:05:00Z,4405.33,4405.43,4404.15,4404.35,98,23,0
2026-09-10T01:06:00Z,4404.35,4404.45,4403.31,4403.51,67,23,0
2026-09-10T01:07:00Z,4403.51,4404.02,4403.5,4403.66,157,23,0
2026-09-10T01:08:00Z,4403.66,4404.29,4403.63,4403.99,90,23,0
2026-09-10T01:09:00Z,4403.99,4404.93,4403.92,4404.55,97,14,0
2026-09-10T01:10:00Z,4404.55,4404.56,4402.55,4402.63,96,23,0
2026-09-10T01:11:00Z,4402.63,4405.95,4402.58,4405.34,143,23,0
2026-09-10T01:12:00Z,4405.34,4405.34,4404.22,4404.76,110,24,0
2026-09-10T01:13:00Z,4404.6,4404.62,4403.44,4403.69,148,50,0
2026-09-10T01:14:00Z,4403.66,4403.71,4402.52,4402.78,94,50,0
2026-09-10T01:15:00Z,4402.86,4403.19,4402.47,4402.66,89,50,0
2026-09-10T01:16:00Z,4402.67,4402.67,4402.18,4402.42,105,50,0
2026-09-10T01:17:00Z,4402.37,4403.04,4402.09,4402.91,90,50,0
2026-09-10T01:18:00Z,4402.85,4404.11,4402.85,4404.11,78,50,0
2026-09-10T01:19:00Z,4404.09,4404.25,4402.71,4403.16,126,50,0
2026-09-10T01:20:00Z,4403.17,4403.23,4402.84,4402.91,101,50,0
2026-09-10T01:21:00Z,4402.9,4402.98,4402.13,4402.27,112,50,0
2026-09-10T01:22:00Z,4402.32,4402.44,4401.45,4401.72,97,50,0
2026-09-10T01:23:00Z,4401.71,4401.72,4401.2,4401.45,90,50,0
2026-09-10T01:24:00Z,4401.47,4401.72,4401.11,4401.7,57,50,0
2026-09-10T01:25:00Z,4401.69,4401.9,4401.14,4401.85,81,50,0
2026-09-10T01:26:00Z,4401.88,4402.84,4401.79,4401.79,101,50,0
2026-09-10T01:27:00Z,4401.73,4401.73,4400.59,4400.93,66,50,0
2026-09-10T01:28:00Z,4400.9,4401.13,4400.38,4400.55,100,50,0
2026-09-10T01:29:00Z,4400.65,4402.39,4400.14,4402.28,101,50,0
2026-09-10T01:30:00Z,4402.21,4403.22,4402.18,4402.54,130,50,0
2026-09-10T01:31:00Z,4402.49,4402.56,4401.87,4401.87,50,50,0
2026-09-10T01:32:00Z,4401.85,4403.59,4401.41,4403.57,147,50,0
2026-09-10T01:33:00Z,4403.46,4403.61,4402.77,4402.79,123,50,0
2026-09-10T01:34:00Z,4402.74,4403.58,4402.34,4402.52,147,50,0
2026-09-10T01:35:00Z,4402.56,4403.12,4400.95,4400.95,155,50,0
2026-09-10T01:36:00Z,4400.92,4400.95,4399.98,4400.79,113,50,0
2026-09-10T01:37:00Z,4400.77,4400.99,4400.12,4400.15,99,50,0
2026-09-10T01:38:00Z,4400.14,4400.55,4399.81,4400.28,106,50,0
2026-09-10T01:39:00Z,4400.29,4400.44,4399.84,4400.18,101,50,0
2026-09-10T01:40:00Z,4400.2,4400.75,4400.03,4400.51,110,50,0
2026-09-10T01:41:00Z,4400.56,4401.0,4399.92,4400.79,91,50,0
2026-09-10T01:42:00Z,4400.77,4401.25,4400.28,4400.84,121,50,0
2026-09-10T01:43:00Z,4400.82,4402.43,4400.77,4401.34,162,50,0
2026-09-10T01:44:00Z,4401.37,4401.37,4400.89,4401.26,65,50,0
2026-09-10T01:45:00Z,4401.21,4401.49,4400.5,4400.51,161,50,0
2026-09-10T01:46:00Z,4400.46,4400.79,4400.03,4400.64,130,50,0
2026-09-10T01:47:00Z,4400.53,4400.74,4399.75,4399.88,111,50,0
2026-09-10T01:48:00Z,4399.83,4400.72,4397.61,4398.04,194,50,0
2026-09-10T01:49:00Z,4398.06,4400.08,4398.06,4400.02,129,50,0
2026-09-10T01:50:00Z,4399.92,4400.21,4399.2,4399.61,72,50,0
2026-09-10T01:51:00Z,4399.54,4399.83,4399.19,4399.35,74,50,0
2026-09-10T01:52:00Z,4399.26,4399.83,4398.87,4398.94,48,50,0
2026-09-10T01:53:00Z,4399.0,4399.34,4398.71,4399.0,80,50,0
2026-09-10T01:54:00Z,4398.97,4399.16,4398.48,4398.52,57,50,0
2026-09-10T01:55:00Z,4398.55,4398.68,4398.05,4398.22,71,50,0
2026-09-10T01:56:00Z,4398.16,4398.42,4397.65,4397.76,66,50,0
2026-09-10T01:57:00Z,4397.81,4397.9,4397.56,4397.86,65,50,0
2026-09-10T01:58:00Z,4397.89,4399.9,4397.87,4399.58,108,50,0
2026-09-10T01:59:00Z,4399.52,4400.96,4399.47,4399.52,124,50,0
2026-09-10T02:00:00Z,4399.49,4401.96,4399.35,4401.53,196,50,0
2026-09-10T02:01:00Z,4401.49,4402.27,4400.91,4401.28,135,50,0
2026-09-10T02:02:00Z,4401.3,4401.92,4400.76,4401.47,127,50,0
2026-09-10T02:03:00Z,4401.45,4402.8,4401.45,4402.8,74,50,0
2026-09-10T02:04:00Z,4402.9,4402.96,4402.15,4402.64,70,50,0
2026-09-10T02:05:00Z,4402.59,4402.64,4402.15,4402.15,34,50,0
2026-09-10T02:06:00Z,4402.2,4402.54,4400.8,4400.81,91,50,0
2026-09-10T02:07:00Z,4400.87,4401.51,4399.93,4401.03,131,50,0
2026-09-10T02:08:00Z,4401.01,4401.15,4398.99,4399.73,147,50,0
2026-09-10T02:09:00Z,4399.66,4399.92,4398.31,4399.84,175,50,0
2026-09-10T02:10:00Z,4399.82,4400.91,4399.54,4400.9,146,50,0
2026-09-10T02:11:00Z,4401.15,4401.34,4399.86,4401.28,100,50,0
2026-09-10T02:12:00Z,4401.17,4402.03,4401.1,4401.97,87,50,0
2026-09-10T02:13:00Z,4402.0,4402.4,4400.47,4400.5,81,50,0
2026-09-10T02:14:00Z,4400.47,4400.53,4400.07,4400.5,45,50,0
2026-09-10T02:15:00Z,4400.38,4400.39,4399.5,4399.72,87,50,0
2026-09-10T02:16:00Z,4399.67,4399.91,4399.08,4399.1,85,50,0
2026-09-10T02:17:00Z,4399.17,4399.25,4397.9,4398.97,133,50,0
2026-09-10T02:18:00Z,4399.05,4402.15,4399.05,4401.75,176,50,0
2026-09-10T02:19:00Z,4401.76,4402.06,4399.89,4399.96,109,50,0
2026-09-10T02:20:00Z,4400.0,4400.65,4399.42,4400.65,109,50,0
2026-09-10T02:21:00Z,4400.6,4401.27,4400.53,4400.72,75,50,0
2026-09-10T02:22:00Z,4400.78,4400.92,4399.77,4400.12,63,50,0
2026-09-10T02:23:00Z,4400.11,4400.11,4397.75,4397.98,77,50,0
2026-09-10T02:24:00Z,4397.99,4398.21,4396.85,4397.31,91,50,0
2026-09-10T02:25:00Z,4397.29,4398.39,4396.41,4397.87,140,50,0
2026-09-10T02:26:00Z,4397.92,4399.67,4397.79,4398.86,116,50,0
2026-09-10T02:27:00Z,4398.87,4398.87,4396.89,4397.02,144,50,0
2026-09-10T02:28:00Z,4397.03,4397.03,4395.64,4396.35,187,50,0
2026-09-10T02:29:00Z,4396.5,4397.71,4396.33,4397.45,123,50,0
2026-09-10T02:30:00Z,4397.31,4399.03,4396.7,4398.06,138,50,0
2026-09-10T02:31:00Z,4398.05,4398.15,4396.87,4396.9,88,50,0
2026-09-10T02:32:00Z,4396.85,4396.85,4394.68,4394.82,106,50,0
2026-09-10T02:33:00Z,4394.89,4394.98,4393.78,4394.62,153,50,0
2026-09-10T02:34:00Z,4394.68,4395.18,4393.72,4394.01,122,50,0
2026-09-10T02:35:00Z,4394.13,4394.54,4393.79,4393.99,92,50,0
2026-09-10T02:36:00Z,4393.98,4394.66,4393.86,4394.6,50,50,0
2026-09-10T02:37:00Z,4394.66,4394.69,4393.75,4394.16,71,50,0
2026-09-10T02:38:00Z,4394.17,4394.27,4393.29,4393.56,50,50,0
2026-09-10T02:39:00Z,4393.98,4394.29,4393.82,4393.92,41,50,0
2026-09-10T02:40:00Z,4394.02,4394.07,4393.77,4393.91,47,50,0
2026-09-10T02:41:00Z,4393.86,4393.91,4393.21,4393.24,65,50,0
2026-09-10T02:42:00Z,4393.36,4393.78,4393.24,4393.69,84,50,0
2026-09-10T02:43:00Z,4393.67,4393.75,4393.19,4393.57,58,50,0
2026-09-10T02:44:00Z,4393.62,4394.22,4393.51,4394.2,59,50,0
2026-09-10T02:45:00Z,4394.22,4394.52,4393.55,4394.13,121,50,0
2026-09-10T02:46:00Z,4394.19,4394.81,4393.65,4394.76,156,50,0
2026-09-10T02:47:00Z,4394.81,4395.1,4394.05,4394.26,164,50,0
2026-09-10T02:48:00Z,4394.24,4394.24,4393.29,4393.36,110,50,0
2026-09-10T02:49:00Z,4393.46,4394.19,4393.45,4394.02,104,50,0
2026-09-10T02:50:00Z,4394.01,4394.09,4393.31,4393.88,93,50,0
2026-09-10T02:51:00Z,4393.94,4394.69,4393.77,4394.5,110,50,0
2026-09-10T02:52:00Z,4394.45,4394.57,4393.43,4393.74,134,50,0
2026-09-10T02:53:00Z,4393.72,4394.79,4393.68,4394.5,121,50,0
2026-09-10T02:54:00Z,4394.58,4394.7,4393.98,4394.18,93,50,0
2026-09-10T02:55:00Z,4394.18,4394.22,4393.72,4393.99,83,50,0
2026-09-10T02:56:00Z,4394.05,4394.64,4393.99,4394.28,59,50,0
2026-09-10T02:57:00Z,4394.25,4394.31,4393.29,4393.57,105,50,0
2026-09-10T02:58:00Z,4393.52,4393.82,4393.03,4393.75,130,50,0
2026-09-10T02:59:00Z,4393.73,4394.05,4393.63,4394.03,81,50,0
2026-09-10T03:00:00Z,4393.84,4394.06,4391.8,4392.13,361,22,0
2026-09-10T03:01:00Z,4392.2,4392.6,4391.0,4391.18,276,22,0
2026-09-10T03:02:00Z,4391.14,4391.22,4389.86,4390.11,276,22,0
2026-09-10T03:03:00Z,4390.13,4391.33,4389.69,4391.14,283,22,0
2026-09-10T03:04:00Z,4391.29,4392.16,4391.22,4392.09,167,22,0
2026-09-10T03:05:00Z,4391.99,4392.1,4390.84,4391.07,144,22,0
2026-09-10T03:06:00Z,4391.15,4391.47,4390.06,4391.47,208,22,0
2026-09-10T03:07:00Z,4391.47,4393.28,4391.43,4392.15,138,22,0
2026-09-10T03:08:00Z,4392.25,4392.25,4390.47,4390.96,224,22,0
2026-09-10T03:09:00Z,4390.94,4394.24,4390.91,4393.69,226,22,0
2026-09-10T03:10:00Z,4393.75,4394.65,4393.05,4394.64,222,22,0
2026-09-10T03:11:00Z,4394.65,4397.13,4394.02,4396.07,239,22,0
2026-09-10T03:12:00Z,4396.12,4396.71,4396.01,4396.2,257,22,0
2026-09-10T03:13:00Z,4396.22,4397.08,4395.24,4395.66,235,22,0
2026-09-10T03:14:00Z,4395.64,4395.88,4394.41,4394.95,293,22,0
2026-09-10T03:15:00Z,4395.02,4397.47,4394.47,4397.18,331,22,0
2026-09-10T03:16:00Z,4397.22,4397.58,4396.61,4397.03,297,22,0
2026-09-10T03:17:00Z,4397.01,4397.5,4396.06,4396.48,207,22,0
2026-09-10T03:18:00Z,4396.48,4398.44,4396.48,4398.23,188,22,0
2026-09-10T03:19:00Z,4398.09,4398.28,4396.18,4396.6,174,22,0
2026-09-10T03:20:00Z,4396.62,4397.74,4396.57,4397.01,205,22,0
2026-09-10T03:21:00Z,4397.01,4397.98,4396.65,4397.3,207,22,0
2026-09-10T03:22:00Z,4397.32,4397.58,4395.92,4395.93,230,22,0
2026-09-10T03:23:00Z,4395.92,4396.51,4395.35,4395.95,264,22,0
2026-09-10T03:24:00Z,4395.93,4396.42,4395.69,4395.87,221,22,0
2026-09-10T03:25:00Z,4395.92,4396.64,4394.75,4394.96,310,22,0
2026-09-10T03:26:00Z,4394.96,4395.26,4394.43,4394.57,232,22,0
2026-09-10T03:27:00Z,4394.57,4397.44,4394.19,4395.16,262,22,0
2026-09-10T03:28:00Z,4395.13,4395.98,4394.21,4394.46,350,22,0
2026-09-10T03:29:00Z,4394.48,4394.51,4392.26,4392.82,276,22,0
2026-09-10T03:30:00Z,4392.86,4395.02,4392.58,4394.97,235,22,0
2026-09-10T03:31:00Z,4394.92,4394.92,4392.96,4393.0,213,22,0
2026-09-10T03:32:00Z,4392.99,4393.42,4392.16,4392.75,273,22,0
2026-09-10T03:33:00Z,4392.83,4392.83,4392.05,4392.1,196,22,0
2026-09-10T03:34:00Z,4392.1,4394.66,4391.42,4394.66,303,22,0
2026-09-10T03:35:00Z,4394.66,4395.73,4394.61,4395.07,289,22,0
2026-09-10T03:36:00Z,4395.0,4396.89,4394.91,4396.42,356,22,0
2026-09-10T03:37:00Z,4396.5,4397.76,4396.24,4396.29,271,22,0
2026-09-10T03:38:00Z,4396.24,4397.72,4396.18,4397.39,244,22,0
2026-09-10T03:39:00Z,4397.39,4398.61,4397.33,4398.36,236,22,0
2026-09-10T03:40:00Z,4398.38,4399.99,4398.38,4399.4,254,22,0
2026-09-10T03:41:00Z,4399.41,4399.41,4397.71,4397.83,226,22,0
2026-09-10T03:42:00Z,4397.78,4398.54,4396.5,4398.14,273,22,0
2026-09-10T03:43:00Z,4398.11,4400.08,4397.9,4399.94,213,22,0
2026-09-10T03:44:00Z,4399.99,4401.53,4399.96,4400.92,214,22,0
2026-09-10T03:45:00Z,4400.97,4400.97,4399.55,4399.6,271,22,0
2026-09-10T03:46:00Z,4399.56,4399.9,4398.77,4399.22,237,22,0
2026-09-10T03:47:00Z,4399.06,4399.26,4397.86,4398.59,173,22,0
2026-09-10T03:48:00Z,4398.6,4400.38,4398.6,4400.27,233,22,0
2026-09-10T03:49:00Z,4400.25,4400.7,4399.92,4400.02,239,22,0
2026-09-10T03:50:00Z,4400.01,4400.09,4397.99,4398.7,299,22,0
2026-09-10T03:51:00Z,4398.9,4401.74,4398.86,4401.36,264,22,0
2026-09-10T03:52:00Z,4401.26,4402.49,4401.05,4402.08,296,22,0
2026-09-10T03:53:00Z,4402.08,4404.39,4401.96,4404.14,217,22,0
2026-09-10T03:54:00Z,4404.16,4404.81,4402.46,4402.59,246,22,0
2026-09-10T03:55:00Z,4402.8,4403.19,4402.2,4403.11,247,22,0
2026-09-10T03:56:00Z,4403.16,4403.44,4402.54,4402.91,250,22,0
2026-09-10T03:57:00Z,4402.91,4403.62,4402.13,4403.4,266,22,0
2026-09-10T03:58:00Z,4403.36,4403.41,4400.83,4400.89,280,22,0
2026-09-10T03:59:00Z,4400.65,4402.63,4400.65,4401.04,367,22,0
2026-09-10T04:00:00Z,4400.94,4407.58,4400.11,4407.51,810,22,0
2026-09-10T04:01:00Z,4407.61,4408.95,4405.52,4406.8,604,22,0
2026-09-10T04:02:00Z,4406.76,4410.6,4406.35,4409.92,437,22,0
2026-09-10T04:03:00Z,4409.9,4413.16,4409.77,4412.73,473,22,0
2026-09-10T04:04:00Z,4412.68,4412.68,4408.09,4409.48,431,22,0
2026-09-10T04:05:00Z,4409.48,4409.81,4407.32,4409.75,444,22,0
2026-09-10T04:06:00Z,4409.7,4410.68,4408.66,4410.46,339,22,0
2026-09-10T04:07:00Z,4410.29,4415.76,4409.96,4415.76,413,22,0
2026-09-10T04:08:00Z,4415.6,4417.47,4415.28,4417.08,288,22,0
2026-09-10T04:09:00Z,4417.02,4418.7,4414.98,4417.86,354,22,0
2026-09-10T04:10:00Z,4418.01,4419.09,4416.51,4418.32,448,22,0
2026-09-10T04:11:00Z,4418.37,4418.62,4413.75,4414.2,408,22,0
2026-09-10T04:12:00Z,4414.23,4414.34,4413.02,4413.88,276,22,0
2026-09-10T04:13:00Z,4413.89,4415.36,4413.57,4414.25,369,22,0
2026-09-10T04:14:00Z,4414.2,4414.3,4411.75,4412.78,314,22,0
2026-09-10T04:15:00Z,4412.57,4414.02,4411.59,4413.57,345,22,0
2026-09-10T04:16:00Z,4413.47,4414.43,4411.47,4412.87,467,22,0
2026-09-10T04:17:00Z,4412.89,4413.8,4411.74,4413.19,426,22,0
2026-09-10T04:18:00Z,4413.19,4415.8,4413.01,4415.73,468,22,0
2026-09-10T04:19:00Z,4415.76,4416.45,4413.56,4415.24,399,22,0
2026-09-10T04:20:00Z,4414.91,4415.15,4411.83,4412.24,504,22,0
2026-09-10T04:21:00Z,4412.24,4412.24,4410.48,4411.58,453,22,0
2026-09-10T04:22:00Z,4411.52,4414.1,4410.82,4414.03,417,22,0
2026-09-10T04:23:00Z,4414.0,4414.72,4412.36,4413.63,374,22,0
2026-09-10T04:24:00Z,4413.61,4415.36,4412.07,4412.45,346,22,0
2026-09-10T04:25:00Z,4412.42,4416.44,4412.41,4415.64,355,22,0
2026-09-10T04:26:00Z,4415.64,4416.59,4413.95,4414.1,333,22,0
2026-09-10T04:27:00Z,4413.97,4414.55,4411.67,4411.76,296,22,0
2026-09-10T04:28:00Z,4411.69,4412.29,4411.04,4411.77,311,22,0
2026-09-10T04:29:00Z,4411.71,4412.4,4410.23,4410.44,382,22,0
2026-09-10T04:30:00Z,4410.45,4410.97,4408.21,4408.34,460,22,0
2026-09-10T04:31:00Z,4408.41,4410.24,4407.78,4409.22,453,22,0
2026-09-10T04:32:00Z,4409.14,4409.33,4407.43,4408.04,437,22,0
2026-09-10T04:33:00Z,4408.07,4408.12,4405.69,4406.33,452,22,0
2026-09-10T04:34:00Z,4406.19,4408.02,4405.24,4408.02,381,22,0
2026-09-10T04:35:00Z,4408.04,4408.94,4407.65,4407.99,459,22,0
2026-09-10T04:36:00Z,4407.97,4409.89,4407.93,4409.71,522,22,0
2026-09-10T04:37:00Z,4409.63,4410.25,4408.56,4409.45,451,22,0
2026-09-10T04:38:00Z,4409.47,4410.51,4407.23,4407.37,472,22,0
2026-09-10T04:39:00Z,4407.35,4407.37,4406.25,4407.21,489,22,0
2026-09-10T04:40:00Z,4407.19,4410.33,4407.14,4409.84,492,22,0
2026-09-10T04:41:00Z,4409.76,4410.12,4408.72,4408.72,415,22,0
2026-09-10T04:42:00Z,4408.73,4409.43,4408.28,4408.56,441,22,0
2026-09-10T04:43:00Z,4408.53,4409.01,4407.42,4408.65,497,22,0
2026-09-10T04:44:00Z,4408.65,4410.45,4407.85,4410.01,557,22,0
2026-09-10T04:45:00Z,4410.02,4410.66,4408.96,4410.66,472,22,0
2026-09-10T04:46:00Z,4410.66,4412.95,4410.36,4412.94,420,22,0
2026-09-10T04:47:00Z,4412.95,4414.44,4412.68,4412.72,407,22,0
2026-09-10T04:48:00Z,4412.68,4413.86,4410.89,4411.97,500,22,0
2026-09-10T04:49:00Z,4412.1,4413.63,4411.64,4413.16,468,22,0
2026-09-10T04:50:00Z,4413.18,4414.41,4412.02,4412.99,567,22,0
2026-09-10T04:51:00Z,4412.93,4413.47,4409.77,4410.09,568,22,0
2026-09-10T04:52:00Z,4410.14,4410.92,4409.36,4409.65,450,22,0
2026-09-10T04:53:00Z,4409.61,4410.42,4409.37,4409.77,361,22,0
2026-09-10T04:54:00Z,4409.72,4410.21,4408.34,4408.83,431,22,0
2026-09-10T04:55:00Z,4408.81,4413.09,4408.8,4411.56,502,22,0
2026-09-10T04:56:00Z,4411.55,4412.43,4409.86,4409.86,493,22,0
2026-09-10T04:57:00Z,4409.9,4410.46,4408.02,4409.71,482,22,0
2026-09-10T04:58:00Z,4409.72,4410.87,4407.97,4410.58,453,22,0
2026-09-10T04:59:00Z,4410.5,4412.41,4410.42,4412.18,454,22,0
2026-09-10T05:00:00Z,4412.24,4413.7,4411.65,4412.95,631,22,0
2026-09-10T05:01:00Z,4412.94,4415.38,4412.94,4413.71,569,22,0
2026-09-10T05:02:00Z,4413.63,4414.93,4413.02,4414.87,512,22,0
2026-09-10T05:03:00Z,4414.96,4418.06,4414.96,4416.96,444,22,0
2026-09-10T05:04:00Z,4416.87,4417.62,4414.77,4415.09,468,22,0
2026-09-10T05:05:00Z,4415.24,4418.03,4414.33,4418.01,445,22,0
2026-09-10T05:06:00Z,4418.16,4418.85,4415.86,4415.91,379,22,0
2026-09-10T05:07:00Z,4415.96,4416.78,4415.35,4416.13,401,22,0
2026-09-10T05:08:00Z,4416.15,4418.18,4416.04,4418.11,328,22,0
2026-09-10T05:09:00Z,4418.16,4418.8,4416.1,4416.54,349,22,0
2026-09-10T05:10:00Z,4416.65,4417.09,4414.71,4416.39,385,22,0
2026-09-10T05:11:00Z,4416.34,4417.19,4414.01,4414.19,398,22,0
2026-09-10T05:12:00Z,4414.23,4414.25,4412.04,4413.56,390,22,0
2026-09-10T05:13:00Z,4413.6,4415.39,4413.56,4414.97,312,22,0
2026-09-10T05:14:00Z,4414.93,4415.59,4413.99,4414.0,287,22,0
2026-09-10T05:15:00Z,4414.03,4414.66,4411.67,4411.72,259,22,0
2026-09-10T05:16:00Z,4411.74,4411.75,4408.97,4409.0,276,22,0
2026-09-10T05:17:00Z,4409.02,4409.67,4408.11,4409.46,287,22,0
2026-09-10T05:18:00Z,4409.46,4410.32,4408.06,4409.0,291,22,0
2026-09-10T05:19:00Z,4409.01,4409.82,4408.53,4409.63,260,22,0
2026-09-10T05:20:00Z,4409.78,4411.01,4408.8,4410.99,285,22,0
2026-09-10T05:21:00Z,4411.04,4411.45,4408.74,4408.96,340,22,0
2026-09-10T05:22:00Z,4408.95,4412.32,4408.95,4412.26,360,22,0
2026-09-10T05:23:00Z,4412.24,4413.71,4412.06,4413.55,261,22,0
2026-09-10T05:24:00Z,4413.53,4413.87,4411.72,4412.74,347,22,0
2026-09-10T05:25:00Z,4412.76,4413.74,4412.48,4412.73,264,22,0
2026-09-10T05:26:00Z,4412.71,4412.96,4412.22,4412.67,241,22,0
2026-09-10T05:27:00Z,4412.71,4414.31,4412.49,4414.23,334,22,0
2026-09-10T05:28:00Z,4414.25,4416.42,4413.87,4415.7,335,22,0
2026-09-10T05:29:00Z,4415.72,4417.7,4415.31,4417.04,359,22,0
2026-09-10T05:30:00Z,4417.07,4417.57,4413.29,4414.77,535,22,0
2026-09-10T05:31:00Z,4414.86,4414.86,4412.98,4414.05,350,22,0
2026-09-10T05:32:00Z,4413.89,4414.11,4412.74,4412.85,235,22,0
2026-09-10T05:33:00Z,4412.91,4413.05,4411.12,4411.85,402,22,0
2026-09-10T05:34:00Z,4411.92,4416.24,4411.56,4415.89,379,22,0
2026-09-10T05:35:00Z,4416.01,4416.2,4414.64,4415.09,395,22,0
2026-09-10T05:36:00Z,4415.15,4416.23,4414.52,4414.71,306,22,0
2026-09-10T05:37:00Z,4414.72,4415.72,4414.45,4415.67,309,22,0
2026-09-10T05:38:00Z,4415.64,4418.86,4415.1,4417.53,345,22,0
2026-09-10T05:39:00Z,4417.58,4420.39,4417.58,4418.41,470,22,0
2026-09-10T05:40:00Z,4418.39,4420.82,4418.39,4419.43,279,22,0
2026-09-10T05:41:00Z,4419.43,4419.43,4417.67,4417.84,229,22,0
2026-09-10T05:42:00Z,4417.79,4420.85,4417.79,4419.42,285,22,0
2026-09-10T05:43:00Z,4419.56,4420.02,4418.52,4418.79,237,22,0
2026-09-10T05:44:00Z,4418.78,4419.11,4417.41,4418.1,243,22,0
2026-09-10T05:45:00Z,4418.12,4418.18,4417.4,4417.87,317,22,0
2026-09-10T05:46:00Z,4417.91,4418.13,4417.0,4417.88,332,22,0
2026-09-10T05:47:00Z,4417.6,4419.32,4417.5,4418.31,236,22,0
2026-09-10T05:48:00Z,4418.31,4418.35,4416.82,4417.62,381,22,0
2026-09-10T05:49:00Z,4417.58,4417.98,4416.82,4417.94,299,22,0
2026-09-10T05:50:00Z,4417.91,4419.0,4416.12,4418.21,385,22,0
2026-09-10T05:51:00Z,4418.15,4420.26,4418.15,4420.13,335,22,0
2026-09-10T05:52:00Z,4420.18,4420.81,4418.91,4419.78,389,22,0
2026-09-10T05:53:00Z,4419.89,4420.78,4419.89,4420.29,292,22,0
2026-09-10T05:54:00Z,4420.25,4420.68,4419.9,4420.63,231,22,0
2026-09-10T05:55:00Z,4420.6,4420.6,4419.32,4419.98,290,22,0
2026-09-10T05:56:00Z,4419.97,4419.97,4417.98,4418.19,394,22,0
2026-09-10T05:57:00Z,4418.25,4419.37,4417.99,4418.78,271,22,0
2026-09-10T05:58:00Z,4418.83,4418.83,4417.4,4418.04,238,22,0
2026-09-10T05:59:00Z,4417.97,4419.59,4417.61,4419.36,267,22,0
2026-09-10T06:00:00Z,4419.39,4421.14,4418.67,4420.06,369,22,0
2026-09-10T06:01:00Z,4419.97,4420.26,4419.29,4419.57,255,22,0
2026-09-10T06:02:00Z,4419.52,4419.89,4418.38,4418.39,297,22,0
2026-09-10T06:03:00Z,4418.45,4418.45,4415.41,4417.02,347,22,0
2026-09-10T06:04:00Z,4416.92,4418.29,4416.8,4417.56,298,22,0
2026-09-10T06:05:00Z,4417.36,4417.46,4415.38,4416.31,286,22,0
2026-09-10T06:06:00Z,4416.04,4416.15,4414.97,4415.28,229,22,0
2026-09-10T06:07:00Z,4415.32,4416.19,4414.43,4414.48,306,22,0
2026-09-10T06:08:00Z,4414.42,4414.85,4411.72,4412.54,311,22,0
2026-09-10T06:09:00Z,4412.56,4414.01,4411.69,4413.32,354,22,0
2026-09-10T06:10:00Z,4413.38,4416.13,4413.2,4415.5,404,22,0
2026-09-10T06:11:00Z,4415.51,4416.58,4414.76,4414.76,317,22,0
2026-09-10T06:12:00Z,4414.74,4414.98,4413.63,4414.69,410,22,0
2026-09-10T06:13:00Z,4414.58,4414.68,4413.26,4413.45,381,22,0
2026-09-10T06:14:00Z,4413.45,4413.58,4412.3,4412.63,398,22,0
2026-09-10T06:15:00Z,4412.65,4413.72,4412.38,4412.88,394,22,0
2026-09-10T06:16:00Z,4412.91,4413.07,4412.45,4412.74,283,22,0
2026-09-10T06:17:00Z,4412.77,4414.19,4412.23,4414.12,340,22,0
2026-09-10T06:18:00Z,4414.15,4414.75,4413.33,4413.38,256,22,0
2026-09-10T06:19:00Z,4413.37,4414.61,4413.29,4414.33,256,22,0
2026-09-10T06:20:00Z,4414.24,4414.91,4414.16,4414.32,284,22,0
2026-09-10T06:21:00Z,4414.33,4414.33,4412.11,4412.39,281,22,0
2026-09-10T06:22:00Z,4412.34,4412.39,4411.47,4411.64,294,22,0
2026-09-10T06:23:00Z,4411.64,4412.62,4411.51,4412.59,284,22,0
2026-09-10T06:24:00Z,4412.57,4413.22,4412.22,4412.24,235,22,0
2026-09-10T06:25:00Z,4412.27,4412.61,4411.46,4411.87,314,22,0
2026-09-10T06:26:00Z,4411.9,4411.91,4409.64,4410.42,298,22,0
2026-09-10T06:27:00Z,4410.44,4410.66,4409.29,4410.54,265,22,0
2026-09-10T06:28:00Z,4410.6,4410.66,4409.41,4409.52,210,22,0
2026-09-10T06:29:00Z,4409.64,4410.47,4409.51,4410.09,276,22,0
2026-09-10T06:30:00Z,4410.13,4411.31,4409.65,4411.17,242,22,0
2026-09-10T06:31:00Z,4411.21,4412.06,4410.6,4412.0,310,22,0
2026-09-10T06:32:00Z,4412.02,4412.47,4411.52,4412.47,263,22,0
2026-09-10T06:33:00Z,4412.49,4412.61,4410.62,4411.86,207,22,0
2026-09-10T06:34:00Z,4411.88,4412.17,4411.12,4411.31,198,22,0
2026-09-10T06:35:00Z,4411.24,4411.27,4409.92,4409.92,142,22,0
2026-09-10T06:36:00Z,4409.91,4410.1,4409.45,4409.86,131,22,0
2026-09-10T06:37:00Z,4409.84,4410.26,4409.58,4409.98,140,22,0
2026-09-10T06:38:00Z,4410.02,4410.07,4408.49,4409.14,185,22,0
2026-09-10T06:39:00Z,4409.13,4409.13,4408.04,4408.64,200,22,0
2026-09-10T06:40:00Z,4408.62,4408.75,4407.66,4408.09,234,22,0
2026-09-10T06:41:00Z,4408.14,4408.36,4407.15,4407.41,204,22,0
2026-09-10T06:42:00Z,4407.36,4408.55,4407.27,4407.95,156,22,0
2026-09-10T06:43:00Z,4407.85,4408.48,4407.26,4407.43,208,22,0
2026-09-10T06:44:00Z,4407.4,4407.93,4407.08,4407.83,92,22,0
2026-09-10T06:45:00Z,4407.83,4408.66,4407.83,4408.37,188,22,0
2026-09-10T06:46:00Z,4408.36,4409.33,4408.36,4409.14,199,22,0
2026-09-10T06:47:00Z,4409.15,4409.35,4408.41,4408.85,197,22,0
2026-09-10T06:48:00Z,4408.82,4409.77,4408.51,4408.52,228,22,0
2026-09-10T06:49:00Z,4408.54,4409.95,4408.4,4409.06,238,22,0
2026-09-10T06:50:00Z,4408.92,4408.92,4406.87,4407.21,209,22,0
2026-09-10T06:51:00Z,4407.32,4407.94,4407.32,4407.82,149,22,0
2026-09-10T06:52:00Z,4407.77,4407.84,4406.99,4407.58,198,22,0
2026-09-10T06:53:00Z,4407.55,4408.04,4407.2,4407.98,166,22,0
2026-09-10T06:54:00Z,4407.96,4408.45,4407.94,4408.08,206,22,0
2026-09-10T06:55:00Z,4408.05,4408.35,4407.78,4407.99,151,22,0
2026-09-10T06:56:00Z,4408.03,4408.86,4407.76,4408.46,195,22,0
2026-09-10T06:57:00Z,4408.43,4409.52,4407.87,4409.25,123,22,0
2026-09-10T06:58:00Z,4409.26,4409.26,4408.1,4408.8,152,22,0
2026-09-10T06:59:00Z,4408.8,4409.29,4408.77,4409.12,145,22,0
2026-09-10T07:00:00Z,4409.1,4409.96,4409.1,4409.55,220,22,0
2026-09-10T07:01:00Z,4409.51,4410.66,4409.41,4410.23,211,22,0
2026-09-10T07:02:00Z,4410.18,4410.67,4409.3,4410.07,209,22,0
2026-09-10T07:03:00Z,4410.1,4410.98,4409.87,4410.87,153,22,0
2026-09-10T07:04:00Z,4410.86,4412.94,4410.79,4412.93,192,22,0
2026-09-10T07:05:00Z,4412.71,4413.27,4412.37,4413.09,132,22,0
2026-09-10T07:06:00Z,4413.08,4414.16,4412.91,4413.97,143,22,0
2026-09-10T07:07:00Z,4413.92,4414.05,4413.61,4413.61,113,22,0
2026-09-10T07:08:00Z,4413.65,4413.71,4412.44,4412.72,182,22,0
2026-09-10T07:09:00Z,4412.69,4413.2,4412.48,4413.04,186,22,0
2026-09-10T07:10:00Z,4412.95,4413.65,4412.86,4413.55,140,22,0
2026-09-10T07:11:00Z,4413.53,4415.38,4413.43,4415.03,235,22,0
2026-09-10T07:12:00Z,4415.0,4415.52,4414.69,4414.69,137,22,0
2026-09-10T07:13:00Z,4414.6,4415.15,4413.99,4414.25,179,22,0
2026-09-10T07:14:00Z,4414.4,4414.65,4413.49,4414.04,125,22,0
2026-09-10T07:15:00Z,4413.87,4414.63,4413.82,4414.11,129,22,0
2026-09-10T07:16:00Z,4414.1,4414.98,4414.1,4414.69,175,22,0
2026-09-10T07:17:00Z,4414.75,4414.85,4414.1,4414.6,104,22,0
2026-09-10T07:18:00Z,4414.66,4415.22,4414.29,4414.79,143,22,0
2026-09-10T07:19:00Z,4414.79,4414.81,4414.32,4414.68,124,22,0
2026-09-10T07:20:00Z,4414.65,4415.49,4413.93,4414.06,169,22,0
2026-09-10T07:21:00Z,4414.1,4414.37,4413.54,4414.02,133,22,0
2026-09-10T07:22:00Z,4414.08,4414.71,4413.67,4414.71,82,13,0
2026-09-10T07:23:00Z,4414.75,4415.03,4413.99,4414.77,143,22,0
2026-09-10T07:24:00Z,4414.75,4414.94,4413.54,4413.85,130,22,0
2026-09-10T07:25:00Z,4413.88,4414.73,4413.48,4413.99,227,22,0
2026-09-10T07:26:00Z,4413.97,4414.33,4413.86,4414.22,102,22,0
2026-09-10T07:27:00Z,4414.27,4414.31,4412.81,4412.96,120,22,0
2026-09-10T07:28:00Z,4412.95,4413.18,4412.53,4412.7,90,22,0
2026-09-10T07:29:00Z,4412.75,4412.83,4410.76,4411.7,144,22,0
2026-09-10T07:30:00Z,4411.8,4413.1,4411.07,4412.84,227,22,0
2026-09-10T07:31:00Z,4412.89,4413.72,4412.71,4413.17,237,22,0
2026-09-10T07:32:00Z,4413.01,4413.12,4411.8,4412.07,191,22,0
2026-09-10T07:33:00Z,4412.07,4412.07,4410.75,4410.79,137,22,0
2026-09-10T07:34:00Z,4410.82,4411.08,4410.64,4411.01,90,22,0
2026-09-10T07:35:00Z,4411.04,4411.04,4410.6,4410.69,104,22,0
2026-09-10T07:36:00Z,4410.75,4411.33,4409.97,4410.7,160,22,0
2026-09-10T07:37:00Z,4410.6,4410.68,4409.84,4409.85,159,22,0
2026-09-10T07:38:00Z,4409.79,4409.85,4407.72,4408.46,157,22,0
2026-09-10T07:39:00Z,4408.42,4408.7,4408.16,4408.21,152,22,0
2026-09-10T07:40:00Z,4408.16,4408.76,4406.54,4406.74,215,22,0
2026-09-10T07:41:00Z,4406.79,4407.17,4405.99,4406.29,149,22,0
2026-09-10T07:42:00Z,4406.35,4406.73,4405.62,4406.07,156,22,0
2026-09-10T07:43:00Z,4406.04,4406.47,4405.94,4406.18,137,22,0
2026-09-10T07:44:00Z,4406.15,4406.95,4405.95,4406.59,178,22,0
2026-09-10T07:45:00Z,4406.58,4407.29,4406.34,4407.2,264,22,0
2026-09-10T07:46:00Z,4407.18,4407.51,4406.85,4407.45,160,22,0
2026-09-10T07:47:00Z,4407.46,4408.78,4407.23,4408.78,164,22,0
2026-09-10T07:48:00Z,4408.83,4409.52,4408.73,4409.0,239,22,0
2026-09-10T07:49:00Z,4409.0,4409.51,4408.76,4409.51,143,22,0
2026-09-10T07:50:00Z,4409.46,4411.67,4409.41,4410.48,234,22,0
2026-09-10T07:51:00Z,4410.5,4411.13,4409.8,4410.46,279,22,0
2026-09-10T07:52:00Z,4410.56,4410.56,4408.97,4409.17,148,22,0
2026-09-10T07:53:00Z,4409.19,4409.23,4407.67,4408.16,194,22,0
2026-09-10T07:54:00Z,4408.11,4408.18,4407.15,4407.18,138,22,0
2026-09-10T07:55:00Z,4407.22,4407.58,4406.72,4407.41,170,22,0
2026-09-10T07:56:00Z,4407.39,4408.74,4407.2,4407.97,165,22,0
2026-09-10T07:57:00Z,4407.91,4408.25,4407.71,4408.08,190,22,0
2026-09-10T07:58:00Z,4408.06,4408.25,4407.83,4408.01,114,22,0
2026-09-10T07:59:00Z,4408.04,4408.6,4407.95,4408.47,157,22,0
2026-09-10T08:00:00Z,4408.53,4410.39,4408.15,4409.65,320,22,0
2026-09-10T08:01:00Z,4409.71,4411.14,4409.06,4411.14,188,22,0
2026-09-10T08:02:00Z,4411.04,4411.8,4410.8,4411.05,221,22,0
2026-09-10T08:03:00Z,4411.07,4411.43,4410.28,4410.87,180,22,0
2026-09-10T08:04:00Z,4410.82,4411.04,4408.99,4409.33,149,22,0
2026-09-10T08:05:00Z,4409.32,4409.55,4408.74,4408.95,176,22,0
2026-09-10T08:06:00Z,4409.08,4410.35,4409.02,4409.87,183,22,0
2026-09-10T08:07:00Z,4409.93,4413.8,4409.93,4413.28,240,22,0
2026-09-10T08:08:00Z,4413.0,4413.59,4412.62,4413.11,246,22,0
2026-09-10T08:09:00Z,4413.14,4414.83,4413.14,4414.53,201,22,0
2026-09-10T08:10:00Z,4414.74,4416.58,4414.58,4415.72,308,22,0
2026-09-10T08:11:00Z,4415.66,4416.53,4414.77,4416.5,244,22,0
2026-09-10T08:12:00Z,4416.5,4416.77,4415.64,4416.61,270,22,0
2026-09-10T08:13:00Z,4416.49,4418.79,4416.2,4418.25,276,22,0
2026-09-10T08:14:00Z,4418.28,4418.85,4417.06,4418.84,227,22,0
2026-09-10T08:15:00Z,4418.84,4419.16,4417.1,4417.21,331,22,0
2026-09-10T08:16:00Z,4417.19,4419.53,4417.0,4419.48,167,22,0
2026-09-10T08:17:00Z,4419.56,4420.11,4418.07,4418.17,211,22,0
2026-09-10T08:18:00Z,4418.05,4419.51,4417.87,4418.31,271,22,0
2026-09-10T08:19:00Z,4418.33,4418.89,4417.99,4418.54,163,22,0
2026-09-10T08:20:00Z,4418.53,4419.98,4418.29,4419.06,247,22,0
2026-09-10T08:21:00Z,4419.07,4419.36,4418.08,4418.55,216,22,0
2026-09-10T08:22:00Z,4418.61,4418.89,4418.11,4418.82,190,22,0
2026-09-10T08:23:00Z,4418.86,4419.31,4418.39,4418.51,140,22,0
2026-09-10T08:24:00Z,4418.51,4419.24,4418.45,4418.91,139,22,0
2026-09-10T08:25:00Z,4419.15,4419.37,4418.38,4418.43,124,22,0
2026-09-10T08:26:00Z,4418.56,4419.22,4418.28,4419.13,166,22,0
2026-09-10T08:27:00Z,4419.09,4419.09,4417.43,4417.43,124,22,0
2026-09-10T08:28:00Z,4417.36,4419.01,4417.08,4418.73,229,22,0
2026-09-10T08:29:00Z,4418.77,4420.73,4418.52,4420.68,223,22,0
2026-09-10T08:30:00Z,4420.7,4422.87,4418.21,4418.27,710,22,0
2026-09-10T08:31:00Z,4418.36,4421.61,4417.47,4421.6,461,22,0
2026-09-10T08:32:00Z,4421.61,4426.22,4421.61,4426.16,559,22,0
2026-09-10T08:33:00Z,4426.43,4427.64,4424.24,4424.75,435,22,0
2026-09-10T08:34:00Z,4424.95,4426.66,4424.46,4425.73,400,22,0
2026-09-10T08:35:00Z,4425.7,4427.51,4424.89,4425.75,469,22,0
2026-09-10T08:36:00Z,4425.77,4427.19,4425.26,4426.37,407,22,0
2026-09-10T08:37:00Z,4426.39,4427.67,4425.72,4426.3,391,22,0
2026-09-10T08:38:00Z,4426.27,4426.27,4424.06,4424.26,361,22,0
2026-09-10T08:39:00Z,4424.34,4424.74,4421.88,4423.16,440,22,0
2026-09-10T08:40:00Z,4423.21,4424.23,4422.7,4424.23,345,22,0
2026-09-10T08:41:00Z,4424.23,4424.25,4423.26,4423.93,383,22,0
2026-09-10T08:42:00Z,4423.78,4428.78,4423.75,4428.69,350,22,0
2026-09-10T08:43:00Z,4428.68,4429.58,4427.3,4427.88,367,22,0
2026-09-10T08:44:00Z,4427.86,4429.08,4427.6,4428.28,331,22,0
2026-09-10T08:45:00Z,4428.13,4429.83,4427.72,4427.98,436,22,0
2026-09-10T08:46:00Z,4427.86,4430.34,4427.86,4429.75,341,22,0
2026-09-10T08:47:00Z,4429.68,4429.68,4427.81,4427.85,366,22,0
2026-09-10T08:48:00Z,4427.91,4428.52,4426.45,4426.95,341,22,0
2026-09-10T08:49:00Z,4426.94,4427.4,4425.85,4425.95,300,22,0
2026-09-10T08:50:00Z,4426.22,4426.3,4423.91,4424.13,358,22,0
2026-09-10T08:51:00Z,4424.23,4427.75,4423.73,4426.69,395,22,0
2026-09-10T08:52:00Z,4426.72,4428.1,4426.35,4427.2,240,22,0
2026-09-10T08:53:00Z,4427.16,4428.06,4426.01,4427.18,308,22,0
2026-09-10T08:54:00Z,4427.2,4428.06,4426.51,4427.05,299,22,0
2026-09-10T08:55:00Z,4427.07,4427.15,4425.67,4426.17,366,22,0
2026-09-10T08:56:00Z,4426.22,4426.67,4425.54,4425.82,260,22,0
2026-09-10T08:57:00Z,4425.77,4427.4,4425.71,4425.96,279,22,0
2026-09-10T08:58:00Z,4425.98,4429.05,4425.91,4429.05,243,22,0
2026-09-10T08:59:00Z,4428.94,4431.25,4428.51,4431.02,299,22,0
2026-09-10T09:00:00Z,4431.09,4434.68,4428.58,4429.79,613,18,0
2026-09-10T09:01:00Z,4429.84,4431.29,4429.07,4431.27,428,18,0
2026-09-10T09:02:00Z,4431.29,4431.34,4427.02,4427.02,522,18,0
2026-09-10T09:03:00Z,4427.06,4428.65,4427.06,4428.27,470,18,0
2026-09-10T09:04:00Z,4428.29,4428.47,4426.84,4426.84,417,18,0
2026-09-10T09:05:00Z,4426.84,4427.54,4425.85,4426.15,430,18,0
2026-09-10T09:06:00Z,4426.16,4426.52,4423.84,4423.95,400,18,0
2026-09-10T09:07:00Z,4423.97,4424.62,4423.4,4423.68,394,18,0
2026-09-10T09:08:00Z,4423.68,4424.94,4423.37,4424.34,373,18,0
2026-09-10T09:09:00Z,4424.27,4424.27,4422.41,4422.45,359,18,0
2026-09-10T09:10:00Z,4422.46,4423.16,4421.53,4422.25,295,18,0
2026-09-10T09:11:00Z,4422.19,4422.88,4422.01,4422.88,382,18,0
2026-09-10T09:12:00Z,4422.89,4422.89,4418.79,4418.96,376,18,0
2026-09-10T09:13:00Z,4418.9,4419.76,4417.5,4417.6,359,18,0
2026-09-10T09:14:00Z,4417.63,4418.02,4416.01,4416.36,283,18,0
2026-09-10T09:15:00Z,4416.42,4416.46,4414.1,4414.21,468,18,0
2026-09-10T09:16:00Z,4414.15,4415.35,4413.08,4413.71,459,18,0
2026-09-10T09:17:00Z,4413.71,4414.11,4413.1,4413.22,350,18,0
2026-09-10T09:18:00Z,4413.19,4416.17,4413.12,4415.83,473,18,0
2026-09-10T09:19:00Z,4415.86,4416.02,4414.27,4414.77,300,18,0
2026-09-10T09:20:00Z,4414.8,4414.92,4413.08,4413.23,450,18,0
2026-09-10T09:21:00Z,4413.36,4413.66,4411.7,4411.81,408,18,0
2026-09-10T09:22:00Z,4411.85,4414.77,4410.91,4413.7,458,18,0
2026-09-10T09:23:00Z,4413.71,4413.96,4411.39,4412.39,387,18,0
2026-09-10T09:24:00Z,4412.39,4416.21,4412.39,4416.07,351,18,0
2026-09-10T09:25:00Z,4416.03,4416.15,4414.79,4415.42,340,18,0
2026-09-10T09:26:00Z,4415.42,4415.54,4413.28,4414.54,452,18,0
2026-09-10T09:27:00Z,4414.54,4415.67,4413.97,4415.48,294,18,0
2026-09-10T09:28:00Z,4415.46,4417.09,4413.63,4416.98,352,18,0
2026-09-10T09:29:00Z,4417.04,4417.6,4416.61,4417.56,352,18,0
2026-09-10T09:30:00Z,4417.52,4419.08,4416.95,4417.87,410,18,0
2026-09-10T09:31:00Z,4417.87,4418.78,4416.4,4417.2,401,18,0
2026-09-10T09:32:00Z,4417.2,4417.24,4414.76,4415.43,332,18,0
2026-09-10T09:33:00Z,4415.51,4417.0,4415.4,4416.46,271,18,0
2026-09-10T09:34:00Z,4416.13,4416.36,4415.26,4415.43,188,18,0
2026-09-10T09:35:00Z,4415.39,4415.39,4413.91,4413.91,291,18,0
2026-09-10T09:36:00Z,4413.96,4414.42,4413.26,4413.96,300,18,0
2026-09-10T09:37:00Z,4413.92,4416.52,4413.76,4416.0,314,18,0
2026-09-10T09:38:00Z,4416.01,4416.86,4416.01,4416.82,183,18,0
2026-09-10T09:39:00Z,4416.77,4418.75,4416.74,4418.68,308,18,0
2026-09-10T09:40:00Z,4418.65,4421.46,4418.65,4421.05,333,18,0
2026-09-10T09:41:00Z,4421.07,4421.81,4420.46,4421.81,307,18,0
2026-09-10T09:42:00Z,4421.81,4424.83,4421.49,4424.36,342,18,0
2026-09-10T09:43:00Z,4424.37,4426.56,4424.31,4425.44,341,18,0
2026-09-10T09:44:00Z,4425.53,4427.0,4425.14,4426.8,287,18,0
2026-09-10T09:45:00Z,4426.9,4427.68,4425.55,4427.58,294,18,0
2026-09-10T09:46:00Z,4427.56,4428.88,4427.04,4427.76,352,18,0
2026-09-10T09:47:00Z,4427.69,4427.79,4424.31,4424.57,261,18,0
2026-09-10T09:48:00Z,4424.54,4424.8,4424.25,4424.64,155,18,0
2026-09-10T09:49:00Z,4424.67,4425.34,4424.35,4424.78,181,18,0
2026-09-10T09:50:00Z,4424.78,4427.77,4423.76,4427.77,357,18,0
2026-09-10T09:51:00Z,4427.79,4428.68,4426.77,4428.26,549,18,0
2026-09-10T09:52:00Z,4428.29,4428.38,4425.87,4426.06,438,18,0
2026-09-10T09:53:00Z,4426.05,4426.48,4425.32,4426.42,401,18,0
2026-09-10T09:54:00Z,4426.45,4426.45,4424.58,4425.08,435,18,0
2026-09-10T09:55:00Z,4425.1,4425.16,4424.48,4424.75,244,18,0
2026-09-10T09:56:00Z,4424.83,4425.42,4424.49,4424.49,303,18,0
2026-09-10T09:57:00Z,4424.5,4425.63,4424.44,4424.49,243,18,0
2026-09-10T09:58:00Z,4424.55,4424.72,4423.74,4424.18,313,18,0
2026-09-10T09:59:00Z,4424.18,4425.4,4423.66,4425.27,325,18,0
2026-09-10T10:00:00Z,4425.26,4425.46,4422.68,4423.04,418,18,0
2026-09-10T10:01:00Z,4423.05,4423.05,4418.68,4419.02,421,18,0
2026-09-10T10:02:00Z,4419.04,4419.46,4416.26,4416.77,305,18,0
2026-09-10T10:03:00Z,4416.76,4417.39,4415.57,4416.78,348,18,0
2026-09-10T10:04:00Z,4416.67,4417.37,4414.81,4415.17,339,18,0
2026-09-10T10:05:00Z,4415.32,4416.44,4414.54,4416.37,295,18,0
2026-09-10T10:06:00Z,4416.37,4416.5,4414.16,4414.24,354,18,0
2026-09-10T10:07:00Z,4414.37,4415.25,4414.32,4414.78,217,18,0
2026-09-10T10:08:00Z,4414.82,4415.54,4414.3,4415.29,210,18,0
2026-09-10T10:09:00Z,4415.27,4415.6,4414.51,4415.06,268,18,0
2026-09-10T10:10:00Z,4415.05,4415.65,4413.75,4414.99,315,18,0
2026-09-10T10:11:00Z,4415.02,4415.85,4414.41,4415.48,253,18,0
2026-09-10T10:12:00Z,4415.44,4417.26,4415.38,4417.26,330,18,0
2026-09-10T10:13:00Z,4417.18,4417.3,4413.41,4413.41,280,18,0
2026-09-10T10:14:00Z,4413.41,4414.23,4413.14,4413.37,248,18,0
2026-09-10T10:15:00Z,4413.37,4415.01,4411.65,4414.41,378,18,0
2026-09-10T10:16:00Z,4414.42,4414.55,4412.81,4413.43,207,18,0
2026-09-10T10:17:00Z,4413.5,4413.96,4412.92,4413.18,191,18,0
2026-09-10T10:18:00Z,4413.19,4413.39,4412.61,4413.16,180,18,0
2026-09-10T10:19:00Z,4413.12,4413.38,4412.26,4412.54,166,18,0
2026-09-10T10:20:00Z,4412.48,4413.16,4412.17,4412.48,155,18,0
2026-09-10T10:21:00Z,4412.27,4412.65,4411.16,4411.41,227,18,0
2026-09-10T10:22:00Z,4411.41,4411.53,4410.53,4410.91,178,18,0
2026-09-10T10:23:00Z,4410.91,4412.91,4410.91,4411.53,229,18,0
2026-09-10T10:24:00Z,4411.48,4412.5,4410.38,4411.59,282,18,0
2026-09-10T10:25:00Z,4411.69,4411.83,4409.55,4409.69,208,18,0
2026-09-10T10:26:00Z,4409.92,4410.64,4409.32,4409.42,204,18,0
2026-09-10T10:27:00Z,4409.47,4410.84,4408.9,4409.26,211,18,0
2026-09-10T10:28:00Z,4409.27,4409.6,4408.51,4408.8,260,18,0
2026-09-10T10:29:00Z,4408.63,4409.18,4408.04,4408.43,245,18,0
2026-09-10T10:30:00Z,4408.6,4409.55,4406.75,4408.37,341,18,0
2026-09-10T10:31:00Z,4408.39,4409.3,4407.98,4409.16,208,18,0
2026-09-10T10:32:00Z,4409.27,4410.25,4408.05,4408.88,249,18,0
2026-09-10T10:33:00Z,4408.88,4410.8,4406.07,4406.57,377,18,0
2026-09-10T10:34:00Z,4406.55,4406.65,4404.11,4404.62,403,18,0
2026-09-10T10:35:00Z,4404.7,4407.22,4404.07,4406.47,271,18,0
2026-09-10T10:36:00Z,4406.5,4407.52,4406.03,4406.5,266,18,0
2026-09-10T10:37:00Z,4406.51,4407.22,4405.84,4405.84,292,18,0
2026-09-10T10:38:00Z,4405.88,4407.73,4405.5,4406.18,373,18,0
2026-09-10T10:39:00Z,4406.23,4407.02,4405.51,4406.17,277,18,0
2026-09-10T10:40:00Z,4406.15,4407.2,4405.37,4407.2,280,18,0
2026-09-10T10:41:00Z,4407.24,4407.24,4405.17,4406.5,333,18,0
2026-09-10T10:42:00Z,4406.48,4406.85,4405.32,4406.69,265,18,0
2026-09-10T10:43:00Z,4406.68,4408.9,4405.97,4408.77,221,18,0
2026-09-10T10:44:00Z,4408.73,4409.78,4408.62,4409.72,246,18,0
2026-09-10T10:45:00Z,4409.48,4409.7,4408.95,4409.0,303,18,0
2026-09-10T10:46:00Z,4408.99,4411.9,4408.99,4411.74,288,18,0
2026-09-10T10:47:00Z,4411.77,4412.76,4411.37,4412.2,254,18,0
2026-09-10T10:48:00Z,4412.2,4412.22,4411.0,4411.53,347,18,0
2026-09-10T10:49:00Z,4411.57,4412.45,4411.15,4411.45,297,18,0
2026-09-10T10:50:00Z,4411.47,4412.52,4411.25,4412.02,173,18,0
2026-09-10T10:51:00Z,4412.01,4414.91,4412.01,4414.81,237,18,0
2026-09-10T10:52:00Z,4414.81,4415.51,4414.18,4414.79,211,18,0
2026-09-10T10:53:00Z,4414.64,4415.04,4413.71,4414.1,295,18,0
2026-09-10T10:54:00Z,4414.0,4415.19,4413.72,4414.78,274,18,0
2026-09-10T10:55:00Z,4414.79,4414.89,4412.65,4413.31,303,18,0
2026-09-10T10:56:00Z,4413.25,4413.25,4411.96,4412.53,248,18,0
2026-09-10T10:57:00Z,4412.59,4413.16,4411.65,4411.73,240,18,0
2026-09-10T10:58:00Z,4411.82,4412.38,4411.2,4411.45,220,18,0
2026-09-10T10:59:00Z,4411.43,4412.31,4411.19,4411.81,186,18,0
2026-09-10T11:00:00Z,4411.83,4412.83,4411.23,4412.41,406,18,0
2026-09-10T11:01:00Z,4412.38,4412.68,4411.01,4411.01,280,18,0
2026-09-10T11:02:00Z,4411.0,4411.2,4409.84,4410.17,194,18,0
2026-09-10T11:03:00Z,4410.16,4410.47,4408.02,4408.38,266,18,0
2026-09-10T11:04:00Z,4408.57,4409.24,4407.42,4407.6,313,18,0
2026-09-10T11:05:00Z,4407.63,4408.09,4406.68,4407.76,338,18,0
2026-09-10T11:06:00Z,4407.75,4408.28,4407.03,4408.09,310,18,0
2026-09-10T11:07:00Z,4408.12,4408.62,4407.75,4408.16,290,18,0
2026-09-10T11:08:00Z,4408.2,4408.86,4407.37,4408.55,293,18,0
2026-09-10T11:09:00Z,4408.6,4409.01,4407.51,4408.99,294,18,0
2026-09-10T11:10:00Z,4408.99,4409.78,4408.44,4408.97,310,18,0
2026-09-10T11:11:00Z,4408.89,4409.45,4408.14,4409.17,279,18,0
2026-09-10T11:12:00Z,4409.17,4409.39,4407.14,4407.41,206,18,0
2026-09-10T11:13:00Z,4407.43,4407.98,4406.36,4406.81,253,18,0
2026-09-10T11:14:00Z,4406.79,4406.82,4404.64,4405.74,337,18,0
2026-09-10T11:15:00Z,4405.65,4406.46,4405.39,4405.69,281,18,0
2026-09-10T11:16:00Z,4405.55,4406.2,4405.48,4405.84,174,18,0
2026-09-10T11:17:00Z,4405.81,4406.66,4404.78,4406.54,282,18,0
2026-09-10T11:18:00Z,4406.93,4406.93,4405.47,4406.23,302,18,0
2026-09-10T11:19:00Z,4406.23,4406.71,4405.67,4406.28,293,18,0
2026-09-10T11:20:00Z,4406.26,4406.32,4405.63,4405.65,220,18,0
2026-09-10T11:21:00Z,4405.54,4407.0,4405.32,4405.83,262,18,0
2026-09-10T11:22:00Z,4405.86,4406.86,4405.52,4405.96,218,18,0
2026-09-10T11:23:00Z,4405.97,4407.75,4405.68,4406.85,241,18,0
2026-09-10T11:24:00Z,4406.82,4406.89,4405.43,4406.38,219,18,0
2026-09-10T11:25:00Z,4406.35,4406.39,4405.21,4405.5,224,18,0
2026-09-10T11:26:00Z,4405.5,4405.84,4405.15,4405.47,224,18,0
2026-09-10T11:27:00Z,4405.43,4405.77,4404.2,4405.08,273,18,0
2026-09-10T11:28:00Z,4405.05,4405.82,4404.31,4405.32,222,18,0
2026-09-10T11:29:00Z,4405.22,4406.38,4403.95,4405.63,331,18,0
2026-09-10T11:30:00Z,4405.67,4406.03,4404.3,4405.72,267,18,0
2026-09-10T11:31:00Z,4405.7,4405.71,4403.11,4403.11,281,18,0
2026-09-10T11:32:00Z,4403.0,4403.01,4401.4,4401.92,316,18,0
2026-09-10T11:33:00Z,4401.88,4402.04,4400.57,4401.05,304,18,0
2026-09-10T11:34:00Z,4400.99,4401.91,4399.91,4399.91,308,18,0
2026-09-10T11:35:00Z,4399.89,4401.09,4399.69,4400.78,290,18,0
2026-09-10T11:36:00Z,4400.78,4401.59,4400.38,4401.48,300,18,0
2026-09-10T11:37:00Z,4401.1,4401.24,4399.78,4399.79,203,18,0
2026-09-10T11:38:00Z,4399.84,4400.17,4398.67,4399.61,299,18,0
2026-09-10T11:39:00Z,4399.76,4400.91,4398.91,4399.76,250,18,0
2026-09-10T11:40:00Z,4399.79,4400.13,4399.16,4399.39,189,18,0
2026-09-10T11:41:00Z,4399.37,4400.49,4398.21,4398.8,312,18,0
2026-09-10T11:42:00Z,4398.86,4398.87,4395.47,4397.19,364,18,0
2026-09-10T11:43:00Z,4397.13,4397.45,4394.82,4395.76,346,18,0
2026-09-10T11:44:00Z,4395.79,4396.58,4395.49,4395.9,230,18,0
2026-09-10T11:45:00Z,4396.01,4396.58,4393.69,4393.76,331,18,0
2026-09-10T11:46:00Z,4393.77,4395.69,4393.65,4394.92,463,18,0
2026-09-10T11:47:00Z,4395.1,4395.47,4393.55,4394.09,344,18,0
2026-09-10T11:48:00Z,4394.11,4394.26,4392.52,4393.64,291,18,0
2026-09-10T11:49:00Z,4393.67,4393.91,4392.51,4392.98,302,18,0
2026-09-10T11:50:00Z,4393.08,4395.54,4392.86,4395.53,296,18,0
2026-09-10T11:51:00Z,4395.55,4398.15,4395.51,4397.4,323,18,0
2026-09-10T11:52:00Z,4397.39,4398.43,4396.65,4396.82,236,18,0
2026-09-10T11:53:00Z,4396.69,4397.28,4395.74,4395.84,236,18,0
2026-09-10T11:54:00Z,4396.04,4397.21,4395.85,4396.74,249,18,0
2026-09-10T11:55:00Z,4396.69,4396.71,4395.06,4395.15,230,18,0
2026-09-10T11:56:00Z,4395.21,4395.31,4393.82,4394.69,286,18,0
2026-09-10T11:57:00Z,4394.55,4394.84,4394.13,4394.35,187,18,0
2026-09-10T11:58:00Z,4394.57,4395.68,4394.56,4395.39,269,18,0
2026-09-10T11:59:00Z,4395.33,4395.67,4394.27,4394.87,261,18,0
2026-09-10T12:00:00Z,4394.83,4396.03,4394.24,4394.94,364,18,0
2026-09-10T12:01:00Z,4394.96,4394.96,4393.25,4393.69,271,18,0
2026-09-10T12:02:00Z,4393.67,4395.06,4393.47,4395.06,302,18,0
2026-09-10T12:03:00Z,4394.93,4396.61,4393.58,4395.0,274,18,0
2026-09-10T12:04:00Z,4395.15,4396.05,4395.07,4395.6,239,18,0
2026-09-10T12:05:00Z,4395.63,4396.6,4392.53,4392.55,264,18,0
2026-09-10T12:06:00Z,4392.53,4394.06,4391.54,4393.94,253,18,0
2026-09-10T12:07:00Z,4393.96,4394.44,4393.38,4394.28,196,18,0
2026-09-10T12:08:00Z,4394.28,4394.65,4393.17,4393.24,205,18,0
2026-09-10T12:09:00Z,4393.2,4393.44,4389.94,4391.42,286,18,0
2026-09-10T12:10:00Z,4391.45,4392.86,4391.4,4392.73,184,18,0
2026-09-10T12:11:00Z,4392.71,4393.88,4392.17,4393.2,253,18,0
2026-09-10T12:12:00Z,4393.23,4394.97,4392.24,4394.65,194,18,0
2026-09-10T12:13:00Z,4394.65,4394.94,4393.87,4394.32,203,18,0
2026-09-10T12:14:00Z,4394.37,4395.01,4394.16,4394.88,249,18,0
2026-09-10T12:15:00Z,4395.07,4395.8,4393.58,4394.07,292,18,0
2026-09-10T12:16:00Z,4393.99,4396.8,4393.98,4395.68,276,18,0
2026-09-10T12:17:00Z,4395.7,4396.89,4395.15,4395.3,256,18,0
2026-09-10T12:18:00Z,4395.31,4396.23,4395.2,4396.11,206,18,0
2026-09-10T12:19:00Z,4396.07,4396.32,4395.12,4395.79,207,18,0
2026-09-10T12:20:00Z,4395.77,4396.1,4394.64,4395.62,241,18,0
2026-09-10T12:21:00Z,4395.58,4395.94,4393.94,4394.33,208,18,0
2026-09-10T12:22:00Z,4394.32,4394.7,4393.59,4394.01,236,18,0
2026-09-10T12:23:00Z,4394.0,4394.28,4393.53,4393.84,211,18,0
2026-09-10T12:24:00Z,4393.87,4394.08,4392.16,4392.79,220,18,0
2026-09-10T12:25:00Z,4392.78,4392.94,4391.75,4392.36,280,18,0
2026-09-10T12:26:00Z,4392.27,4394.1,4392.25,4394.1,236,18,0
2026-09-10T12:27:00Z,4394.07,4395.57,4393.79,4395.17,232,18,0
2026-09-10T12:28:00Z,4395.13,4395.13,4392.63,4393.25,198,18,0
2026-09-10T12:29:00Z,4393.25,4393.81,4392.73,4392.84,233,18,0
2026-09-10T12:30:00Z,4392.84,4393.02,4391.53,4392.19,278,18,0
2026-09-10T12:31:00Z,4392.45,4392.49,4390.52,4390.67,260,18,0
2026-09-10T12:32:00Z,4390.72,4392.32,4389.59,4389.92,249,18,0
2026-09-10T12:33:00Z,4389.92,4392.31,4389.79,4391.88,353,18,0
2026-09-10T12:34:00Z,4391.89,4392.6,4391.28,4392.01,207,18,0
2026-09-10T12:35:00Z,4392.05,4392.27,4391.18,4391.78,177,18,0
2026-09-10T12:36:00Z,4391.84,4392.52,4391.18,4392.25,269,18,0
2026-09-10T12:37:00Z,4392.27,4393.08,4390.89,4391.35,209,18,0
2026-09-10T12:38:00Z,4391.3,4392.21,4390.76,4391.82,211,18,0
2026-09-10T12:39:00Z,4391.87,4392.1,4390.8,4390.85,200,18,0
2026-09-10T12:40:00Z,4390.61,4391.04,4389.71,4390.92,247,18,0
2026-09-10T12:41:00Z,4390.87,4390.87,4389.54,4389.73,249,18,0
2026-09-10T12:42:00Z,4389.73,4389.99,4388.42,4388.71,224,18,0
2026-09-10T12:43:00Z,4388.76,4392.13,4388.59,4392.04,242,18,0
2026-09-10T12:44:00Z,4392.14,4393.14,4391.89,4393.1,261,18,0
2026-09-10T12:45:00Z,4393.07,4393.87,4392.57,4393.67,165,18,0
2026-09-10T12:46:00Z,4393.68,4394.94,4393.68,4394.85,261,18,0
2026-09-10T12:47:00Z,4394.83,4395.35,4393.82,4394.48,222,18,0
2026-09-10T12:48:00Z,4394.38,4395.78,4394.27,4395.08,188,18,0
2026-09-10T12:49:00Z,4395.01,4395.18,4394.45,4394.99,148,18,0
2026-09-10T12:50:00Z,4394.84,4394.88,4393.97,4394.02,159,18,0
2026-09-10T12:51:00Z,4394.02,4394.58,4393.94,4394.55,134,18,0
2026-09-10T12:52:00Z,4394.53,4394.79,4394.07,4394.57,158,18,0
2026-09-10T12:53:00Z,4394.48,4395.62,4394.48,4394.76,140,18,0
2026-09-10T12:54:00Z,4394.81,4395.77,4394.74,4394.86,156,18,0
2026-09-10T12:55:00Z,4394.64,4394.97,4393.93,4394.56,178,18,0
2026-09-10T12:56:00Z,4394.56,4394.66,4394.04,4394.44,188,18,0
2026-09-10T12:57:00Z,4394.52,4395.12,4394.18,4394.23,217,18,0
2026-09-10T12:58:00Z,4394.22,4394.46,4393.28,4393.64,218,18,0
2026-09-10T12:59:00Z,4393.63,4394.24,4393.31,4394.04,127,18,0
2026-09-10T13:00:00Z,4393.97,4394.07,4391.7,4393.29,662,18,0
2026-09-10T13:01:00Z,4393.27,4395.46,4392.61,4395.13,325,18,0
2026-09-10T13:02:00Z,4395.13,4396.53,4394.72,4396.51,187,18,0
2026-09-10T13:03:00Z,4396.46,4398.15,4396.29,4397.65,237,18,0
2026-09-10T13:04:00Z,4397.87,4399.42,4397.87,4398.26,250,18,0
2026-09-10T13:05:00Z,4398.21,4399.78,4398.11,4399.62,233,18,0
2026-09-10T13:06:00Z,4399.61,4400.01,4399.55,4399.66,186,18,0
2026-09-10T13:07:00Z,4399.61,4399.94,4396.95,4397.11,311,18,0
2026-09-10T13:08:00Z,4397.09,4397.28,4395.41,4395.79,512,18,0
2026-09-10T13:09:00Z,4395.83,4395.92,4391.92,4392.91,486,18,0
2026-09-10T13:10:00Z,4392.91,4393.56,4391.45,4391.78,367,18,0
2026-09-10T13:11:00Z,4391.75,4393.33,4389.96,4393.2,402,18,0
2026-09-10T13:12:00Z,4393.23,4394.32,4392.68,4394.32,283,18,0
2026-09-10T13:13:00Z,4394.28,4396.79,4394.23,4396.14,308,18,0
2026-09-10T13:14:00Z,4396.33,4397.38,4395.19,4395.19,312,18,0
2026-09-10T13:15:00Z,4395.12,4398.23,4394.45,4398.19,342,18,0
2026-09-10T13:16:00Z,4398.17,4400.22,4397.91,4400.21,305,18,0
2026-09-10T13:17:00Z,4400.13,4400.15,4398.45,4398.63,305,18,0
2026-09-10T13:18:00Z,4398.57,4398.93,4396.86,4397.24,312,18,0
2026-09-10T13:19:00Z,4397.29,4399.01,4397.17,4398.7,304,18,0
2026-09-10T13:20:00Z,4398.77,4398.99,4397.57,4398.0,278,18,0
2026-09-10T13:21:00Z,4398.02,4398.58,4397.11,4398.33,220,18,0
2026-09-10T13:22:00Z,4398.28,4399.29,4398.28,4398.7,226,18,0
2026-09-10T13:23:00Z,4398.7,4399.04,4396.15,4396.69,258,18,0
2026-09-10T13:24:00Z,4396.66,4397.36,4395.9,4395.94,264,18,0
2026-09-10T13:25:00Z,4396.0,4397.25,4395.69,4397.16,262,18,0
2026-09-10T13:26:00Z,4397.12,4397.31,4396.07,4396.21,270,18,0
2026-09-10T13:27:00Z,4396.18,4396.59,4394.45,4394.83,273,18,0
2026-09-10T13:28:00Z,4394.75,4395.76,4394.71,4395.12,237,18,0
2026-09-10T13:29:00Z,4395.14,4395.16,4393.68,4394.1,230,18,0
2026-09-10T13:30:00Z,4394.11,4394.71,4392.35,4392.76,287,18,0
2026-09-10T13:31:00Z,4392.72,4393.13,4390.23,4390.23,311,18,0
2026-09-10T13:32:00Z,4389.92,4390.25,4387.25,4388.59,477,18,0
2026-09-10T13:33:00Z,4388.54,4388.87,4385.78,4386.11,368,18,0
2026-09-10T13:34:00Z,4385.6,4385.66,4383.64,4384.88,456,18,0
2026-09-10T13:35:00Z,4384.9,4384.9,4381.69,4381.98,470,18,0
2026-09-10T13:36:00Z,4382.03,4382.6,4379.23,4379.72,496,18,0
2026-09-10T13:37:00Z,4379.67,4384.14,4377.89,4384.14,471,18,0
2026-09-10T13:38:00Z,4384.11,4384.13,4382.6,4383.08,290,18,0
2026-09-10T13:39:00Z,4383.24,4385.63,4383.05,4385.53,299,18,0
2026-09-10T13:40:00Z,4385.46,4385.66,4383.33,4384.82,330,18,0
2026-09-10T13:41:00Z,4384.69,4385.57,4383.4,4383.68,342,18,0
2026-09-10T13:42:00Z,4383.71,4386.57,4383.63,4386.32,274,18,0
2026-09-10T13:43:00Z,4386.06,4386.4,4384.61,4384.62,261,18,0
2026-09-10T13:44:00Z,4384.62,4385.03,4383.11,4383.78,345,18,0
2026-09-10T13:45:00Z,4383.65,4384.37,4382.23,4384.0,359,18,0
2026-09-10T13:46:00Z,4384.09,4385.86,4383.98,4385.16,343,18,0
2026-09-10T13:47:00Z,4385.14,4385.14,4382.64,4383.07,344,18,0
2026-09-10T13:48:00Z,4382.95,4383.47,4380.18,4381.46,361,18,0
2026-09-10T13:49:00Z,4381.55,4383.42,4381.37,4382.98,298,18,0
2026-09-10T13:50:00Z,4382.76,4383.39,4381.79,4382.59,287,18,0
2026-09-10T13:51:00Z,4382.6,4383.6,4379.29,4379.47,348,18,0
2026-09-10T13:52:00Z,4379.32,4379.32,4375.34,4377.5,518,18,0
2026-09-10T13:53:00Z,4377.45,4378.81,4377.38,4378.27,312,18,0
2026-09-10T13:54:00Z,4378.28,4378.37,4376.69,4377.22,386,18,0
2026-09-10T13:55:00Z,4377.33,4379.68,4376.97,4379.16,381,18,0
2026-09-10T13:56:00Z,4379.12,4387.86,4378.98,4385.72,789,18,0
2026-09-10T13:57:00Z,4385.74,4387.13,4382.33,4382.86,745,18,0
2026-09-10T13:58:00Z,4382.61,4382.88,4379.47,4379.82,622,18,0
2026-09-10T13:59:00Z,4379.65,4379.75,4377.69,4378.96,519,18,0
2026-09-10T14:00:00Z,4379.0,4380.38,4378.09,4379.89,765,18,0
2026-09-10T14:01:00Z,4380.01,4382.64,4379.62,4380.93,496,18,0
2026-09-10T14:02:00Z,4380.95,4382.18,4379.32,4381.94,462,18,0
2026-09-10T14:03:00Z,4381.86,4383.69,4381.84,4382.2,411,18,0
2026-09-10T14:04:00Z,4382.17,4384.58,4382.15,4383.88,389,18,0
2026-09-10T14:05:00Z,4383.83,4384.41,4382.18,4383.05,371,18,0
2026-09-10T14:06:00Z,4383.09,4383.17,4379.22,4379.27,412,18,0
2026-09-10T14:07:00Z,4379.26,4381.86,4379.18,4381.71,329,18,0
2026-09-10T14:08:00Z,4381.51,4382.74,4381.51,4382.5,379,18,0
2026-09-10T14:09:00Z,4382.46,4383.06,4378.83,4379.56,434,18,0
2026-09-10T14:10:00Z,4379.49,4381.65,4378.98,4380.58,456,18,0
2026-09-10T14:11:00Z,4380.49,4380.72,4377.3,4377.59,414,18,0
2026-09-10T14:12:00Z,4377.6,4378.04,4375.24,4377.75,434,18,0
2026-09-10T14:13:00Z,4377.72,4382.08,4377.47,4380.15,415,18,0
2026-09-10T14:14:00Z,4380.23,4383.81,4380.16,4383.5,400,18,0
2026-09-10T14:15:00Z,4383.65,4384.53,4382.18,4383.64,383,18,0
2026-09-10T14:16:00Z,4383.8,4384.13,4382.1,4382.93,424,18,0
2026-09-10T14:17:00Z,4382.81,4385.62,4382.35,4382.47,434,18,0
2026-09-10T14:18:00Z,4382.38,4384.41,4382.28,4382.64,396,18,0
2026-09-10T14:19:00Z,4382.76,4383.34,4380.98,4382.87,375,18,0
2026-09-10T14:20:00Z,4382.87,4383.61,4382.06,4382.84,365,18,0
2026-09-10T14:21:00Z,4382.83,4382.95,4379.95,4380.0,376,18,0
2026-09-10T14:22:00Z,4380.04,4381.49,4380.01,4381.45,444,18,0
2026-09-10T14:23:00Z,4381.5,4382.71,4381.35,4382.33,359,18,0
2026-09-10T14:24:00Z,4382.29,4382.85,4381.36,4382.79,349,18,0
2026-09-10T14:25:00Z,4382.78,4386.16,4382.59,4385.9,365,18,0
2026-09-10T14:26:00Z,4385.89,4387.83,4385.36,4387.78,359,18,0
2026-09-10T14:27:00Z,4387.81,4388.79,4386.95,4387.27,333,18,0
2026-09-10T14:28:00Z,4387.31,4387.9,4385.8,4386.2,261,18,0
2026-09-10T14:29:00Z,4386.23,4386.24,4385.56,4385.9,243,18,0
2026-09-10T14:30:00Z,4385.71,4386.25,4384.99,4386.14,310,18,0
2026-09-10T14:31:00Z,4386.21,4387.74,4386.21,4386.74,347,18,0
2026-09-10T14:32:00Z,4386.77,4387.46,4385.84,4387.04,256,18,0
2026-09-10T14:33:00Z,4387.02,4388.45,4384.51,4388.45,400,18,0
2026-09-10T14:34:00Z,4388.45,4388.61,4386.4,4386.66,339,18,0
2026-09-10T14:35:00Z,4386.68,4388.7,4386.4,4388.47,398,18,0
2026-09-10T14:36:00Z,4388.37,4388.38,4387.08,4387.83,343,18,0
2026-09-10T14:37:00Z,4387.77,4388.39,4387.22,4387.98,412,18,0
2026-09-10T14:38:00Z,4387.87,4388.35,4386.28,4388.35,287,18,0
2026-09-10T14:39:00Z,4388.31,4389.57,4388.24,4389.53,309,18,0
2026-09-10T14:40:00Z,4389.51,4389.93,4389.17,4389.54,329,18,0
2026-09-10T14:41:00Z,4389.48,4390.77,4389.27,4389.64,295,18,0
2026-09-10T14:42:00Z,4389.69,4389.82,4387.84,4388.08,363,18,0
2026-09-10T14:43:00Z,4387.97,4388.35,4384.82,4384.87,507,18,0
2026-09-10T14:44:00Z,4384.83,4385.44,4384.43,4384.51,516,18,0
2026-09-10T14:45:00Z,4384.51,4384.92,4383.03,4384.21,435,18,0
2026-09-10T14:46:00Z,4384.2,4385.29,4383.22,4383.55,300,18,0
2026-09-10T14:47:00Z,4383.56,4383.63,4380.99,4381.36,366,18,0
2026-09-10T14:48:00Z,4381.26,4381.72,4380.29,4381.7,392,18,0
2026-09-10T14:49:00Z,4381.49,4382.17,4381.21,4381.57,331,18,0
2026-09-10T14:50:00Z,4382.04,4382.66,4378.82,4379.95,451,18,0
2026-09-10T14:51:00Z,4379.98,4380.45,4376.45,4376.67,431,18,0
2026-09-10T14:52:00Z,4376.65,4377.33,4375.82,4376.46,362,18,0
2026-09-10T14:53:00Z,4376.41,4377.94,4375.9,4377.59,500,18,0
2026-09-10T14:54:00Z,4377.56,4380.78,4376.64,4380.48,492,18,0
2026-09-10T14:55:00Z,4380.35,4380.43,4376.55,4377.22,612,18,0
2026-09-10T14:56:00Z,4377.16,4378.88,4374.18,4375.4,638,18,0
2026-09-10T14:57:00Z,4375.52,4377.01,4374.46,4376.53,609,18,0
2026-09-10T14:58:00Z,4376.53,4377.72,4375.35,4375.7,607,18,0
2026-09-10T14:59:00Z,4375.73,4376.81,4374.52,4374.52,471,18,0
2026-09-10T15:00:00Z,4374.66,4376.7,4371.7,4373.19,763,18,0
2026-09-10T15:01:00Z,4373.23,4375.77,4372.58,4374.93,541,18,0
2026-09-10T15:02:00Z,4374.92,4376.95,4373.18,4373.98,497,18,0
2026-09-10T15:03:00Z,4373.91,4373.94,4371.29,4371.53,597,18,0
2026-09-10T15:04:00Z,4371.51,4372.88,4370.58,4372.67,576,18,0
2026-09-10T15:05:00Z,4372.62,4372.77,4369.91,4372.42,521,18,0
2026-09-10T15:06:00Z,4372.45,4373.25,4370.1,4371.5,541,18,0
2026-09-10T15:07:00Z,4371.55,4374.85,4371.0,4374.09,588,18,0
2026-09-10T15:08:00Z,4374.08,4376.57,4372.33,4373.86,645,18,0
2026-09-10T15:09:00Z,4373.87,4376.46,4372.18,4372.19,493,18,0
2026-09-10T15:10:00Z,4372.29,4374.09,4371.82,4373.98,557,18,0
2026-09-10T15:11:00Z,4373.99,4374.99,4373.7,4374.91,483,18,0
2026-09-10T15:12:00Z,4374.93,4377.81,4374.03,4374.16,460,18,0
2026-09-10T15:13:00Z,4374.22,4374.76,4372.54,4373.76,387,18,0
2026-09-10T15:14:00Z,4373.76,4376.02,4373.55,4375.36,423,18,0
2026-09-10T15:15:00Z,4375.35,4377.12,4371.17,4372.88,683,18,0
2026-09-10T15:16:00Z,4372.89,4374.18,4368.11,4368.42,674,18,0
2026-09-10T15:17:00Z,4368.44,4371.02,4366.78,4370.03,676,18,0
2026-09-10T15:18:00Z,4370.04,4374.34,4369.66,4373.57,791,18,0
2026-09-10T15:19:00Z,4373.47,4373.7,4371.84,4372.0,743,18,0
2026-09-10T15:20:00Z,4372.01,4373.81,4368.79,4373.03,736,18,0
2026-09-10T15:21:00Z,4372.94,4372.94,4368.4,4368.83,664,18,0
2026-09-10T15:22:00Z,4369.06,4369.94,4367.74,4369.72,533,18,0
2026-09-10T15:23:00Z,4369.74,4369.75,4367.04,4367.69,545,18,0
2026-09-10T15:24:00Z,4367.76,4367.89,4365.6,4367.5,587,18,0
2026-09-10T15:25:00Z,4367.59,4368.27,4363.86,4364.49,563,18,0
2026-09-10T15:26:00Z,4364.37,4364.51,4362.52,4362.93,583,18,0
2026-09-10T15:27:00Z,4362.76,4364.59,4361.94,4362.48,449,18,0
2026-09-10T15:28:00Z,4362.52,4363.37,4361.87,4363.31,484,18,0
2026-09-10T15:29:00Z,4363.33,4363.78,4361.96,4363.75,408,18,0
2026-09-10T15:30:00Z,4363.73,4373.41,4359.08,4360.12,1154,18,0
2026-09-10T15:31:00Z,4359.99,4359.99,4352.48,4352.82,984,18,0
2026-09-10T15:32:00Z,4352.84,4355.18,4349.11,4351.18,911,18,0
2026-09-10T15:33:00Z,4351.16,4352.91,4348.31,4348.32,908,18,0
2026-09-10T15:34:00Z,4348.17,4348.37,4340.23,4342.22,937,18,0
2026-09-10T15:35:00Z,4342.23,4343.04,4338.51,4340.93,1018,18,0
2026-09-10T15:36:00Z,4341.21,4343.07,4335.31,4337.14,1030,18,0
2026-09-10T15:37:00Z,4337.16,4337.76,4331.3,4331.3,908,18,0
2026-09-10T15:38:00Z,4331.42,4331.8,4327.3,4328.37,1019,18,0
2026-09-10T15:39:00Z,4328.4,4328.87,4324.01,4326.92,842,18,0
2026-09-10T15:40:00Z,4326.9,4329.55,4324.03,4329.2,1019,18,0
2026-09-10T15:41:00Z,4329.15,4333.42,4327.93,4328.47,977,18,0
2026-09-10T15:42:00Z,4328.48,4335.25,4324.73,4332.92,1028,18,0
2026-09-10T15:43:00Z,4332.97,4334.32,4330.87,4331.95,936,18,0
2026-09-10T15:44:00Z,4331.82,4343.1,4330.18,4340.85,1011,18,0
2026-09-10T15:45:00Z,4340.85,4343.76,4339.41,4341.36,897,18,0
2026-09-10T15:46:00Z,4341.22,4342.78,4338.79,4342.24,877,18,0
2026-09-10T15:47:00Z,4342.35,4346.04,4340.57,4341.02,906,18,0
2026-09-10T15:48:00Z,4341.01,4347.03,4338.39,4345.63,913,18,0
2026-09-10T15:49:00Z,4345.47,4349.63,4345.19,4349.63,728,18,0
2026-09-10T15:50:00Z,4349.65,4354.97,4349.16,4354.39,806,18,0
2026-09-10T15:51:00Z,4354.32,4354.65,4349.53,4350.92,743,18,0
2026-09-10T15:52:00Z,4351.14,4351.14,4345.74,4347.03,795,18,0
2026-09-10T15:53:00Z,4346.96,4347.11,4344.28,4344.45,714,18,0
2026-09-10T15:54:00Z,4344.45,4346.4,4342.57,4343.33,849,18,0
2026-09-10T15:55:00Z,4343.42,4343.42,4337.83,4338.27,733,18,0
2026-09-10T15:56:00Z,4338.37,4340.88,4336.38,4338.29,678,18,0
2026-09-10T15:57:00Z,4338.24,4342.25,4337.77,4341.49,721,18,0
2026-09-10T15:58:00Z,4341.46,4344.09,4340.85,4342.1,772,18,0
2026-09-10T15:59:00Z,4342.0,4342.43,4337.92,4340.04,811,18,0
2026-09-10T16:00:00Z,4340.19,4347.44,4339.22,4343.07,1171,18,0
2026-09-10T16:01:00Z,4343.07,4352.38,4342.85,4348.75,861,18,0
2026-09-10T16:02:00Z,4348.76,4355.42,4348.15,4354.01,740,18,0
2026-09-10T16:03:00Z,4354.02,4354.17,4348.37,4350.76,806,18,0
2026-09-10T16:04:00Z,4350.49,4354.48,4350.49,4351.09,679,18,0
2026-09-10T16:05:00Z,4351.29,4353.23,4348.32,4348.65,902,18,0
2026-09-10T16:06:00Z,4348.63,4349.78,4346.57,4347.72,823,18,0
2026-09-10T16:07:00Z,4347.72,4352.38,4346.87,4347.37,801,18,0
2026-09-10T16:08:00Z,4347.58,4350.42,4346.61,4348.74,733,18,0
2026-09-10T16:09:00Z,4348.83,4353.37,4347.28,4347.28,766,18,0
2026-09-10T16:10:00Z,4347.23,4351.2,4346.81,4348.83,863,18,0
2026-09-10T16:11:00Z,4348.75,4349.11,4346.29,4346.49,692,18,0
2026-09-10T16:12:00Z,4346.55,4349.08,4344.66,4345.65,712,18,0
2026-09-10T16:13:00Z,4345.64,4347.44,4344.91,4346.41,763,18,0
2026-09-10T16:14:00Z,4346.49,4348.54,4343.8,4343.87,768,18,0
2026-09-10T16:15:00Z,4343.86,4346.56,4341.55,4345.83,765,18,0
2026-09-10T16:16:00Z,4345.95,4345.95,4341.51,4344.19,670,18,0
2026-09-10T16:17:00Z,4344.19,4345.51,4343.48,4344.84,562,18,0
2026-09-10T16:18:00Z,4344.74,4347.73,4344.69,4347.56,690,18,0
2026-09-10T16:19:00Z,4347.54,4349.25,4344.52,4349.25,656,18,0
2026-09-10T16:20:00Z,4349.2,4352.66,4349.2,4352.53,618,18,0
2026-09-10T16:21:00Z,4352.56,4356.12,4351.54,4353.31,779,18,0
2026-09-10T16:22:00Z,4353.4,4355.51,4351.94,4352.6,593,18,0
2026-09-10T16:23:00Z,4352.73,4355.41,4352.73,4354.14,591,18,0
2026-09-10T16:24:00Z,4354.34,4354.34,4349.34,4350.2,548,18,0
2026-09-10T16:25:00Z,4350.13,4350.46,4347.95,4349.18,600,18,0
2026-09-10T16:26:00Z,4349.16,4349.45,4344.88,4349.19,587,18,0
2026-09-10T16:27:00Z,4349.17,4354.38,4348.55,4354.11,585,18,0
2026-09-10T16:28:00Z,4353.95,4356.59,4351.35,4356.57,593,18,0
2026-09-10T16:29:00Z,4356.59,4357.77,4355.97,4357.77,509,18,0
2026-09-10T16:30:00Z,4357.85,4358.89,4353.81,4356.04,972,18,0
2026-09-10T16:31:00Z,4356.05,4358.99,4352.26,4356.9,949,18,0
2026-09-10T16:32:00Z,4356.9,4362.86,4356.45,4360.63,963,18,0
2026-09-10T16:33:00Z,4360.67,4367.76,4359.93,4367.34,863,18,0
2026-09-10T16:34:00Z,4367.34,4368.29,4363.53,4363.58,864,18,0
2026-09-10T16:35:00Z,4363.27,4365.98,4359.63,4359.97,1002,18,0
2026-09-10T16:36:00Z,4360.12,4364.07,4359.48,4359.92,980,18,0
2026-09-10T16:37:00Z,4359.95,4367.87,4359.86,4367.34,988,18,0
2026-09-10T16:38:00Z,4367.26,4371.66,4367.26,4370.96,1011,18,0
2026-09-10T16:39:00Z,4370.99,4371.16,4367.5,4369.78,951,18,0
2026-09-10T16:40:00Z,4369.63,4373.39,4367.44,4371.55,1035,18,0
2026-09-10T16:41:00Z,4371.75,4373.4,4366.8,4369.55,939,18,0
2026-09-10T16:42:00Z,4369.56,4372.1,4367.12,4369.1,948,18,0
2026-09-10T16:43:00Z,4369.14,4369.98,4365.7,4366.47,919,18,0
2026-09-10T16:44:00Z,4366.52,4367.61,4363.45,4364.48,866,18,0
2026-09-10T16:45:00Z,4364.64,4366.28,4363.49,4366.23,952,18,0
2026-09-10T16:46:00Z,4366.39,4368.33,4364.9,4367.85,921,18,0
2026-09-10T16:47:00Z,4367.9,4372.65,4366.56,4371.89,981,18,0
2026-09-10T16:48:00Z,4371.94,4374.73,4370.1,4374.51,786,18,0
2026-09-10T16:49:00Z,4374.5,4375.88,4371.62,4371.67,812,18,0
2026-09-10T16:50:00Z,4371.77,4372.96,4365.85,4367.34,739,18,0
2026-09-10T16:51:00Z,4367.4,4367.4,4363.31,4364.14,766,18,0
2026-09-10T16:52:00Z,4364.24,4373.65,4362.47,4372.87,838,18,0
2026-09-10T16:53:00Z,4372.86,4374.75,4371.41,4372.06,794,18,0
2026-09-10T16:54:00Z,4371.97,4372.9,4367.03,4367.03,690,18,0
2026-09-10T16:55:00Z,4367.07,4368.0,4365.24,4366.33,718,18,0
2026-09-10T16:56:00Z,4366.44,4370.42,4366.12,4369.43,720,18,0
2026-09-10T16:57:00Z,4369.44,4369.55,4366.76,4367.3,662,18,0
2026-09-10T16:58:00Z,4367.31,4368.77,4366.02,4366.47,497,18,0
2026-09-10T16:59:00Z,4366.5,4368.1,4364.45,4366.12,624,18,0
2026-09-10T17:00:00Z,4366.03,4371.86,4365.94,4367.96,823,18,0
2026-09-10T17:01:00Z,4368.03,4373.85,4367.19,4373.36,705,18,0
2026-09-10T17:02:00Z,4373.31,4375.14,4371.68,4372.61,827,18,0
2026-09-10T17:03:00Z,4372.58,4373.24,4369.71,4371.55,834,18,0
2026-09-10T17:04:00Z,4371.68,4371.93,4368.17,4370.09,889,18,0
2026-09-10T17:05:00Z,4370.0,4371.63,4366.88,4367.19,910,18,0
2026-09-10T17:06:00Z,4367.46,4368.59,4364.05,4364.66,691,18,0
2026-09-10T17:07:00Z,4364.58,4366.46,4361.79,4362.13,707,18,0
2026-09-10T17:08:00Z,4362.13,4364.16,4361.19,4361.78,715,18,0
2026-09-10T17:09:00Z,4361.83,4365.38,4361.78,4364.3,722,18,0
2026-09-10T17:10:00Z,4364.07,4365.79,4362.1,4362.77,669,18,0
2026-09-10T17:11:00Z,4362.82,4367.22,4362.04,4365.77,677,18,0
2026-09-10T17:12:00Z,4365.92,4366.19,4359.81,4360.53,686,18,0
2026-09-10T17:13:00Z,4360.52,4362.81,4360.01,4360.65,633,18,0
2026-09-10T17:14:00Z,4360.78,4361.63,4359.14,4359.41,717,18,0
2026-09-10T17:15:00Z,4359.34,4361.81,4359.03,4361.37,630,18,0
2026-09-10T17:16:00Z,4361.36,4361.37,4358.07,4359.68,689,18,0
2026-09-10T17:17:00Z,4359.91,4360.17,4354.91,4355.4,678,18,0
2026-09-10T17:18:00Z,4355.35,4360.2,4353.98,4359.61,688,18,0
2026-09-10T17:19:00Z,4359.51,4363.21,4359.21,4361.52,693,18,0
2026-09-10T17:20:00Z,4361.59,4366.61,4361.59,4363.73,828,18,0
2026-09-10T17:21:00Z,4363.73,4364.79,4362.11,4364.63,666,18,0
2026-09-10T17:22:00Z,4364.61,4366.74,4363.59,4366.52,740,18,0
2026-09-10T17:23:00Z,4366.55,4367.52,4361.45,4361.87,721,18,0
2026-09-10T17:24:00Z,4361.87,4373.6,4359.2,4371.18,957,18,0
2026-09-10T17:25:00Z,4371.15,4376.36,4371.02,4371.6,1184,18,0
2026-09-10T17:26:00Z,4371.6,4371.69,4365.88,4366.1,960,18,0
2026-09-10T17:27:00Z,4366.07,4369.15,4364.66,4366.55,807,18,0
2026-09-10T17:28:00Z,4366.71,4367.85,4366.17,4367.45,787,18,0
2026-09-10T17:29:00Z,4367.49,4367.53,4362.58,4363.41,720,18,0
2026-09-10T17:30:00Z,4363.21,4363.82,4360.76,4361.07,736,18,0
2026-09-10T17:31:00Z,4361.13,4362.6,4360.25,4361.73,698,18,0
2026-09-10T17:32:00Z,4361.72,4364.14,4361.07,4363.42,599,18,0
2026-09-10T17:33:00Z,4363.32,4365.46,4362.09,4362.44,556,18,0
2026-09-10T17:34:00Z,4362.4,4365.55,4362.4,4364.68,552,18,0
2026-09-10T17:35:00Z,4364.54,4369.49,4364.46,4368.24,618,18,0
2026-09-10T17:36:00Z,4368.08,4370.3,4366.38,4370.17,663,18,0
2026-09-10T17:37:00Z,4370.18,4370.22,4367.05,4368.82,636,18,0
2026-09-10T17:38:00Z,4368.74,4369.15,4365.16,4366.87,629,18,0
2026-09-10T17:39:00Z,4367.01,4367.27,4362.88,4363.08,513,18,0
2026-09-10T17:40:00Z,4363.03,4368.79,4362.72,4368.71,644,18,0
2026-09-10T17:41:00Z,4368.87,4369.49,4365.19,4365.23,502,18,0
2026-09-10T17:42:00Z,4365.23,4365.98,4360.34,4360.45,691,18,0
2026-09-10T17:43:00Z,4360.38,4360.45,4356.93,4357.53,614,18,0
2026-09-10T17:44:00Z,4357.69,4359.57,4356.22,4356.33,718,18,0
2026-09-10T17:45:00Z,4356.29,4356.79,4354.01,4355.5,682,18,0
2026-09-10T17:46:00Z,4355.58,4358.45,4355.48,4357.45,763,18,0
2026-09-10T17:47:00Z,4357.49,4357.49,4354.54,4354.54,642,18,0
2026-09-10T17:48:00Z,4354.54,4357.14,4354.0,4356.93,637,18,0
2026-09-10T17:49:00Z,4356.93,4358.95,4356.67,4357.94,669,18,0
2026-09-10T17:50:00Z,4357.89,4358.71,4356.43,4357.03,673,18,0
2026-09-10T17:51:00Z,4357.11,4359.22,4356.85,4359.18,663,18,0
2026-09-10T17:52:00Z,4359.19,4360.18,4358.19,4360.18,640,18,0
2026-09-10T17:53:00Z,4360.58,4361.77,4360.16,4360.91,581,18,0
2026-09-10T17:54:00Z,4360.96,4360.96,4355.01,4355.23,631,18,0
2026-09-10T17:55:00Z,4355.21,4357.1,4354.07,4355.99,639,18,0
2026-09-10T17:56:00Z,4355.96,4358.97,4355.49,4358.84,649,18,0
2026-09-10T17:57:00Z,4358.85,4359.97,4357.75,4358.73,605,18,0
2026-09-10T17:58:00Z,4358.72,4359.08,4356.2,4357.43,583,18,0
2026-09-10T17:59:00Z,4357.47,4359.2,4356.73,4358.1,621,18,0
2026-09-10T18:00:00Z,4358.14,4358.49,4355.61,4356.04,754,18,0
2026-09-10T18:01:00Z,4356.11,4356.29,4353.31,4353.88,672,18,0
2026-09-10T18:02:00Z,4353.87,4355.32,4352.65,4353.86,633,18,0
2026-09-10T18:03:00Z,4353.98,4355.78,4352.95,4354.61,517,18,0
2026-09-10T18:04:00Z,4354.6,4357.1,4353.49,4353.6,598,18,0
2026-09-10T18:05:00Z,4353.56,4357.34,4353.49,4357.16,593,18,0
2026-09-10T18:06:00Z,4357.16,4357.25,4353.39,4354.77,529,18,0
2026-09-10T18:07:00Z,4354.64,4357.4,4353.96,4356.93,544,18,0
2026-09-10T18:08:00Z,4356.95,4358.81,4356.21,4358.8,539,18,0
2026-09-10T18:09:00Z,4358.79,4358.95,4355.37,4355.56,513,18,0
2026-09-10T18:10:00Z,4355.62,4361.47,4355.26,4360.3,591,18,0
2026-09-10T18:11:00Z,4360.31,4361.2,4357.88,4359.15,582,18,0
2026-09-10T18:12:00Z,4359.15,4359.88,4357.52,4358.15,495,18,0
2026-09-10T18:13:00Z,4358.2,4359.47,4356.06,4358.45,822,18,0
2026-09-10T18:14:00Z,4358.42,4360.26,4357.89,4359.69,735,18,0
2026-09-10T18:15:00Z,4359.64,4362.65,4358.71,4362.42,695,18,0
2026-09-10T18:16:00Z,4362.37,4362.93,4360.35,4361.89,626,18,0
2026-09-10T18:17:00Z,4361.87,4364.52,4361.61,4364.31,741,18,0
2026-09-10T18:18:00Z,4364.39,4364.94,4362.99,4364.93,566,18,0
2026-09-10T18:19:00Z,4364.96,4364.96,4362.72,4363.42,577,18,0
2026-09-10T18:20:00Z,4363.44,4365.36,4362.23,4362.29,647,18,0
2026-09-10T18:21:00Z,4362.31,4364.72,4361.2,4364.2,644,18,0
2026-09-10T18:22:00Z,4364.17,4366.48,4363.54,4366.41,565,18,0
2026-09-10T18:23:00Z,4366.41,4367.25,4364.7,4365.36,653,18,0
2026-09-10T18:24:00Z,4365.43,4366.58,4365.26,4366.05,643,18,0
2026-09-10T18:25:00Z,4366.04,4366.38,4364.5,4366.2,498,18,0
2026-09-10T18:26:00Z,4366.2,4366.75,4365.03,4365.22,446,18,0
2026-09-10T18:27:00Z,4365.19,4367.74,4364.93,4367.53,561,18,0
2026-09-10T18:28:00Z,4367.55,4367.63,4363.05,4363.22,544,18,0
2026-09-10T18:29:00Z,4363.12,4365.51,4363.12,4365.42,540,18,0
2026-09-10T18:30:00Z,4365.41,4367.31,4364.87,4366.26,610,18,0
2026-09-10T18:31:00Z,4366.28,4366.63,4363.19,4364.17,536,18,0
2026-09-10T18:32:00Z,4364.11,4364.29,4362.3,4363.29,476,18,0
2026-09-10T18:33:00Z,4363.27,4367.15,4362.77,4366.75,522,18,0
2026-09-10T18:34:00Z,4366.72,4369.66,4366.42,4369.46,602,18,0
2026-09-10T18:35:00Z,4369.44,4370.32,4368.77,4370.06,508,18,0
2026-09-10T18:36:00Z,4370.05,4371.45,4369.68,4369.83,445,18,0
2026-09-10T18:37:00Z,4369.79,4372.19,4369.6,4370.92,484,18,0
2026-09-10T18:38:00Z,4370.94,4371.34,4369.23,4369.45,444,18,0
2026-09-10T18:39:00Z,4369.41,4369.81,4366.93,4368.39,605,18,0
2026-09-10T18:40:00Z,4368.37,4368.72,4366.14,4366.24,580,18,0
2026-09-10T18:41:00Z,4366.26,4367.98,4365.03,4366.96,585,18,0
2026-09-10T18:42:00Z,4366.95,4366.95,4365.26,4365.44,560,18,0
2026-09-10T18:43:00Z,4365.43,4365.68,4364.1,4364.9,476,18,0
2026-09-10T18:44:00Z,4364.93,4366.48,4364.24,4365.86,646,18,0
2026-09-10T18:45:00Z,4365.9,4366.48,4364.31,4364.31,620,18,0
2026-09-10T18:46:00Z,4364.33,4365.47,4363.34,4363.82,524,18,0
2026-09-10T18:47:00Z,4363.8,4363.85,4361.01,4362.45,664,18,0
2026-09-10T18:48:00Z,4362.54,4363.92,4362.29,4362.6,569,18,0
2026-09-10T18:49:00Z,4362.6,4367.01,4362.44,4366.98,544,18,0
2026-09-10T18:50:00Z,4366.88,4367.55,4365.38,4365.62,557,18,0
2026-09-10T18:51:00Z,4365.56,4368.49,4365.56,4368.49,542,18,0
2026-09-10T18:52:00Z,4368.48,4370.14,4368.34,4368.4,530,18,0
2026-09-10T18:53:00Z,4368.42,4368.87,4367.02,4367.36,367,18,0
2026-09-10T18:54:00Z,4367.39,4367.77,4365.32,4365.76,530,18,0
2026-09-10T18:55:00Z,4365.86,4366.63,4363.87,4365.99,542,18,0
2026-09-10T18:56:00Z,4366.05,4366.54,4365.56,4365.63,483,18,0
2026-09-10T18:57:00Z,4365.7,4367.1,4365.27,4365.38,440,18,0
2026-09-10T18:58:00Z,4365.41,4367.34,4365.09,4367.3,544,18,0
2026-09-10T18:59:00Z,4367.26,4367.54,4365.7,4365.85,346,18,0
2026-09-10T19:00:00Z,4365.94,4368.2,4364.86,4367.98,776,18,0
2026-09-10T19:01:00Z,4367.96,4368.87,4365.97,4367.62,695,18,0
2026-09-10T19:02:00Z,4367.6,4368.34,4367.13,4367.77,621,18,0
2026-09-10T19:03:00Z,4367.78,4369.37,4366.09,4368.57,610,18,0
2026-09-10T19:04:00Z,4368.58,4370.06,4367.05,4367.16,533,18,0
2026-09-10T19:05:00Z,4366.94,4368.84,4366.09,4366.22,635,18,0
2026-09-10T19:06:00Z,4366.2,4366.43,4364.82,4365.0,505,18,0
2026-09-10T19:07:00Z,4364.99,4365.38,4363.11,4363.86,526,18,0
2026-09-10T19:08:00Z,4363.8,4364.28,4360.5,4360.53,643,18,0
2026-09-10T19:09:00Z,4360.52,4361.66,4359.5,4359.79,619,18,0
2026-09-10T19:10:00Z,4359.79,4360.91,4357.02,4357.35,667,18,0
2026-09-10T19:11:00Z,4357.33,4357.46,4355.02,4355.12,596,18,0
2026-09-10T19:12:00Z,4355.02,4358.33,4353.92,4357.93,600,18,0
2026-09-10T19:13:00Z,4357.93,4359.01,4357.31,4359.01,488,18,0
2026-09-10T19:14:00Z,4359.11,4360.22,4358.53,4359.0,503,18,0
2026-09-10T19:15:00Z,4359.01,4361.21,4358.55,4359.66,582,18,0
2026-09-10T19:16:00Z,4359.64,4359.8,4357.54,4357.8,527,18,0
2026-09-10T19:17:00Z,4357.88,4358.15,4355.32,4355.37,484,18,0
2026-09-10T19:18:00Z,4355.39,4357.09,4355.39,4356.82,468,18,0
2026-09-10T19:19:00Z,4356.81,4359.42,4356.75,4359.25,412,18,0
2026-09-10T19:20:00Z,4359.26,4360.55,4358.92,4359.82,496,18,0
2026-09-10T19:21:00Z,4359.82,4361.9,4359.55,4361.37,496,18,0
2026-09-10T19:22:00Z,4361.39,4362.15,4360.99,4361.97,390,18,0
2026-09-10T19:23:00Z,4361.96,4362.88,4360.97,4361.4,497,18,0
2026-09-10T19:24:00Z,4361.42,4361.71,4360.17,4361.27,457,18,0
2026-09-10T19:25:00Z,4361.27,4361.55,4360.05,4360.37,458,18,0
2026-09-10T19:26:00Z,4360.29,4362.28,4359.89,4362.24,375,18,0
2026-09-10T19:27:00Z,4362.13,4362.9,4361.79,4362.25,310,18,0
2026-09-10T19:28:00Z,4362.25,4362.83,4362.02,4362.52,297,18,0
2026-09-10T19:29:00Z,4362.48,4363.8,4362.3,4363.07,376,18,0
2026-09-10T19:30:00Z,4363.06,4363.84,4361.54,4361.89,400,18,0
2026-09-10T19:31:00Z,4361.84,4364.56,4361.84,4363.74,413,18,0
2026-09-10T19:32:00Z,4363.73,4365.55,4363.12,4364.66,484,18,0
2026-09-10T19:33:00Z,4364.73,4365.03,4363.71,4363.82,444,18,0
2026-09-10T19:34:00Z,4363.76,4364.84,4357.31,4357.31,1031,18,0
2026-09-10T19:35:00Z,4357.26,4359.03,4355.72,4356.61,864,18,0
2026-09-10T19:36:00Z,4356.57,4359.49,4356.37,4358.74,666,18,0
2026-09-10T19:37:00Z,4358.71,4360.93,4358.71,4360.02,597,18,0
2026-09-10T19:38:00Z,4360.01,4361.39,4359.57,4359.81,501,18,0
2026-09-10T19:39:00Z,4359.83,4361.38,4359.44,4360.46,543,18,0
2026-09-10T19:40:00Z,4360.4,4360.79,4358.77,4359.68,503,18,0
2026-09-10T19:41:00Z,4359.65,4361.55,4359.65,4361.31,452,18,0
2026-09-10T19:42:00Z,4361.37,4361.37,4357.37,4357.51,447,18,0
2026-09-10T19:43:00Z,4357.42,4358.12,4356.7,4357.81,415,18,0
2026-09-10T19:44:00Z,4357.93,4358.66,4356.21,4356.59,347,18,0
2026-09-10T19:45:00Z,4356.6,4360.84,4356.38,4360.76,502,18,0
2026-09-10T19:46:00Z,4360.76,4361.4,4358.97,4360.75,445,18,0
2026-09-10T19:47:00Z,4360.82,4363.17,4360.17,4362.43,489,18,0
2026-09-10T19:48:00Z,4362.48,4363.11,4360.71,4360.95,435,18,0
2026-09-10T19:49:00Z,4360.9,4361.21,4358.98,4360.23,390,18,0
2026-09-10T19:50:00Z,4360.23,4362.34,4360.21,4361.94,405,18,0
2026-09-10T19:51:00Z,4361.94,4363.26,4361.3,4362.32,481,18,0
2026-09-10T19:52:00Z,4362.37,4363.92,4361.99,4362.15,377,18,0
2026-09-10T19:53:00Z,4362.23,4363.78,4361.5,4363.07,506,18,0
2026-09-10T19:54:00Z,4363.06,4363.48,4360.98,4361.7,393,18,0
2026-09-10T19:55:00Z,4361.63,4361.81,4359.72,4360.99,458,18,0
2026-09-10T19:56:00Z,4361.09,4361.36,4360.13,4360.29,368,18,0
2026-09-10T19:57:00Z,4360.35,4362.15,4360.11,4361.32,340,18,0
2026-09-10T19:58:00Z,4361.31,4364.36,4361.31,4364.03,308,18,0
2026-09-10T19:59:00Z,4364.2,4364.29,4363.08,4364.05,273,18,0
2026-09-10T20:00:00Z,4364.18,4364.18,4362.23,4363.7,333,18,0
2026-09-10T20:01:00Z,4363.8,4364.18,4362.17,4362.6,370,18,0
2026-09-10T20:02:00Z,4362.69,4367.88,4362.45,4362.54,618,18,0
2026-09-10T20:03:00Z,4362.54,4362.56,4359.58,4360.64,518,18,0
2026-09-10T20:04:00Z,4360.63,4363.62,4360.22,4363.62,468,18,0
2026-09-10T20:05:00Z,4363.62,4364.66,4361.28,4361.45,569,18,0
2026-09-10T20:06:00Z,4361.48,4363.1,4360.63,4362.57,478,18,0
2026-09-10T20:07:00Z,4362.69,4363.53,4362.36,4363.14,303,18,0
2026-09-10T20:08:00Z,4363.14,4363.68,4361.56,4361.92,349,18,0
2026-09-10T20:09:00Z,4361.93,4362.75,4360.92,4361.87,415,18,0
2026-09-10T20:10:00Z,4361.85,4366.19,4361.85,4365.92,466,18,0
2026-09-10T20:11:00Z,4365.91,4366.03,4364.72,4365.84,453,18,0
2026-09-10T20:12:00Z,4365.84,4366.25,4364.87,4365.3,503,18,0
2026-09-10T20:13:00Z,4365.29,4365.38,4362.04,4362.09,440,18,0
2026-09-10T20:14:00Z,4362.19,4362.58,4361.37,4362.58,317,18,0
2026-09-10T20:15:00Z,4362.56,4362.56,4361.41,4361.84,373,18,0
2026-09-10T20:16:00Z,4361.92,4364.64,4361.92,4363.77,365,18,0
2026-09-10T20:17:00Z,4363.74,4364.19,4362.91,4363.0,378,18,0
2026-09-10T20:18:00Z,4363.0,4363.85,4361.32,4362.71,414,18,0
2026-09-10T20:19:00Z,4362.79,4364.85,4362.15,4364.25,416,18,0
2026-09-10T20:20:00Z,4364.28,4364.77,4362.83,4364.49,363,18,0
2026-09-10T20:21:00Z,4364.46,4365.61,4363.95,4363.99,372,18,0
2026-09-10T20:22:00Z,4363.97,4365.23,4363.53,4363.63,379,18,0
2026-09-10T20:23:00Z,4363.7,4364.96,4362.84,4363.2,423,18,0
2026-09-10T20:24:00Z,4363.19,4365.52,4362.57,4362.67,555,18,0
2026-09-10T20:25:00Z,4362.95,4364.82,4362.63,4363.32,396,18,0
2026-09-10T20:26:00Z,4363.4,4365.13,4363.34,4365.08,445,18,0
2026-09-10T20:27:00Z,4365.18,4366.81,4364.99,4365.99,450,18,0
2026-09-10T20:28:00Z,4365.94,4366.95,4363.98,4365.33,492,18,0
2026-09-10T20:29:00Z,4365.22,4366.14,4363.79,4365.84,519,18,0
2026-09-10T20:30:00Z,4365.88,4366.38,4363.26,4364.18,530,18,0
2026-09-10T20:31:00Z,4364.21,4365.57,4363.79,4365.13,404,18,0
2026-09-10T20:32:00Z,4365.19,4365.25,4364.4,4364.89,343,18,0
2026-09-10T20:33:00Z,4364.87,4365.47,4362.29,4362.55,436,18,0
2026-09-10T20:34:00Z,4362.51,4363.96,4362.21,4362.68,418,18,0
2026-09-10T20:35:00Z,4362.65,4363.61,4361.82,4363.35,310,18,0
2026-09-10T20:36:00Z,4363.31,4363.99,4362.46,4363.07,409,18,0
2026-09-10T20:37:00Z,4363.11,4363.6,4361.85,4361.86,372,18,0
2026-09-10T20:38:00Z,4361.85,4362.56,4361.16,4362.49,367,18,0
2026-09-10T20:39:00Z,4362.51,4362.57,4358.11,4358.57,393,18,0
2026-09-10T20:40:00Z,4358.5,4358.5,4355.46,4355.78,495,18,0
2026-09-10T20:41:00Z,4355.86,4356.58,4355.4,4356.19,469,18,0
2026-09-10T20:42:00Z,4356.23,4356.98,4355.35,4356.9,471,18,0
2026-09-10T20:43:00Z,4356.89,4358.55,4356.5,4358.38,487,18,0
2026-09-10T20:44:00Z,4358.32,4359.56,4357.61,4359.52,511,18,0
2026-09-10T20:45:00Z,4359.45,4360.12,4358.47,4359.74,442,18,0
2026-09-10T20:46:00Z,4359.71,4360.2,4357.47,4357.71,441,18,0
2026-09-10T20:47:00Z,4357.73,4358.51,4357.17,4357.28,357,18,0
2026-09-10T20:48:00Z,4357.23,4358.14,4356.81,4357.15,354,18,0
2026-09-10T20:49:00Z,4356.99,4358.06,4356.82,4357.72,374,18,0
2026-09-10T20:50:00Z,4357.79,4358.62,4357.14,4357.41,377,18,0
2026-09-10T20:51:00Z,4357.41,4358.86,4357.38,4358.75,316,18,0
2026-09-10T20:52:00Z,4358.77,4360.31,4358.77,4359.38,398,18,0
2026-09-10T20:53:00Z,4359.46,4359.74,4358.08,4358.68,470,18,0
2026-09-10T20:54:00Z,4358.71,4359.99,4358.51,4359.55,311,18,0
2026-09-10T20:55:00Z,4359.55,4359.79,4357.03,4357.03,301,18,0
2026-09-10T20:56:00Z,4357.04,4357.38,4354.93,4354.98,343,18,0
2026-09-10T20:57:00Z,4354.92,4354.96,4351.5,4351.68,370,18,0
2026-09-10T20:58:00Z,4351.7,4352.85,4351.16,4351.61,410,18,0
2026-09-10T20:59:00Z,4351.66,4353.92,4351.66,4352.66,420,18,0
2026-09-10T21:00:00Z,4352.79,4355.06,4352.19,4355.06,538,18,0
2026-09-10T21:01:00Z,4354.97,4356.11,4350.93,4350.96,582,18,0
2026-09-10T21:02:00Z,4350.92,4352.92,4348.97,4352.79,608,18,0
2026-09-10T21:03:00Z,4352.84,4352.84,4348.91,4349.17,507,18,0
2026-09-10T21:04:00Z,4349.09,4351.5,4348.69,4350.93,522,18,0
2026-09-10T21:05:00Z,4350.98,4350.99,4347.75,4348.69,542,18,0
2026-09-10T21:06:00Z,4348.55,4350.89,4347.85,4349.43,541,18,0
2026-09-10T21:07:00Z,4349.47,4350.22,4348.33,4349.38,550,18,0
2026-09-10T21:08:00Z,4349.38,4350.41,4344.48,4344.65,430,18,0
2026-09-10T21:09:00Z,4344.63,4344.64,4342.11,4343.29,664,18,0
2026-09-10T21:10:00Z,4343.22,4343.22,4340.93,4341.91,720,18,0
2026-09-10T21:11:00Z,4341.81,4343.89,4341.8,4342.36,648,18,0
2026-09-10T21:12:00Z,4342.31,4342.81,4340.92,4342.69,487,18,0
2026-09-10T21:13:00Z,4342.87,4343.54,4340.42,4340.46,473,18,0
2026-09-10T21:14:00Z,4340.47,4342.7,4340.34,4340.91,486,18,0
2026-09-10T21:15:00Z,4340.88,4342.12,4338.46,4342.04,552,18,0
2026-09-10T21:16:00Z,4342.07,4344.98,4341.05,4341.8,535,18,0
2026-09-10T21:17:00Z,4341.86,4342.39,4340.27,4341.14,391,18,0
2026-09-10T21:18:00Z,4341.12,4341.94,4340.74,4341.29,316,18,0
2026-09-10T21:19:00Z,4341.29,4342.63,4341.25,4342.23,377,18,0
2026-09-10T21:20:00Z,4342.23,4343.7,4342.02,4343.28,403,18,0
2026-09-10T21:21:00Z,4343.18,4344.57,4342.08,4342.9,453,18,0
2026-09-10T21:22:00Z,4343.07,4344.87,4343.04,4344.78,419,18,0
2026-09-10T21:23:00Z,4344.78,4346.35,4344.68,4344.71,395,18,0
2026-09-10T21:24:00Z,4344.71,4345.3,4343.61,4343.77,400,18,0
2026-09-10T21:25:00Z,4343.96,4345.21,4342.37,4342.87,466,18,0
2026-09-10T21:26:00Z,4343.04,4343.04,4337.57,4338.28,539,18,0
2026-09-10T21:27:00Z,4338.28,4339.29,4338.09,4338.67,521,18,0
2026-09-10T21:28:00Z,4338.71,4341.45,4338.33,4341.12,586,18,0
2026-09-10T21:29:00Z,4341.12,4341.12,4337.48,4339.02,429,18,0
2026-09-10T21:30:00Z,4339.01,4339.04,4334.88,4336.39,581,18,0
2026-09-10T21:31:00Z,4336.3,4338.24,4336.0,4337.57,492,18,0
2026-09-10T21:32:00Z,4337.56,4337.56,4335.59,4335.81,480,18,0
2026-09-10T21:33:00Z,4335.69,4336.15,4332.79,4332.98,498,18,0
2026-09-10T21:34:00Z,4333.0,4335.93,4332.44,4335.28,487,18,0
2026-09-10T21:35:00Z,4335.33,4335.96,4334.75,4335.03,426,18,0
2026-09-10T21:36:00Z,4335.09,4335.69,4333.76,4334.15,400,18,0
2026-09-10T21:37:00Z,4334.25,4334.39,4332.94,4333.64,420,18,0
2026-09-10T21:38:00Z,4333.68,4334.74,4332.78,4333.84,411,18,0
2026-09-10T21:39:00Z,4333.82,4334.62,4333.55,4334.17,367,18,0
2026-09-10T21:40:00Z,4334.21,4334.21,4331.85,4332.09,368,18,0
2026-09-10T21:41:00Z,4332.09,4335.12,4332.05,4334.85,371,18,0
2026-09-10T21:42:00Z,4334.83,4335.59,4334.04,4334.27,336,18,0
2026-09-10T21:43:00Z,4334.23,4334.81,4332.94,4333.32,299,18,0
2026-09-10T21:44:00Z,4333.3,4334.48,4333.27,4333.84,267,18,0
2026-09-10T21:45:00Z,4333.81,4333.81,4332.07,4332.14,385,18,0
2026-09-10T21:46:00Z,4332.16,4332.82,4331.38,4332.08,382,18,0
2026-09-10T21:47:00Z,4332.08,4332.27,4331.02,4331.44,268,18,0
2026-09-10T21:48:00Z,4331.45,4332.15,4330.26,4330.9,310,18,0
2026-09-10T21:49:00Z,4330.88,4334.29,4330.67,4331.7,525,18,0
2026-09-10T21:50:00Z,4331.67,4332.97,4329.84,4332.81,396,18,0
2026-09-10T21:51:00Z,4332.77,4338.61,4331.91,4336.96,914,18,0
2026-09-10T21:52:00Z,4336.87,4338.33,4335.03,4337.19,632,18,0
2026-09-10T21:53:00Z,4337.22,4337.35,4332.7,4333.22,595,18,0
2026-09-10T21:54:00Z,4333.11,4333.69,4330.58,4331.43,507,18,0
2026-09-10T21:55:00Z,4331.45,4335.08,4330.93,4335.08,388,18,0
2026-09-10T21:56:00Z,4335.07,4336.88,4334.95,4335.49,500,18,0
2026-09-10T21:57:00Z,4335.49,4335.71,4332.59,4332.6,463,18,0
2026-09-10T21:58:00Z,4332.51,4333.19,4330.72,4331.94,389,18,0
2026-09-10T21:59:00Z,4331.92,4333.47,4331.82,4333.01,449,18,0
2026-09-10T22:00:00Z,4332.94,4332.94,4325.7,4326.63,483,18,0
2026-09-10T22:01:00Z,4326.67,4327.16,4320.29,4321.12,601,30,0
2026-09-10T22:02:00Z,4321.1,4321.83,4315.5,4315.51,670,30,0
2026-09-10T22:03:00Z,4315.58,4317.03,4313.65,4315.02,629,30,0
2026-09-10T22:04:00Z,4314.96,4317.31,4314.91,4316.44,432,30,0
2026-09-10T22:05:00Z,4316.42,4318.96,4316.14,4318.18,392,30,0
2026-09-10T22:06:00Z,4318.17,4320.38,4317.62,4319.16,457,30,0
2026-09-10T22:07:00Z,4319.1,4319.99,4317.15,4317.21,343,30,0
2026-09-10T22:08:00Z,4317.29,4318.71,4317.0,4318.07,381,30,0
2026-09-10T22:09:00Z,4317.95,4324.64,4317.3,4324.43,716,30,0
2026-09-10T22:10:00Z,4324.39,4324.62,4320.61,4320.93,562,30,0
2026-09-10T22:11:00Z,4320.94,4321.8,4319.81,4320.76,423,30,0
2026-09-10T22:12:00Z,4320.66,4323.7,4320.53,4321.24,458,30,0
2026-09-10T22:13:00Z,4321.17,4321.85,4320.7,4321.3,450,30,0
2026-09-10T22:14:00Z,4321.28,4322.53,4319.92,4322.35,511,30,0
2026-09-10T22:15:00Z,4322.44,4323.68,4321.28,4321.29,397,30,0
2026-09-10T22:16:00Z,4321.24,4321.88,4319.32,4320.07,352,30,0
2026-09-10T22:17:00Z,4320.14,4321.56,4319.97,4320.43,287,30,0
2026-09-10T22:18:00Z,4320.32,4321.01,4319.66,4320.25,398,30,0
2026-09-10T22:19:00Z,4320.24,4321.19,4319.54,4321.05,399,30,0
2026-09-10T22:20:00Z,4320.96,4323.84,4320.84,4322.44,409,30,0
2026-09-10T22:21:00Z,4322.41,4323.84,4322.38,4323.4,430,30,0
2026-09-10T22:22:00Z,4323.39,4324.69,4323.39,4324.23,248,30,0
2026-09-10T22:23:00Z,4324.14,4324.87,4323.67,4323.75,304,30,0
2026-09-10T22:24:00Z,4323.75,4329.8,4323.71,4329.37,384,30,0
2026-09-10T22:25:00Z,4329.35,4330.89,4328.74,4328.81,419,30,0
2026-09-10T22:26:00Z,4328.88,4330.19,4328.8,4329.96,359,30,0
2026-09-10T22:27:00Z,4329.92,4330.62,4328.87,4330.5,359,30,0
2026-09-10T22:28:00Z,4330.36,4330.36,4327.93,4328.24,350,30,0
2026-09-10T22:29:00Z,4328.04,4328.53,4326.36,4327.17,282,30,0
2026-09-10T22:30:00Z,4327.16,4328.01,4325.24,4325.37,365,30,0
2026-09-10T22:31:00Z,4325.32,4329.46,4325.11,4329.26,318,30,0
2026-09-10T22:32:00Z,4329.21,4329.38,4326.63,4327.11,279,30,0
2026-09-10T22:33:00Z,4327.12,4327.31,4324.89,4326.25,283,30,0
2026-09-10T22:34:00Z,4326.32,4327.25,4324.85,4326.96,277,30,0
2026-09-10T22:35:00Z,4326.97,4327.15,4326.09,4326.54,318,30,0
2026-09-10T22:36:00Z,4326.5,4328.02,4325.45,4327.7,338,30,0
2026-09-10T22:37:00Z,4327.73,4328.05,4324.78,4325.66,366,30,0
2026-09-10T22:38:00Z,4325.63,4326.51,4324.09,4326.37,329,30,0
2026-09-10T22:39:00Z,4326.34,4326.99,4325.31,4326.96,332,30,0
2026-09-10T22:40:00Z,4326.93,4327.9,4326.75,4327.11,338,30,0
2026-09-10T22:41:00Z,4327.11,4327.7,4326.16,4326.49,327,30,0
2026-09-10T22:42:00Z,4326.51,4327.26,4324.68,4325.05,274,30,0
2026-09-10T22:43:00Z,4325.09,4325.18,4323.43,4324.37,290,30,0
2026-09-10T22:44:00Z,4324.41,4324.72,4323.67,4324.29,306,30,0
2026-09-10T22:45:00Z,4324.36,4325.22,4324.33,4325.18,296,30,0
2026-09-10T22:46:00Z,4325.1,4326.05,4322.86,4322.95,302,30,0
2026-09-10T22:47:00Z,4322.91,4324.23,4322.67,4323.64,221,30,0
2026-09-10T22:48:00Z,4323.67,4324.09,4321.54,4321.59,214,30,0
2026-09-10T22:49:00Z,4321.51,4323.31,4320.91,4323.1,232,30,0
2026-09-10T22:50:00Z,4323.08,4323.71,4321.07,4321.18,316,30,0
2026-09-10T22:51:00Z,4321.19,4321.41,4320.08,4321.07,329,30,0
2026-09-10T22:52:00Z,4321.08,4322.82,4320.63,4321.42,344,30,0
2026-09-10T22:53:00Z,4321.4,4324.65,4321.06,4324.65,337,30,0
2026-09-10T22:54:00Z,4324.58,4324.9,4323.34,4323.76,392,30,0
2026-09-10T22:55:00Z,4323.69,4324.11,4322.54,4323.58,535,30,0
2026-09-10T22:56:00Z,4323.58,4324.32,4323.44,4324.16,413,30,0
2026-09-10T22:57:00Z,4324.08,4324.67,4322.68,4322.75,244,30,0
2026-09-10T22:58:00Z,4322.74,4323.94,4322.26,4323.72,297,30,0
2026-09-10T22:59:00Z,4323.72,4324.47,4323.32,4324.34,422,30,0
2026-09-10T23:00:00Z,4324.34,4324.38,4322.67,4323.34,289,30,0
2026-09-10T23:01:00Z,4323.36,4323.6,4321.56,4321.82,186,30,0
2026-09-10T23:02:00Z,4321.88,4323.04,4321.69,4322.02,163,30,0
2026-09-10T23:03:00Z,4322.0,4322.4,4321.2,4322.23,172,30,0
2026-09-10T23:04:00Z,4322.19,4322.43,4319.89,4321.25,192,30,0
2026-09-10T23:05:00Z,4321.28,4322.1,4320.18,4322.1,188,30,0
2026-09-10T23:06:00Z,4322.11,4322.44,4321.7,4322.12,200,30,0
2026-09-10T23:07:00Z,4322.12,4322.45,4321.75,4321.92,122,30,0
2026-09-10T23:08:00Z,4322.22,4322.57,4321.91,4322.32,79,30,0
2026-09-10T23:09:00Z,4322.63,4323.68,4322.63,4322.79,130,30,0
2026-09-10T23:10:00Z,4322.81,4324.0,4322.7,4323.4,179,30,0
2026-09-10T23:11:00Z,4323.44,4324.28,4322.91,4322.91,163,30,0
2026-09-10T23:12:00Z,4322.84,4323.06,4322.29,4322.41,191,30,0
2026-09-10T23:13:00Z,4322.53,4322.98,4322.22,4322.98,92,30,0
2026-09-10T23:14:00Z,4322.87,4323.08,4322.73,4322.91,92,30,0
2026-09-10T23:15:00Z,4322.92,4323.03,4321.9,4322.66,139,30,0
2026-09-10T23:16:00Z,4322.7,4322.91,4322.26,4322.83,98,30,0
2026-09-10T23:17:00Z,4322.88,4322.95,4322.23,4322.4,110,30,0
2026-09-10T23:18:00Z,4322.42,4322.92,4322.17,4322.57,74,30,0
2026-09-10T23:19:00Z,4322.58,4322.59,4321.65,4321.66,87,30,0
2026-09-10T23:20:00Z,4321.61,4321.8,4318.54,4319.02,152,30,0
2026-09-10T23:21:00Z,4319.02,4319.02,4317.11,4317.93,134,30,0
2026-09-10T23:22:00Z,4318.08,4318.43,4317.37,4317.63,138,30,0
2026-09-10T23:23:00Z,4317.54,4317.56,4316.58,4317.19,149,30,0
2026-09-10T23:24:00Z,4317.21,4317.38,4316.37,4316.76,150,30,0
2026-09-10T23:25:00Z,4316.83,4318.2,4316.76,4317.46,193,30,0
2026-09-10T23:26:00Z,4317.39,4318.43,4317.36,4318.33,99,30,0
2026-09-10T23:27:00Z,4318.27,4318.8,4318.15,4318.56,110,30,0
2026-09-10T23:28:00Z,4318.61,4319.11,4318.54,4318.86,99,30,0
2026-09-10T23:29:00Z,4318.93,4319.09,4318.43,4318.43,114,30,0
2026-09-10T23:30:00Z,4318.45,4318.62,4317.32,4318.21,170,30,0
2026-09-10T23:31:00Z,4318.19,4318.47,4316.67,4316.67,125,30,0
2026-09-10T23:32:00Z,4316.71,4318.17,4316.41,4317.7,156,30,0
2026-09-10T23:33:00Z,4317.65,4317.65,4316.54,4317.16,118,30,0
2026-09-10T23:34:00Z,4317.11,4317.88,4316.63,4316.76,96,30,0
2026-09-10T23:35:00Z,4316.79,4317.23,4316.46,4316.73,161,30,0
2026-09-10T23:36:00Z,4316.78,4316.9,4315.76,4316.65,150,30,0
2026-09-10T23:37:00Z,4316.67,4318.11,4316.67,4316.91,138,30,0
2026-09-10T23:38:00Z,4316.8,4317.86,4316.57,4317.5,120,30,0
2026-09-10T23:39:00Z,4317.43,4318.19,4316.98,4316.99,122,30,0
2026-09-10T23:40:00Z,4316.96,4317.15,4315.83,4316.65,147,30,0
2026-09-10T23:41:00Z,4316.58,4317.45,4316.58,4317.45,101,30,0
2026-09-10T23:42:00Z,4317.46,4317.46,4316.39,4316.76,109,30,0
2026-09-10T23:43:00Z,4316.8,4318.19,4316.6,4317.9,101,30,0
2026-09-10T23:44:00Z,4317.81,4318.15,4317.45,4318.0,83,30,0
2026-09-10T23:45:00Z,4317.99,4318.72,4317.77,4317.93,151,30,0
2026-09-10T23:46:00Z,4317.92,4318.66,4317.81,4318.58,120,30,0
2026-09-10T23:47:00Z,4318.63,4318.75,4317.99,4318.31,111,30,0
2026-09-10T23:48:00Z,4318.3,4318.4,4317.59,4317.65,88,30,0
2026-09-10T23:49:00Z,4317.37,4317.41,4315.22,4315.22,116,30,0
2026-09-10T23:50:00Z,4315.24,4316.45,4314.55,4314.66,159,30,0
2026-09-10T23:51:00Z,4314.67,4316.16,4314.62,4316.16,74,30,0
2026-09-10T23:52:00Z,4315.92,4316.96,4315.74,4316.91,112,30,0
2026-09-10T23:53:00Z,4317.0,4317.0,4316.34,4316.9,70,30,0
2026-09-10T23:54:00Z,4316.98,4317.9,4316.97,4317.07,130,30,0
2026-09-10T23:55:00Z,4317.12,4318.92,4317.12,4318.57,149,30,0
2026-09-10T23:56:00Z,4318.52,4318.95,4316.79,4317.26,149,30,0
2026-09-10T23:57:00Z,4317.27,4317.46,4316.18,4316.69,142,30,0
2026-09-10T23:58:00Z,4316.3,4316.71,4316.28,4316.44,137,48,0
2026-09-10T23:59:00Z,4316.43,4316.43,4316.38,4316.38,2,48,0
2026-09-11T01:00:00Z,4318.32,4323.23,4316.23,4322.46,469,18,0
2026-09-11T01:01:00Z,4322.47,4324.34,4321.26,4321.8,179,24,0
2026-09-11T01:02:00Z,4321.8,4321.86,4320.38,4321.74,91,24,0
2026-09-11T01:03:00Z,4321.74,4324.61,4321.15,4322.4,193,24,0
2026-09-11T01:04:00Z,4322.4,4323.48,4320.95,4322.18,145,24,0
2026-09-11T01:05:00Z,4322.18,4322.23,4321.19,4321.56,101,24,0
2026-09-11T01:06:00Z,4321.56,4323.52,4321.31,4322.79,131,24,0
2026-09-11T01:07:00Z,4322.79,4322.81,4320.85,4321.31,137,24,0
2026-09-11T01:08:00Z,4321.31,4322.14,4320.94,4321.91,110,24,0
2026-09-11T01:09:00Z,4321.91,4322.94,4321.86,4322.91,112,24,0
2026-09-11T01:10:00Z,4322.91,4322.91,4322.04,4322.41,114,30,0
2026-09-11T01:11:00Z,4322.41,4322.49,4321.47,4321.85,84,30,0
2026-09-11T01:12:00Z,4321.85,4322.76,4321.84,4322.26,80,30,0
2026-09-11T01:13:00Z,4322.26,4322.34,4320.75,4321.36,116,50,0
2026-09-11T01:14:00Z,4321.33,4321.49,4320.92,4321.13,78,50,0
2026-09-11T01:15:00Z,4321.11,4321.3,4321.04,4321.04,48,50,0
2026-09-11T01:16:00Z,4321.09,4321.82,4319.56,4319.65,114,50,0
2026-09-11T01:17:00Z,4319.85,4320.54,4319.76,4320.51,95,50,0
2026-09-11T01:18:00Z,4320.49,4320.59,4320.11,4320.14,76,50,0
2026-09-11T01:19:00Z,4320.16,4320.32,4319.47,4319.52,44,15,0
2026-09-11T01:20:00Z,4319.54,4320.69,4319.25,4320.65,83,50,0
2026-09-11T01:21:00Z,4320.7,4321.26,4320.27,4321.26,69,50,0
2026-09-11T01:22:00Z,4321.27,4321.3,4320.16,4320.32,80,50,0
2026-09-11T01:23:00Z,4320.33,4320.34,4318.89,4319.27,101,50,0
2026-09-11T01:24:00Z,4319.32,4319.96,4318.84,4319.62,112,50,0
2026-09-11T01:25:00Z,4319.57,4319.81,4318.78,4319.53,101,50,0
2026-09-11T01:26:00Z,4319.5,4320.15,4318.78,4318.88,142,50,0
2026-09-11T01:27:00Z,4318.9,4320.06,4318.74,4319.37,119,50,0
2026-09-11T01:28:00Z,4319.36,4319.94,4318.89,4319.24,117,50,0
2026-09-11T01:29:00Z,4319.27,4319.6,4318.95,4319.49,108,50,0
2026-09-11T01:30:00Z,4319.53,4320.21,4318.02,4318.74,128,50,0
2026-09-11T01:31:00Z,4318.65,4318.75,4315.93,4316.11,171,50,0
2026-09-11T01:32:00Z,4316.34,4317.28,4315.48,4316.87,188,50,0
2026-09-11T01:33:00Z,4316.85,4318.4,4316.61,4318.4,150,50,0
2026-09-11T01:34:00Z,4318.43,4318.83,4317.73,4318.21,128,50,0
2026-09-11T01:35:00Z,4318.31,4318.38,4317.67,4318.07,94,50,0
2026-09-11T01:36:00Z,4317.6,4317.86,4317.33,4317.64,98,50,0
2026-09-11T01:37:00Z,4317.62,4317.62,4316.47,4317.15,128,50,0
2026-09-11T01:38:00Z,4317.25,4317.47,4316.94,4317.05,114,50,0
2026-09-11T01:39:00Z,4316.98,4317.15,4315.86,4315.89,108,50,0
2026-09-11T01:40:00Z,4315.85,4315.96,4315.41,4315.53,95,50,0
2026-09-11T01:41:00Z,4315.52,4315.87,4313.58,4315.06,178,50,0
2026-09-11T01:42:00Z,4315.46,4317.84,4315.46,4317.63,150,50,0
2026-09-11T01:43:00Z,4317.43,4317.43,4315.59,4315.87,119,50,0
2026-09-11T01:44:00Z,4315.9,4316.23,4314.78,4315.89,112,50,0
2026-09-11T01:45:00Z,4315.83,4316.1,4315.62,4315.92,111,50,0
2026-09-11T01:46:00Z,4315.98,4316.15,4315.05,4315.16,112,50,0
2026-09-11T01:47:00Z,4315.19,4317.31,4315.19,4316.8,119,50,0
2026-09-11T01:48:00Z,4316.71,4317.33,4316.02,4317.16,90,50,0
2026-09-11T01:49:00Z,4317.17,4318.25,4316.69,4318.09,93,50,0
2026-09-11T01:50:00Z,4318.13,4318.45,4317.69,4318.22,91,50,0
2026-09-11T01:51:00Z,4318.25,4319.07,4318.18,4318.18,107,50,0
2026-09-11T01:52:00Z,4318.13,4318.15,4317.57,4317.58,94,50,0
2026-09-11T01:53:00Z,4317.59,4318.14,4317.32,4317.35,137,50,0
2026-09-11T01:54:00Z,4317.4,4318.11,4317.11,4317.72,103,50,0
2026-09-11T01:55:00Z,4317.75,4318.68,4317.31,4318.23,112,50,0
2026-09-11T01:56:00Z,4318.19,4318.63,4317.8,4318.38,103,50,0
2026-09-11T01:57:00Z,4318.41,4318.41,4317.98,4318.01,70,50,0
2026-09-11T01:58:00Z,4318.02,4318.63,4317.31,4318.3,91,50,0
2026-09-11T01:59:00Z,4318.35,4318.37,4317.31,4318.32,86,50,0
2026-09-11T02:00:00Z,4318.07,4318.34,4317.34,4318.0,190,50,0
2026-09-11T02:01:00Z,4318.05,4319.81,4317.46,4319.81,207,50,0
2026-09-11T02:02:00Z,4319.73,4319.78,4317.81,4318.39,126,50,0
2026-09-11T02:03:00Z,4318.41,4318.57,4318.13,4318.53,110,50,0
2026-09-11T02:04:00Z,4318.59,4319.29,4318.49,4318.5,149,50,0
2026-09-11T02:05:00Z,4318.45,4319.25,4318.35,4318.95,107,50,0
2026-09-11T02:06:00Z,4318.93,4319.15,4318.22,4318.73,89,50,0
2026-09-11T02:07:00Z,4318.74,4319.32,4318.57,4319.3,100,50,0
2026-09-11T02:08:00Z,4319.29,4319.54,4318.03,4318.11,108,50,0
2026-09-11T02:09:00Z,4318.12,4318.99,4318.1,4318.7,85,50,0
2026-09-11T02:10:00Z,4318.65,4318.71,4318.15,4318.17,80,50,0
2026-09-11T02:11:00Z,4318.16,4318.51,4318.02,4318.28,84,50,0
2026-09-11T02:12:00Z,4318.26,4318.57,4317.83,4317.86,76,50,0
2026-09-11T02:13:00Z,4317.34,4319.3,4316.47,4319.28,129,50,0
2026-09-11T02:14:00Z,4319.22,4319.8,4318.91,4319.53,106,50,0
2026-09-11T02:15:00Z,4319.51,4319.56,4319.01,4319.56,69,50,0
2026-09-11T02:16:00Z,4319.53,4319.55,4319.13,4319.31,65,13,0
2026-09-11T02:17:00Z,4319.34,4319.47,4319.24,4319.36,59,50,0
2026-09-11T02:18:00Z,4319.33,4319.64,4319.31,4319.44,68,50,0
2026-09-11T02:19:00Z,4319.47,4319.91,4319.29,4319.57,67,50,0
2026-09-11T02:20:00Z,4319.59,4320.37,4319.55,4320.23,101,50,0
2026-09-11T02:21:00Z,4320.1,4320.35,4319.95,4320.1,78,50,0
2026-09-11T02:22:00Z,4320.08,4320.08,4318.55,4319.26,91,50,0
2026-09-11T02:23:00Z,4319.15,4319.22,4318.15,4318.26,85,50,0
2026-09-11T02:24:00Z,4318.19,4318.23,4317.57,4318.17,75,13,0
2026-09-11T02:25:00Z,4318.19,4318.72,4318.17,4318.32,51,50,0
2026-09-11T02:26:00Z,4318.36,4319.14,4318.09,4318.79,68,50,0
2026-09-11T02:27:00Z,4318.78,4318.89,4318.29,4318.58,75,50,0
2026-09-11T02:28:00Z,4318.59,4318.65,4318.17,4318.21,67,50,0
2026-09-11T02:29:00Z,4318.2,4318.48,4317.59,4318.07,71,50,0
2026-09-11T02:30:00Z,4318.08,4318.45,4317.42,4317.43,99,50,0
2026-09-11T02:31:00Z,4317.67,4318.08,4317.09,4317.19,108,50,0
2026-09-11T02:32:00Z,4317.18,4318.26,4317.16,4318.16,78,50,0
2026-09-11T02:33:00Z,4318.23,4320.3,4318.23,4319.93,122,50,0
2026-09-11T02:34:00Z,4319.89,4320.03,4318.39,4318.6,98,50,0
2026-09-11T02:35:00Z,4318.54,4318.54,4316.79,4316.94,126,50,0
2026-09-11T02:36:00Z,4317.06,4317.9,4316.82,4317.61,140,50,0
2026-09-11T02:37:00Z,4317.59,4317.63,4314.51,4314.71,123,50,0
2026-09-11T02:38:00Z,4314.66,4316.16,4314.62,4315.46,129,50,0
2026-09-11T02:39:00Z,4315.56,4315.98,4315.31,4315.82,133,50,0
2026-09-11T02:40:00Z,4315.85,4318.03,4315.04,4317.89,167,50,0
2026-09-11T02:41:00Z,4317.83,4317.84,4315.18,4315.4,160,50,0
2026-09-11T02:42:00Z,4315.39,4315.92,4315.26,4315.51,71,50,0
2026-09-11T02:43:00Z,4315.54,4316.19,4314.86,4316.1,130,50,0
2026-09-11T02:44:00Z,4315.91,4316.16,4315.31,4315.97,110,50,0
2026-09-11T02:45:00Z,4315.96,4317.87,4315.92,4316.4,194,50,0
2026-09-11T02:46:00Z,4316.55,4316.71,4314.02,4314.02,247,50,0
2026-09-11T02:47:00Z,4314.0,4316.45,4313.94,4315.04,236,50,0
2026-09-11T02:48:00Z,4315.05,4315.47,4314.39,4314.66,188,50,0
2026-09-11T02:49:00Z,4314.69,4315.27,4313.93,4315.04,186,50,0
2026-09-11T02:50:00Z,4315.12,4316.18,4314.41,4314.79,177,50,0
2026-09-11T02:51:00Z,4314.77,4315.35,4314.37,4314.54,145,50,0
2026-09-11T02:52:00Z,4314.55,4314.59,4313.02,4313.69,184,50,0
2026-09-11T02:53:00Z,4313.67,4314.32,4313.54,4313.63,133,50,0
2026-09-11T02:54:00Z,4313.68,4313.88,4311.87,4312.53,282,50,0
2026-09-11T02:55:00Z,4312.48,4312.54,4311.08,4312.0,251,50,0
2026-09-11T02:56:00Z,4311.97,4315.29,4311.97,4315.29,181,50,0
2026-09-11T02:57:00Z,4315.4,4316.13,4313.61,4314.11,268,50,0
2026-09-11T02:58:00Z,4314.2,4314.53,4313.77,4314.35,181,50,0
2026-09-11T02:59:00Z,4314.33,4315.18,4313.45,4315.13,250,50,0
2026-09-11T03:00:00Z,4315.15,4318.83,4312.73,4318.69,828,22,0
2026-09-11T03:01:00Z,4318.71,4320.45,4317.63,4319.86,561,22,0
2026-09-11T03:02:00Z,4319.83,4321.31,4319.2,4320.72,466,22,0
2026-09-11T03:03:00Z,4320.59,4321.33,4319.37,4319.37,468,22,0
2026-09-11T03:04:00Z,4319.37,4320.31,4318.76,4319.79,421,22,0
2026-09-11T03:05:00Z,4319.85,4320.9,4318.83,4319.94,558,22,0
2026-09-11T03:06:00Z,4319.94,4322.86,4319.28,4322.17,460,22,0
2026-09-11T03:07:00Z,4322.13,4323.77,4320.91,4322.77,431,22,0
2026-09-11T03:08:00Z,4322.62,4322.78,4319.22,4319.53,388,22,0
2026-09-11T03:09:00Z,4319.51,4320.96,4317.58,4318.63,433,22,0
2026-09-11T03:10:00Z,4318.59,4318.6,4316.43,4317.16,451,22,0
2026-09-11T03:11:00Z,4317.23,4317.38,4315.03,4315.48,418,22,0
2026-09-11T03:12:00Z,4315.46,4319.59,4315.32,4318.99,404,22,0
2026-09-11T03:13:00Z,4318.89,4319.13,4317.91,4318.46,299,22,0
2026-09-11T03:14:00Z,4318.28,4319.33,4317.89,4319.12,285,22,0
2026-09-11T03:15:00Z,4319.13,4321.3,4319.13,4319.37,391,22,0
2026-09-11T03:16:00Z,4319.35,4319.5,4316.97,4318.3,401,22,0
2026-09-11T03:17:00Z,4318.4,4320.51,4318.24,4319.85,317,22,0
2026-09-11T03:18:00Z,4319.83,4320.67,4318.92,4320.56,357,22,0
2026-09-11T03:19:00Z,4320.22,4320.52,4319.51,4319.96,279,22,0
2026-09-11T03:20:00Z,4319.97,4320.74,4318.78,4318.78,342,22,0
2026-09-11T03:21:00Z,4318.69,4320.76,4318.2,4320.43,369,22,0
2026-09-11T03:22:00Z,4320.38,4321.89,4320.34,4320.44,330,22,0
2026-09-11T03:23:00Z,4320.23,4321.98,4320.17,4321.19,331,22,0
2026-09-11T03:24:00Z,4321.19,4321.31,4318.6,4318.87,280,22,0
2026-09-11T03:25:00Z,4318.88,4318.98,4317.4,4318.1,379,22,0
2026-09-11T03:26:00Z,4318.09,4321.78,4317.84,4321.78,443,22,0
2026-09-11T03:27:00Z,4321.77,4323.39,4321.17,4323.27,298,22,0
2026-09-11T03:28:00Z,4323.24,4323.78,4322.79,4323.66,279,22,0
2026-09-11T03:29:00Z,4323.67,4324.16,4323.2,4323.94,279,22,0
2026-09-11T03:30:00Z,4323.75,4325.08,4323.45,4324.42,355,22,0
2026-09-11T03:31:00Z,4324.39,4324.61,4321.24,4321.62,398,22,0
2026-09-11T03:32:00Z,4321.66,4322.03,4319.77,4320.6,365,22,0
2026-09-11T03:33:00Z,4320.59,4323.12,4320.5,4320.93,346,22,0
2026-09-11T03:34:00Z,4320.91,4321.98,4319.98,4321.55,328,22,0
2026-09-11T03:35:00Z,4321.32,4321.6,4320.78,4321.47,352,22,0
2026-09-11T03:36:00Z,4321.47,4322.58,4321.2,4322.52,388,22,0
2026-09-11T03:37:00Z,4322.55,4323.4,4320.86,4321.52,360,22,0
2026-09-11T03:38:00Z,4321.5,4324.51,4321.5,4324.51,339,22,0
2026-09-11T03:39:00Z,4324.54,4325.67,4323.83,4325.36,407,22,0
2026-09-11T03:40:00Z,4325.31,4325.31,4322.15,4322.17,392,22,0
2026-09-11T03:41:00Z,4322.2,4322.97,4321.05,4321.64,358,22,0
2026-09-11T03:42:00Z,4321.62,4324.07,4321.38,4322.65,337,22,0
2026-09-11T03:43:00Z,4322.67,4325.56,4322.61,4325.11,392,22,0
2026-09-11T03:44:00Z,4325.09,4327.66,4325.07,4327.56,509,22,0
2026-09-11T03:45:00Z,4327.58,4329.81,4326.78,4329.65,508,22,0
2026-09-11T03:46:00Z,4329.68,4331.68,4329.46,4331.53,404,22,0
2026-09-11T03:47:00Z,4331.5,4332.13,4330.67,4331.9,492,22,0
2026-09-11T03:48:00Z,4331.94,4332.91,4331.9,4332.82,311,22,0
2026-09-11T03:49:00Z,4332.82,4333.81,4332.7,4332.79,374,22,0
2026-09-11T03:50:00Z,4332.69,4333.46,4332.37,4333.12,464,22,0
2026-09-11T03:51:00Z,4333.27,4333.28,4331.16,4331.84,416,22,0
2026-09-11T03:52:00Z,4331.78,4333.25,4331.75,4332.65,454,22,0
2026-09-11T03:53:00Z,4332.63,4333.58,4332.47,4333.51,384,22,0
2026-09-11T03:54:00Z,4333.45,4333.52,4331.49,4332.12,512,22,0
2026-09-11T03:55:00Z,4332.12,4333.49,4332.06,4333.41,355,22,0
2026-09-11T03:56:00Z,4333.42,4333.6,4332.28,4332.39,342,22,0
2026-09-11T03:57:00Z,4332.36,4332.46,4329.98,4330.22,490,22,0
2026-09-11T03:58:00Z,4330.22,4331.08,4329.96,4330.45,431,22,0
2026-09-11T03:59:00Z,4330.43,4333.09,4330.43,4332.13,345,22,0
2026-09-11T04:00:00Z,4332.13,4332.55,4329.75,4330.29,816,22,0
2026-09-11T04:01:00Z,4330.39,4333.06,4328.04,4332.64,786,22,0
2026-09-11T04:02:00Z,4332.62,4337.87,4332.51,4336.25,637,22,0
2026-09-11T04:03:00Z,4335.99,4339.57,4335.71,4339.41,538,22,0
2026-09-11T04:04:00Z,4339.37,4340.45,4336.97,4340.37,553,22,0
2026-09-11T04:05:00Z,4340.27,4340.37,4337.54,4337.74,502,22,0
2026-09-11T04:06:00Z,4337.77,4338.65,4336.39,4337.18,444,22,0
2026-09-11T04:07:00Z,4337.14,4338.53,4335.06,4335.2,407,22,0
2026-09-11T04:08:00Z,4335.22,4336.21,4333.66,4333.66,512,22,0
2026-09-11T04:09:00Z,4333.7,4338.07,4333.24,4337.77,481,22,0
2026-09-11T04:10:00Z,4337.82,4338.66,4336.54,4338.64,428,22,0
2026-09-11T04:11:00Z,4338.54,4338.62,4336.5,4338.19,403,22,0
2026-09-11T04:12:00Z,4338.11,4339.13,4336.07,4337.05,435,22,0
2026-09-11T04:13:00Z,4337.0,4337.7,4335.13,4335.15,454,22,0
2026-09-11T04:14:00Z,4335.14,4335.28,4332.75,4333.16,499,22,0
2026-09-11T04:15:00Z,4333.06,4334.83,4331.2,4334.74,441,22,0
2026-09-11T04:16:00Z,4334.84,4336.03,4334.27,4335.38,340,22,0
2026-09-11T04:17:00Z,4335.35,4337.38,4334.85,4335.94,477,22,0
2026-09-11T04:18:00Z,4335.94,4336.34,4332.93,4332.96,411,22,0
2026-09-11T04:19:00Z,4332.79,4333.07,4331.14,4332.09,453,22,0
2026-09-11T04:20:00Z,4332.08,4332.33,4330.23,4330.45,479,22,0
2026-09-11T04:21:00Z,4330.45,4330.73,4326.65,4327.04,509,22,0
2026-09-11T04:22:00Z,4327.17,4327.21,4325.01,4327.08,473,22,0
2026-09-11T04:23:00Z,4327.1,4327.12,4323.91,4324.63,368,22,0
2026-09-11T04:24:00Z,4324.68,4324.98,4320.87,4321.41,449,22,0
2026-09-11T04:25:00Z,4321.43,4323.94,4321.32,4323.77,521,22,0
2026-09-11T04:26:00Z,4323.75,4329.2,4323.14,4328.9,473,22,0
2026-09-11T04:27:00Z,4328.96,4330.59,4328.34,4329.89,384,22,0
2026-09-11T04:28:00Z,4329.95,4330.5,4327.74,4328.38,326,22,0
2026-09-11T04:29:00Z,4328.43,4329.19,4326.77,4328.09,379,22,0
2026-09-11T04:30:00Z,4328.13,4331.21,4328.12,4331.17,416,22,0
2026-09-11T04:31:00Z,4331.11,4332.12,4330.53,4331.61,336,22,0
2026-09-11T04:32:00Z,4331.6,4331.6,4329.49,4331.33,394,22,0
2026-09-11T04:33:00Z,4331.42,4333.15,4330.2,4330.4,363,22,0
2026-09-11T04:34:00Z,4330.38,4332.65,4330.16,4332.49,427,22,0
2026-09-11T04:35:00Z,4332.56,4334.86,4332.42,4333.73,329,22,0
2026-09-11T04:36:00Z,4333.71,4334.42,4331.67,4331.86,306,22,0
2026-09-11T04:37:00Z,4331.83,4334.61,4331.83,4332.86,354,22,0
2026-09-11T04:38:00Z,4332.83,4334.72,4331.49,4331.49,297,22,0
2026-09-11T04:39:00Z,4331.79,4331.84,4329.45,4329.52,356,22,0
2026-09-11T04:40:00Z,4329.45,4329.6,4325.11,4325.14,371,22,0
2026-09-11T04:41:00Z,4325.08,4325.67,4322.55,4324.08,426,22,0
2026-09-11T04:42:00Z,4324.09,4325.06,4323.21,4323.57,478,22,0
2026-09-11T04:43:00Z,4323.73,4326.62,4323.38,4325.51,395,22,0
2026-09-11T04:44:00Z,4325.58,4326.79,4324.23,4326.79,426,22,0
2026-09-11T04:45:00Z,4326.72,4326.87,4324.09,4325.55,390,22,0
2026-09-11T04:46:00Z,4325.47,4326.75,4324.37,4325.05,387,22,0
2026-09-11T04:47:00Z,4324.99,4326.11,4324.71,4325.29,314,22,0
2026-09-11T04:48:00Z,4325.29,4328.13,4324.78,4326.63,364,22,0
2026-09-11T04:49:00Z,4326.68,4329.26,4326.44,4329.05,297,22,0
2026-09-11T04:50:00Z,4329.09,4329.09,4327.02,4328.51,377,22,0
2026-09-11T04:51:00Z,4328.53,4329.15,4326.91,4328.86,323,22,0
2026-09-11T04:52:00Z,4328.94,4330.13,4327.95,4328.5,424,22,0
2026-09-11T04:53:00Z,4328.51,4328.95,4324.48,4324.84,393,22,0
2026-09-11T04:54:00Z,4324.88,4326.29,4324.39,4325.17,367,22,0
2026-09-11T04:55:00Z,4325.24,4326.1,4324.47,4325.0,361,22,0
2026-09-11T04:56:00Z,4324.99,4327.54,4324.94,4327.51,332,22,0
2026-09-11T04:57:00Z,4327.46,4327.47,4324.27,4326.3,299,22,0
2026-09-11T04:58:00Z,4326.28,4327.03,4324.53,4326.97,335,22,0
2026-09-11T04:59:00Z,4326.92,4329.66,4326.82,4329.32,289,22,0
2026-09-11T05:00:00Z,4329.27,4330.77,4329.18,4330.16,359,22,0
2026-09-11T05:01:00Z,4330.28,4331.51,4329.79,4331.34,298,22,0
2026-09-11T05:02:00Z,4331.35,4331.64,4329.65,4330.53,370,22,0
2026-09-11T05:03:00Z,4330.55,4331.48,4329.68,4330.63,322,22,0
2026-09-11T05:04:00Z,4330.6,4332.92,4330.26,4332.65,248,22,0
2026-09-11T05:05:00Z,4332.68,4333.51,4332.18,4332.46,287,22,0
2026-09-11T05:06:00Z,4332.47,4332.82,4329.8,4330.17,328,22,0
2026-09-11T05:07:00Z,4330.23,4330.26,4327.87,4328.24,339,22,0
2026-09-11T05:08:00Z,4328.27,4331.12,4328.13,4330.81,335,22,0
2026-09-11T05:09:00Z,4330.72,4330.77,4329.13,4329.64,285,22,0
2026-09-11T05:10:00Z,4329.59,4331.59,4329.2,4330.88,259,22,0
2026-09-11T05:11:00Z,4330.94,4331.16,4329.19,4330.0,297,22,0
2026-09-11T05:12:00Z,4330.02,4330.32,4328.88,4329.05,318,22,0
2026-09-11T05:13:00Z,4329.0,4332.19,4328.93,4332.15,307,22,0
2026-09-11T05:14:00Z,4332.14,4332.14,4330.36,4330.74,223,22,0
2026-09-11T05:15:00Z,4330.75,4332.3,4329.81,4331.57,266,22,0
2026-09-11T05:16:00Z,4331.6,4332.85,4331.45,4331.94,233,22,0
2026-09-11T05:17:00Z,4331.95,4333.01,4331.43,4332.55,276,22,0
2026-09-11T05:18:00Z,4332.93,4333.57,4332.62,4333.38,203,22,0
2026-09-11T05:19:00Z,4333.45,4334.6,4333.23,4333.75,213,22,0
2026-09-11T05:20:00Z,4333.75,4333.8,4331.3,4331.99,305,22,0
2026-09-11T05:21:00Z,4331.86,4332.16,4330.4,4330.82,258,22,0
2026-09-11T05:22:00Z,4330.78,4331.4,4329.8,4329.98,311,22,0
2026-09-11T05:23:00Z,4330.0,4330.01,4328.47,4329.06,299,22,0
2026-09-11T05:24:00Z,4329.04,4329.21,4327.49,4327.91,236,22,0
2026-09-11T05:25:00Z,4327.69,4327.71,4325.28,4325.48,357,22,0
2026-09-11T05:26:00Z,4325.42,4326.47,4324.18,4324.28,310,22,0
2026-09-11T05:27:00Z,4324.3,4325.16,4323.53,4325.14,306,22,0
2026-09-11T05:28:00Z,4325.19,4327.46,4324.97,4326.73,268,22,0
2026-09-11T05:29:00Z,4326.69,4326.71,4325.17,4325.19,206,22,0
2026-09-11T05:30:00Z,4324.98,4326.49,4322.45,4322.62,560,22,0
2026-09-11T05:31:00Z,4322.68,4322.75,4318.36,4318.4,537,22,0
2026-09-11T05:32:00Z,4318.31,4319.72,4317.31,4318.4,590,22,0
2026-09-11T05:33:00Z,4318.4,4320.71,4317.74,4318.38,488,22,0
2026-09-11T05:34:00Z,4318.34,4319.84,4316.99,4319.12,378,22,0
2026-09-11T05:35:00Z,4319.19,4319.41,4317.0,4317.28,340,22,0
2026-09-11T05:36:00Z,4317.26,4318.11,4316.85,4317.4,357,22,0
2026-09-11T05:37:00Z,4317.43,4319.15,4317.31,4317.49,363,22,0
2026-09-11T05:38:00Z,4317.54,4322.14,4317.25,4321.56,374,22,0
2026-09-11T05:39:00Z,4321.66,4322.82,4320.54,4321.89,382,22,0
2026-09-11T05:40:00Z,4321.87,4323.75,4321.76,4323.6,378,22,0
2026-09-11T05:41:00Z,4323.87,4325.54,4322.31,4323.67,376,22,0
2026-09-11T05:42:00Z,4323.67,4324.31,4320.28,4320.8,342,22,0
2026-09-11T05:43:00Z,4320.73,4321.66,4320.08,4321.35,372,22,0
2026-09-11T05:44:00Z,4321.4,4321.79,4318.81,4318.88,435,22,0
2026-09-11T05:45:00Z,4318.92,4321.38,4317.46,4317.95,485,22,0
2026-09-11T05:46:00Z,4317.93,4318.9,4316.38,4316.96,386,22,0
2026-09-11T05:47:00Z,4316.94,4319.21,4315.93,4319.21,408,22,0
2026-09-11T05:48:00Z,4319.18,4323.77,4318.14,4323.6,399,22,0
2026-09-11T05:49:00Z,4323.62,4325.23,4323.56,4323.79,362,22,0
2026-09-11T05:50:00Z,4323.83,4326.8,4323.67,4325.77,354,22,0
2026-09-11T05:51:00Z,4325.85,4326.42,4324.14,4324.68,337,22,0
2026-09-11T05:52:00Z,4324.68,4325.14,4323.58,4323.97,323,22,0
2026-09-11T05:53:00Z,4323.94,4325.1,4323.83,4325.1,388,22,0
2026-09-11T05:54:00Z,4325.12,4325.29,4322.37,4322.6,366,22,0
2026-09-11T05:55:00Z,4322.63,4323.05,4321.1,4322.97,354,22,0
2026-09-11T05:56:00Z,4322.96,4323.63,4321.04,4321.69,388,22,0
2026-09-11T05:57:00Z,4321.88,4323.24,4321.65,4322.99,364,22,0
2026-09-11T05:58:00Z,4322.94,4323.8,4322.92,4323.68,294,22,0
2026-09-11T05:59:00Z,4323.69,4324.01,4322.54,4322.69,298,22,0
2026-09-11T06:00:00Z,4322.68,4324.21,4321.76,4323.65,352,22,0
2026-09-11T06:01:00Z,4323.58,4325.54,4323.19,4324.85,326,22,0
2026-09-11T06:02:00Z,4324.93,4326.49,4324.93,4325.15,289,22,0
2026-09-11T06:03:00Z,4325.13,4325.4,4323.77,4323.96,318,22,0
2026-09-11T06:04:00Z,4324.01,4324.69,4322.05,4322.22,395,22,0
2026-09-11T06:05:00Z,4322.01,4323.21,4320.95,4321.09,428,22,0
2026-09-11T06:06:00Z,4321.1,4321.58,4318.25,4319.09,335,22,0
2026-09-11T06:07:00Z,4319.04,4319.04,4314.95,4315.7,397,22,0
2026-09-11T06:08:00Z,4315.67,4318.41,4315.67,4317.82,414,22,0
2026-09-11T06:09:00Z,4317.82,4318.37,4317.14,4317.72,314,22,0
2026-09-11T06:10:00Z,4317.73,4319.52,4317.25,4317.91,351,22,0
2026-09-11T06:11:00Z,4317.9,4317.92,4314.46,4315.31,390,22,0
2026-09-11T06:12:00Z,4315.27,4317.13,4314.66,4317.03,416,22,0
2026-09-11T06:13:00Z,4317.03,4318.82,4317.03,4318.44,305,22,0
2026-09-11T06:14:00Z,4318.52,4320.1,4318.52,4319.58,310,22,0
2026-09-11T06:15:00Z,4319.57,4320.28,4318.49,4320.03,255,22,0
2026-09-11T06:16:00Z,4320.23,4321.59,4319.92,4320.1,240,22,0
2026-09-11T06:17:00Z,4320.05,4320.33,4317.95,4318.19,349,22,0
2026-09-11T06:18:00Z,4318.06,4318.21,4317.33,4317.89,264,22,0
2026-09-11T06:19:00Z,4317.88,4317.88,4314.43,4314.91,342,22,0
2026-09-11T06:20:00Z,4314.87,4316.21,4314.28,4315.99,303,22,0
2026-09-11T06:21:00Z,4315.94,4315.99,4309.23,4309.46,496,22,0
2026-09-11T06:22:00Z,4309.5,4310.22,4305.42,4305.57,537,22,0
2026-09-11T06:23:00Z,4305.53,4306.98,4304.13,4306.4,432,22,0
2026-09-11T06:24:00Z,4306.38,4309.22,4305.67,4306.95,394,22,0
2026-09-11T06:25:00Z,4307.09,4308.31,4304.79,4308.3,401,22,0
2026-09-11T06:26:00Z,4308.35,4308.93,4306.86,4308.52,361,22,0
2026-09-11T06:27:00Z,4308.56,4309.72,4308.4,4309.41,321,22,0
2026-09-11T06:28:00Z,4309.45,4310.63,4308.72,4308.77,320,22,0
2026-09-11T06:29:00Z,4308.78,4310.71,4308.78,4309.27,331,22,0
2026-09-11T06:30:00Z,4309.27,4311.45,4308.83,4309.65,434,22,0
2026-09-11T06:31:00Z,4309.62,4309.76,4306.47,4308.79,342,22,0
2026-09-11T06:32:00Z,4308.93,4309.48,4307.77,4308.56,264,22,0
2026-09-11T06:33:00Z,4308.57,4309.1,4306.75,4308.06,213,22,0
2026-09-11T06:34:00Z,4308.01,4309.24,4307.47,4308.72,248,22,0
2026-09-11T06:35:00Z,4309.02,4309.22,4307.4,4307.67,202,22,0
2026-09-11T06:36:00Z,4307.65,4309.02,4307.6,4307.98,266,22,0
2026-09-11T06:37:00Z,4308.09,4310.26,4306.74,4308.82,311,22,0
2026-09-11T06:38:00Z,4308.66,4310.77,4308.4,4309.48,203,22,0
2026-09-11T06:39:00Z,4309.55,4310.6,4308.57,4308.57,262,22,0
2026-09-11T06:40:00Z,4308.72,4309.74,4308.28,4309.26,330,22,0
2026-09-11T06:41:00Z,4309.29,4310.11,4308.83,4308.95,248,22,0
2026-09-11T06:42:00Z,4308.93,4312.16,4308.89,4312.09,331,22,0
2026-09-11T06:43:00Z,4311.99,4312.55,4310.73,4310.73,211,22,0
2026-09-11T06:44:00Z,4310.72,4310.88,4306.87,4308.27,292,22,0
2026-09-11T06:45:00Z,4308.23,4308.36,4304.3,4304.44,328,22,0
2026-09-11T06:46:00Z,4304.52,4305.38,4303.18,4303.59,277,22,0
2026-09-11T06:47:00Z,4303.54,4305.05,4302.79,4303.11,325,22,0
2026-09-11T06:48:00Z,4303.08,4304.29,4303.08,4303.7,322,22,0
2026-09-11T06:49:00Z,4303.68,4303.99,4302.39,4303.1,420,22,0
2026-09-11T06:50:00Z,4303.08,4303.53,4300.75,4303.33,343,22,0
2026-09-11T06:51:00Z,4303.28,4303.59,4301.82,4303.11,289,22,0
2026-09-11T06:52:00Z,4302.82,4303.32,4301.05,4302.18,271,22,0
2026-09-11T06:53:00Z,4302.17,4303.52,4301.94,4302.59,328,22,0
2026-09-11T06:54:00Z,4302.61,4304.25,4300.98,4304.21,432,22,0
2026-09-11T06:55:00Z,4304.04,4305.42,4303.37,4305.2,280,22,0
2026-09-11T06:56:00Z,4305.18,4307.03,4305.12,4306.33,403,22,0
2026-09-11T06:57:00Z,4306.33,4306.78,4305.39,4305.43,295,22,0
2026-09-11T06:58:00Z,4305.43,4305.99,4304.24,4304.43,334,22,0
2026-09-11T06:59:00Z,4304.39,4304.39,4302.58,4304.05,225,22,0
2026-09-11T07:00:00Z,4303.98,4304.45,4302.05,4303.58,370,22,0
2026-09-11T07:01:00Z,4303.43,4305.53,4302.4,4303.24,401,22,0
2026-09-11T07:02:00Z,4303.26,4304.0,4302.0,4302.77,315,22,0
2026-09-11T07:03:00Z,4302.85,4305.84,4302.66,4305.84,252,22,0
2026-09-11T07:04:00Z,4305.76,4309.26,4305.76,4308.82,330,22,0
2026-09-11T07:05:00Z,4308.89,4310.67,4308.65,4310.54,271,22,0
2026-09-11T07:06:00Z,4310.56,4311.4,4310.15,4311.4,278,22,0
2026-09-11T07:07:00Z,4311.42,4313.85,4311.42,4313.76,341,22,0
2026-09-11T07:08:00Z,4313.74,4317.79,4313.74,4317.77,323,22,0
2026-09-11T07:09:00Z,4317.74,4318.64,4316.55,4318.22,381,22,0
2026-09-11T07:10:00Z,4318.21,4323.79,4318.19,4322.4,455,22,0
2026-09-11T07:11:00Z,4322.23,4322.23,4318.89,4319.52,415,22,0
2026-09-11T07:12:00Z,4319.55,4322.88,4319.37,4321.76,386,22,0
2026-09-11T07:13:00Z,4321.95,4325.04,4321.87,4324.25,352,22,0
2026-09-11T07:14:00Z,4324.25,4325.04,4320.38,4321.56,440,22,0
2026-09-11T07:15:00Z,4321.56,4322.13,4320.43,4320.97,370,22,0
2026-09-11T07:16:00Z,4321.06,4321.58,4319.72,4319.85,262,22,0
2026-09-11T07:17:00Z,4319.9,4320.58,4319.46,4319.93,235,22,0
2026-09-11T07:18:00Z,4319.94,4322.05,4319.43,4320.21,294,22,0
2026-09-11T07:19:00Z,4320.22,4321.25,4320.01,4320.7,297,22,0
2026-09-11T07:20:00Z,4320.75,4323.81,4320.51,4323.62,289,22,0
2026-09-11T07:21:00Z,4323.71,4325.75,4323.46,4325.32,291,22,0
2026-09-11T07:22:00Z,4325.23,4325.69,4324.16,4324.56,259,22,0
2026-09-11T07:23:00Z,4324.83,4326.22,4324.76,4326.22,237,22,0
2026-09-11T07:24:00Z,4326.16,4327.08,4326.14,4327.08,205,22,0
2026-09-11T07:25:00Z,4327.07,4327.83,4326.88,4327.12,284,22,0
2026-09-11T07:26:00Z,4327.08,4328.15,4325.9,4328.13,265,22,0
2026-09-11T07:27:00Z,4328.17,4328.69,4326.87,4327.73,257,22,0
2026-09-11T07:28:00Z,4327.7,4328.57,4327.58,4328.53,223,22,0
2026-09-11T07:29:00Z,4328.51,4329.22,4328.2,4328.61,168,22,0
2026-09-11T07:30:00Z,4328.65,4329.93,4328.11,4329.59,261,22,0
2026-09-11T07:31:00Z,4329.54,4329.63,4328.02,4329.26,204,22,0
2026-09-11T07:32:00Z,4329.2,4330.28,4328.41,4330.11,238,22,0
2026-09-11T07:33:00Z,4330.15,4330.17,4327.87,4328.01,243,22,0
2026-09-11T07:34:00Z,4328.13,4328.53,4326.53,4326.8,286,22,0
2026-09-11T07:35:00Z,4326.77,4326.77,4325.48,4326.03,239,22,0
2026-09-11T07:36:00Z,4326.13,4327.06,4325.74,4326.63,187,22,0
2026-09-11T07:37:00Z,4326.65,4327.76,4325.89,4327.32,210,22,0
2026-09-11T07:38:00Z,4327.32,4328.54,4326.72,4327.37,208,22,0
2026-09-11T07:39:00Z,4327.27,4328.51,4327.02,4328.19,257,22,0
2026-09-11T07:40:00Z,4328.15,4329.28,4327.57,4327.83,310,22,0
2026-09-11T07:41:00Z,4327.92,4330.18,4327.86,4329.29,288,22,0
2026-09-11T07:42:00Z,4329.29,4332.57,4329.27,4332.05,286,22,0
2026-09-11T07:43:00Z,4332.02,4332.08,4329.76,4331.7,325,22,0
2026-09-11T07:44:00Z,4331.95,4332.91,4329.94,4330.44,306,22,0
2026-09-11T07:45:00Z,4330.59,4331.76,4329.89,4329.92,210,22,0
2026-09-11T07:46:00Z,4330.12,4332.85,4329.98,4332.34,287,22,0
2026-09-11T07:47:00Z,4332.29,4332.75,4330.15,4330.15,207,22,0
2026-09-11T07:48:00Z,4330.1,4330.86,4329.07,4329.5,164,22,0
2026-09-11T07:49:00Z,4329.59,4331.13,4329.08,4330.72,177,22,0
2026-09-11T07:50:00Z,4330.64,4332.98,4330.57,4332.98,240,22,0
2026-09-11T07:51:00Z,4332.99,4334.81,4332.65,4333.93,255,22,0
2026-09-11T07:52:00Z,4333.81,4333.81,4332.11,4332.55,170,22,0
2026-09-11T07:53:00Z,4332.45,4333.91,4331.03,4333.29,277,22,0
2026-09-11T07:54:00Z,4333.29,4335.0,4332.1,4335.0,231,22,0
2026-09-11T07:55:00Z,4334.9,4335.3,4334.38,4334.83,165,22,0
2026-09-11T07:56:00Z,4334.78,4334.88,4333.83,4333.87,169,22,0
2026-09-11T07:57:00Z,4333.81,4334.94,4333.67,4333.71,149,22,0
2026-09-11T07:58:00Z,4333.85,4334.46,4332.72,4333.21,215,22,0
2026-09-11T07:59:00Z,4333.2,4333.46,4331.37,4331.78,239,22,0
2026-09-11T08:00:00Z,4331.91,4331.96,4328.6,4328.99,409,22,0
2026-09-11T08:01:00Z,4328.94,4330.39,4328.37,4328.87,310,22,0
2026-09-11T08:02:00Z,4328.94,4329.64,4328.22,4329.37,263,22,0
2026-09-11T08:03:00Z,4329.45,4330.83,4329.22,4329.86,191,22,0
2026-09-11T08:04:00Z,4329.87,4330.52,4329.19,4329.36,209,22,0
2026-09-11T08:05:00Z,4329.36,4332.38,4328.89,4331.01,260,22,0
2026-09-11T08:06:00Z,4330.66,4332.64,4330.49,4332.15,206,22,0
2026-09-11T08:07:00Z,4332.16,4334.42,4331.4,4331.94,272,22,0
2026-09-11T08:08:00Z,4331.84,4331.98,4329.48,4330.11,270,22,0
2026-09-11T08:09:00Z,4330.13,4335.05,4330.08,4334.82,307,22,0
2026-09-11T08:10:00Z,4334.77,4335.14,4333.23,4333.58,226,22,0
2026-09-11T08:11:00Z,4333.78,4335.25,4332.39,4335.09,262,22,0
2026-09-11T08:12:00Z,4335.08,4336.34,4334.03,4335.78,316,22,0
2026-09-11T08:13:00Z,4335.77,4335.77,4334.05,4335.53,259,22,0
2026-09-11T08:14:00Z,4335.51,4338.15,4334.9,4338.12,342,22,0
2026-09-11T08:15:00Z,4338.08,4338.42,4337.3,4337.88,298,22,0
2026-09-11T08:16:00Z,4337.65,4338.33,4336.35,4336.35,274,22,0
2026-09-11T08:17:00Z,4336.33,4336.35,4334.9,4335.27,250,22,0
2026-09-11T08:18:00Z,4335.29,4338.79,4334.89,4338.62,363,22,0
2026-09-11T08:19:00Z,4338.69,4339.4,4338.3,4338.3,234,22,0
2026-09-11T08:20:00Z,4338.32,4339.27,4336.64,4336.67,220,22,0
2026-09-11T08:21:00Z,4336.65,4336.84,4335.62,4336.47,272,22,0
2026-09-11T08:22:00Z,4336.46,4336.91,4336.08,4336.78,223,22,0
2026-09-11T08:23:00Z,4336.84,4337.7,4336.8,4337.46,203,22,0
2026-09-11T08:24:00Z,4337.48,4337.63,4336.16,4336.59,262,22,0
2026-09-11T08:25:00Z,4336.59,4336.68,4334.52,4334.59,262,22,0
2026-09-11T08:26:00Z,4334.64,4335.06,4333.55,4334.64,253,22,0
2026-09-11T08:27:00Z,4334.69,4335.17,4334.19,4334.78,234,22,0
2026-09-11T08:28:00Z,4334.76,4334.82,4333.58,4333.89,204,22,0
2026-09-11T08:29:00Z,4333.89,4334.96,4333.86,4334.66,268,22,0
2026-09-11T08:30:00Z,4334.67,4338.63,4333.7,4337.03,818,22,0
2026-09-11T08:31:00Z,4337.06,4339.94,4336.68,4338.34,549,22,0
2026-09-11T08:32:00Z,4338.2,4340.01,4336.64,4336.94,530,22,0
2026-09-11T08:33:00Z,4337.12,4338.32,4335.05,4337.49,529,22,0
2026-09-11T08:34:00Z,4337.73,4340.97,4337.73,4338.3,465,22,0
2026-09-11T08:35:00Z,4338.25,4339.52,4338.06,4338.62,448,22,0
2026-09-11T08:36:00Z,4338.62,4339.32,4336.31,4338.59,441,22,0
2026-09-11T08:37:00Z,4338.66,4340.06,4337.92,4338.21,444,22,0
2026-09-11T08:38:00Z,4338.39,4339.54,4336.88,4336.98,363,22,0
2026-09-11T08:39:00Z,4337.06,4339.29,4336.77,4338.52,398,22,0
2026-09-11T08:40:00Z,4338.52,4338.52,4335.17,4335.43,400,22,0
2026-09-11T08:41:00Z,4335.51,4335.72,4334.11,4335.66,458,22,0
2026-09-11T08:42:00Z,4335.66,4339.56,4335.4,4339.48,425,22,0
2026-09-11T08:43:00Z,4339.36,4341.31,4338.07,4340.9,437,22,0
2026-09-11T08:44:00Z,4340.86,4342.94,4340.53,4342.83,371,22,0
2026-09-11T08:45:00Z,4342.79,4343.48,4339.66,4341.81,409,22,0
2026-09-11T08:46:00Z,4341.7,4345.53,4341.65,4345.46,379,22,0
2026-09-11T08:47:00Z,4345.46,4347.03,4343.78,4346.12,428,22,0
2026-09-11T08:48:00Z,4346.08,4346.75,4343.83,4343.93,322,22,0
2026-09-11T08:49:00Z,4344.06,4345.74,4344.06,4344.91,332,22,0
2026-09-11T08:50:00Z,4344.91,4345.28,4343.05,4344.46,361,22,0
2026-09-11T08:51:00Z,4344.5,4346.02,4344.16,4346.02,403,22,0
2026-09-11T08:52:00Z,4346.01,4346.65,4344.58,4345.84,367,22,0
2026-09-11T08:53:00Z,4345.8,4347.7,4343.99,4344.59,401,22,0
2026-09-11T08:54:00Z,4344.63,4347.84,4344.39,4347.84,407,22,0
2026-09-11T08:55:00Z,4347.8,4350.91,4347.39,4350.79,349,22,0
2026-09-11T08:56:00Z,4350.8,4351.95,4349.01,4349.07,367,22,0
2026-09-11T08:57:00Z,4349.19,4349.46,4347.53,4349.44,402,22,0
2026-09-11T08:58:00Z,4349.44,4349.44,4345.94,4345.94,349,22,0
2026-09-11T08:59:00Z,4345.97,4346.91,4345.57,4346.08,304,22,0
2026-09-11T09:00:00Z,4346.06,4349.48,4345.89,4349.48,567,18,0
2026-09-11T09:01:00Z,4349.43,4350.87,4348.83,4349.8,458,18,0
2026-09-11T09:02:00Z,4349.79,4356.13,4349.79,4353.94,510,18,0
2026-09-11T09:03:00Z,4353.89,4354.47,4353.03,4353.22,448,18,0
2026-09-11T09:04:00Z,4353.27,4353.95,4351.97,4353.91,448,18,0
2026-09-11T09:05:00Z,4353.92,4355.42,4351.85,4352.18,437,18,0
2026-09-11T09:06:00Z,4352.26,4355.13,4351.74,4354.6,481,18,0
2026-09-11T09:07:00Z,4354.63,4357.7,4354.63,4357.64,405,18,0
2026-09-11T09:08:00Z,4357.52,4359.21,4357.48,4357.76,439,18,0
2026-09-11T09:09:00Z,4357.7,4357.81,4355.52,4355.69,435,18,0
2026-09-11T09:10:00Z,4355.69,4356.34,4354.47,4354.89,422,18,0
2026-09-11T09:11:00Z,4354.8,4356.77,4354.61,4355.73,536,18,0
2026-09-11T09:12:00Z,4355.74,4357.81,4354.46,4355.16,432,18,0
2026-09-11T09:13:00Z,4355.14,4359.55,4355.13,4358.71,472,18,0
2026-09-11T09:14:00Z,4358.72,4361.03,4357.69,4359.02,656,18,0
2026-09-11T09:15:00Z,4359.0,4360.49,4358.85,4359.61,414,18,0
2026-09-11T09:16:00Z,4359.53,4360.14,4358.02,4358.2,471,18,0
2026-09-11T09:17:00Z,4358.2,4358.6,4356.8,4357.5,488,18,0
2026-09-11T09:18:00Z,4357.53,4358.21,4356.51,4356.8,440,18,0
2026-09-11T09:19:00Z,4356.79,4358.9,4356.59,4358.9,362,18,0
2026-09-11T09:20:00Z,4359.01,4359.02,4357.21,4357.21,378,18,0
2026-09-11T09:21:00Z,4357.2,4357.35,4354.39,4355.03,483,18,0
2026-09-11T09:22:00Z,4355.04,4355.68,4353.42,4353.62,454,18,0
2026-09-11T09:23:00Z,4353.76,4355.06,4353.02,4353.42,353,18,0
2026-09-11T09:24:00Z,4353.42,4354.19,4352.52,4352.53,441,18,0
2026-09-11T09:25:00Z,4352.81,4353.18,4352.2,4352.3,373,18,0
2026-09-11T09:26:00Z,4352.29,4352.57,4351.44,4352.43,382,18,0
2026-09-11T09:27:00Z,4352.5,4353.7,4351.87,4351.92,335,18,0
2026-09-11T09:28:00Z,4351.87,4352.71,4351.21,4352.02,389,18,0
2026-09-11T09:29:00Z,4351.95,4353.01,4351.55,4351.59,288,18,0
2026-09-11T09:30:00Z,4351.59,4352.66,4349.85,4351.04,398,18,0
2026-09-11T09:31:00Z,4351.17,4352.33,4351.03,4351.51,306,18,0
2026-09-11T09:32:00Z,4351.65,4352.28,4350.37,4350.6,374,18,0
2026-09-11T09:33:00Z,4350.63,4350.77,4347.89,4347.91,424,18,0
2026-09-11T09:34:00Z,4347.84,4347.96,4347.05,4347.15,452,18,0
2026-09-11T09:35:00Z,4347.26,4349.18,4347.21,4349.14,353,18,0
2026-09-11T09:36:00Z,4349.06,4350.94,4349.04,4350.85,404,18,0
2026-09-11T09:37:00Z,4350.83,4351.94,4349.36,4349.94,479,18,0
2026-09-11T09:38:00Z,4349.94,4352.13,4349.86,4351.34,310,18,0
2026-09-11T09:39:00Z,4351.36,4352.91,4351.3,4352.19,407,18,0
2026-09-11T09:40:00Z,4352.22,4353.4,4351.8,4352.64,358,18,0
2026-09-11T09:41:00Z,4352.66,4353.98,4352.3,4353.97,340,18,0
2026-09-11T09:42:00Z,4353.97,4354.02,4350.48,4350.72,379,18,0
2026-09-11T09:43:00Z,4350.78,4351.1,4349.3,4349.87,359,18,0
2026-09-11T09:44:00Z,4349.87,4350.98,4349.48,4350.65,371,18,0
2026-09-11T09:45:00Z,4350.65,4352.0,4349.52,4350.41,407,18,0
2026-09-11T09:46:00Z,4350.35,4351.69,4350.05,4351.55,312,18,0
2026-09-11T09:47:00Z,4351.57,4353.18,4350.94,4353.1,433,18,0
2026-09-11T09:48:00Z,4353.15,4355.36,4353.0,4353.77,424,18,0
2026-09-11T09:49:00Z,4353.89,4354.43,4351.82,4351.83,323,18,0
2026-09-11T09:50:00Z,4351.85,4352.02,4350.88,4351.01,355,18,0
2026-09-11T09:51:00Z,4351.01,4351.16,4349.96,4350.71,345,18,0
2026-09-11T09:52:00Z,4350.87,4351.38,4349.5,4351.38,386,18,0
2026-09-11T09:53:00Z,4351.36,4352.25,4350.41,4351.71,324,18,0
2026-09-11T09:54:00Z,4351.71,4353.37,4351.51,4353.25,448,18,0
2026-09-11T09:55:00Z,4353.2,4353.56,4351.31,4351.6,386,18,0
2026-09-11T09:56:00Z,4351.59,4352.04,4350.82,4351.07,248,18,0
2026-09-11T09:57:00Z,4351.07,4352.99,4351.07,4352.58,259,18,0
2026-09-11T09:58:00Z,4352.7,4352.74,4351.87,4352.39,292,18,0
2026-09-11T09:59:00Z,4352.43,4354.07,4352.17,4353.24,461,18,0
2026-09-11T10:00:00Z,4353.25,4356.23,4352.17,4355.83,458,18,0
2026-09-11T10:01:00Z,4355.85,4356.14,4354.01,4354.01,520,18,0
2026-09-11T10:02:00Z,4354.05,4354.05,4352.73,4353.13,460,18,0
2026-09-11T10:03:00Z,4353.31,4354.05,4352.91,4352.93,289,18,0
2026-09-11T10:04:00Z,4353.01,4354.79,4352.42,4354.79,339,18,0
2026-09-11T10:05:00Z,4354.88,4356.04,4353.57,4355.26,255,18,0
2026-09-11T10:06:00Z,4355.31,4355.78,4353.11,4353.27,258,18,0
2026-09-11T10:07:00Z,4353.24,4353.58,4352.39,4353.39,296,18,0
2026-09-11T10:08:00Z,4353.13,4353.16,4350.52,4350.56,288,18,0
2026-09-11T10:09:00Z,4350.49,4351.15,4349.89,4350.76,288,18,0
2026-09-11T10:10:00Z,4350.95,4354.11,4350.52,4353.75,301,18,0
2026-09-11T10:11:00Z,4353.65,4354.08,4353.01,4354.07,240,18,0
2026-09-11T10:12:00Z,4354.05,4354.26,4352.8,4354.22,269,18,0
2026-09-11T10:13:00Z,4354.14,4355.37,4352.24,4352.48,236,18,0
2026-09-11T10:14:00Z,4352.52,4352.96,4351.33,4351.43,244,18,0
2026-09-11T10:15:00Z,4351.74,4352.28,4350.76,4351.11,296,18,0
2026-09-11T10:16:00Z,4351.14,4351.99,4350.16,4351.09,288,18,0
2026-09-11T10:17:00Z,4351.1,4352.13,4350.44,4351.72,252,18,0
2026-09-11T10:18:00Z,4351.69,4352.28,4350.39,4350.91,255,18,0
2026-09-11T10:19:00Z,4350.89,4352.01,4350.26,4350.75,276,18,0
2026-09-11T10:20:00Z,4350.79,4351.1,4349.39,4350.73,252,18,0
2026-09-11T10:21:00Z,4350.74,4351.77,4350.48,4350.73,162,18,0
2026-09-11T10:22:00Z,4350.71,4350.77,4348.31,4348.41,229,18,0
2026-09-11T10:23:00Z,4348.45,4350.8,4347.77,4350.8,234,18,0
2026-09-11T10:24:00Z,4350.83,4352.35,4349.5,4349.9,219,18,0
2026-09-11T10:25:00Z,4349.9,4349.9,4348.43,4348.83,199,18,0
2026-09-11T10:26:00Z,4348.85,4348.87,4347.31,4347.56,258,18,0
2026-09-11T10:27:00Z,4347.61,4348.82,4347.61,4348.14,226,18,0
2026-09-11T10:28:00Z,4348.16,4348.59,4346.42,4347.84,304,18,0
2026-09-11T10:29:00Z,4347.9,4347.9,4346.02,4346.35,210,18,0
2026-09-11T10:30:00Z,4346.22,4346.58,4345.47,4346.38,222,18,0
2026-09-11T10:31:00Z,4346.68,4346.98,4345.87,4346.82,212,18,0
2026-09-11T10:32:00Z,4346.87,4347.74,4345.75,4347.0,198,18,0
2026-09-11T10:33:00Z,4346.99,4347.0,4345.79,4345.82,188,18,0
2026-09-11T10:34:00Z,4345.61,4345.82,4344.32,4345.04,297,18,0
2026-09-11T10:35:00Z,4345.03,4346.15,4344.79,4345.12,249,18,0
2026-09-11T10:36:00Z,4345.01,4345.09,4344.14,4344.66,202,18,0
2026-09-11T10:37:00Z,4344.6,4345.11,4343.98,4344.07,199,18,0
2026-09-11T10:38:00Z,4344.07,4344.73,4343.15,4343.53,252,18,0
2026-09-11T10:39:00Z,4343.43,4344.36,4343.3,4343.76,168,18,0
2026-09-11T10:40:00Z,4343.75,4344.17,4343.26,4343.57,217,18,0
2026-09-11T10:41:00Z,4343.61,4345.58,4343.41,4344.43,282,18,0
2026-09-11T10:42:00Z,4344.22,4345.07,4343.68,4344.23,217,18,0
2026-09-11T10:43:00Z,4344.34,4346.26,4343.98,4345.99,187,18,0
2026-09-11T10:44:00Z,4345.96,4346.45,4344.45,4345.14,155,18,0
2026-09-11T10:45:00Z,4345.09,4345.12,4343.98,4344.47,238,18,0
2026-09-11T10:46:00Z,4344.43,4345.08,4343.26,4343.53,215,18,0
2026-09-11T10:47:00Z,4343.36,4343.5,4342.51,4343.14,190,18,0
2026-09-11T10:48:00Z,4343.24,4343.44,4342.75,4343.12,193,18,0
2026-09-11T10:49:00Z,4343.17,4343.41,4342.15,4342.52,156,18,0
2026-09-11T10:50:00Z,4342.49,4342.97,4341.98,4342.55,217,18,0
2026-09-11T10:51:00Z,4342.58,4342.58,4340.71,4340.76,219,18,0
2026-09-11T10:52:00Z,4340.73,4343.18,4340.52,4343.09,274,18,0
2026-09-11T10:53:00Z,4343.13,4343.13,4341.59,4342.18,209,18,0
2026-09-11T10:54:00Z,4342.14,4342.85,4341.87,4342.61,217,18,0
2026-09-11T10:55:00Z,4342.78,4344.49,4342.71,4343.32,252,18,0
2026-09-11T10:56:00Z,4343.33,4344.89,4342.88,4343.97,279,18,0
2026-09-11T10:57:00Z,4343.98,4344.88,4343.81,4344.3,297,18,0
2026-09-11T10:58:00Z,4344.16,4345.09,4343.31,4345.09,194,18,0
2026-09-11T10:59:00Z,4345.05,4345.18,4343.86,4344.89,245,18,0
2026-09-11T11:00:00Z,4344.96,4347.19,4344.81,4346.51,420,18,0
2026-09-11T11:01:00Z,4346.69,4346.82,4344.46,4345.63,323,18,0
2026-09-11T11:02:00Z,4345.66,4347.28,4344.16,4344.16,345,18,0
2026-09-11T11:03:00Z,4344.16,4344.97,4342.57,4343.21,350,18,0
2026-09-11T11:04:00Z,4343.24,4344.7,4342.79,4344.46,254,18,0
2026-09-11T11:05:00Z,4344.54,4345.15,4343.6,4344.44,250,18,0
2026-09-11T11:06:00Z,4344.36,4346.84,4344.36,4346.65,298,18,0
2026-09-11T11:07:00Z,4346.72,4348.78,4346.52,4347.2,257,18,0
2026-09-11T11:08:00Z,4347.3,4347.3,4345.38,4346.99,267,18,0
2026-09-11T11:09:00Z,4346.92,4347.62,4344.26,4345.2,285,18,0
2026-09-11T11:10:00Z,4345.23,4347.5,4345.23,4347.2,228,18,0
2026-09-11T11:11:00Z,4347.23,4348.21,4342.22,4343.99,596,18,0
2026-09-11T11:12:00Z,4344.05,4346.12,4343.76,4345.75,310,18,0
2026-09-11T11:13:00Z,4345.82,4349.03,4345.76,4348.71,314,18,0
2026-09-11T11:14:00Z,4348.82,4349.45,4346.87,4347.42,257,18,0
2026-09-11T11:15:00Z,4347.45,4348.08,4346.56,4346.95,329,18,0
2026-09-11T11:16:00Z,4346.88,4348.56,4346.1,4348.43,319,18,0
2026-09-11T11:17:00Z,4348.31,4350.32,4348.25,4349.05,324,18,0
2026-09-11T11:18:00Z,4348.97,4350.3,4348.92,4350.03,269,18,0
2026-09-11T11:19:00Z,4350.07,4350.07,4346.87,4347.01,268,18,0
2026-09-11T11:20:00Z,4346.82,4347.11,4344.71,4344.84,231,18,0
2026-09-11T11:21:00Z,4344.74,4345.48,4343.6,4345.48,210,18,0
2026-09-11T11:22:00Z,4345.51,4346.0,4344.98,4346.0,211,18,0
2026-09-11T11:23:00Z,4346.02,4348.14,4345.73,4348.01,316,18,0
2026-09-11T11:24:00Z,4348.05,4357.61,4347.84,4352.32,935,18,0
2026-09-11T11:25:00Z,4352.24,4354.71,4350.58,4353.24,585,18,0
2026-09-11T11:26:00Z,4353.22,4354.87,4351.5,4351.82,448,18,0
2026-09-11T11:27:00Z,4351.8,4351.89,4349.12,4349.38,327,18,0
2026-09-11T11:28:00Z,4349.41,4351.4,4349.21,4350.83,477,18,0
2026-09-11T11:29:00Z,4350.71,4352.61,4350.47,4351.65,431,18,0
2026-09-11T11:30:00Z,4351.57,4355.39,4351.24,4354.78,542,18,0
2026-09-11T11:31:00Z,4354.78,4355.3,4354.02,4354.55,351,18,0
2026-09-11T11:32:00Z,4354.49,4356.01,4353.91,4354.58,386,18,0
2026-09-11T11:33:00Z,4354.59,4355.04,4353.91,4354.23,318,18,0
2026-09-11T11:34:00Z,4354.17,4354.22,4352.38,4352.69,279,18,0
2026-09-11T11:35:00Z,4352.66,4353.16,4351.28,4352.23,334,18,0
2026-09-11T11:36:00Z,4352.15,4353.66,4351.91,4353.19,343,18,0
2026-09-11T11:37:00Z,4352.91,4353.72,4352.49,4353.32,313,18,0
2026-09-11T11:38:00Z,4353.18,4355.45,4353.18,4355.38,334,18,0
2026-09-11T11:39:00Z,4355.34,4356.05,4353.98,4354.26,323,18,0
2026-09-11T11:40:00Z,4354.29,4356.0,4353.81,4355.76,296,18,0
2026-09-11T11:41:00Z,4355.71,4356.73,4355.1,4356.37,245,18,0
2026-09-11T11:42:00Z,4356.38,4356.56,4355.08,4355.66,275,18,0
2026-09-11T11:43:00Z,4355.64,4355.97,4352.11,4352.68,333,18,0
2026-09-11T11:44:00Z,4352.71,4353.21,4352.61,4352.61,214,18,0
2026-09-11T11:45:00Z,4352.7,4353.44,4352.18,4352.98,290,18,0
2026-09-11T11:46:00Z,4353.0,4355.55,4352.6,4353.58,387,18,0
2026-09-11T11:47:00Z,4353.57,4353.61,4352.12,4352.13,336,18,0
2026-09-11T11:48:00Z,4352.19,4353.89,4352.01,4352.91,363,18,0
2026-09-11T11:49:00Z,4352.94,4353.85,4352.24,4352.9,294,18,0
2026-09-11T11:50:00Z,4352.89,4353.11,4349.49,4350.84,387,18,0
2026-09-11T11:51:00Z,4350.91,4351.61,4350.29,4351.09,308,18,0
2026-09-11T11:52:00Z,4351.02,4351.84,4350.83,4351.42,295,18,0
2026-09-11T11:53:00Z,4351.42,4352.48,4350.87,4352.4,328,18,0
2026-09-11T11:54:00Z,4352.42,4352.78,4350.91,4350.94,344,18,0
2026-09-11T11:55:00Z,4350.96,4350.96,4348.02,4348.23,333,18,0
2026-09-11T11:56:00Z,4348.25,4349.65,4348.04,4348.94,257,18,0
2026-09-11T11:57:00Z,4348.94,4349.14,4345.76,4346.04,405,18,0
2026-09-11T11:58:00Z,4346.08,4346.77,4346.07,4346.69,380,18,0
2026-09-11T11:59:00Z,4346.72,4347.19,4345.56,4347.01,319,18,0
2026-09-11T12:00:00Z,4347.2,4351.2,4347.19,4350.89,459,18,0
2026-09-11T12:01:00Z,4350.92,4353.95,4350.71,4353.16,436,18,0
2026-09-11T12:02:00Z,4352.9,4352.98,4350.41,4350.51,375,18,0
2026-09-11T12:03:00Z,4350.56,4350.73,4349.18,4349.32,334,18,0
2026-09-11T12:04:00Z,4349.31,4350.3,4348.35,4348.49,298,18,0
2026-09-11T12:05:00Z,4348.51,4348.82,4348.01,4348.5,324,18,0
2026-09-11T12:06:00Z,4348.5,4348.61,4347.81,4348.45,339,18,0
2026-09-11T12:07:00Z,4348.43,4348.48,4347.78,4347.84,268,18,0
2026-09-11T12:08:00Z,4347.87,4348.1,4346.56,4346.83,257,18,0
2026-09-11T12:09:00Z,4346.81,4346.94,4344.51,4344.82,329,18,0
2026-09-11T12:10:00Z,4344.73,4344.97,4343.59,4344.55,300,18,0
2026-09-11T12:11:00Z,4344.56,4344.88,4343.45,4344.13,294,18,0
2026-09-11T12:12:00Z,4344.11,4344.78,4344.0,4344.68,247,18,0
2026-09-11T12:13:00Z,4344.65,4345.75,4344.13,4344.8,314,18,0
2026-09-11T12:14:00Z,4344.81,4345.02,4342.56,4342.56,309,18,0
2026-09-11T12:15:00Z,4342.46,4343.15,4341.62,4342.74,327,18,0
2026-09-11T12:16:00Z,4342.74,4343.73,4342.73,4343.3,293,18,0
2026-09-11T12:17:00Z,4343.29,4343.47,4342.83,4343.42,232,18,0
2026-09-11T12:18:00Z,4343.4,4343.77,4342.74,4343.66,253,18,0
2026-09-11T12:19:00Z,4343.66,4345.27,4343.57,4345.25,278,18,0
2026-09-11T12:20:00Z,4345.22,4346.08,4344.42,4345.72,263,18,0
2026-09-11T12:21:00Z,4345.73,4345.98,4344.54,4345.98,380,18,0
2026-09-11T12:22:00Z,4345.95,4346.03,4344.99,4345.7,291,18,0
2026-09-11T12:23:00Z,4345.72,4346.21,4345.22,4345.67,258,18,0
2026-09-11T12:24:00Z,4345.53,4345.66,4343.52,4344.47,329,18,0
2026-09-11T12:25:00Z,4344.47,4345.24,4343.83,4345.06,257,18,0
2026-09-11T12:26:00Z,4345.09,4345.71,4345.05,4345.49,221,18,0
2026-09-11T12:27:00Z,4345.49,4345.64,4343.96,4344.04,187,18,0
2026-09-11T12:28:00Z,4344.02,4345.77,4343.66,4344.93,319,18,0
2026-09-11T12:29:00Z,4344.91,4345.35,4343.41,4343.7,286,18,0
2026-09-11T12:30:00Z,4343.74,4344.81,4342.3,4342.96,274,18,0
2026-09-11T12:31:00Z,4343.01,4343.02,4341.59,4341.71,270,18,0
2026-09-11T12:32:00Z,4341.69,4343.55,4341.43,4343.1,438,18,0
2026-09-11T12:33:00Z,4343.16,4345.05,4342.79,4342.88,357,18,0
2026-09-11T12:34:00Z,4342.98,4343.86,4341.6,4342.33,294,18,0
2026-09-11T12:35:00Z,4342.33,4343.18,4342.1,4343.18,331,18,0
2026-09-11T12:36:00Z,4343.21,4344.39,4342.69,4344.13,353,18,0
2026-09-11T12:37:00Z,4344.07,4344.5,4343.86,4343.96,358,18,0
2026-09-11T12:38:00Z,4343.93,4344.18,4342.58,4342.75,263,18,0
2026-09-11T12:39:00Z,4342.82,4343.17,4342.19,4342.25,230,18,0
2026-09-11T12:40:00Z,4342.25,4343.07,4340.8,4343.04,254,18,0
2026-09-11T12:41:00Z,4343.06,4343.42,4341.92,4341.92,198,18,0
2026-09-11T12:42:00Z,4341.96,4342.66,4341.6,4342.09,248,18,0
2026-09-11T12:43:00Z,4342.08,4343.13,4342.02,4343.12,213,18,0
2026-09-11T12:44:00Z,4343.15,4343.69,4343.03,4343.48,196,18,0
2026-09-11T12:45:00Z,4343.43,4343.93,4342.68,4343.01,223,18,0
2026-09-11T12:46:00Z,4342.95,4343.38,4342.94,4343.35,261,18,0
2026-09-11T12:47:00Z,4343.28,4343.88,4342.84,4343.27,215,18,0
2026-09-11T12:48:00Z,4343.26,4343.81,4342.45,4343.74,189,18,0
2026-09-11T12:49:00Z,4343.76,4343.89,4343.3,4343.48,221,18,0
2026-09-11T12:50:00Z,4343.48,4344.44,4342.76,4343.28,353,18,0
2026-09-11T12:51:00Z,4343.43,4344.36,4343.19,4343.35,311,18,0
2026-09-11T12:52:00Z,4343.25,4344.7,4343.08,4344.26,343,18,0
2026-09-11T12:53:00Z,4344.18,4344.43,4343.29,4343.79,278,18,0
2026-09-11T12:54:00Z,4343.83,4344.28,4343.77,4343.84,197,18,0
2026-09-11T12:55:00Z,4343.82,4344.86,4343.81,4344.36,226,18,0
2026-09-11T12:56:00Z,4344.42,4344.59,4343.27,4343.63,285,18,0
2026-09-11T12:57:00Z,4343.67,4343.99,4343.24,4343.85,208,18,0
2026-09-11T12:58:00Z,4343.92,4347.22,4343.75,4346.7,261,18,0
2026-09-11T12:59:00Z,4346.74,4347.74,4346.21,4346.3,238,18,0
2026-09-11T13:00:00Z,4346.49,4348.15,4346.13,4347.2,317,18,0
2026-09-11T13:01:00Z,4347.26,4348.62,4347.26,4348.62,225,18,0
2026-09-11T13:02:00Z,4348.51,4348.61,4341.53,4348.25,680,18,0
2026-09-11T13:03:00Z,4347.94,4348.18,4346.33,4347.24,331,18,0
2026-09-11T13:04:00Z,4347.19,4349.24,4346.99,4349.1,297,18,0
2026-09-11T13:05:00Z,4349.05,4349.86,4348.42,4349.11,289,18,0
2026-09-11T13:06:00Z,4349.09,4349.21,4347.06,4347.11,206,18,0
2026-09-11T13:07:00Z,4347.0,4347.89,4346.91,4347.81,154,18,0
2026-09-11T13:08:00Z,4347.81,4347.93,4345.97,4346.86,194,18,0
2026-09-11T13:09:00Z,4346.87,4346.87,4344.99,4345.73,158,18,0
2026-09-11T13:10:00Z,4345.74,4347.07,4343.56,4347.03,241,18,0
2026-09-11T13:11:00Z,4346.97,4347.83,4345.86,4346.21,214,18,0
2026-09-11T13:12:00Z,4346.23,4346.54,4345.86,4346.06,167,18,0
2026-09-11T13:13:00Z,4346.05,4346.47,4344.89,4345.69,223,18,0
2026-09-11T13:14:00Z,4345.66,4346.52,4345.37,4346.14,171,18,0
2026-09-11T13:15:00Z,4346.2,4347.66,4345.83,4346.37,186,18,0
2026-09-11T13:16:00Z,4346.35,4347.61,4346.26,4346.79,216,18,0
2026-09-11T13:17:00Z,4346.75,4347.18,4346.14,4346.48,181,18,0
2026-09-11T13:18:00Z,4346.55,4347.88,4346.33,4347.88,201,18,0
2026-09-11T13:19:00Z,4347.9,4349.82,4347.63,4349.14,243,18,0
2026-09-11T13:20:00Z,4349.39,4349.89,4348.09,4348.17,223,18,0
2026-09-11T13:21:00Z,4348.16,4348.53,4346.3,4346.87,194,18,0
2026-09-11T13:22:00Z,4346.78,4347.7,4346.27,4347.3,357,18,0
2026-09-11T13:23:00Z,4347.45,4348.57,4345.72,4346.13,238,18,0
2026-09-11T13:24:00Z,4346.29,4348.52,4346.29,4348.51,253,18,0
2026-09-11T13:25:00Z,4348.52,4349.98,4348.1,4349.67,233,18,0
2026-09-11T13:26:00Z,4349.73,4349.8,4348.1,4348.14,232,18,0
2026-09-11T13:27:00Z,4348.12,4348.94,4347.62,4347.89,205,18,0
2026-09-11T13:28:00Z,4347.82,4348.6,4347.02,4347.44,181,18,0
2026-09-11T13:29:00Z,4347.48,4349.42,4347.44,4349.35,174,18,0
2026-09-11T13:30:00Z,4349.41,4349.71,4347.39,4347.62,251,18,0
2026-09-11T13:31:00Z,4347.53,4348.86,4347.36,4347.41,208,18,0
2026-09-11T13:32:00Z,4347.42,4349.54,4347.23,4349.18,246,18,0
2026-09-11T13:33:00Z,4349.2,4349.39,4347.27,4347.31,205,18,0
2026-09-11T13:34:00Z,4347.37,4349.23,4347.32,4349.12,204,18,0
2026-09-11T13:35:00Z,4349.1,4349.28,4348.21,4348.37,233,18,0
2026-09-11T13:36:00Z,4348.33,4348.74,4346.65,4347.07,217,18,0
2026-09-11T13:37:00Z,4347.07,4347.17,4344.38,4344.38,260,18,0
2026-09-11T13:38:00Z,4344.46,4345.85,4344.19,4345.81,230,18,0
2026-09-11T13:39:00Z,4345.83,4346.84,4345.4,4346.65,190,18,0
2026-09-11T13:40:00Z,4346.71,4346.73,4344.33,4344.58,249,18,0
2026-09-11T13:41:00Z,4344.5,4345.28,4343.74,4344.49,238,18,0
2026-09-11T13:42:00Z,4344.49,4345.7,4344.49,4345.69,188,18,0
2026-09-11T13:43:00Z,4345.7,4346.3,4344.99,4346.27,220,18,0
2026-09-11T13:44:00Z,4346.22,4346.51,4344.92,4345.14,318,18,0
2026-09-11T13:45:00Z,4345.24,4345.41,4343.16,4343.55,262,18,0
2026-09-11T13:46:00Z,4343.5,4343.59,4342.48,4342.79,202,18,0
2026-09-11T13:47:00Z,4342.74,4343.56,4342.41,4342.88,213,18,0
2026-09-11T13:48:00Z,4342.83,4343.17,4342.36,4342.49,204,18,0
2026-09-11T13:49:00Z,4342.54,4343.45,4341.61,4341.73,230,18,0
2026-09-11T13:50:00Z,4341.71,4342.51,4340.62,4341.98,247,18,0
2026-09-11T13:51:00Z,4342.07,4342.55,4341.48,4342.55,219,18,0
2026-09-11T13:52:00Z,4342.36,4342.5,4341.28,4341.67,162,18,0
2026-09-11T13:53:00Z,4341.64,4341.96,4340.63,4340.8,187,18,0
2026-09-11T13:54:00Z,4340.81,4341.31,4339.79,4340.64,185,18,0
2026-09-11T13:55:00Z,4340.7,4340.93,4339.58,4340.16,162,18,0
2026-09-11T13:56:00Z,4340.15,4340.27,4338.33,4338.33,197,18,0
2026-09-11T13:57:00Z,4338.35,4338.68,4337.57,4337.71,266,18,0
2026-09-11T13:58:00Z,4337.77,4338.51,4337.25,4337.51,185,18,0
2026-09-11T13:59:00Z,4337.51,4338.49,4336.7,4337.59,254,18,0
2026-09-11T14:00:00Z,4337.54,4340.54,4337.35,4340.24,431,18,0
2026-09-11T14:01:00Z,4340.24,4340.54,4339.3,4339.56,335,18,0
2026-09-11T14:02:00Z,4339.6,4340.05,4338.64,4339.54,293,18,0
2026-09-11T14:03:00Z,4339.47,4342.63,4339.47,4342.16,242,18,0
2026-09-11T14:04:00Z,4342.09,4342.09,4339.29,4339.45,273,18,0
2026-09-11T14:05:00Z,4339.48,4340.29,4339.36,4339.44,210,18,0
2026-09-11T14:06:00Z,4339.44,4339.52,4337.28,4337.8,219,18,0
2026-09-11T14:07:00Z,4337.95,4338.85,4337.26,4337.97,286,18,0
2026-09-11T14:08:00Z,4338.03,4338.72,4337.6,4338.16,228,18,0
2026-09-11T14:09:00Z,4338.23,4338.65,4336.97,4337.47,234,18,0
2026-09-11T14:10:00Z,4337.28,4337.45,4335.73,4335.84,306,18,0
2026-09-11T14:11:00Z,4335.9,4336.2,4334.66,4336.11,283,18,0
2026-09-11T14:12:00Z,4336.09,4337.24,4335.98,4336.31,204,18,0
2026-09-11T14:13:00Z,4336.24,4337.23,4336.22,4337.03,155,18,0
2026-09-11T14:14:00Z,4336.98,4338.5,4336.85,4338.12,290,18,0
2026-09-11T14:15:00Z,4338.01,4338.17,4336.34,4336.9,286,18,0
2026-09-11T14:16:00Z,4336.95,4337.82,4336.02,4336.69,278,18,0
2026-09-11T14:17:00Z,4336.66,4337.33,4336.29,4337.01,411,18,0
2026-09-11T14:18:00Z,4337.03,4338.74,4336.93,4338.52,214,18,0
2026-09-11T14:19:00Z,4338.57,4339.1,4337.9,4338.5,276,18,0
2026-09-11T14:20:00Z,4338.54,4338.81,4337.66,4337.7,223,18,0
2026-09-11T14:21:00Z,4337.75,4339.38,4337.36,4339.23,235,18,0
2026-09-11T14:22:00Z,4339.31,4339.77,4336.96,4337.36,274,18,0
2026-09-11T14:23:00Z,4337.31,4339.53,4336.94,4339.28,254,18,0
2026-09-11T14:24:00Z,4339.28,4339.58,4338.32,4338.64,207,18,0
2026-09-11T14:25:00Z,4338.69,4341.7,4338.62,4340.08,410,18,0
2026-09-11T14:26:00Z,4339.98,4340.11,4337.92,4337.92,204,18,0
2026-09-11T14:27:00Z,4337.88,4339.25,4337.52,4338.27,276,18,0
2026-09-11T14:28:00Z,4338.28,4338.65,4336.4,4336.63,242,18,0
2026-09-11T14:29:00Z,4336.63,4337.05,4336.16,4336.45,257,18,0
2026-09-11T14:30:00Z,4336.4,4337.19,4335.61,4336.47,267,18,0
2026-09-11T14:31:00Z,4336.41,4337.31,4334.04,4334.43,310,18,0
2026-09-11T14:32:00Z,4334.48,4335.32,4334.26,4334.28,243,18,0
2026-09-11T14:33:00Z,4334.28,4335.75,4333.08,4333.08,238,18,0
2026-09-11T14:34:00Z,4332.94,4333.35,4331.65,4331.65,220,18,0
2026-09-11T14:35:00Z,4331.71,4331.94,4330.25,4330.86,253,18,0
2026-09-11T14:36:00Z,4331.03,4333.11,4330.2,4332.67,281,18,0
2026-09-11T14:37:00Z,4332.68,4333.97,4332.46,4333.73,203,18,0
2026-09-11T14:38:00Z,4333.83,4334.06,4333.2,4334.0,216,18,0
2026-09-11T14:39:00Z,4333.96,4334.01,4332.22,4332.56,230,18,0
2026-09-11T14:40:00Z,4332.51,4333.83,4332.22,4332.32,289,18,0
2026-09-11T14:41:00Z,4332.46,4333.57,4332.44,4333.22,258,18,0
2026-09-11T14:42:00Z,4333.3,4333.56,4330.96,4331.55,295,18,0
2026-09-11T14:43:00Z,4331.51,4331.67,4330.14,4331.31,305,18,0
2026-09-11T14:44:00Z,4331.49,4334.68,4331.31,4334.68,365,18,0
2026-09-11T14:45:00Z,4334.76,4335.79,4333.93,4335.53,318,18,0
2026-09-11T14:46:00Z,4335.55,4335.68,4332.96,4333.91,299,18,0
2026-09-11T14:47:00Z,4334.01,4334.26,4333.09,4333.09,278,18,0
2026-09-11T14:48:00Z,4333.15,4335.2,4333.0,4333.86,293,18,0
2026-09-11T14:49:00Z,4333.89,4336.18,4333.87,4335.24,267,18,0
2026-09-11T14:50:00Z,4335.13,4335.48,4334.62,4334.64,388,18,0
2026-09-11T14:51:00Z,4334.54,4334.97,4333.56,4333.79,237,18,0
2026-09-11T14:52:00Z,4333.79,4334.79,4333.66,4334.55,318,18,0
2026-09-11T14:53:00Z,4334.48,4334.68,4332.93,4334.28,306,18,0
2026-09-11T14:54:00Z,4334.31,4334.6,4331.06,4331.06,282,18,0
2026-09-11T14:55:00Z,4331.0,4332.58,4330.81,4331.99,262,18,0
2026-09-11T14:56:00Z,4331.94,4332.21,4330.93,4331.38,267,18,0
2026-09-11T14:57:00Z,4331.39,4332.61,4331.39,4331.92,335,18,0
2026-09-11T14:58:00Z,4331.93,4333.35,4331.47,4333.35,297,18,0
2026-09-11T14:59:00Z,4333.29,4333.97,4331.87,4333.37,248,18,0
2026-09-11T15:00:00Z,4333.33,4334.86,4332.59,4333.81,435,18,0
2026-09-11T15:01:00Z,4333.76,4333.99,4332.42,4333.51,393,18,0
2026-09-11T15:02:00Z,4333.49,4333.54,4331.43,4331.7,369,18,0
2026-09-11T15:03:00Z,4331.64,4332.27,4330.54,4330.59,300,18,0
2026-09-11T15:04:00Z,4330.58,4330.91,4328.86,4329.49,367,18,0
2026-09-11T15:05:00Z,4329.52,4330.09,4328.75,4329.9,357,18,0
2026-09-11T15:06:00Z,4329.95,4330.05,4327.06,4328.71,419,18,0
2026-09-11T15:07:00Z,4328.71,4329.15,4326.43,4327.65,493,18,0
2026-09-11T15:08:00Z,4327.67,4327.81,4326.88,4327.16,338,18,0
2026-09-11T15:09:00Z,4327.22,4327.74,4326.3,4327.23,304,18,0
2026-09-11T15:10:00Z,4327.23,4329.55,4327.16,4329.31,309,18,0
2026-09-11T15:11:00Z,4329.53,4330.93,4328.83,4330.86,299,18,0
2026-09-11T15:12:00Z,4330.88,4332.46,4328.27,4328.52,352,18,0
2026-09-11T15:13:00Z,4328.56,4328.85,4325.43,4325.59,417,18,0
2026-09-11T15:14:00Z,4325.68,4327.98,4324.81,4327.98,345,18,0
2026-09-11T15:15:00Z,4328.02,4330.61,4327.41,4329.99,383,18,0
2026-09-11T15:16:00Z,4329.99,4331.01,4329.22,4329.22,282,18,0
2026-09-11T15:17:00Z,4329.32,4333.07,4329.13,4333.02,324,18,0
2026-09-11T15:18:00Z,4332.9,4334.14,4331.43,4333.38,329,18,0
2026-09-11T15:19:00Z,4333.42,4333.46,4331.17,4331.34,291,18,0
2026-09-11T15:20:00Z,4331.11,4333.31,4329.28,4332.1,492,18,0
2026-09-11T15:21:00Z,4332.1,4332.73,4330.63,4331.55,384,18,0
2026-09-11T15:22:00Z,4331.67,4333.86,4330.79,4331.55,482,18,0
2026-09-11T15:23:00Z,4331.36,4332.65,4329.84,4331.55,517,18,0
2026-09-11T15:24:00Z,4331.49,4332.67,4329.2,4329.56,641,18,0
2026-09-11T15:25:00Z,4329.61,4330.14,4328.39,4329.1,415,18,0
2026-09-11T15:26:00Z,4329.11,4333.73,4328.37,4333.21,413,18,0
2026-09-11T15:27:00Z,4333.31,4338.57,4332.66,4337.78,749,18,0
2026-09-11T15:28:00Z,4337.55,4339.46,4335.55,4338.8,685,18,0
2026-09-11T15:29:00Z,4338.89,4343.33,4337.36,4341.38,708,18,0
2026-09-11T15:30:00Z,4341.05,4352.35,4292.32,4296.76,961,18,0
2026-09-11T15:31:00Z,4296.84,4314.7,4294.92,4312.08,1216,18,0
2026-09-11T15:32:00Z,4312.15,4325.6,4309.0,4321.85,1201,18,0
2026-09-11T15:33:00Z,4321.88,4331.83,4318.23,4331.35,1097,18,0
2026-09-11T15:34:00Z,4331.41,4339.66,4329.35,4329.69,1082,18,0
2026-09-11T15:35:00Z,4329.68,4335.37,4326.42,4335.16,1119,18,0
2026-09-11T15:36:00Z,4335.42,4340.64,4335.25,4338.3,1054,18,0
2026-09-11T15:37:00Z,4338.45,4343.15,4337.49,4337.93,1098,18,0
2026-09-11T15:38:00Z,4337.98,4343.43,4333.32,4342.78,1011,18,0
2026-09-11T15:39:00Z,4342.73,4351.5,4342.64,4350.24,1087,18,0
2026-09-11T15:40:00Z,4350.16,4362.02,4349.23,4361.25,1110,18,0
2026-09-11T15:41:00Z,4361.25,4362.71,4354.47,4358.79,1225,18,0
2026-09-11T15:42:00Z,4358.89,4362.38,4354.91,4355.99,1044,18,0
2026-09-11T15:43:00Z,4356.02,4361.7,4355.51,4360.04,990,18,0
2026-09-11T15:44:00Z,4360.05,4361.92,4351.97,4353.93,912,18,0
2026-09-11T15:45:00Z,4353.93,4359.84,4352.55,4359.84,920,18,0
2026-09-11T15:46:00Z,4359.76,4366.84,4359.75,4364.26,943,18,0
2026-09-11T15:47:00Z,4364.21,4365.03,4357.88,4360.24,822,18,0
2026-09-11T15:48:00Z,4360.21,4364.91,4357.29,4363.7,804,18,0
2026-09-11T15:49:00Z,4363.7,4367.64,4361.59,4361.71,786,18,0
2026-09-11T15:50:00Z,4361.66,4370.98,4360.18,4370.08,833,18,0
2026-09-11T15:51:00Z,4370.07,4376.71,4369.93,4375.62,972,18,0
2026-09-11T15:52:00Z,4375.2,4377.63,4373.18,4377.19,970,18,0
2026-09-11T15:53:00Z,4377.16,4379.48,4377.01,4377.78,775,18,0
2026-09-11T15:54:00Z,4378.08,4382.56,4376.88,4377.78,841,18,0
2026-09-11T15:55:00Z,4378.05,4380.05,4377.27,4378.17,822,18,0
2026-09-11T15:56:00Z,4378.18,4380.0,4376.68,4379.05,791,18,0
2026-09-11T15:57:00Z,4378.82,4382.69,4377.62,4381.4,742,18,0
2026-09-11T15:58:00Z,4381.37,4387.1,4377.35,4386.63,767,18,0
2026-09-11T15:59:00Z,4386.65,4390.17,4385.98,4388.58,767,18,0
2026-09-11T16:00:00Z,4388.51,4393.37,4387.2,4387.54,1118,18,0
2026-09-11T16:01:00Z,4387.4,4390.37,4384.84,4390.16,1047,18,0
2026-09-11T16:02:00Z,4390.09,4390.57,4385.74,4389.7,941,18,0
2026-09-11T16:03:00Z,4389.76,4393.47,4387.92,4388.16,867,18,0
2026-09-11T16:04:00Z,4388.6,4392.3,4386.27,4390.23,789,18,0
2026-09-11T16:05:00Z,4390.08,4394.33,4389.47,4393.12,761,18,0
2026-09-11T16:06:00Z,4393.12,4393.22,4386.58,4386.59,667,18,0
2026-09-11T16:07:00Z,4386.53,4386.95,4382.25,4382.53,751,18,0
2026-09-11T16:08:00Z,4382.65,4384.85,4381.61,4384.84,652,18,0
2026-09-11T16:09:00Z,4384.83,4385.78,4382.11,4382.71,704,18,0
2026-09-11T16:10:00Z,4382.7,4383.75,4380.56,4381.49,615,18,0
2026-09-11T16:11:00Z,4381.5,4386.14,4381.1,4382.71,700,18,0
2026-09-11T16:12:00Z,4382.71,4386.29,4382.22,4382.84,700,18,0
2026-09-11T16:13:00Z,4382.81,4387.22,4381.05,4386.82,667,18,0
2026-09-11T16:14:00Z,4386.8,4391.6,4386.8,4389.34,687,18,0
2026-09-11T16:15:00Z,4389.32,4390.4,4386.1,4386.92,719,18,0
2026-09-11T16:16:00Z,4386.99,4388.33,4383.7,4384.3,703,18,0
2026-09-11T16:17:00Z,4384.32,4384.65,4381.4,4382.15,691,18,0
2026-09-11T16:18:00Z,4382.23,4387.02,4381.63,4386.81,658,18,0
2026-09-11T16:19:00Z,4386.8,4389.14,4385.17,4386.63,735,18,0
2026-09-11T16:20:00Z,4386.65,4389.6,4384.74,4385.31,754,18,0
2026-09-11T16:21:00Z,4385.06,4385.1,4380.85,4383.27,625,18,0
2026-09-11T16:22:00Z,4383.19,4385.03,4380.52,4382.33,589,18,0
2026-09-11T16:23:00Z,4382.31,4386.07,4381.63,4383.6,590,18,0
2026-09-11T16:24:00Z,4383.58,4384.48,4382.52,4383.12,470,18,0
2026-09-11T16:25:00Z,4383.02,4387.38,4382.57,4386.17,550,18,0
2026-09-11T16:26:00Z,4386.2,4388.56,4384.88,4387.58,612,18,0
2026-09-11T16:27:00Z,4387.56,4389.21,4385.87,4386.28,547,18,0
2026-09-11T16:28:00Z,4386.32,4396.67,4384.22,4395.72,941,18,0
2026-09-11T16:29:00Z,4395.66,4398.61,4389.9,4390.24,995,18,0
2026-09-11T16:30:00Z,4390.13,4391.25,4386.46,4388.07,1037,18,0
2026-09-11T16:31:00Z,4388.01,4388.09,4382.1,4382.71,942,18,0
2026-09-11T16:32:00Z,4382.77,4388.27,4381.61,4384.79,911,18,0
2026-09-11T16:33:00Z,4384.83,4387.84,4383.76,4387.3,823,18,0
2026-09-11T16:34:00Z,4387.18,4395.49,4387.11,4395.39,885,18,0
2026-09-11T16:35:00Z,4395.16,4400.39,4394.95,4396.27,1019,18,0
2026-09-11T16:36:00Z,4396.32,4397.22,4392.04,4392.62,941,18,0
2026-09-11T16:37:00Z,4392.62,4395.76,4392.54,4394.24,859,18,0
2026-09-11T16:38:00Z,4394.26,4394.38,4383.63,4385.73,837,18,0
2026-09-11T16:39:00Z,4385.76,4390.32,4385.24,4390.25,759,18,0
2026-09-11T16:40:00Z,4390.27,4399.28,4387.06,4393.83,1067,18,0
2026-09-11T16:41:00Z,4393.71,4395.32,4391.92,4391.92,973,18,0
2026-09-11T16:42:00Z,4391.88,4394.25,4390.78,4392.91,754,18,0
2026-09-11T16:43:00Z,4392.87,4393.76,4390.93,4391.43,729,18,0
2026-09-11T16:44:00Z,4391.47,4394.82,4388.5,4394.74,772,18,0
2026-09-11T16:45:00Z,4394.81,4395.85,4392.58,4393.44,873,18,0
2026-09-11T16:46:00Z,4393.47,4399.99,4393.3,4397.71,857,18,0
2026-09-11T16:47:00Z,4397.74,4400.48,4396.94,4400.17,808,18,0
2026-09-11T16:48:00Z,4400.15,4400.62,4391.4,4391.99,813,18,0
2026-09-11T16:49:00Z,4392.08,4393.98,4389.91,4392.9,716,18,0
2026-09-11T16:50:00Z,4392.96,4394.02,4390.88,4392.32,762,18,0
2026-09-11T16:51:00Z,4392.32,4392.35,4389.25,4390.16,745,18,0
2026-09-11T16:52:00Z,4390.15,4390.97,4387.28,4388.08,652,18,0
2026-09-11T16:53:00Z,4388.08,4392.87,4388.02,4390.83,687,18,0
2026-09-11T16:54:00Z,4390.87,4391.63,4388.57,4389.41,614,18,0
2026-09-11T16:55:00Z,4389.44,4390.53,4388.68,4390.02,693,18,0
2026-09-11T16:56:00Z,4390.04,4391.02,4389.38,4389.94,564,18,0
2026-09-11T16:57:00Z,4389.95,4390.38,4387.21,4390.09,554,18,0
2026-09-11T16:58:00Z,4390.12,4396.58,4389.82,4396.09,441,18,0
2026-09-11T16:59:00Z,4396.04,4402.49,4396.04,4401.7,740,18,0
2026-09-11T17:00:00Z,4401.63,4402.56,4393.02,4393.02,966,18,0
2026-09-11T17:01:00Z,4392.99,4393.03,4383.9,4384.07,893,18,0
2026-09-11T17:02:00Z,4384.05,4385.39,4381.56,4384.26,756,18,0
2026-09-11T17:03:00Z,4384.29,4387.86,4384.29,4387.15,676,18,0
2026-09-11T17:04:00Z,4387.21,4390.88,4387.16,4390.4,721,18,0
2026-09-11T17:05:00Z,4390.46,4390.6,4387.1,4387.1,779,18,0
2026-09-11T17:06:00Z,4387.07,4389.22,4386.27,4387.93,823,18,0
2026-09-11T17:07:00Z,4387.91,4390.3,4386.14,4386.55,805,18,0
2026-09-11T17:08:00Z,4386.79,4392.09,4385.55,4389.16,856,18,0
2026-09-11T17:09:00Z,4389.13,4389.2,4386.37,4387.48,821,18,0
2026-09-11T17:10:00Z,4387.45,4388.32,4384.44,4386.32,785,18,0
2026-09-11T17:11:00Z,4386.35,4387.92,4385.24,4386.73,730,18,0
2026-09-11T17:12:00Z,4386.77,4386.92,4382.09,4382.74,841,18,0
2026-09-11T17:13:00Z,4382.71,4385.51,4382.41,4383.46,767,18,0
2026-09-11T17:14:00Z,4383.36,4385.74,4383.05,4383.07,730,18,0
2026-09-11T17:15:00Z,4383.0,4385.03,4381.25,4383.77,765,18,0
2026-09-11T17:16:00Z,4383.76,4383.95,4379.1,4379.17,762,18,0
2026-09-11T17:17:00Z,4379.17,4380.92,4378.1,4379.93,753,18,0
2026-09-11T17:18:00Z,4379.93,4379.96,4376.0,4379.38,827,18,0
2026-09-11T17:19:00Z,4379.38,4383.04,4378.75,4382.41,699,18,0
2026-09-11T17:20:00Z,4382.47,4384.34,4380.7,4383.01,718,18,0
2026-09-11T17:21:00Z,4383.0,4385.45,4381.84,4384.48,695,18,0
2026-09-11T17:22:00Z,4384.49,4384.89,4382.23,4384.44,762,18,0
2026-09-11T17:23:00Z,4384.15,4384.26,4380.8,4381.66,756,18,0
2026-09-11T17:24:00Z,4381.45,4382.27,4377.6,4379.21,822,18,0
2026-09-11T17:25:00Z,4379.21,4379.39,4374.88,4375.77,724,18,0
2026-09-11T17:26:00Z,4375.68,4376.87,4374.35,4375.6,691,18,0
2026-09-11T17:27:00Z,4375.81,4378.36,4375.34,4377.11,776,18,0
2026-09-11T17:28:00Z,4377.1,4378.14,4374.74,4375.45,714,18,0
2026-09-11T17:29:00Z,4375.43,4377.61,4374.91,4375.1,713,18,0
2026-09-11T17:30:00Z,4375.08,4375.5,4372.08,4373.16,732,18,0
2026-09-11T17:31:00Z,4373.24,4374.51,4371.31,4371.53,569,18,0
2026-09-11T17:32:00Z,4371.52,4374.07,4370.92,4373.71,558,18,0
2026-09-11T17:33:00Z,4373.67,4375.58,4371.96,4374.08,572,18,0
2026-09-11T17:34:00Z,4374.15,4374.23,4371.05,4371.6,572,18,0
2026-09-11T17:35:00Z,4371.6,4372.77,4370.41,4371.03,498,18,0
2026-09-11T17:36:00Z,4370.95,4370.95,4366.57,4367.7,616,18,0
2026-09-11T17:37:00Z,4367.64,4371.01,4367.62,4369.78,508,18,0
2026-09-11T17:38:00Z,4369.72,4369.9,4364.7,4365.84,550,18,0
2026-09-11T17:39:00Z,4365.83,4368.42,4365.55,4368.0,528,18,0
2026-09-11T17:40:00Z,4368.03,4371.86,4367.8,4369.44,700,18,0
2026-09-11T17:41:00Z,4369.45,4371.39,4368.49,4370.95,578,18,0
2026-09-11T17:42:00Z,4370.85,4370.96,4368.32,4369.15,569,18,0
2026-09-11T17:43:00Z,4369.28,4370.95,4368.94,4369.12,519,18,0
2026-09-11T17:44:00Z,4369.07,4372.16,4369.07,4371.44,576,18,0
2026-09-11T17:45:00Z,4371.45,4375.79,4371.2,4375.28,643,18,0
2026-09-11T17:46:00Z,4375.18,4377.09,4373.9,4376.75,524,18,0
2026-09-11T17:47:00Z,4376.5,4378.19,4373.82,4374.18,522,18,0
2026-09-11T17:48:00Z,4374.13,4384.27,4372.3,4379.56,724,18,0
2026-09-11T17:49:00Z,4379.52,4380.56,4377.46,4379.81,782,18,0
2026-09-11T17:50:00Z,4379.55,4380.89,4377.34,4380.63,653,18,0
2026-09-11T17:51:00Z,4380.67,4383.76,4380.67,4382.07,645,18,0
2026-09-11T17:52:00Z,4382.02,4384.28,4379.96,4380.06,613,18,0
2026-09-11T17:53:00Z,4380.0,4380.28,4378.41,4379.23,595,18,0
2026-09-11T17:54:00Z,4379.22,4381.06,4377.7,4377.85,529,18,0
2026-09-11T17:55:00Z,4377.72,4378.44,4374.15,4374.29,642,18,0
2026-09-11T17:56:00Z,4374.24,4376.26,4374.24,4375.62,470,18,0
2026-09-11T17:57:00Z,4375.54,4375.6,4373.6,4373.79,553,18,0
2026-09-11T17:58:00Z,4373.75,4374.11,4371.3,4371.3,520,18,0
2026-09-11T17:59:00Z,4371.32,4371.38,4370.47,4370.83,448,18,0
2026-09-11T18:00:00Z,4370.64,4372.39,4368.3,4371.78,590,18,0
2026-09-11T18:01:00Z,4371.9,4372.92,4370.37,4371.49,518,18,0
2026-09-11T18:02:00Z,4371.46,4371.57,4367.95,4368.48,495,18,0
2026-09-11T18:03:00Z,4368.38,4368.83,4366.6,4368.79,437,18,0
2026-09-11T18:04:00Z,4368.81,4370.76,4368.29,4370.72,404,18,0
2026-09-11T18:05:00Z,4370.61,4370.75,4368.87,4369.41,563,18,0
2026-09-11T18:06:00Z,4369.37,4370.22,4368.43,4368.54,560,18,0
2026-09-11T18:07:00Z,4368.5,4369.02,4364.81,4366.02,593,18,0
2026-09-11T18:08:00Z,4366.04,4366.2,4362.51,4363.66,556,18,0
2026-09-11T18:09:00Z,4363.65,4364.01,4361.51,4363.16,585,18,0
2026-09-11T18:10:00Z,4363.12,4363.72,4361.95,4363.51,514,18,0
2026-09-11T18:11:00Z,4363.55,4363.82,4361.58,4363.07,507,18,0
2026-09-11T18:12:00Z,4363.07,4363.41,4360.36,4360.54,452,18,0
2026-09-11T18:13:00Z,4360.59,4361.28,4359.21,4360.97,443,18,0
2026-09-11T18:14:00Z,4361.0,4363.2,4360.12,4362.51,460,18,0
2026-09-11T18:15:00Z,4362.49,4364.43,4362.09,4364.24,541,18,0
2026-09-11T18:16:00Z,4364.19,4366.13,4362.81,4365.98,551,18,0
2026-09-11T18:17:00Z,4365.85,4366.3,4364.36,4365.09,514,18,0
2026-09-11T18:18:00Z,4365.09,4365.11,4361.5,4361.94,504,18,0
2026-09-11T18:19:00Z,4361.78,4362.79,4361.53,4362.38,549,18,0
2026-09-11T18:20:00Z,4362.48,4365.12,4362.2,4363.27,573,18,0
2026-09-11T18:21:00Z,4363.17,4367.95,4363.17,4367.1,447,18,0
2026-09-11T18:22:00Z,4367.07,4367.92,4364.68,4365.3,400,18,0
2026-09-11T18:23:00Z,4365.31,4366.27,4363.67,4366.17,382,18,0
2026-09-11T18:24:00Z,4366.16,4366.6,4363.67,4365.42,489,18,0
2026-09-11T18:25:00Z,4365.48,4367.06,4365.2,4365.81,436,18,0
2026-09-11T18:26:00Z,4365.86,4367.97,4365.86,4366.56,442,18,0
2026-09-11T18:27:00Z,4366.61,4371.19,4366.61,4370.41,455,18,0
2026-09-11T18:28:00Z,4370.34,4372.42,4369.9,4370.31,479,18,0
2026-09-11T18:29:00Z,4370.59,4371.3,4369.3,4370.51,548,18,0
2026-09-11T18:30:00Z,4370.39,4371.36,4369.02,4371.29,572,18,0
2026-09-11T18:31:00Z,4371.34,4371.67,4369.76,4370.76,438,18,0
2026-09-11T18:32:00Z,4370.83,4374.57,4370.67,4374.17,483,18,0
2026-09-11T18:33:00Z,4374.02,4375.54,4373.16,4374.86,497,18,0
2026-09-11T18:34:00Z,4374.88,4375.09,4372.93,4372.93,523,18,0
2026-09-11T18:35:00Z,4372.94,4374.03,4370.69,4372.67,496,18,0
2026-09-11T18:36:00Z,4372.64,4372.87,4371.02,4372.87,464,18,0
2026-09-11T18:37:00Z,4372.82,4377.21,4372.82,4375.3,546,18,0
2026-09-11T18:38:00Z,4375.18,4375.31,4373.62,4374.68,483,18,0
2026-09-11T18:39:00Z,4374.88,4375.32,4373.89,4374.08,416,18,0
2026-09-11T18:40:00Z,4374.07,4374.22,4370.98,4371.76,463,18,0
2026-09-11T18:41:00Z,4371.76,4372.61,4370.41,4371.24,421,18,0
2026-09-11T18:42:00Z,4371.27,4373.0,4371.17,4372.28,397,18,0
2026-09-11T18:43:00Z,4372.33,4375.31,4372.24,4373.89,480,18,0
2026-09-11T18:44:00Z,4373.96,4374.5,4372.37,4372.82,375,18,0
2026-09-11T18:45:00Z,4372.81,4373.03,4370.99,4371.39,441,18,0
2026-09-11T18:46:00Z,4371.37,4372.18,4370.9,4371.22,406,18,0
2026-09-11T18:47:00Z,4371.27,4371.42,4369.52,4370.01,460,18,0
2026-09-11T18:48:00Z,4369.86,4370.77,4368.58,4370.16,458,18,0
2026-09-11T18:49:00Z,4370.16,4373.42,4369.9,4373.11,511,18,0
2026-09-11T18:50:00Z,4373.1,4373.67,4371.62,4373.35,449,18,0
2026-09-11T18:51:00Z,4373.36,4373.78,4371.77,4372.79,474,18,0
2026-09-11T18:52:00Z,4372.82,4372.86,4371.36,4371.36,435,18,0
2026-09-11T18:53:00Z,4371.29,4371.29,4367.1,4367.21,611,18,0
2026-09-11T18:54:00Z,4367.21,4369.1,4366.42,4368.94,489,18,0
2026-09-11T18:55:00Z,4368.99,4369.35,4368.0,4368.17,482,18,0
2026-09-11T18:56:00Z,4368.16,4368.25,4365.65,4365.9,559,18,0
2026-09-11T18:57:00Z,4365.8,4367.21,4365.8,4366.07,416,18,0
2026-09-11T18:58:00Z,4366.09,4366.55,4365.12,4365.62,516,18,0
2026-09-11T18:59:00Z,4365.63,4367.44,4365.47,4367.04,488,18,0
2026-09-11T19:00:00Z,4367.08,4370.36,4366.64,4370.0,539,18,0
2026-09-11T19:01:00Z,4370.09,4370.76,4368.54,4368.58,396,18,0
2026-09-11T19:02:00Z,4368.56,4370.21,4368.25,4370.05,390,18,0
2026-09-11T19:03:00Z,4370.04,4371.04,4369.39,4370.54,416,18,0
2026-09-11T19:04:00Z,4370.58,4372.8,4370.54,4371.68,462,18,0
2026-09-11T19:05:00Z,4371.68,4372.59,4370.98,4370.99,525,18,0
2026-09-11T19:06:00Z,4371.1,4371.69,4369.94,4370.21,616,18,0
2026-09-11T19:07:00Z,4370.19,4370.67,4367.43,4367.47,517,18,0
2026-09-11T19:08:00Z,4367.56,4367.84,4366.32,4366.93,435,18,0
2026-09-11T19:09:00Z,4366.92,4367.73,4366.45,4367.29,341,18,0
2026-09-11T19:10:00Z,4367.26,4367.83,4366.59,4367.08,453,18,0
2026-09-11T19:11:00Z,4367.04,4369.11,4366.78,4368.37,448,18,0
2026-09-11T19:12:00Z,4368.35,4368.53,4367.06,4367.38,503,18,0
2026-09-11T19:13:00Z,4367.42,4367.42,4364.44,4364.69,537,18,0
2026-09-11T19:14:00Z,4364.68,4364.96,4360.99,4361.36,467,18,0
2026-09-11T19:15:00Z,4361.36,4362.33,4360.06,4362.14,460,18,0
2026-09-11T19:16:00Z,4362.14,4362.67,4361.26,4361.94,473,18,0
2026-09-11T19:17:00Z,4362.0,4363.34,4361.89,4362.39,445,18,0
2026-09-11T19:18:00Z,4362.42,4364.03,4361.57,4363.47,461,18,0
2026-09-11T19:19:00Z,4363.46,4363.5,4358.8,4359.19,491,18,0
2026-09-11T19:20:00Z,4359.44,4360.9,4358.65,4358.75,410,18,0
2026-09-11T19:21:00Z,4358.69,4360.51,4358.67,4358.73,365,18,0
2026-09-11T19:22:00Z,4358.75,4359.28,4357.22,4358.07,431,18,0
2026-09-11T19:23:00Z,4358.3,4360.06,4354.84,4355.0,470,18,0
2026-09-11T19:24:00Z,4355.0,4355.05,4351.93,4353.03,514,18,0
2026-09-11T19:25:00Z,4353.02,4354.2,4352.61,4354.04,454,18,0
2026-09-11T19:26:00Z,4353.98,4356.94,4353.47,4356.5,460,18,0
2026-09-11T19:27:00Z,4356.45,4360.63,4356.29,4359.07,517,18,0
2026-09-11T19:28:00Z,4359.02,4362.64,4359.02,4362.62,439,18,0
2026-09-11T19:29:00Z,4362.64,4362.66,4354.69,4354.9,932,18,0
2026-09-11T19:30:00Z,4354.91,4357.31,4353.35,4356.42,676,18,0
2026-09-11T19:31:00Z,4356.83,4358.29,4355.71,4357.42,605,18,0
2026-09-11T19:32:00Z,4357.42,4361.36,4355.52,4361.01,650,18,0
2026-09-11T19:33:00Z,4360.98,4364.71,4360.83,4364.67,449,18,0
2026-09-11T19:34:00Z,4364.74,4365.87,4363.87,4364.25,614,18,0
2026-09-11T19:35:00Z,4364.22,4364.32,4362.24,4362.41,445,18,0
2026-09-11T19:36:00Z,4362.41,4362.7,4359.28,4360.04,553,18,0
2026-09-11T19:37:00Z,4360.04,4361.93,4359.12,4361.9,433,18,0
2026-09-11T19:38:00Z,4361.94,4363.34,4361.65,4362.09,412,18,0
2026-09-11T19:39:00Z,4362.06,4362.08,4359.48,4359.57,420,18,0
2026-09-11T19:40:00Z,4359.55,4364.13,4358.9,4364.07,525,18,0
2026-09-11T19:41:00Z,4364.0,4364.44,4363.03,4364.22,442,18,0
2026-09-11T19:42:00Z,4364.16,4364.33,4360.78,4362.02,408,18,0
2026-09-11T19:43:00Z,4362.02,4363.97,4361.74,4363.04,402,18,0
2026-09-11T19:44:00Z,4362.99,4363.9,4362.81,4363.5,325,18,0
2026-09-11T19:45:00Z,4363.5,4364.93,4363.42,4364.63,351,18,0
2026-09-11T19:46:00Z,4364.62,4364.97,4363.43,4363.43,384,18,0
2026-09-11T19:47:00Z,4363.48,4364.21,4362.57,4362.57,305,18,0
2026-09-11T19:48:00Z,4362.47,4363.48,4362.21,4362.41,382,18,0
2026-09-11T19:49:00Z,4362.35,4362.45,4360.48,4360.58,374,18,0
2026-09-11T19:50:00Z,4360.51,4361.59,4360.26,4360.9,352,18,0
2026-09-11T19:51:00Z,4360.9,4361.64,4360.33,4361.22,312,18,0
2026-09-11T19:52:00Z,4361.24,4361.61,4360.41,4361.31,271,18,0
2026-09-11T19:53:00Z,4361.4,4361.55,4360.74,4360.77,303,18,0
2026-09-11T19:54:00Z,4360.75,4361.72,4360.69,4361.3,275,18,0
2026-09-11T19:55:00Z,4361.25,4362.76,4361.1,4362.13,296,18,0
2026-09-11T19:56:00Z,4362.15,4362.39,4361.48,4361.99,318,18,0
2026-09-11T19:57:00Z,4362.0,4362.91,4361.16,4362.74,272,18,0
2026-09-11T19:58:00Z,4362.74,4363.38,4362.43,4362.43,230,18,0
2026-09-11T19:59:00Z,4362.49,4362.6,4361.46,4361.65,275,18,0
2026-09-11T20:00:00Z,4361.65,4363.4,4360.79,4362.07,415,18,0
2026-09-11T20:01:00Z,4362.12,4364.13,4362.12,4363.4,268,18,0
2026-09-11T20:02:00Z,4363.41,4363.44,4362.47,4362.98,198,18,0
2026-09-11T20:03:00Z,4363.03,4363.08,4361.88,4362.38,229,18,0
2026-09-11T20:04:00Z,4362.35,4363.61,4362.31,4363.28,206,18,0
2026-09-11T20:05:00Z,4362.52,4362.89,4361.2,4362.62,276,18,0
2026-09-11T20:06:00Z,4362.65,4364.16,4362.54,4364.03,263,18,0
2026-09-11T20:07:00Z,4364.03,4368.91,4363.63,4363.79,502,18,0
2026-09-11T20:08:00Z,4363.79,4364.5,4363.27,4363.37,327,18,0
2026-09-11T20:09:00Z,4363.44,4364.23,4363.0,4363.96,333,18,0
2026-09-11T20:10:00Z,4363.94,4365.85,4362.04,4363.92,380,18,0
2026-09-11T20:11:00Z,4363.97,4364.97,4362.92,4364.48,379,18,0
2026-09-11T20:12:00Z,4364.51,4366.88,4364.21,4365.68,426,18,0
2026-09-11T20:13:00Z,4365.7,4366.31,4364.86,4364.96,435,18,0
2026-09-11T20:14:00Z,4364.98,4365.87,4363.92,4365.67,336,18,0
2026-09-11T20:15:00Z,4365.66,4366.75,4364.5,4364.51,366,18,0
2026-09-11T20:16:00Z,4364.61,4365.84,4363.4,4365.56,421,18,0
2026-09-11T20:17:00Z,4365.55,4367.0,4365.39,4366.85,345,18,0
2026-09-11T20:18:00Z,4366.67,4366.88,4365.69,4366.15,353,18,0
2026-09-11T20:19:00Z,4366.19,4368.93,4366.15,4367.63,405,18,0
2026-09-11T20:20:00Z,4367.68,4369.38,4367.09,4367.34,505,18,0
2026-09-11T20:21:00Z,4367.34,4367.78,4365.99,4366.1,325,18,0
2026-09-11T20:22:00Z,4366.01,4368.51,4365.95,4366.5,412,18,0
2026-09-11T20:23:00Z,4366.45,4368.65,4365.73,4368.24,370,18,0
2026-09-11T20:24:00Z,4367.85,4369.26,4367.85,4368.98,452,18,0
2026-09-11T20:25:00Z,4369.02,4369.74,4367.5,4368.26,408,18,0
2026-09-11T20:26:00Z,4368.13,4368.18,4366.76,4366.88,308,18,0
2026-09-11T20:27:00Z,4366.99,4368.38,4366.92,4367.33,420,18,0
2026-09-11T20:28:00Z,4367.33,4368.17,4366.45,4366.53,472,18,0
2026-09-11T20:29:00Z,4366.55,4367.34,4366.05,4366.84,619,18,0
2026-09-11T20:30:00Z,4366.8,4367.72,4365.36,4367.64,490,18,0
2026-09-11T20:31:00Z,4367.5,4370.13,4367.4,4370.03,389,18,0
2026-09-11T20:32:00Z,4370.07,4370.42,4368.09,4368.59,412,18,0
2026-09-11T20:33:00Z,4368.66,4369.18,4368.05,4368.53,308,18,0
2026-09-11T20:34:00Z,4368.54,4369.43,4368.54,4369.08,220,18,0
2026-09-11T20:35:00Z,4369.04,4369.55,4368.35,4368.43,297,18,0
2026-09-11T20:36:00Z,4368.45,4369.44,4367.0,4367.81,318,18,0
2026-09-11T20:37:00Z,4367.65,4367.81,4365.51,4365.51,251,18,0
2026-09-11T20:38:00Z,4365.52,4365.75,4363.02,4363.36,332,18,0
2026-09-11T20:39:00Z,4363.22,4363.44,4362.17,4362.3,348,18,0
2026-09-11T20:40:00Z,4362.31,4363.51,4362.16,4362.54,379,18,0
2026-09-11T20:41:00Z,4362.51,4362.61,4360.87,4361.18,336,18,0
2026-09-11T20:42:00Z,4361.15,4361.54,4359.93,4361.35,347,18,0
2026-09-11T20:43:00Z,4361.35,4362.42,4361.19,4361.69,340,18,0
2026-09-11T20:44:00Z,4361.77,4363.41,4361.24,4362.02,292,18,0
2026-09-11T20:45:00Z,4361.82,4361.85,4360.43,4360.65,398,18,0
2026-09-11T20:46:00Z,4360.67,4361.15,4359.7,4359.8,358,18,0
2026-09-11T20:47:00Z,4359.86,4360.62,4359.26,4360.12,324,18,0
2026-09-11T20:48:00Z,4360.05,4360.77,4359.64,4360.14,306,18,0
2026-09-11T20:49:00Z,4360.12,4362.37,4360.07,4361.53,390,18,0
2026-09-11T20:50:00Z,4361.6,4361.91,4360.86,4361.52,285,18,0
2026-09-11T20:51:00Z,4361.55,4362.49,4360.89,4362.41,278,18,0
2026-09-11T20:52:00Z,4362.37,4363.38,4361.78,4363.38,314,18,0
2026-09-11T20:53:00Z,4363.33,4363.72,4362.54,4362.83,276,18,0
2026-09-11T20:54:00Z,4362.82,4362.99,4362.27,4362.6,259,18,0
2026-09-11T20:55:00Z,4362.59,4362.86,4360.75,4361.28,318,18,0
2026-09-11T20:56:00Z,4361.23,4361.23,4359.45,4359.8,330,18,0
2026-09-11T20:57:00Z,4359.6,4359.75,4358.67,4358.67,295,18,0
2026-09-11T20:58:00Z,4358.68,4359.0,4357.9,4358.01,222,18,0
2026-09-11T20:59:00Z,4358.04,4358.59,4357.92,4358.25,206,18,0
2026-09-11T21:00:00Z,4358.24,4359.37,4357.32,4357.64,273,18,0
2026-09-11T21:01:00Z,4357.68,4358.06,4357.07,4357.73,232,18,0
2026-09-11T21:02:00Z,4357.81,4359.52,4357.74,4359.46,335,18,0
2026-09-11T21:03:00Z,4359.42,4359.59,4358.68,4359.32,205,18,0
2026-09-11T21:04:00Z,4359.31,4359.93,4358.67,4359.93,199,18,0
2026-09-11T21:05:00Z,4359.88,4360.04,4357.55,4358.09,296,18,0
2026-09-11T21:06:00Z,4358.09,4358.65,4357.35,4357.7,252,18,0
2026-09-11T21:07:00Z,4357.66,4357.66,4356.19,4356.42,238,18,0
2026-09-11T21:08:00Z,4356.38,4356.48,4355.22,4355.41,251,18,0
2026-09-11T21:09:00Z,4355.46,4356.28,4353.66,4353.7,300,18,0
2026-09-11T21:10:00Z,4353.8,4355.95,4353.74,4355.78,264,18,0
2026-09-11T21:11:00Z,4355.83,4355.92,4354.15,4354.62,234,18,0
2026-09-11T21:12:00Z,4354.7,4354.7,4352.34,4352.94,265,18,0
2026-09-11T21:13:00Z,4352.66,4352.87,4350.14,4350.14,284,18,0
2026-09-11T21:14:00Z,4350.16,4350.16,4345.97,4346.88,450,18,0
2026-09-11T21:15:00Z,4346.7,4348.79,4344.98,4348.18,364,18,0
2026-09-11T21:16:00Z,4348.18,4349.74,4347.83,4349.16,377,18,0
2026-09-11T21:17:00Z,4349.1,4350.49,4349.08,4349.8,345,18,0
2026-09-11T21:18:00Z,4349.8,4351.2,4348.98,4350.96,316,18,0
2026-09-11T21:19:00Z,4350.96,4352.04,4349.68,4349.68,307,18,0
2026-09-11T21:20:00Z,4349.69,4350.28,4345.06,4346.67,715,18,0
2026-09-11T21:21:00Z,4346.63,4347.65,4344.09,4345.14,627,18,0
2026-09-11T21:22:00Z,4345.14,4349.18,4345.1,4348.48,424,18,0
2026-09-11T21:23:00Z,4348.23,4350.1,4347.31,4347.63,456,18,0
2026-09-11T21:24:00Z,4347.68,4349.51,4347.57,4349.08,313,18,0
2026-09-11T21:25:00Z,4349.04,4350.82,4348.97,4349.7,308,18,0
2026-09-11T21:26:00Z,4349.75,4350.68,4348.63,4348.76,313,18,0
2026-09-11T21:27:00Z,4348.75,4350.87,4348.72,4349.71,524,18,0
2026-09-11T21:28:00Z,4349.67,4352.53,4349.46,4352.04,433,18,0
2026-09-11T21:29:00Z,4352.12,4352.97,4350.11,4350.6,372,18,0
2026-09-11T21:30:00Z,4350.54,4351.56,4349.64,4349.68,384,18,0
2026-09-11T21:31:00Z,4349.68,4349.81,4346.05,4346.16,337,18,0
2026-09-11T21:32:00Z,4346.14,4347.05,4345.71,4346.92,332,18,0
2026-09-11T21:33:00Z,4346.95,4347.24,4346.01,4346.95,321,18,0
2026-09-11T21:34:00Z,4347.0,4348.38,4346.51,4348.14,286,18,0
2026-09-11T21:35:00Z,4348.24,4348.52,4347.21,4348.3,289,18,0
2026-09-11T21:36:00Z,4348.2,4350.32,4348.19,4350.3,249,18,0
2026-09-11T21:37:00Z,4350.14,4350.26,4348.18,4348.26,318,18,0
2026-09-11T21:38:00Z,4348.26,4348.45,4347.55,4347.96,296,18,0
2026-09-11T21:39:00Z,4347.94,4348.5,4346.74,4347.1,280,18,0
2026-09-11T21:40:00Z,4347.05,4347.7,4346.73,4347.56,240,18,0
2026-09-11T21:41:00Z,4347.53,4347.71,4347.13,4347.49,219,18,0
2026-09-11T21:42:00Z,4347.5,4349.12,4347.3,4348.18,262,18,0
2026-09-11T21:43:00Z,4348.28,4348.93,4347.89,4348.57,254,18,0
2026-09-11T21:44:00Z,4348.65,4348.85,4346.95,4347.11,244,18,0
2026-09-11T21:45:00Z,4347.06,4347.42,4345.08,4345.18,289,18,0
2026-09-11T21:46:00Z,4345.23,4346.33,4345.02,4345.65,245,18,0
2026-09-11T21:47:00Z,4345.65,4346.49,4345.58,4346.14,257,18,0
2026-09-11T21:48:00Z,4346.11,4346.26,4344.28,4344.76,303,18,0
2026-09-11T21:49:00Z,4344.74,4345.42,4344.66,4345.12,268,18,0
2026-09-11T21:50:00Z,4345.12,4346.38,4344.48,4345.8,267,18,0
2026-09-11T21:51:00Z,4345.88,4346.52,4345.48,4346.38,241,18,0
2026-09-11T21:52:00Z,4346.39,4346.83,4344.97,4346.06,178,18,0
2026-09-11T21:53:00Z,4345.9,4345.9,4344.83,4345.2,210,18,0
2026-09-11T21:54:00Z,4345.18,4345.39,4344.71,4345.26,200,18,0
2026-09-11T21:55:00Z,4345.19,4346.92,4344.92,4345.82,317,18,0
2026-09-11T21:56:00Z,4345.77,4346.86,4345.35,4346.35,223,18,0
2026-09-11T21:57:00Z,4346.29,4346.79,4346.06,4346.21,187,18,0
2026-09-11T21:58:00Z,4346.21,4347.08,4346.05,4346.96,193,18,0
2026-09-11T21:59:00Z,4346.92,4347.14,4345.85,4346.93,258,18,0
2026-09-11T22:00:00Z,4346.99,4347.7,4345.41,4347.7,306,18,0
2026-09-11T22:01:00Z,4347.7,4348.25,4347.03,4347.06,271,30,0
2026-09-11T22:02:00Z,4347.06,4347.11,4346.44,4346.93,234,30,0
2026-09-11T22:03:00Z,4346.88,4346.93,4345.28,4346.51,206,30,0
2026-09-11T22:04:00Z,4346.45,4348.05,4345.38,4347.65,199,30,0
2026-09-11T22:05:00Z,4347.66,4347.91,4346.48,4346.87,185,30,0
2026-09-11T22:06:00Z,4346.94,4346.94,4345.16,4345.25,218,30,0
2026-09-11T22:07:00Z,4345.25,4345.35,4344.34,4344.85,176,30,0
2026-09-11T22:08:00Z,4344.54,4348.75,4344.54,4348.5,249,30,0
2026-09-11T22:09:00Z,4348.51,4349.24,4347.45,4347.47,258,30,0
2026-09-11T22:10:00Z,4347.47,4349.22,4346.99,4347.9,290,30,0
2026-09-11T22:11:00Z,4347.86,4349.48,4347.25,4349.42,241,30,0
2026-09-11T22:12:00Z,4349.42,4350.44,4349.19,4349.65,266,30,0
2026-09-11T22:13:00Z,4349.66,4350.97,4349.31,4350.97,262,30,0
2026-09-11T22:14:00Z,4351.0,4351.92,4349.9,4351.88,242,30,0
2026-09-11T22:15:00Z,4351.84,4352.86,4351.62,4351.71,284,30,0
2026-09-11T22:16:00Z,4351.88,4353.77,4351.82,4352.68,245,30,0
2026-09-11T22:17:00Z,4352.64,4352.85,4350.51,4350.77,280,30,0
2026-09-11T22:18:00Z,4350.95,4351.92,4350.54,4350.71,211,30,0
2026-09-11T22:19:00Z,4350.7,4351.02,4349.21,4349.41,212,30,0
2026-09-11T22:20:00Z,4349.46,4350.67,4349.21,4350.26,209,30,0
2026-09-11T22:21:00Z,4350.25,4350.96,4349.83,4350.67,217,30,0
2026-09-11T22:22:00Z,4350.59,4351.05,4348.78,4349.64,261,30,0
2026-09-11T22:23:00Z,4349.95,4351.04,4349.53,4350.92,250,30,0
2026-09-11T22:24:00Z,4350.95,4351.59,4350.11,4351.42,258,30,0
2026-09-11T22:25:00Z,4351.55,4353.14,4351.19,4352.72,239,30,0
2026-09-11T22:26:00Z,4352.8,4353.01,4350.61,4351.34,335,30,0
2026-09-11T22:27:00Z,4351.38,4351.41,4349.5,4349.83,205,30,0
2026-09-11T22:28:00Z,4349.99,4351.25,4349.8,4350.26,249,30,0
2026-09-11T22:29:00Z,4350.25,4350.39,4347.22,4347.23,296,30,0
2026-09-11T22:30:00Z,4347.32,4348.32,4347.03,4347.06,331,30,0
2026-09-11T22:31:00Z,4347.06,4347.27,4346.27,4347.19,233,30,0
2026-09-11T22:32:00Z,4347.2,4347.2,4345.68,4345.99,209,30,0
2026-09-11T22:33:00Z,4346.15,4346.21,4345.35,4345.55,226,30,0
2026-09-11T22:34:00Z,4345.52,4347.34,4345.05,4347.1,209,30,0
2026-09-11T22:35:00Z,4347.16,4348.0,4346.42,4346.75,261,30,0
2026-09-11T22:36:00Z,4346.79,4346.95,4345.83,4346.77,211,30,0
2026-09-11T22:37:00Z,4346.83,4347.41,4346.55,4346.65,220,30,0
2026-09-11T22:38:00Z,4346.63,4346.8,4345.71,4346.32,209,30,0
2026-09-11T22:39:00Z,4346.29,4347.45,4345.72,4346.79,281,30,0
2026-09-11T22:40:00Z,4346.74,4347.83,4346.07,4347.69,232,30,0
2026-09-11T22:41:00Z,4347.71,4348.16,4346.95,4347.64,267,30,0
2026-09-11T22:42:00Z,4347.6,4347.81,4346.13,4346.26,255,30,0
2026-09-11T22:43:00Z,4346.3,4347.37,4345.53,4345.53,270,30,0
2026-09-11T22:44:00Z,4345.64,4346.59,4345.5,4346.12,258,30,0
2026-09-11T22:45:00Z,4346.07,4346.21,4344.83,4344.93,247,30,0
2026-09-11T22:46:00Z,4345.04,4345.25,4343.04,4344.12,290,30,0
2026-09-11T22:47:00Z,4344.14,4344.72,4343.34,4344.22,321,30,0
2026-09-11T22:48:00Z,4344.15,4344.47,4343.49,4343.55,292,30,0
2026-09-11T22:49:00Z,4343.55,4343.85,4342.86,4342.87,226,30,0
2026-09-11T22:50:00Z,4343.06,4344.72,4342.67,4344.32,361,30,0
2026-09-11T22:51:00Z,4344.31,4345.8,4344.16,4344.29,274,30,0
2026-09-11T22:52:00Z,4344.27,4344.29,4342.66,4343.09,267,30,0
2026-09-11T22:53:00Z,4343.09,4344.46,4343.03,4343.85,257,30,0
2026-09-11T22:54:00Z,4343.88,4345.24,4343.88,4345.2,292,30,0
2026-09-11T22:55:00Z,4345.1,4346.85,4344.86,4345.52,365,30,0
2026-09-11T22:56:00Z,4345.47,4346.01,4344.9,4346.0,270,30,0
2026-09-11T22:57:00Z,4345.96,4348.3,4345.94,4347.8,269,30,0
2026-09-11T22:58:00Z,4347.86,4348.39,4347.29,4348.12,400,30,0
2026-09-11T22:59:00Z,4348.05,4349.42,4347.73,4348.38,559,30,0
2026-09-11T23:00:00Z,4348.53,4351.33,4348.27,4351.01,273,30,0
2026-09-11T23:01:00Z,4351.27,4351.35,4348.97,4349.18,183,30,0
2026-09-11T23:02:00Z,4349.36,4349.84,4348.56,4348.6,125,30,0
2026-09-11T23:03:00Z,4348.61,4348.68,4348.21,4348.21,105,30,0
2026-09-11T23:04:00Z,4348.33,4349.21,4348.01,4348.74,107,30,0
2026-09-11T23:05:00Z,4348.77,4349.79,4348.49,4349.71,105,30,0
2026-09-11T23:06:00Z,4349.72,4350.43,4349.54,4350.18,157,30,0
2026-09-11T23:07:00Z,4350.19,4350.56,4349.73,4349.89,117,30,0
2026-09-11T23:08:00Z,4349.91,4350.06,4349.55,4349.99,118,30,0
2026-09-11T23:09:00Z,4349.99,4350.16,4349.82,4350.04,59,30,0
2026-09-11T23:10:00Z,4350.07,4350.33,4349.39,4349.39,68,30,0
2026-09-11T23:11:00Z,4349.44,4349.51,4348.45,4348.71,103,30,0
2026-09-11T23:12:00Z,4348.72,4349.05,4348.66,4348.89,81,30,0
2026-09-11T23:13:00Z,4348.98,4349.03,4348.17,4348.57,159,30,0
2026-09-11T23:14:00Z,4348.77,4348.91,4348.25,4348.26,99,30,0
2026-09-11T23:15:00Z,4348.25,4348.25,4347.28,4348.11,114,30,0
2026-09-11T23:16:00Z,4348.18,4348.18,4347.25,4347.25,65,30,0
2026-09-11T23:17:00Z,4347.28,4347.62,4346.99,4347.42,86,30,0
2026-09-11T23:18:00Z,4347.45,4347.45,4346.14,4346.23,48,30,0
2026-09-11T23:19:00Z,4346.27,4349.2,4346.22,4349.2,110,30,0
2026-09-11T23:20:00Z,4349.17,4349.76,4348.94,4349.74,115,30,0
2026-09-11T23:21:00Z,4349.84,4350.28,4349.61,4350.08,93,30,0
2026-09-11T23:22:00Z,4349.91,4350.2,4349.28,4350.15,66,30,0
2026-09-11T23:23:00Z,4350.1,4350.2,4349.54,4349.77,82,30,0
2026-09-11T23:24:00Z,4349.81,4349.92,4349.27,4349.44,53,30,0
2026-09-11T23:25:00Z,4349.37,4350.03,4349.01,4349.78,57,30,0
2026-09-11T23:26:00Z,4349.84,4349.84,4348.96,4348.99,81,30,0
2026-09-11T23:27:00Z,4349.14,4349.27,4348.36,4348.47,66,30,0
2026-09-11T23:28:00Z,4348.5,4349.46,4348.38,4349.18,79,30,0
2026-09-11T23:29:00Z,4349.25,4349.4,4348.39,4348.76,166,30,0
2026-09-11T23:30:00Z,4348.78,4348.78,4347.91,4348.25,211,30,0
2026-09-11T23:31:00Z,4348.16,4348.36,4347.56,4347.59,97,30,0
2026-09-11T23:32:00Z,4347.59,4347.75,4346.99,4347.69,65,30,0
2026-09-11T23:33:00Z,4347.69,4347.69,4346.97,4347.63,76,30,0
2026-09-11T23:34:00Z,4347.61,4347.76,4347.44,4347.58,89,30,0
2026-09-11T23:35:00Z,4347.52,4347.93,4347.47,4347.55,100,30,0
2026-09-11T23:36:00Z,4347.55,4347.74,4347.01,4347.24,71,30,0
2026-09-11T23:37:00Z,4347.49,4348.58,4347.31,4348.13,80,30,0
2026-09-11T23:38:00Z,4348.22,4349.03,4348.14,4348.9,83,30,0
2026-09-11T23:39:00Z,4348.9,4348.9,4348.18,4348.57,82,30,0
2026-09-11T23:40:00Z,4348.54,4348.54,4348.02,4348.04,100,30,0
2026-09-11T23:41:00Z,4348.09,4348.09,4347.64,4347.68,68,30,0
2026-09-11T23:42:00Z,4347.69,4347.74,4345.9,4346.16,146,30,0
2026-09-11T23:43:00Z,4346.15,4346.4,4345.69,4346.12,71,30,0
2026-09-11T23:44:00Z,4346.1,4346.48,4345.84,4346.36,85,30,0
2026-09-11T23:45:00Z,4346.38,4347.71,4346.1,4347.4,167,30,0
2026-09-11T23:46:00Z,4347.43,4347.92,4347.09,4347.9,80,30,0
2026-09-11T23:47:00Z,4347.76,4349.28,4347.73,4347.97,93,30,0
2026-09-11T23:48:00Z,4347.85,4347.86,4347.29,4347.45,85,30,0
2026-09-11T23:49:00Z,4347.5,4347.61,4347.14,4347.5,74,30,0
2026-09-11T23:50:00Z,4347.5,4347.66,4346.79,4346.96,78,30,0
2026-09-11T23:51:00Z,4347.11,4347.25,4346.94,4347.14,43,30,0
2026-09-11T23:52:00Z,4347.19,4347.87,4346.95,4347.87,97,30,0
2026-09-11T23:53:00Z,4347.85,4347.85,4345.54,4346.98,223,30,0
2026-09-11T23:54:00Z,4346.65,4348.55,4346.41,4348.44,143,30,0
2026-09-11T23:55:00Z,4348.48,4348.59,4347.65,4347.9,85,30,0
2026-09-11T23:56:00Z,4348.17,4348.74,4347.8,4348.19,100,30,0
2026-09-11T23:57:00Z,4348.35,4349.38,4348.2,4348.85,166,30,0
