ambiguous,direction,exit_price,final_sl,initial_sl,initial_tp,max_favorable_price,realized_R,realized_price,reason,risk,secondary_entry_2x,signal_time_utc,sl,symbol,theoretical_entry,tp,trail_distance_price,trail_pips,trailing_activated,trigger_time
False,SELL,4010.33,4010.33,4013.86,4004.8899999999994,0.9400000000000546,0.18060200668893675,0.5399999999999636,TRAIL_SL,2.9900000000002365,4012.365,2026-07-01T02:22:00+00:00,4013.86,XAUUSD.ecn,4010.87,4004.8899999999994,0.4,4.0,True,1782872520
False,SELL,3996.48,3996.48,4003.29,3985.4400000000005,1.2600000000002183,0.14453781512607625,0.8600000000001273,TRAIL_SL,5.949999999999818,4000.315,2026-07-01T03:47:00+00:00,4003.29,XAUUSD.ecn,3997.34,3985.4400000000005,0.4,4.0,True,1782877620
False,BUY,3984.2799999999997,3984.2799999999997,3981.65,3985.1000000000004,1.8799999999996544,1.286956521738649,1.4799999999995634,TRAIL_SL,1.150000000000091,3982.2250000000004,2026-07-01T04:31:00+00:00,3981.65,XAUUSD.ecn,3982.8,3985.1000000000004,0.4,4.0,True,1782880260
False,BUY,3977.89,3977.89,3972.23,3983.9300000000003,2.1599999999998545,0.4512820512819801,1.7599999999997635,TRAIL_SL,3.900000000000091,3974.1800000000003,2026-07-01T05:17:00+00:00,3972.23,XAUUSD.ecn,3976.13,3983.9300000000003,0.4,4.0,True,1782883020
False,BUY,3979.6,3979.6,3975.01,3988.06,0.6399999999998727,0.055172413793054424,0.23999999999978172,TRAIL_SL,4.349999999999909,3977.1850000000004,2026-07-01T07:52:00+00:00,3975.01,XAUUSD.ecn,3979.36,3988.06,0.4,4.0,True,1782892320
False,SELL,3973.38,3973.38,3977.04,3966.6300000000006,0.5900000000001455,0.05475504322768459,0.19000000000005457,TRAIL_SL,3.4699999999998,3975.3050000000003,2026-07-01T08:04:00+00:00,3977.04,XAUUSD.ecn,3973.57,3966.6300000000006,0.4,4.0,True,1782893040
False,BUY,3969.25,3969.25,3963.31,3973.18,3.050000000000182,0.8054711246200973,2.650000000000091,TRAIL_SL,3.2899999999999636,3964.955,2026-07-01T09:22:00+00:00,3963.31,XAUUSD.ecn,3966.6,3973.18,0.4,4.0,True,1782897720
False,SELL,3961.9300000000003,3961.9300000000003,3971.03,3956.6899999999996,4.7199999999998,0.9037656903764704,4.319999999999709,TRAIL_SL,4.7800000000002,3968.6400000000003,2026-07-01T10:09:00+00:00,3971.03,XAUUSD.ecn,3966.25,3956.6899999999996,0.4,4.0,True,1782900540
False,BUY,3979.71,3979.71,3978.64,3981.46,0.5300000000002001,0.13829787234053362,0.13000000000010914,TRAIL_SL,0.9400000000000546,3979.1099999999997,2026-07-01T11:28:00+00:00,3978.64,XAUUSD.ecn,3979.58,3981.46,0.4,4.0,True,1782905280
False,SELL,3975.25,3975.25,3977.34,3972.21,0.7800000000002001,0.22222222222228133,0.38000000000010914,TRAIL_SL,1.7100000000000364,3976.485,2026-07-01T11:50:00+00:00,3977.34,XAUUSD.ecn,3975.63,3972.21,0.4,4.0,True,1782906600
False,BUY,4015.2599999999998,4015.2599999999998,4008.58,4019.3500000000004,3.4899999999997817,0.8607242339831659,3.0899999999996908,TRAIL_SL,3.5900000000001455,4010.375,2026-07-01T14:12:00+00:00,4008.58,XAUUSD.ecn,4012.17,4019.3500000000004,0.4,4.0,True,1782915120
False,BUY,4025.56,4025.56,4015.15,4034.2900000000004,4.429999999999836,0.6316614420062189,4.029999999999745,TRAIL_SL,6.380000000000109,4018.34,2026-07-01T14:21:00+00:00,4015.15,XAUUSD.ecn,4021.53,4034.2900000000004,0.4,4.0,True,1782915660
True,BUY,,4027.89,4022.4,4027.71,4.119999999999891,,,SL_AND_TP_SAME_BAR,1.7699999999999818,4023.285,2026-07-01T14:31:00+00:00,4022.4,XAUUSD.ecn,4024.17,4027.71,0.4,4.0,True,1782916260
False,SELL,4022.19,4022.19,4030.61,4013.2099999999996,3.019999999999982,0.4517241379310015,2.619999999999891,TRAIL_SL,5.800000000000182,4027.71,2026-07-01T15:06:00+00:00,4030.61,XAUUSD.ecn,4024.81,4013.2099999999996,0.4,4.0,True,1782918360
False,BUY,4098.14,4098.14,4083.35,4108.28,6.880000000000109,0.7797833935018671,6.480000000000473,TRAIL_SL,8.309999999999945,4087.505,2026-07-01T17:09:00+00:00,4083.35,XAUUSD.ecn,4091.66,4108.28,0.4,4.0,True,1782925740
False,BUY,4102.610000000001,4102.610000000001,4095.84,4116.029999999999,0.4400000000005093,0.005943536404290596,0.040000000000873115,TRAIL_SL,6.729999999999563,4099.205,2026-07-01T17:25:00+00:00,4095.84,XAUUSD.ecn,4102.57,4116.029999999999,0.4,4.0,True,1782926700
False,BUY,4088.23,4088.23,4082.0,4099.25,0.8800000000001091,0.08347826086956837,0.4800000000000182,TRAIL_SL,5.75,4084.875,2026-07-01T18:18:00+00:00,4082.0,XAUUSD.ecn,4087.75,4099.25,0.4,4.0,True,1782929880
False,SELL,4083.39,4083.39,4088.04,4078.2000000000007,1.7700000000004366,0.4176829268294061,1.3700000000003456,TRAIL_SL,3.2799999999997453,4086.4,2026-07-01T19:12:00+00:00,4088.04,XAUUSD.ecn,4084.76,4078.2000000000007,0.4,4.0,True,1782933120
False,SELL,4058.63,4058.63,4062.83,4052.45,1.1399999999998727,0.21387283236987686,0.7399999999997817,TRAIL_SL,3.4600000000000364,4061.1,2026-07-01T21:54:00+00:00,4062.83,XAUUSD.ecn,4059.37,4052.45,0.4,4.0,True,1782942840
False,BUY,4064.86,4064.86,4064.86,4069.72,0.36999999999989086,-1.0,-1.6199999999998909,SL,1.6199999999998909,4065.67,2026-07-01T22:10:00+00:00,4064.86,XAUUSD.ecn,4066.48,4069.72,0.4,4.0,False,1782943800
False,SELL,4034.12,4034.12,4039.61,4032.6200000000003,3.5600000000004,1.3562231759658403,3.1600000000003092,TRAIL_SL,2.3299999999999272,4038.445,2026-07-01T23:02:00+00:00,4039.61,XAUUSD.ecn,4037.28,4032.6200000000003,0.4,4.0,True,1782946920
False,SELL,4036.4700000000003,4036.4700000000003,4042.82,4030.7000000000003,2.7100000000000364,0.5717821782178134,2.3099999999999454,TRAIL_SL,4.039999999999964,4040.8,2026-07-02T02:16:00+00:00,4042.82,XAUUSD.ecn,4038.78,4030.7000000000003,0.4,4.0,True,1782958560
False,SELL,4052.2000000000003,4052.2000000000003,4061.65,4047.46,5.119999999999891,0.9978858350950913,4.7199999999998,TRAIL_SL,4.730000000000018,4059.285,2026-07-02T04:23:00+00:00,4061.65,XAUUSD.ecn,4056.92,4047.46,0.4,4.0,True,1782966180
False,SELL,4044.27,4044.27,4051.06,4041.88,4.130000000000109,1.2189542483660407,3.730000000000018,TRAIL_SL,3.0599999999999454,4049.5299999999997,2026-07-02T05:03:00+00:00,4051.06,XAUUSD.ecn,4048.0,4041.88,0.4,4.0,True,1782968580
False,SELL,4070.61,4070.61,4074.11,4069.55,2.380000000000109,1.302631578947396,1.9800000000000182,TRAIL_SL,1.5199999999999818,4073.3500000000004,2026-07-02T07:00:00+00:00,4074.11,XAUUSD.ecn,4072.59,4069.55,0.4,4.0,True,1782975600
False,BUY,4063.23,4063.23,4061.98,4065.6399999999994,0.43000000000029104,0.024590163934594268,0.03000000000020009,TRAIL_SL,1.2199999999998,4062.59,2026-07-02T07:54:00+00:00,4061.98,XAUUSD.ecn,4063.2,4065.6399999999994,0.4,4.0,True,1782978840
False,BUY,4062.54,4062.54,4055.59,4075.359999999999,0.7600000000002183,0.05462822458272295,0.36000000000012733,TRAIL_SL,6.589999999999691,4058.885,2026-07-02T08:39:00+00:00,4055.59,XAUUSD.ecn,4062.18,4075.359999999999,0.4,4.0,True,1782981540
False,SELL,4071.9100000000003,4071.9100000000003,4074.35,4067.54,0.569999999999709,0.07488986784124202,0.169999999999618,TRAIL_SL,2.269999999999982,4073.215,2026-07-02T09:06:00+00:00,4074.35,XAUUSD.ecn,4072.08,4067.54,0.4,4.0,True,1782983160
False,SELL,4063.25,4063.25,4067.13,4056.7199999999993,0.8099999999999454,0.11815561959649118,0.4099999999998545,TRAIL_SL,3.4700000000002547,4065.395,2026-07-02T10:25:00+00:00,4067.13,XAUUSD.ecn,4063.66,4056.7199999999993,0.4,4.0,True,1782987900
False,BUY,4072.22,4072.22,4068.08,4077.1100000000006,1.5299999999997453,0.37541528239188454,1.1299999999996544,TRAIL_SL,3.0100000000002183,4069.585,2026-07-02T11:12:00+00:00,4068.08,XAUUSD.ecn,4071.09,4077.1100000000006,0.4,4.0,True,1782990720
False,SELL,4070.81,4070.81,4075.79,4062.0199999999995,0.7899999999999636,0.08496732026140748,0.38999999999987267,TRAIL_SL,4.5900000000001455,4073.495,2026-07-02T12:09:00+00:00,4075.79,XAUUSD.ecn,4071.2,4062.0199999999995,0.4,4.0,True,1782994140
False,SELL,4066.88,4066.88,4070.7,4061.46,1.1399999999998727,0.24025974025967506,0.7399999999997817,TRAIL_SL,3.0799999999999272,4069.16,2026-07-02T12:28:00+00:00,4070.7,XAUUSD.ecn,4067.62,4061.46,0.4,4.0,True,1782995280
False,SELL,4066.13,4066.13,4068.59,4063.2200000000003,1.0700000000001637,0.37430167597770186,0.6700000000000728,TRAIL_SL,1.7899999999999636,4067.695,2026-07-02T12:56:00+00:00,4068.59,XAUUSD.ecn,4066.8,4063.2200000000003,0.4,4.0,True,1782996960
False,BUY,4064.73,4064.73,4063.14,4066.71,0.8000000000001819,0.33613445378157364,0.40000000000009095,TRAIL_SL,1.1900000000000546,4063.7349999999997,2026-07-02T13:43:00+00:00,4063.14,XAUUSD.ecn,4064.33,4066.71,0.4,4.0,True,1782999780
False,SELL,4064.86,4064.86,4064.86,4048.689999999999,0.0,-1.0,-5.390000000000327,SL,5.390000000000327,4062.165,2026-07-02T14:09:00+00:00,4064.86,XAUUSD.ecn,4059.47,4048.689999999999,0.4,4.0,False,1783001340
False,SELL,4115.2699999999995,4115.2699999999995,4121.88,4108.650000000001,2.600000000000364,0.4988662131521089,2.2000000000007276,TRAIL_SL,4.4099999999998545,4119.675,2026-07-02T17:29:00+00:00,4121.88,XAUUSD.ecn,4117.47,4108.650000000001,0.4,4.0,True,1783013340
False,SELL,4121.04,4121.04,4129.02,4105.949999999999,0.6899999999995998,0.03771131339401098,0.2899999999999636,TRAIL_SL,7.690000000000509,4125.175,2026-07-02T18:09:00+00:00,4129.02,XAUUSD.ecn,4121.33,4105.949999999999,0.4,4.0,True,1783015740
False,BUY,4128.3,4128.3,4120.64,4136.089999999999,2.9099999999998545,0.48737864077677584,2.5100000000002183,TRAIL_SL,5.149999999999636,4123.215,2026-07-02T18:14:00+00:00,4120.64,XAUUSD.ecn,4125.79,4136.089999999999,0.4,4.0,True,1783016040
False,SELL,4107.469999999999,4107.469999999999,4108.76,4106.540000000001,0.9500000000007276,0.7432432432449373,0.5500000000010914,TRAIL_SL,0.7399999999997817,4108.39,2026-07-02T21:00:00+00:00,4108.76,XAUUSD.ecn,4108.02,4106.540000000001,0.4,4.0,True,1783026000
False,SELL,4116.29,4116.29,4120.39,4112.709999999999,1.9399999999995998,0.6015624999998918,1.5399999999999636,TRAIL_SL,2.5600000000004,4119.110000000001,2026-07-02T21:20:00+00:00,4120.39,XAUUSD.ecn,4117.83,4112.709999999999,0.4,4.0,True,1783027200
False,BUY,4124.89,4124.89,4119.0,4135.86,0.6700000000000728,0.048042704626413135,0.27000000000043656,TRAIL_SL,5.619999999999891,4121.8099999999995,2026-07-02T21:34:00+00:00,4119.0,XAUUSD.ecn,4124.62,4135.86,0.4,4.0,True,1783028040
False,BUY,4129.4400000000005,4129.4400000000005,4126.41,4133.100000000001,1.199999999999818,0.35874439461883956,0.8000000000001819,TRAIL_SL,2.230000000000473,4127.525,2026-07-03T02:28:00+00:00,4126.41,XAUUSD.ecn,4128.64,4133.100000000001,0.4,4.0,True,1783045680
False,SELL,4128.5599999999995,4128.5599999999995,4130.81,4124.209999999998,0.4499999999998181,0.022727272727347893,0.0500000000001819,TRAIL_SL,2.2000000000007276,4129.71,2026-07-03T02:54:00+00:00,4130.81,XAUUSD.ecn,4128.61,4124.209999999998,0.4,4.0,True,1783047240
False,SELL,4134.86,4134.86,4138.95,4128.1500000000015,0.8900000000003274,0.13611111111132373,0.4900000000006912,TRAIL_SL,3.5999999999994543,4137.15,2026-07-03T03:33:00+00:00,4138.95,XAUUSD.ecn,4135.35,4128.1500000000015,0.4,4.0,True,1783049580
False,BUY,4193.860000000001,4193.860000000001,4177.15,4195.93,10.850000000000364,1.6693290734824862,10.450000000000728,TRAIL_SL,6.260000000000218,4180.28,2026-07-03T04:23:00+00:00,4177.15,XAUUSD.ecn,4183.41,4195.93,0.4,4.0,True,1783052580
False,SELL,4176.37,4176.37,4182.82,4167.07,1.5999999999994543,0.22857142857139393,1.199999999999818,TRAIL_SL,5.25,4180.195,2026-07-03T04:53:00+00:00,4182.82,XAUUSD.ecn,4177.57,4167.07,0.4,4.0,True,1783054380
False,SELL,4181.969999999999,4181.969999999999,4184.25,4177.74,0.5100000000002183,0.050691244239897876,0.11000000000058208,TRAIL_SL,2.1700000000000728,4183.165,2026-07-03T05:51:00+00:00,4184.25,XAUUSD.ecn,4182.08,4177.74,0.4,4.0,True,1783057860
False,BUY,4178.070000000001,4178.070000000001,4174.64,4184.12,0.6700000000000728,0.08544303797482564,0.27000000000043656,TRAIL_SL,3.1599999999998545,4176.22,2026-07-03T08:01:00+00:00,4174.64,XAUUSD.ecn,4177.8,4184.12,0.4,4.0,True,1783065660
False,SELL,4176.8099999999995,4176.8099999999995,4181.11,4172.89,1.9600000000000364,0.569343065693622,1.5600000000004002,TRAIL_SL,2.7399999999997817,4179.74,2026-07-03T08:13:00+00:00,4181.11,XAUUSD.ecn,4178.37,4172.89,0.4,4.0,True,1783066380
False,SELL,4171.2,4171.2,4178.89,4160.469999999999,1.949999999999818,0.25244299674268716,1.550000000000182,TRAIL_SL,6.140000000000327,4175.82,2026-07-03T10:20:00+00:00,4178.89,XAUUSD.ecn,4172.75,4160.469999999999,0.4,4.0,True,1783074000
False,SELL,4178.11,4178.11,4180.5,4173.900000000001,0.5900000000001455,0.08636363636387501,0.19000000000050932,TRAIL_SL,2.199999999999818,4179.4,2026-07-03T12:11:00+00:00,4180.5,XAUUSD.ecn,4178.3,4173.900000000001,0.4,4.0,True,1783080660
False,SELL,4172.099999999999,4172.099999999999,4177.51,4166.74,2.2200000000002547,0.5069637883009874,1.8200000000006185,TRAIL_SL,3.5900000000001455,4175.715,2026-07-03T12:28:00+00:00,4177.51,XAUUSD.ecn,4173.92,4166.74,0.4,4.0,True,1783081680
False,SELL,4177.679999999999,4177.679999999999,4180.77,4175.339999999999,1.680000000000291,0.7071823204421944,1.2800000000006548,TRAIL_SL,1.8100000000004002,4179.865,2026-07-03T13:31:00+00:00,4180.77,XAUUSD.ecn,4178.96,4175.339999999999,0.4,4.0,True,1783085460
False,BUY,4183.79,4183.79,4179.49,4191.49,0.6999999999998181,0.07500000000004547,0.3000000000001819,TRAIL_SL,4.0,4181.49,2026-07-03T14:18:00+00:00,4179.49,XAUUSD.ecn,4183.49,4191.49,0.4,4.0,True,1783088280
False,SELL,4174.79,4174.79,4176.59,4172.3899999999985,0.7999999999992724,0.2857142857139145,0.3999999999996362,TRAIL_SL,1.4000000000005457,4175.889999999999,2026-07-03T15:22:00+00:00,4176.59,XAUUSD.ecn,4175.19,4172.3899999999985,0.4,4.0,True,1783092120
False,BUY,4182.79,4182.79,4179.16,4186.389999999999,1.6199999999998909,0.5062240663901777,1.2200000000002547,TRAIL_SL,2.4099999999998545,4180.365,2026-07-06T01:25:00+00:00,4179.16,XAUUSD.ecn,4181.57,4186.389999999999,0.4,4.0,True,1783301100
False,SELL,4185.21,4185.21,4189.93,4178.65,1.3599999999996726,0.2553191489361651,0.9600000000000364,TRAIL_SL,3.7600000000002183,4188.05,2026-07-06T01:51:00+00:00,4189.93,XAUUSD.ecn,4186.17,4178.65,0.4,4.0,True,1783302660
False,BUY,4190.39,4190.39,4187.19,4194.45,1.180000000000291,0.32231404958703774,0.7800000000006548,TRAIL_SL,2.4200000000000728,4188.4,2026-07-06T02:24:00+00:00,4187.19,XAUUSD.ecn,4189.61,4194.45,0.4,4.0,True,1783304640
False,BUY,4198.43,4198.43,4194.44,4202.6,1.6700000000000728,0.46691176470599915,1.2700000000004366,TRAIL_SL,2.7200000000002547,4195.799999999999,2026-07-06T02:42:00+00:00,4194.44,XAUUSD.ecn,4197.16,4202.6,0.4,4.0,True,1783305720
False,BUY,4176.02,4176.02,4171.32,4178.760000000001,2.619999999999891,0.8951612903225126,2.2200000000002547,TRAIL_SL,2.480000000000473,4172.5599999999995,2026-07-06T03:10:00+00:00,4171.32,XAUUSD.ecn,4173.8,4178.760000000001,0.4,4.0,True,1783307400
False,SELL,4173.4,4173.4,4178.45,4165.22,1.0399999999999636,0.145124716553367,0.6400000000003274,TRAIL_SL,4.4099999999998545,4176.245,2026-07-06T03:27:00+00:00,4178.45,XAUUSD.ecn,4174.04,4165.22,0.4,4.0,True,1783308420
False,SELL,4190.78,4190.78,4202.96,4176.289999999999,3.6899999999996,0.3700787401574626,3.2899999999999636,TRAIL_SL,8.890000000000327,4198.514999999999,2026-07-06T04:53:00+00:00,4202.96,XAUUSD.ecn,4194.07,4176.289999999999,0.4,4.0,True,1783313580
False,SELL,4184.799999999999,4184.799999999999,4193.06,4176.619999999999,3.180000000000291,0.5072992700730684,2.780000000000655,TRAIL_SL,5.480000000000473,4190.32,2026-07-06T05:03:00+00:00,4193.06,XAUUSD.ecn,4187.58,4176.619999999999,0.4,4.0,True,1783314180
False,SELL,4166.349999999999,4166.349999999999,4171.35,4160.879999999998,1.9099999999998545,0.4326647564469683,1.5100000000002183,TRAIL_SL,3.490000000000691,4169.605,2026-07-06T06:17:00+00:00,4171.35,XAUUSD.ecn,4167.86,4160.879999999998,0.4,4.0,True,1783318620
False,BUY,4165.3,4165.3,4161.04,4172.739999999999,0.7600000000002183,0.09230769230785017,0.3600000000005821,TRAIL_SL,3.899999999999636,4162.99,2026-07-06T06:57:00+00:00,4161.04,XAUUSD.ecn,4164.94,4172.739999999999,0.4,4.0,True,1783321020
False,SELL,4146.969999999999,4146.969999999999,4156.31,4139.81,4.240000000000691,0.69818181818201,3.840000000001055,TRAIL_SL,5.5,4153.56,2026-07-06T09:00:00+00:00,4156.31,XAUUSD.ecn,4150.81,4139.81,0.4,4.0,True,1783328400
False,BUY,4163.870000000001,4163.870000000001,4157.69,4167.170000000002,3.4200000000000728,0.9556962025315526,3.0200000000004366,TRAIL_SL,3.160000000000764,4159.27,2026-07-06T10:43:00+00:00,4157.69,XAUUSD.ecn,4160.85,4167.170000000002,0.4,4.0,True,1783334580
False,SELL,4152.7,4152.7,4154.95,4149.520000000001,0.8400000000001455,0.2430939226522835,0.4400000000005093,TRAIL_SL,1.8099999999994907,4154.045,2026-07-06T11:40:00+00:00,4154.95,XAUUSD.ecn,4153.14,4149.520000000001,0.4,4.0,True,1783338000
False,BUY,4149.61,4149.61,4149.61,4155.0700000000015,0.17000000000007276,-1.0,-1.8200000000006185,SL,1.8200000000006185,4150.52,2026-07-06T11:42:00+00:00,4149.61,XAUUSD.ecn,4151.43,4155.0700000000015,0.4,4.0,False,1783338120
False,SELL,4137.32,4137.32,4147.35,4125.749999999998,3.2299999999995634,0.39305555555550575,2.8299999999999272,TRAIL_SL,7.200000000000728,4143.75,2026-07-06T12:33:00+00:00,4147.35,XAUUSD.ecn,4140.15,4125.749999999998,0.4,4.0,True,1783341180
False,BUY,4142.43,4142.43,4136.68,4149.070000000001,2.019999999999527,0.3922518159805927,1.6199999999998909,TRAIL_SL,4.130000000000109,4138.745000000001,2026-07-06T12:38:00+00:00,4136.68,XAUUSD.ecn,4140.81,4149.070000000001,0.4,4.0,True,1783341480
False,BUY,4142.34,4142.34,4139.33,4147.010000000001,0.8499999999994543,0.17578124999990147,0.4499999999998181,TRAIL_SL,2.5600000000004,4140.610000000001,2026-07-06T12:52:00+00:00,4139.33,XAUUSD.ecn,4141.89,4147.010000000001,0.4,4.0,True,1783342320
False,BUY,4149.46,4149.46,4143.8,4158.65,1.1099999999996726,0.14343434343435604,0.7100000000000364,TRAIL_SL,4.949999999999818,4146.275,2026-07-06T13:20:00+00:00,4143.8,XAUUSD.ecn,4148.75,4158.65,0.4,4.0,True,1783344000
False,SELL,4156.62,4156.62,4158.32,4153.7,0.5599999999994907,0.10389610389601185,0.15999999999985448,TRAIL_SL,1.5399999999999636,4157.549999999999,2026-07-06T14:22:00+00:00,4158.32,XAUUSD.ecn,4156.78,4153.7,0.4,4.0,True,1783347720
False,SELL,4146.95,4146.95,4157.59,4130.8899999999985,2.139999999999418,0.19550561797749158,1.7399999999997817,TRAIL_SL,8.900000000000546,4153.139999999999,2026-07-06T15:24:00+00:00,4157.59,XAUUSD.ecn,4148.69,4130.8899999999985,0.4,4.0,True,1783351440
False,BUY,4135.64,4135.64,4132.5,4141.829999999999,0.43000000000029104,0.009646302251015433,0.030000000000654836,TRAIL_SL,3.1099999999996726,4134.055,2026-07-06T15:48:00+00:00,4132.5,XAUUSD.ecn,4135.61,4141.829999999999,0.4,4.0,True,1783352880
False,SELL,4139.21,4139.21,4146.97,4130.08,2.5299999999997453,0.37833037300178823,2.130000000000109,TRAIL_SL,5.630000000000109,4144.155000000001,2026-07-06T16:18:00+00:00,4146.97,XAUUSD.ecn,4141.34,4130.08,0.4,4.0,True,1783354680
False,BUY,4145.950000000001,4145.950000000001,4140.22,4156.33,0.7600000000002183,0.06703910614536115,0.3600000000005821,TRAIL_SL,5.369999999999891,4142.905000000001,2026-07-06T16:26:00+00:00,4140.22,XAUUSD.ecn,4145.59,4156.33,0.4,4.0,True,1783355160
True,SELL,,4142.58,4147.17,4146.570000000001,4.789999999999964,,,SL_AND_TP_SAME_BAR,0.1999999999998181,4147.07,2026-07-06T16:30:00+00:00,4147.17,XAUUSD.ecn,4146.97,4146.570000000001,0.4,4.0,True,1783355400
False,SELL,4140.94,4140.94,4144.7,4135.640000000001,1.1400000000003274,0.24503311258304872,0.7400000000006912,TRAIL_SL,3.019999999999527,4143.1900000000005,2026-07-06T18:15:00+00:00,4144.7,XAUUSD.ecn,4141.68,4135.640000000001,0.4,4.0,True,1783361700
False,BUY,4150.370000000001,4150.370000000001,4144.72,4154.289999999999,2.860000000000582,0.7711598746085437,2.460000000000946,TRAIL_SL,3.1899999999996,4146.3150000000005,2026-07-06T18:31:00+00:00,4144.72,XAUUSD.ecn,4147.91,4154.289999999999,0.4,4.0,True,1783362660
False,BUY,4153.38,4153.38,4148.82,4162.049999999999,0.5500000000001819,0.03401360544230173,0.1500000000005457,TRAIL_SL,4.4099999999998545,4151.025,2026-07-06T19:55:00+00:00,4148.82,XAUUSD.ecn,4153.23,4162.049999999999,0.4,4.0,True,1783367700
False,BUY,4161.13,4161.13,4157.36,4166.210000000002,1.2199999999993452,0.27796610169474806,0.819999999999709,TRAIL_SL,2.9500000000007276,4158.835,2026-07-06T21:18:00+00:00,4157.36,XAUUSD.ecn,4160.31,4166.210000000002,0.4,4.0,True,1783372680
False,BUY,4157.820000000001,4157.820000000001,4151.99,4165.0700000000015,1.8699999999998909,0.3371559633027657,1.4700000000002547,TRAIL_SL,4.360000000000582,4154.17,2026-07-07T03:22:00+00:00,4151.99,XAUUSD.ecn,4156.35,4165.0700000000015,0.4,4.0,True,1783394520
False,SELL,4151.429999999999,4151.429999999999,4160.49,4150.86,6.25,1.8224299065421488,5.850000000000364,TRAIL_SL,3.2100000000000364,4158.885,2026-07-07T03:36:00+00:00,4160.49,XAUUSD.ecn,4157.28,4150.86,0.4,4.0,True,1783395360
False,SELL,4144.11,4144.11,4149.89,4139.599999999999,2.75,0.6851311953353248,2.350000000000364,TRAIL_SL,3.430000000000291,4148.175,2026-07-07T04:02:00+00:00,4149.89,XAUUSD.ecn,4146.46,4139.599999999999,0.4,4.0,True,1783396920
False,BUY,4139.240000000001,4139.240000000001,4129.51,4156.99,0.9700000000002547,0.06222707423587637,0.5700000000006185,TRAIL_SL,9.159999999999854,4134.09,2026-07-07T04:37:00+00:00,4129.51,XAUUSD.ecn,4138.67,4156.99,0.4,4.0,True,1783399020
True,SELL,,4132.66,4139.03,4132.639999999999,4.639999999999418,,,SL_AND_TP_SAME_BAR,2.130000000000109,4137.965,2026-07-07T05:50:00+00:00,4139.03,XAUUSD.ecn,4136.9,4132.639999999999,0.4,4.0,True,1783403400
False,SELL,4126.799999999999,4126.799999999999,4130.8,4118.889999999999,0.43000000000029104,0.007556675063136753,0.030000000000654836,TRAIL_SL,3.9700000000002547,4128.8150000000005,2026-07-07T08:10:00+00:00,4130.8,XAUUSD.ecn,4126.83,4118.889999999999,0.4,4.0,True,1783411800
False,SELL,4125.75,4125.75,4130.67,4121.129999999999,2.139999999999418,0.547169811320636,1.7399999999997817,TRAIL_SL,3.180000000000291,4129.08,2026-07-07T10:04:00+00:00,4130.67,XAUUSD.ecn,4127.49,4121.129999999999,0.4,4.0,True,1783418640
False,SELL,4126.49,4126.49,4133.44,4117.510000000001,2.0399999999999636,0.30885122410555266,1.6400000000003274,TRAIL_SL,5.309999999999491,4130.785,2026-07-07T10:51:00+00:00,4133.44,XAUUSD.ecn,4128.13,4117.510000000001,0.4,4.0,True,1783421460
False,BUY,4129.09,4129.09,4126.43,4129.8499999999985,1.9200000000000728,1.333333333334397,1.5200000000004366,TRAIL_SL,1.139999999999418,4127.0,2026-07-07T11:04:00+00:00,4126.43,XAUUSD.ecn,4127.57,4129.8499999999985,0.4,4.0,True,1783422240
False,BUY,4137.09,4137.09,4129.95,4148.640000000001,1.3099999999994907,0.14606741573030263,0.9099999999998545,TRAIL_SL,6.230000000000473,4133.0650000000005,2026-07-07T11:15:00+00:00,4129.95,XAUUSD.ecn,4136.18,4148.640000000001,0.4,4.0,True,1783422900
False,SELL,4126.799999999999,4126.799999999999,4129.84,4121.740000000001,0.7400000000006912,0.12592592592632515,0.340000000001055,TRAIL_SL,2.699999999999818,4128.49,2026-07-07T12:22:00+00:00,4129.84,XAUUSD.ecn,4127.14,4121.740000000001,0.4,4.0,True,1783426920
False,SELL,4165.61,4165.61,4178.26,4155.400000000001,5.430000000000291,0.6601049868767358,5.030000000000655,TRAIL_SL,7.619999999999891,4174.450000000001,2026-07-07T16:03:00+00:00,4178.26,XAUUSD.ecn,4170.64,4155.400000000001,0.4,4.0,True,1783440180
False,BUY,4178.58,4178.58,4168.5,4191.87,2.6899999999996,0.2939666238767618,2.2899999999999636,TRAIL_SL,7.789999999999964,4172.395,2026-07-07T16:44:00+00:00,4168.5,XAUUSD.ecn,4176.29,4191.87,0.4,4.0,True,1783442640
False,SELL,4154.24,4154.24,4162.54,4144.06,2.5399999999999636,0.3474025974026588,2.1400000000003274,TRAIL_SL,6.1599999999998545,4159.46,2026-07-07T17:06:00+00:00,4162.54,XAUUSD.ecn,4156.38,4144.06,0.4,4.0,True,1783443960
True,BUY,,4155.02,4151.84,4154.72,2.619999999999891,,,SL_AND_TP_SAME_BAR,0.9600000000000364,4152.32,2026-07-07T17:32:00+00:00,4151.84,XAUUSD.ecn,4152.8,4154.72,0.4,4.0,True,1783445520
False,SELL,4144.65,4144.65,4150.15,4135.990000000002,1.180000000000291,0.16525423728829725,0.7800000000006548,TRAIL_SL,4.719999999999345,4147.79,2026-07-07T18:19:00+00:00,4150.15,XAUUSD.ecn,4145.43,4135.990000000002,0.4,4.0,True,1783448340
False,BUY,4142.01,4142.01,4138.99,4146.37,0.9600000000000364,0.22764227642292353,0.5600000000004002,TRAIL_SL,2.4600000000000364,4140.219999999999,2026-07-07T19:07:00+00:00,4138.99,XAUUSD.ecn,4141.45,4146.37,0.4,4.0,True,1783451220
False,BUY,4145.47,4145.47,4141.4,4153.55,0.42000000000007276,0.004938271605045842,0.020000000000436557,TRAIL_SL,4.050000000000182,4143.424999999999,2026-07-07T19:53:00+00:00,4141.4,XAUUSD.ecn,4145.45,4153.55,0.4,4.0,True,1783453980
False,SELL,4107.54,4107.54,4120.37,4099.76,6.359999999999673,0.8675400291121006,5.960000000000036,TRAIL_SL,6.869999999999891,4116.9349999999995,2026-07-07T22:09:00+00:00,4120.37,XAUUSD.ecn,4113.5,4099.76,0.4,4.0,True,1783462140
True,BUY,,4108.55,4100.28,4108.830000000001,5.819999999999709,,,SL_AND_TP_SAME_BAR,2.850000000000364,4101.705,2026-07-07T22:29:00+00:00,4100.28,XAUUSD.ecn,4103.13,4108.830000000001,0.4,4.0,True,1783463340
False,BUY,4112.33,4112.33,4109.05,4116.609999999999,1.1599999999998545,0.3015873015874448,0.7600000000002183,TRAIL_SL,2.519999999999527,4110.3099999999995,2026-07-07T22:36:00+00:00,4109.05,XAUUSD.ecn,4111.57,4116.609999999999,0.4,4.0,True,1783463760
False,BUY,4110.43,4110.43,4108.44,4112.280000000002,1.1099999999996726,0.5546874999997446,0.7100000000000364,TRAIL_SL,1.2800000000006548,4109.08,2026-07-07T22:47:00+00:00,4108.44,XAUUSD.ecn,4109.72,4112.280000000002,0.4,4.0,True,1783464420
False,BUY,4115.030000000001,4115.030000000001,4110.67,4122.460000000001,0.8299999999999272,0.10941475826978606,0.43000000000029104,TRAIL_SL,3.930000000000291,4112.635,2026-07-07T22:58:00+00:00,4110.67,XAUUSD.ecn,4114.6,4122.460000000001,0.4,4.0,True,1783465080
False,SELL,4107.54,4107.54,4109.26,4104.52,0.5399999999999636,0.08860759493692016,0.14000000000032742,TRAIL_SL,1.5799999999999272,4108.47,2026-07-07T23:23:00+00:00,4109.26,XAUUSD.ecn,4107.68,4104.52,0.4,4.0,True,1783466580
False,SELL,4096.37,4096.37,4102.08,4092.4800000000005,2.9100000000003092,0.7843750000001128,2.5100000000002183,TRAIL_SL,3.199999999999818,4100.48,2026-07-08T01:49:00+00:00,4102.08,XAUUSD.ecn,4098.88,4092.4800000000005,0.4,4.0,True,1783475340
True,SELL,,4111.78,4118.78,4113.8,5.739999999999782,,,SL_AND_TP_SAME_BAR,1.6599999999998545,4117.95,2026-07-08T03:57:00+00:00,4118.78,XAUUSD.ecn,4117.12,4113.8,0.4,4.0,True,1783483020
False,SELL,4102.639999999999,4102.639999999999,4109.23,4099.150000000001,3.630000000000109,0.9613095238097582,3.230000000000473,TRAIL_SL,3.3599999999996726,4107.549999999999,2026-07-08T04:30:00+00:00,4109.23,XAUUSD.ecn,4105.87,4099.150000000001,0.4,4.0,True,1783485000
False,SELL,4097.73,4097.73,4104.68,4091.8999999999996,3.0900000000001455,0.63145539906112,2.6900000000005093,TRAIL_SL,4.260000000000218,4102.55,2026-07-08T04:35:00+00:00,4104.68,XAUUSD.ecn,4100.42,4091.8999999999996,0.4,4.0,True,1783485300
False,BUY,4116.1900000000005,4116.1900000000005,4108.21,4129.240000000001,1.3699999999998909,0.1383737517831989,0.9700000000002547,TRAIL_SL,7.010000000000218,4111.715,2026-07-08T05:11:00+00:00,4108.21,XAUUSD.ecn,4115.22,4129.240000000001,0.4,4.0,True,1783487460
False,BUY,4128.2300000000005,4128.2300000000005,4126.34,4131.47,0.5799999999999272,0.1052631578949048,0.18000000000029104,TRAIL_SL,1.7100000000000364,4127.195,2026-07-08T06:50:00+00:00,4126.34,XAUUSD.ecn,4128.05,4131.47,0.4,4.0,True,1783493400
False,BUY,4132.55,4132.55,4124.65,4139.1100000000015,3.4799999999995634,0.6390041493774963,3.0799999999999272,TRAIL_SL,4.8200000000006185,4127.0599999999995,2026-07-08T09:15:00+00:00,4124.65,XAUUSD.ecn,4129.47,4139.1100000000015,0.4,4.0,True,1783502100
False,BUY,4119.76,4119.76,4114.91,4122.56,2.699999999999818,0.9019607843137325,2.300000000000182,TRAIL_SL,2.550000000000182,4116.1849999999995,2026-07-08T10:25:00+00:00,4114.91,XAUUSD.ecn,4117.46,4122.56,0.4,4.0,True,1783506300
False,BUY,4124.740000000001,4124.740000000001,4119.15,4134.720000000001,0.8000000000001819,0.0770712909442209,0.4000000000005457,TRAIL_SL,5.190000000000509,4121.745,2026-07-08T10:33:00+00:00,4119.15,XAUUSD.ecn,4124.34,4134.720000000001,0.4,4.0,True,1783506780
False,BUY,4058.0099999999998,4058.0099999999998,4053.88,4064.1699999999996,1.099999999999909,0.20408163265301793,0.6999999999998181,TRAIL_SL,3.4299999999998363,4055.5950000000003,2026-07-08T12:20:00+00:00,4053.88,XAUUSD.ecn,4057.31,4064.1699999999996,0.4,4.0,True,1783513200
False,SELL,4054.26,4054.26,4057.65,4052.3099999999995,2.0099999999997635,0.9044943820221862,1.6099999999996726,TRAIL_SL,1.7800000000002,4056.76,2026-07-08T12:32:00+00:00,4057.65,XAUUSD.ecn,4055.87,4052.3099999999995,0.4,4.0,True,1783513920
False,SELL,4052.33,4052.33,4058.56,4044.5800000000004,1.9700000000002547,0.33690987124468086,1.5700000000001637,TRAIL_SL,4.6599999999998545,4056.23,2026-07-08T12:40:00+00:00,4058.56,XAUUSD.ecn,4053.9,4044.5800000000004,0.4,4.0,True,1783514400
False,BUY,4076.2599999999998,4076.2599999999998,4068.89,4076.6899999999996,5.170000000000073,1.8346153846154418,4.769999999999982,TRAIL_SL,2.599999999999909,4070.1899999999996,2026-07-08T15:41:00+00:00,4068.89,XAUUSD.ecn,4071.49,4076.6899999999996,0.4,4.0,True,1783525260
False,BUY,4084.6,4084.6,4077.47,4092.3800000000006,2.5599999999999454,0.43460764587519995,2.1599999999998545,TRAIL_SL,4.970000000000255,4079.955,2026-07-08T15:53:00+00:00,4077.47,XAUUSD.ecn,4082.44,4092.3800000000006,0.4,4.0,True,1783525980
False,BUY,4079.0499999999997,4079.0499999999997,4073.52,4084.71,2.199999999999818,0.48257372654147945,1.7999999999997272,TRAIL_SL,3.730000000000018,4075.385,2026-07-08T16:06:00+00:00,4073.52,XAUUSD.ecn,4077.25,4084.71,0.4,4.0,True,1783526760
False,SELL,4034.15,4034.15,4049.1,4021.0199999999995,5.989999999999782,0.597222222222181,5.589999999999691,TRAIL_SL,9.360000000000127,4044.42,2026-07-08T17:46:00+00:00,4049.1,XAUUSD.ecn,4039.74,4021.0199999999995,0.4,4.0,True,1783532760
False,BUY,4030.97,4030.97,4024.42,4037.1399999999994,2.7100000000000364,0.5448113207547322,2.3099999999999454,TRAIL_SL,4.239999999999782,4026.54,2026-07-08T18:38:00+00:00,4024.42,XAUUSD.ecn,4028.66,4037.1399999999994,0.4,4.0,True,1783535880
False,BUY,4057.16,4057.16,4049.8,4060.9900000000002,4.029999999999745,0.9731903485253718,3.6299999999996544,TRAIL_SL,3.730000000000018,4051.665,2026-07-08T19:47:00+00:00,4049.8,XAUUSD.ecn,4053.53,4060.9900000000002,0.4,4.0,True,1783540020
False,BUY,4066.3399999999997,4066.3399999999997,4060.61,4075.97,1.0099999999997635,0.11914062499993859,0.6099999999996726,TRAIL_SL,5.119999999999891,4063.17,2026-07-08T20:08:00+00:00,4060.61,XAUUSD.ecn,4065.73,4075.97,0.4,4.0,True,1783541280
False,BUY,4073.89,4073.89,4070.79,4077.2699999999995,1.3400000000001455,0.43518518518523974,0.9400000000000546,TRAIL_SL,2.1599999999998545,4071.87,2026-07-08T21:15:00+00:00,4070.79,XAUUSD.ecn,4072.95,4077.2699999999995,0.4,4.0,True,1783545300
False,BUY,4077.45,4077.45,4069.1,4083.890000000001,3.819999999999709,0.6937119675455206,3.419999999999618,TRAIL_SL,4.930000000000291,4071.565,2026-07-08T21:39:00+00:00,4069.1,XAUUSD.ecn,4074.03,4083.890000000001,0.4,4.0,True,1783546740
False,BUY,4091.0699999999997,4091.0699999999997,4078.78,4094.4399999999996,7.4699999999998,1.3544061302681953,7.069999999999709,TRAIL_SL,5.2199999999998,4081.3900000000003,2026-07-08T21:48:00+00:00,4078.78,XAUUSD.ecn,4084.0,4094.4399999999996,0.4,4.0,True,1783547280
False,SELL,4076.29,4076.29,4081.58,4075.7300000000005,3.7400000000002365,1.7128205128207472,3.3400000000001455,TRAIL_SL,1.949999999999818,4080.605,2026-07-08T23:15:00+00:00,4081.58,XAUUSD.ecn,4079.63,4075.7300000000005,0.4,4.0,True,1783552500
False,SELL,4076.51,4076.51,4079.63,4073.4199999999996,1.449999999999818,0.5072463768114223,1.0499999999997272,TRAIL_SL,2.0700000000001637,4078.5950000000003,2026-07-08T23:18:00+00:00,4079.63,XAUUSD.ecn,4077.56,4073.4199999999996,0.4,4.0,True,1783552680
False,SELL,4079.09,4079.09,4079.09,4069.8199999999997,0.0,-1.0,-3.0900000000001455,SL,3.0900000000001455,4077.545,2026-07-09T01:05:00+00:00,4079.09,XAUUSD.ecn,4076.0,4069.8199999999997,0.4,4.0,False,1783559100
False,BUY,4085.06,4085.06,4077.51,4099.349999999999,0.6700000000000728,0.03708791208791089,0.2699999999999818,TRAIL_SL,7.279999999999745,4081.15,2026-07-09T03:16:00+00:00,4077.51,XAUUSD.ecn,4084.79,4099.349999999999,0.4,4.0,True,1783566960
False,SELL,4075.13,4075.13,4084.73,4067.0299999999997,4.099999999999909,0.6271186440677561,3.699999999999818,TRAIL_SL,5.900000000000091,4081.7799999999997,2026-07-09T03:24:00+00:00,4084.73,XAUUSD.ecn,4078.83,4067.0299999999997,0.4,4.0,True,1783567440
False,SELL,4070.6600000000003,4070.6600000000003,4077.81,4068.9000000000005,4.579999999999927,1.4074074074074472,4.179999999999836,TRAIL_SL,2.9699999999998,4076.325,2026-07-09T03:53:00+00:00,4077.81,XAUUSD.ecn,4074.84,4068.9000000000005,0.4,4.0,True,1783569180
False,BUY,4073.97,4073.97,4067.47,4084.8700000000003,1.099999999999909,0.12068965517237865,0.6999999999998181,TRAIL_SL,5.800000000000182,4070.37,2026-07-09T04:13:00+00:00,4067.47,XAUUSD.ecn,4073.27,4084.8700000000003,0.4,4.0,True,1783570380
False,BUY,4073.36,4073.36,4062.32,4087.49,3.050000000000182,0.3158522050059751,2.650000000000091,TRAIL_SL,8.389999999999873,4066.5150000000003,2026-07-09T04:36:00+00:00,4062.32,XAUUSD.ecn,4070.71,4087.49,0.4,4.0,True,1783571760
False,SELL,4066.3,4066.3,4068.91,4061.17,0.4299999999998363,0.01162790697664581,0.02999999999974534,TRAIL_SL,2.5799999999999272,4067.62,2026-07-09T06:01:00+00:00,4068.91,XAUUSD.ecn,4066.33,4061.17,0.4,4.0,True,1783576860
False,BUY,4061.8199999999997,4061.8199999999997,4056.96,4069.65,1.0299999999997453,0.1489361702126836,0.6299999999996544,TRAIL_SL,4.230000000000018,4059.075,2026-07-09T06:35:00+00:00,4056.96,XAUUSD.ecn,4061.19,4069.65,0.4,4.0,True,1783578900
False,BUY,4061.91,4061.91,4058.76,4065.3599999999997,1.349999999999909,0.43181818181813486,0.9499999999998181,TRAIL_SL,2.199999999999818,4059.86,2026-07-09T07:51:00+00:00,4058.76,XAUUSD.ecn,4060.96,4065.3599999999997,0.4,4.0,True,1783583460
False,BUY,4075.75,4075.75,4070.64,4081.2900000000004,1.9600000000000364,0.43943661971827197,1.5599999999999454,TRAIL_SL,3.550000000000182,4072.415,2026-07-09T08:40:00+00:00,4070.64,XAUUSD.ecn,4074.19,4081.2900000000004,0.4,4.0,True,1783586400
False,BUY,4079.7999999999997,4079.7999999999997,4075.11,4085.3999999999996,1.6599999999998545,0.3673469387754588,1.2599999999997635,TRAIL_SL,3.4299999999998363,4076.825,2026-07-09T08:52:00+00:00,4075.11,XAUUSD.ecn,4078.54,4085.3999999999996,0.4,4.0,True,1783587120
False,BUY,4109.22,4109.22,4106.34,4113.0599999999995,1.0399999999999636,0.2857142857144597,0.6400000000003274,TRAIL_SL,2.2399999999997817,4107.46,2026-07-09T10:50:00+00:00,4106.34,XAUUSD.ecn,4108.58,4113.0599999999995,0.4,4.0,True,1783594200
False,SELL,4108.69,4108.69,4112.32,4102.33,0.6999999999998181,0.09009009009014668,0.3000000000001819,TRAIL_SL,3.3299999999999272,4110.655,2026-07-09T12:25:00+00:00,4112.32,XAUUSD.ecn,4108.99,4102.33,0.4,4.0,True,1783599900
False,SELL,4100.679999999999,4100.679999999999,4104.12,4095.0300000000007,0.8100000000004002,0.13531353135339882,0.410000000000764,TRAIL_SL,3.0299999999997453,4102.605,2026-07-09T14:25:00+00:00,4104.12,XAUUSD.ecn,4101.09,4095.0300000000007,0.4,4.0,True,1783607100
False,SELL,4105.719999999999,4105.719999999999,4116.67,4090.210000000001,2.530000000000655,0.24149659863957923,2.1300000000010186,TRAIL_SL,8.819999999999709,4112.26,2026-07-09T15:22:00+00:00,4116.67,XAUUSD.ecn,4107.85,4090.210000000001,0.4,4.0,True,1783610520
False,BUY,4121.26,4121.26,4107.08,4136.510000000001,4.769999999999527,0.4454638124362602,4.369999999999891,TRAIL_SL,9.8100000000004,4111.985000000001,2026-07-09T15:37:00+00:00,4107.08,XAUUSD.ecn,4116.89,4136.510000000001,0.4,4.0,True,1783611420
False,BUY,4124.63,4124.63,4119.84,4132.409999999999,1.0,0.1431980906922246,0.6000000000003638,TRAIL_SL,4.1899999999996,4121.9349999999995,2026-07-09T16:26:00+00:00,4119.84,XAUUSD.ecn,4124.03,4132.409999999999,0.4,4.0,True,1783614360
False,BUY,4124.370000000001,4124.370000000001,4116.58,4132.179999999999,2.990000000000691,0.4980769230771434,2.590000000001055,TRAIL_SL,5.199999999999818,4119.18,2026-07-09T17:26:00+00:00,4116.58,XAUUSD.ecn,4121.78,4132.179999999999,0.4,4.0,True,1783617960
False,BUY,4126.9400000000005,4126.9400000000005,4122.78,4134.54,0.6400000000003274,0.06122448979609356,0.24000000000069122,TRAIL_SL,3.9200000000000728,4124.74,2026-07-09T18:00:00+00:00,4122.78,XAUUSD.ecn,4126.7,4134.54,0.4,4.0,True,1783620000
False,SELL,4128.9,4128.9,4132.74,4126.920000000001,2.300000000000182,0.9793814432994524,1.9000000000005457,TRAIL_SL,1.9399999999995998,4131.77,2026-07-09T18:49:00+00:00,4132.74,XAUUSD.ecn,4130.8,4126.920000000001,0.4,4.0,True,1783622940
False,BUY,4130.47,4130.47,4126.97,4134.289999999999,1.4600000000000364,0.43442622950843196,1.0600000000004002,TRAIL_SL,2.4399999999996,4128.1900000000005,2026-07-09T20:32:00+00:00,4126.97,XAUUSD.ecn,4129.41,4134.289999999999,0.4,4.0,True,1783629120
False,SELL,4117.389999999999,4117.389999999999,4122.1,4114.3899999999985,2.5399999999999636,0.8326848249026507,2.1400000000003274,TRAIL_SL,2.5700000000006185,4120.8150000000005,2026-07-10T03:27:00+00:00,4122.1,XAUUSD.ecn,4119.53,4114.3899999999985,0.4,4.0,True,1783654020
False,BUY,4123.34,4123.34,4118.47,4130.47,1.269999999999527,0.21749999999997272,0.8699999999998909,TRAIL_SL,4.0,4120.47,2026-07-10T03:46:00+00:00,4118.47,XAUUSD.ecn,4122.47,4130.47,0.4,4.0,True,1783655160
False,BUY,4127.530000000001,4127.530000000001,4121.49,4135.680000000001,1.7100000000000364,0.2769556025370548,1.3100000000004002,TRAIL_SL,4.730000000000473,4123.855,2026-07-10T04:01:00+00:00,4121.49,XAUUSD.ecn,4126.22,4135.680000000001,0.4,4.0,True,1783656060
False,BUY,4126.410000000001,4126.410000000001,4119.26,4137.77,1.3800000000001091,0.15883306320915094,0.9800000000004729,TRAIL_SL,6.170000000000073,4122.345,2026-07-10T05:12:00+00:00,4119.26,XAUUSD.ecn,4125.43,4137.77,0.4,4.0,True,1783660320
False,BUY,4112.96,4112.96,4108.75,4121.14,0.47999999999956344,0.01937046004840802,0.07999999999992724,TRAIL_SL,4.130000000000109,4110.8150000000005,2026-07-10T10:22:00+00:00,4108.75,XAUUSD.ecn,4112.88,4121.14,0.4,4.0,True,1783678920
False,SELL,4106.42,4106.42,4111.11,4099.950000000002,1.3699999999998909,0.26075268817215735,0.9700000000002547,TRAIL_SL,3.719999999999345,4109.25,2026-07-10T10:45:00+00:00,4111.11,XAUUSD.ecn,4107.39,4099.950000000002,0.4,4.0,True,1783680300
False,BUY,4107.29,4107.29,4099.18,4119.8499999999985,1.6199999999998909,0.17706821480411578,1.2200000000002547,TRAIL_SL,6.889999999999418,4102.625,2026-07-10T14:47:00+00:00,4099.18,XAUUSD.ecn,4106.07,4119.8499999999985,0.4,4.0,True,1783694820
False,BUY,4105.83,4105.83,4102.27,4107.099999999999,2.3499999999994543,1.2111801242237359,1.949999999999818,TRAIL_SL,1.6099999999996726,4103.075000000001,2026-07-10T18:39:00+00:00,4102.27,XAUUSD.ecn,4103.88,4107.099999999999,0.4,4.0,True,1783708740
False,BUY,4111.620000000001,4111.620000000001,4109.48,4114.88,0.7400000000006912,0.18888888888945593,0.340000000001055,TRAIL_SL,1.800000000000182,4110.379999999999,2026-07-10T19:17:00+00:00,4109.48,XAUUSD.ecn,4111.28,4114.88,0.4,4.0,True,1783711020
False,BUY,4101.280000000001,4101.280000000001,4098.62,4105.550000000001,0.75,0.15151515151528275,0.3500000000003638,TRAIL_SL,2.3100000000004,4099.775,2026-07-10T22:09:00+00:00,4098.62,XAUUSD.ecn,4100.93,4105.550000000001,0.4,4.0,True,1783721340
False,BUY,4120.25,4120.25,4113.6,4129.2,1.8499999999994543,0.2788461538461286,1.449999999999818,TRAIL_SL,5.199999999999818,4116.200000000001,2026-07-10T23:56:00+00:00,4113.6,XAUUSD.ecn,4118.8,4129.2,0.4,4.0,True,1783727760
False,SELL,4083.06,4083.06,4087.34,4076.479999999999,1.0599999999999454,0.18232044198889266,0.6599999999998545,TRAIL_SL,3.6200000000003456,4085.5299999999997,2026-07-13T01:26:00+00:00,4087.34,XAUUSD.ecn,4083.72,4076.479999999999,0.4,4.0,True,1783905960
False,SELL,4068.92,4068.92,4077.75,4064.19,4.710000000000036,0.9535398230088413,4.309999999999945,TRAIL_SL,4.519999999999982,4075.49,2026-07-13T02:03:00+00:00,4077.75,XAUUSD.ecn,4073.23,4064.19,0.4,4.0,True,1783908180
False,BUY,4077.89,4077.89,4072.76,4084.7299999999996,1.5399999999999636,0.28571428571426943,1.1399999999998727,TRAIL_SL,3.9899999999997817,4074.755,2026-07-13T02:43:00+00:00,4072.76,XAUUSD.ecn,4076.75,4084.7299999999996,0.4,4.0,True,1783910580
True,BUY,,4084.16,4079.66,4083.4400000000005,3.6399999999998727,,,SL_AND_TP_SAME_BAR,1.2600000000002183,4080.29,2026-07-13T03:00:00+00:00,4079.66,XAUUSD.ecn,4080.92,4083.4400000000005,0.4,4.0,True,1783911600
False,SELL,4069.71,4069.71,4076.81,4060.5800000000004,2.0900000000001455,0.3123844731978004,1.6900000000000546,TRAIL_SL,5.4099999999998545,4074.105,2026-07-13T04:02:00+00:00,4076.81,XAUUSD.ecn,4071.4,4060.5800000000004,0.4,4.0,True,1783915320
False,SELL,4056.1,4056.1,4061.9,4045.5499999999993,0.75,0.06422018348621863,0.34999999999990905,TRAIL_SL,5.450000000000273,4059.175,2026-07-13T06:13:00+00:00,4061.9,XAUUSD.ecn,4056.45,4045.5499999999993,0.4,4.0,True,1783923180
False,BUY,4072.5899999999997,4072.5899999999997,4063.02,4079.7599999999998,4.389999999999873,0.7150537634408304,3.9899999999997817,TRAIL_SL,5.579999999999927,4065.81,2026-07-13T08:10:00+00:00,4063.02,XAUUSD.ecn,4068.6,4079.7599999999998,0.4,4.0,True,1783930200
False,BUY,4062.18,4062.18,4058.37,4065.18,1.9400000000000546,0.678414096916289,1.5399999999999636,TRAIL_SL,2.269999999999982,4059.505,2026-07-13T10:56:00+00:00,4058.37,XAUUSD.ecn,4060.64,4065.18,0.4,4.0,True,1783940160
False,BUY,4071.56,4071.56,4063.86,4078.1999999999994,3.3200000000001637,0.6108786610879139,2.9200000000000728,TRAIL_SL,4.779999999999745,4066.25,2026-07-13T11:09:00+00:00,4063.86,XAUUSD.ecn,4068.64,4078.1999999999994,0.4,4.0,True,1783940940
False,BUY,4062.64,4062.64,4058.14,4071.2200000000003,0.5399999999999636,0.032110091743089125,0.13999999999987267,TRAIL_SL,4.360000000000127,4060.3199999999997,2026-07-13T14:29:00+00:00,4058.14,XAUUSD.ecn,4062.5,4071.2200000000003,0.4,4.0,True,1783952940
False,SELL,4064.38,4064.38,4068.49,4059.4000000000005,1.4800000000000182,0.35643564356436236,1.0799999999999272,TRAIL_SL,3.0299999999997453,4066.975,2026-07-13T14:39:00+00:00,4068.49,XAUUSD.ecn,4065.46,4059.4000000000005,0.4,4.0,True,1783953540
False,SELL,4058.96,4058.96,4064.6,4053.5899999999997,2.369999999999891,0.536784741144349,1.9699999999998,TRAIL_SL,3.6700000000000728,4062.765,2026-07-13T16:12:00+00:00,4064.6,XAUUSD.ecn,4060.93,4053.5899999999997,0.4,4.0,True,1783959120
False,SELL,4047.51,4047.51,4057.39,4035.6100000000006,3.019999999999982,0.3608815426997212,2.619999999999891,TRAIL_SL,7.2599999999997635,4053.76,2026-07-13T16:52:00+00:00,4057.39,XAUUSD.ecn,4050.13,4035.6100000000006,0.4,4.0,True,1783961520
False,SELL,4038.55,4038.55,4050.96,4029.7499999999995,5.739999999999782,0.7553041018386941,5.339999999999691,TRAIL_SL,7.070000000000164,4047.425,2026-07-13T17:02:00+00:00,4050.96,XAUUSD.ecn,4043.89,4029.7499999999995,0.4,4.0,True,1783962120
False,SELL,4034.65,4034.65,4040.75,4026.3499999999995,1.699999999999818,0.2708333333332662,1.2999999999997272,TRAIL_SL,4.800000000000182,4038.35,2026-07-13T17:08:00+00:00,4040.75,XAUUSD.ecn,4035.95,4026.3499999999995,0.4,4.0,True,1783962480
False,BUY,4013.91,4013.91,4007.31,4023.2700000000004,1.6799999999998363,0.24060150375934322,1.2799999999997453,TRAIL_SL,5.320000000000164,4009.9700000000003,2026-07-13T17:20:00+00:00,4007.31,XAUUSD.ecn,4012.63,4023.2700000000004,0.4,4.0,True,1783963200
False,SELL,4002.6600000000003,4002.6600000000003,4009.0,3997.12,2.7799999999997453,0.6010101010100082,2.3799999999996544,TRAIL_SL,3.9600000000000364,4007.02,2026-07-13T17:42:00+00:00,4009.0,XAUUSD.ecn,4005.04,3997.12,0.4,4.0,True,1783964520
False,BUY,4014.8399999999997,4014.8399999999997,4011.57,4017.209999999999,1.7899999999999636,0.7393617021277278,1.3899999999998727,TRAIL_SL,1.8799999999996544,4012.51,2026-07-13T18:01:00+00:00,4011.57,XAUUSD.ecn,4013.45,4017.209999999999,0.4,4.0,True,1783965660
False,SELL,3991.62,3991.62,4002.17,3984.7400000000002,5.140000000000327,0.8158347676420449,4.7400000000002365,TRAIL_SL,5.809999999999945,3999.2650000000003,2026-07-13T19:35:00+00:00,4002.17,XAUUSD.ecn,3996.36,3984.7400000000002,0.4,4.0,True,1783971300
False,SELL,3992.0,3992.0,3999.73,3984.0700000000006,2.9100000000003092,0.48084291187745487,2.5100000000002183,TRAIL_SL,5.2199999999998,3997.12,2026-07-13T19:53:00+00:00,3999.73,XAUUSD.ecn,3994.51,3984.0700000000006,0.4,4.0,True,1783972380
False,BUY,3992.68,3992.68,3990.45,3995.52,0.9400000000000546,0.31952662721890307,0.5399999999999636,TRAIL_SL,1.6900000000000546,3991.295,2026-07-13T21:15:00+00:00,3990.45,XAUUSD.ecn,3992.14,3995.52,0.4,4.0,True,1783977300
False,SELL,3998.59,3998.59,4001.22,3996.0600000000004,1.3099999999999454,0.5290697674418374,0.9099999999998545,TRAIL_SL,1.7199999999998,4000.3599999999997,2026-07-13T22:12:00+00:00,4001.22,XAUUSD.ecn,3999.5,3996.0600000000004,0.4,4.0,True,1783980720
False,SELL,3998.2000000000003,3998.2000000000003,4002.11,3994.249999999999,1.6899999999995998,0.49236641221348804,1.2899999999995089,TRAIL_SL,2.6200000000003456,4000.8,2026-07-14T02:19:00+00:00,4002.11,XAUUSD.ecn,3999.49,3994.249999999999,0.4,4.0,True,1783995540
False,BUY,4004.7,4004.7,3994.35,4018.35,2.75,0.29374999999998863,2.349999999999909,TRAIL_SL,8.0,3998.35,2026-07-14T03:36:00+00:00,3994.35,XAUUSD.ecn,4002.35,4018.35,0.4,4.0,True,1784000160
False,BUY,4001.04,4001.04,3997.76,4005.1699999999996,1.2100000000000364,0.32793522267206926,0.8099999999999454,TRAIL_SL,2.4699999999998,3998.995,2026-07-14T04:20:00+00:00,3997.76,XAUUSD.ecn,4000.23,4005.1699999999996,0.4,4.0,True,1784002800
False,SELL,4008.9500000000003,4008.9500000000003,4012.05,4004.7599999999993,1.069999999999709,0.2757201646088633,0.669999999999618,TRAIL_SL,2.430000000000291,4010.835,2026-07-14T05:03:00+00:00,4012.05,XAUUSD.ecn,4009.62,4004.7599999999993,0.4,4.0,True,1784005380
False,SELL,4011.08,4011.08,4016.31,4002.75,1.1100000000001273,0.1570796460177078,0.7100000000000364,TRAIL_SL,4.519999999999982,4014.05,2026-07-14T05:45:00+00:00,4016.31,XAUUSD.ecn,4011.79,4002.75,0.4,4.0,True,1784007900
False,SELL,4014.35,4014.35,4016.56,4010.9500000000003,0.7400000000002365,0.18181818181827025,0.3400000000001455,TRAIL_SL,1.8699999999998909,4015.625,2026-07-14T06:10:00+00:00,4016.56,XAUUSD.ecn,4014.69,4010.9500000000003,0.4,4.0,True,1784009400
False,BUY,4018.4,4018.4,4011.27,4023.15,3.5700000000001637,0.8005050505050615,3.1700000000000728,TRAIL_SL,3.9600000000000364,4013.25,2026-07-14T06:26:00+00:00,4011.27,XAUUSD.ecn,4015.23,4023.15,0.4,4.0,True,1784010360
False,BUY,4033.65,4033.65,4027.67,4035.86,3.650000000000091,1.1904761904761825,3.25,TRAIL_SL,2.730000000000018,4029.035,2026-07-14T08:43:00+00:00,4027.67,XAUUSD.ecn,4030.4,4035.86,0.4,4.0,True,1784018580
False,SELL,4017.9100000000003,4017.9100000000003,4020.99,4013.94,1.1299999999996544,0.3106382978721667,0.7299999999995634,TRAIL_SL,2.349999999999909,4019.8149999999996,2026-07-14T14:10:00+00:00,4020.99,XAUUSD.ecn,4018.64,4013.94,0.4,4.0,True,1784038200
False,BUY,4084.91,4084.91,4079.29,4088.0799999999995,3.0900000000001455,0.9180887372014351,2.6900000000000546,TRAIL_SL,2.9299999999998363,4080.755,2026-07-14T16:26:00+00:00,4079.29,XAUUSD.ecn,4082.22,4088.0799999999995,0.4,4.0,True,1784046360
False,BUY,4080.68,4080.68,4074.29,4083.9500000000007,3.569999999999709,0.9844720496892445,3.169999999999618,TRAIL_SL,3.2200000000002547,4075.9,2026-07-14T17:09:00+00:00,4074.29,XAUUSD.ecn,4077.51,4083.9500000000007,0.4,4.0,True,1784048940
False,SELL,4071.11,4071.11,4083.74,4060.88,5.4099999999998545,0.6574803149606083,5.0099999999997635,TRAIL_SL,7.619999999999891,4079.93,2026-07-14T17:17:00+00:00,4083.74,XAUUSD.ecn,4076.12,4060.88,0.4,4.0,True,1784049420
False,SELL,4076.15,4076.15,4086.88,4064.9500000000003,3.8200000000001637,0.467852257181956,3.4200000000000728,TRAIL_SL,7.309999999999945,4083.2250000000004,2026-07-14T18:38:00+00:00,4086.88,XAUUSD.ecn,4079.57,4064.9500000000003,0.4,4.0,True,1784054280
False,SELL,4058.33,4058.33,4063.78,4049.229999999999,1.0,0.12371134020615754,0.599999999999909,TRAIL_SL,4.850000000000364,4061.355,2026-07-14T20:08:00+00:00,4063.78,XAUUSD.ecn,4058.93,4049.229999999999,0.4,4.0,True,1784059680
False,SELL,4047.31,4047.31,4054.36,4033.2400000000002,0.41000000000030923,0.0014204545454855582,0.010000000000218279,TRAIL_SL,7.039999999999964,4050.84,2026-07-14T21:45:00+00:00,4054.36,XAUUSD.ecn,4047.32,4033.2400000000002,0.4,4.0,True,1784065500
False,BUY,4056.12,4056.12,4051.81,4060.4199999999996,1.8400000000001455,0.5017421602787837,1.4400000000000546,TRAIL_SL,2.869999999999891,4053.245,2026-07-14T22:55:00+00:00,4051.81,XAUUSD.ecn,4054.68,4060.4199999999996,0.4,4.0,True,1784069700
False,SELL,4030.9500000000003,4030.9500000000003,4037.71,4018.6299999999997,0.7999999999997272,0.06289308176094784,0.3999999999996362,TRAIL_SL,6.360000000000127,4034.5299999999997,2026-07-15T05:21:00+00:00,4037.71,XAUUSD.ecn,4031.35,4018.6299999999997,0.4,4.0,True,1784092860
False,BUY,4028.87,4028.87,4028.87,4043.4199999999996,0.0500000000001819,-1.0,-4.849999999999909,SL,4.849999999999909,4031.295,2026-07-15T06:38:00+00:00,4028.87,XAUUSD.ecn,4033.72,4043.4199999999996,0.4,4.0,False,1784097480
False,SELL,4029.57,4029.57,4033.77,4023.3600000000006,1.1300000000001091,0.21037463976946982,0.7300000000000182,TRAIL_SL,3.4699999999998,4032.035,2026-07-15T06:43:00+00:00,4033.77,XAUUSD.ecn,4030.3,4023.3600000000006,0.4,4.0,True,1784097780
False,SELL,4028.84,4028.84,4035.13,4017.7299999999996,0.8899999999998727,0.08448275862064937,0.4899999999997817,TRAIL_SL,5.800000000000182,4032.23,2026-07-15T08:47:00+00:00,4035.13,XAUUSD.ecn,4029.33,4017.7299999999996,0.4,4.0,True,1784105220
False,SELL,4032.39,4032.39,4032.39,4029.9300000000007,0.21000000000003638,-1.0,-0.819999999999709,SL,0.819999999999709,4031.98,2026-07-15T10:02:00+00:00,4032.39,XAUUSD.ecn,4031.57,4029.9300000000007,0.4,4.0,False,1784109720
False,SELL,4023.79,4023.79,4026.28,4019.6799999999994,0.6900000000000546,0.13181818181814894,0.2899999999999636,TRAIL_SL,2.200000000000273,4025.1800000000003,2026-07-15T10:28:00+00:00,4026.28,XAUUSD.ecn,4024.08,4019.6799999999994,0.4,4.0,True,1784111280
False,BUY,4024.48,4024.48,4020.39,4029.1800000000007,1.5599999999999454,0.3959044368599793,1.1599999999998545,TRAIL_SL,2.930000000000291,4021.855,2026-07-15T11:06:00+00:00,4020.39,XAUUSD.ecn,4023.32,4029.1800000000007,0.4,4.0,True,1784113560
False,BUY,4031.2799999999997,4031.2799999999997,4029.64,4034.08,0.5599999999999454,0.10810810810800846,0.15999999999985448,TRAIL_SL,1.4800000000000182,4030.38,2026-07-15T11:58:00+00:00,4029.64,XAUUSD.ecn,4031.12,4034.08,0.4,4.0,True,1784116680
False,SELL,4028.14,4028.14,4035.23,4014.41,0.5500000000001819,0.02161383285303887,0.15000000000009095,TRAIL_SL,6.940000000000055,4031.76,2026-07-15T13:28:00+00:00,4035.23,XAUUSD.ecn,4028.29,4014.41,0.4,4.0,True,1784122080
False,SELL,4028.44,4028.44,4031.15,4024.3099999999995,0.8299999999999272,0.18859649122798183,0.4299999999998363,TRAIL_SL,2.2800000000002,4030.01,2026-07-15T13:50:00+00:00,4031.15,XAUUSD.ecn,4028.87,4024.3099999999995,0.4,4.0,True,1784123400
False,BUY,4038.43,4038.43,4032.42,4047.4499999999994,1.400000000000091,0.19960079840320302,1.0,TRAIL_SL,5.0099999999997635,4034.925,2026-07-15T14:44:00+00:00,4032.42,XAUUSD.ecn,4037.43,4047.4499999999994,0.4,4.0,True,1784126640
False,BUY,4060.77,4060.77,4053.77,4069.5500000000006,2.1399999999998727,0.33079847908739723,1.7399999999997817,TRAIL_SL,5.260000000000218,4056.4,2026-07-15T15:40:00+00:00,4053.77,XAUUSD.ecn,4059.03,4069.5500000000006,0.4,4.0,True,1784130000
False,BUY,4062.2599999999998,4062.2599999999998,4057.62,4069.5,1.0799999999999272,0.1717171717171288,0.6799999999998363,TRAIL_SL,3.9600000000000364,4059.6,2026-07-15T17:36:00+00:00,4057.62,XAUUSD.ecn,4061.58,4069.5,0.4,4.0,True,1784136960
False,SELL,4053.6800000000003,4053.6800000000003,4058.54,4050.86,2.699999999999818,0.8984374999999125,2.299999999999727,TRAIL_SL,2.5599999999999454,4057.26,2026-07-15T17:47:00+00:00,4058.54,XAUUSD.ecn,4055.98,4050.86,0.4,4.0,True,1784137620
False,BUY,4048.65,4048.65,4044.83,4051.0400000000004,2.150000000000091,0.8454106280192568,1.75,TRAIL_SL,2.0700000000001637,4045.865,2026-07-15T18:35:00+00:00,4044.83,XAUUSD.ecn,4046.9,4051.0400000000004,0.4,4.0,True,1784140500
False,SELL,4037.78,4037.78,4043.82,4030.769999999999,2.0899999999996908,0.3885057471263123,1.6899999999995998,TRAIL_SL,4.350000000000364,4041.645,2026-07-15T19:13:00+00:00,4043.82,XAUUSD.ecn,4039.47,4030.769999999999,0.4,4.0,True,1784142780
False,SELL,4028.19,4028.19,4035.84,4020.03,2.7800000000002,0.4516129032258287,2.380000000000109,TRAIL_SL,5.269999999999982,4033.205,2026-07-15T19:37:00+00:00,4035.84,XAUUSD.ecn,4030.57,4020.03,0.4,4.0,True,1784144220
False,BUY,4036.83,4036.83,4031.14,4043.3500000000004,2.019999999999982,0.3980343980343552,1.6199999999998909,TRAIL_SL,4.070000000000164,4033.175,2026-07-15T19:51:00+00:00,4031.14,XAUUSD.ecn,4035.21,4043.3500000000004,0.4,4.0,True,1784145060
False,BUY,4065.75,4065.75,4057.91,4068.35,4.760000000000218,1.252873563218421,4.360000000000127,TRAIL_SL,3.480000000000018,4059.6499999999996,2026-07-15T20:45:00+00:00,4057.91,XAUUSD.ecn,4061.39,4068.35,0.4,4.0,True,1784148300
False,BUY,4076.1,4076.1,4071.26,4080.709999999999,2.0900000000001455,0.5365079365080158,1.6900000000000546,TRAIL_SL,3.149999999999636,4072.835,2026-07-15T21:32:00+00:00,4071.26,XAUUSD.ecn,4074.41,4080.709999999999,0.4,4.0,True,1784151120
False,SELL,4054.09,4054.09,4057.31,4051.7000000000003,1.75,0.721925133689833,1.349999999999909,TRAIL_SL,1.8699999999998909,4056.375,2026-07-15T22:22:00+00:00,4057.31,XAUUSD.ecn,4055.44,4051.7000000000003,0.4,4.0,True,1784154120
False,SELL,4049.7000000000003,4049.7000000000003,4057.49,4040.51,2.5299999999997453,0.3763250883391712,2.1299999999996544,TRAIL_SL,5.6599999999998545,4054.66,2026-07-15T22:37:00+00:00,4057.49,XAUUSD.ecn,4051.83,4040.51,0.4,4.0,True,1784155020
False,SELL,4031.26,4031.26,4035.83,4025.7499999999995,1.6099999999996726,0.36011904761890945,1.2099999999995816,TRAIL_SL,3.3600000000001273,4034.1499999999996,2026-07-16T05:33:00+00:00,4035.83,XAUUSD.ecn,4032.47,4025.7499999999995,0.4,4.0,True,1784179980
False,SELL,4025.4100000000003,4025.4100000000003,4032.21,4016.7599999999998,2.049999999999727,0.3203883495144868,1.6499999999996362,TRAIL_SL,5.150000000000091,4029.635,2026-07-16T05:42:00+00:00,4032.21,XAUUSD.ecn,4027.06,4016.7599999999998,0.4,4.0,True,1784180520
False,BUY,4031.5499999999997,4031.5499999999997,4024.7,4045.0400000000004,0.4699999999997999,0.010324483775767978,0.06999999999970896,TRAIL_SL,6.7800000000002,4028.09,2026-07-16T05:59:00+00:00,4024.7,XAUUSD.ecn,4031.48,4045.0400000000004,0.4,4.0,True,1784181540
False,SELL,4024.4300000000003,4024.4300000000003,4030.23,4013.3700000000003,0.5799999999999272,0.03202846975086117,0.1799999999998363,TRAIL_SL,5.619999999999891,4027.42,2026-07-16T09:38:00+00:00,4030.23,XAUUSD.ecn,4024.61,4013.3700000000003,0.4,4.0,True,1784194680
False,SELL,4030.2200000000003,4030.2200000000003,4036.22,4022.7500000000005,1.9099999999998545,0.33630289532290353,1.5099999999997635,TRAIL_SL,4.489999999999782,4033.975,2026-07-16T13:02:00+00:00,4036.22,XAUUSD.ecn,4031.73,4022.7500000000005,0.4,4.0,True,1784206920
True,SELL,,4026.07,4034.55,4028.04,6.710000000000036,,,SL_AND_TP_SAME_BAR,2.1700000000000728,4033.465,2026-07-16T15:14:00+00:00,4034.55,XAUUSD.ecn,4032.38,4028.04,0.4,4.0,True,1784214840
False,SELL,4022.31,4022.31,4029.26,4008.9799999999996,0.5900000000001455,0.02810650887574681,0.19000000000005457,TRAIL_SL,6.760000000000218,4025.88,2026-07-16T15:26:00+00:00,4029.26,XAUUSD.ecn,4022.5,4008.9799999999996,0.4,4.0,True,1784215560
False,SELL,4000.03,4000.03,4018.81,3989.1400000000003,9.289999999999964,0.8988877654196145,8.889999999999873,TRAIL_SL,9.889999999999873,4013.865,2026-07-16T15:46:00+00:00,4018.81,XAUUSD.ecn,4008.92,3989.1400000000003,0.4,4.0,True,1784216760
False,BUY,4004.17,4004.17,3998.24,4012.2800000000007,1.650000000000091,0.2670940170940005,1.25,TRAIL_SL,4.680000000000291,4000.58,2026-07-16T16:31:00+00:00,3998.24,XAUUSD.ecn,4002.92,4012.2800000000007,0.4,4.0,True,1784219460
False,SELL,3989.28,3989.28,3997.1,3979.73,2.4299999999998363,0.35060449050082176,2.0299999999997453,TRAIL_SL,5.789999999999964,3994.205,2026-07-16T16:58:00+00:00,3997.1,XAUUSD.ecn,3991.31,3979.73,0.4,4.0,True,1784221080
False,BUY,3998.3199999999997,3998.3199999999997,3991.27,4004.1700000000005,3.149999999999636,0.6395348837207975,2.7499999999995453,TRAIL_SL,4.300000000000182,3993.42,2026-07-16T17:30:00+00:00,3991.27,XAUUSD.ecn,3995.57,4004.1700000000005,0.4,4.0,True,1784223000
False,BUY,4013.02,4013.02,4009.08,4014.2400000000007,2.619999999999891,1.2906976744182972,2.2199999999998,TRAIL_SL,1.7200000000002547,4009.94,2026-07-16T18:36:00+00:00,4009.08,XAUUSD.ecn,4010.8,4014.2400000000007,0.4,4.0,True,1784226960
False,SELL,3989.32,3989.32,3996.56,3981.9799999999996,2.7799999999997453,0.48971193415629466,2.3799999999996544,TRAIL_SL,4.860000000000127,3994.13,2026-07-16T19:16:00+00:00,3996.56,XAUUSD.ecn,3991.7,3981.9799999999996,0.4,4.0,True,1784229360
False,SELL,3984.25,3984.25,3988.24,3976.7800000000007,0.5700000000001637,0.04450261780106956,0.17000000000007276,TRAIL_SL,3.819999999999709,3986.33,2026-07-16T20:37:00+00:00,3988.24,XAUUSD.ecn,3984.42,3976.7800000000007,0.4,4.0,True,1784234220
False,SELL,3985.87,3985.87,3990.34,3982.1799999999994,2.150000000000091,0.6433823529411162,1.75,TRAIL_SL,2.7200000000002547,3988.98,2026-07-16T21:28:00+00:00,3990.34,XAUUSD.ecn,3987.62,3982.1799999999994,0.4,4.0,True,1784237280
False,SELL,3977.35,3977.35,3983.24,3971.24,2.2899999999999636,0.47249999999996817,1.8899999999998727,TRAIL_SL,4.0,3981.24,2026-07-16T21:37:00+00:00,3983.24,XAUUSD.ecn,3979.24,3971.24,0.4,4.0,True,1784237820
False,SELL,3980.7000000000003,3980.7000000000003,3983.98,3976.5700000000006,1.2100000000000364,0.32793522267206926,0.8099999999999454,TRAIL_SL,2.4699999999998,3982.745,2026-07-16T21:54:00+00:00,3983.98,XAUUSD.ecn,3981.51,3976.5700000000006,0.4,4.0,True,1784238840
False,SELL,3978.59,3978.59,3982.38,3972.63,0.9400000000000546,0.16615384615383497,0.5399999999999636,TRAIL_SL,3.25,3980.755,2026-07-16T22:57:00+00:00,3982.38,XAUUSD.ecn,3979.13,3972.63,0.4,4.0,True,1784242620
False,SELL,3973.7000000000003,3973.7000000000003,3975.63,3970.68,0.6799999999998363,0.169696969696806,0.27999999999974534,TRAIL_SL,1.650000000000091,3974.8050000000003,2026-07-17T01:46:00+00:00,3975.63,XAUUSD.ecn,3973.98,3970.68,0.4,4.0,True,1784252760
False,BUY,3985.2799999999997,3985.2799999999997,3980.67,3988.92,2.2599999999997635,0.6763636363635173,1.8599999999996726,TRAIL_SL,2.75,3982.045,2026-07-17T03:00:00+00:00,3980.67,XAUUSD.ecn,3983.42,3988.92,0.4,4.0,True,1784257200
False,SELL,3989.28,3989.28,3994.82,3983.7199999999993,2.2399999999997817,0.49729729729717703,1.8399999999996908,TRAIL_SL,3.700000000000273,3992.9700000000003,2026-07-17T04:25:00+00:00,3994.82,XAUUSD.ecn,3991.12,3983.7199999999993,0.4,4.0,True,1784262300
False,SELL,3990.79,3990.79,3995.37,3987.4199999999996,2.3299999999999272,0.7283018867923661,1.9299999999998363,TRAIL_SL,2.650000000000091,3994.045,2026-07-17T04:41:00+00:00,3995.37,XAUUSD.ecn,3992.72,3987.4199999999996,0.4,4.0,True,1784263260
False,BUY,3990.37,3990.37,3979.63,4007.3499999999995,1.900000000000091,0.16233766233766617,1.5,TRAIL_SL,9.239999999999782,3984.25,2026-07-17T06:08:00+00:00,3979.63,XAUUSD.ecn,3988.87,4007.3499999999995,0.4,4.0,True,1784268480
False,BUY,4007.9,4007.9,3993.15,4022.9999999999995,5.200000000000273,0.48241206030153466,4.800000000000182,TRAIL_SL,9.949999999999818,3998.125,2026-07-17T06:22:00+00:00,3993.15,XAUUSD.ecn,4003.1,4022.9999999999995,0.4,4.0,True,1784269320
False,BUY,4005.64,4005.64,3997.85,4009.8200000000006,4.199999999999818,0.9523809523808275,3.799999999999727,TRAIL_SL,3.9900000000002365,3999.8450000000003,2026-07-17T09:22:00+00:00,3997.85,XAUUSD.ecn,4001.84,4009.8200000000006,0.4,4.0,True,1784280120
False,BUY,3999.88,3999.88,3996.78,4003.89,1.1300000000001091,0.3080168776371527,0.7300000000000182,TRAIL_SL,2.369999999999891,3997.965,2026-07-17T09:58:00+00:00,3996.78,XAUUSD.ecn,3999.15,4003.89,0.4,4.0,True,1784282280
False,SELL,3993.7000000000003,3993.7000000000003,4000.78,3988.6299999999997,3.4299999999998363,0.7481481481480516,3.0299999999997453,TRAIL_SL,4.050000000000182,3998.755,2026-07-17T10:10:00+00:00,4000.78,XAUUSD.ecn,3996.73,3988.6299999999997,0.4,4.0,True,1784283000
False,BUY,3997.73,3997.73,3994.82,4002.5299999999993,0.7400000000002365,0.1322957198444296,0.3400000000001455,TRAIL_SL,2.569999999999709,3996.105,2026-07-17T12:54:00+00:00,3994.82,XAUUSD.ecn,3997.39,4002.5299999999993,0.4,4.0,True,1784292840
False,SELL,3982.11,3982.11,3986.68,3975.88,1.3699999999998909,0.2694444444443957,0.9699999999997999,TRAIL_SL,3.599999999999909,3984.88,2026-07-17T15:35:00+00:00,3986.68,XAUUSD.ecn,3983.08,3975.88,0.4,4.0,True,1784302500
False,SELL,3969.9900000000002,3969.9900000000002,3973.16,3966.5000000000005,1.349999999999909,0.4279279279278846,0.9499999999998181,TRAIL_SL,2.2199999999998,3972.05,2026-07-17T15:51:00+00:00,3973.16,XAUUSD.ecn,3970.94,3966.5000000000005,0.4,4.0,True,1784303460
False,SELL,3967.23,3967.23,3971.76,3961.56,1.5300000000002,0.3323529411764938,1.1300000000001091,TRAIL_SL,3.400000000000091,3970.0600000000004,2026-07-17T16:02:00+00:00,3971.76,XAUUSD.ecn,3968.36,3961.56,0.4,4.0,True,1784304120
True,BUY,,3971.72,3966.53,3969.4999999999995,4.599999999999909,,,SL_AND_TP_SAME_BAR,0.9899999999997817,3967.025,2026-07-17T16:15:00+00:00,3966.53,XAUUSD.ecn,3967.52,3969.4999999999995,0.4,4.0,True,1784304900
True,BUY,,3994.3199999999997,3988.58,3993.3799999999997,4.539999999999964,,,SL_AND_TP_SAME_BAR,1.599999999999909,3989.38,2026-07-17T17:01:00+00:00,3988.58,XAUUSD.ecn,3990.18,3993.3799999999997,0.4,4.0,True,1784307660
False,BUY,3998.0,3998.0,3991.94,4007.87,1.150000000000091,0.1412429378531088,0.75,TRAIL_SL,5.309999999999945,3994.5950000000003,2026-07-17T17:08:00+00:00,3991.94,XAUUSD.ecn,3997.25,4007.87,0.4,4.0,True,1784308080
False,SELL,4006.61,4006.61,4014.07,3997.63,2.380000000000109,0.3613138686131408,1.9800000000000182,TRAIL_SL,5.480000000000018,4011.33,2026-07-17T18:08:00+00:00,4014.07,XAUUSD.ecn,4008.59,3997.63,0.4,4.0,True,1784311680
False,BUY,4008.69,4008.69,4004.78,4013.0599999999995,1.550000000000182,0.4166666666667353,1.150000000000091,TRAIL_SL,2.7599999999997635,4006.16,2026-07-17T18:23:00+00:00,4004.78,XAUUSD.ecn,4007.54,4013.0599999999995,0.4,4.0,True,1784312580
False,SELL,4010.4500000000003,4010.4500000000003,4016.02,4009.1799999999994,3.6899999999996,1.4429824561400089,3.289999999999509,TRAIL_SL,2.2800000000002,4014.88,2026-07-17T18:34:00+00:00,4016.02,XAUUSD.ecn,4013.74,4009.1799999999994,0.4,4.0,True,1784313240
False,BUY,4012.35,4012.35,4009.02,4017.6600000000003,0.849999999999909,0.15624999999993092,0.4499999999998181,TRAIL_SL,2.880000000000109,4010.46,2026-07-17T21:19:00+00:00,4009.02,XAUUSD.ecn,4011.9,4017.6600000000003,0.4,4.0,True,1784323140
False,BUY,4011.83,4011.83,4011.83,4018.1899999999996,0.03999999999996362,-1.0,-2.119999999999891,SL,2.119999999999891,4012.89,2026-07-17T21:31:00+00:00,4011.83,XAUUSD.ecn,4013.95,4018.1899999999996,0.4,4.0,False,1784323860
False,SELL,4007.2200000000003,4007.2200000000003,4012.25,4000.88,1.6399999999998727,0.32717678100258407,1.2399999999997817,TRAIL_SL,3.7899999999999636,4010.355,2026-07-17T22:04:00+00:00,4012.25,XAUUSD.ecn,4008.46,4000.88,0.4,4.0,True,1784325840
False,SELL,3990.51,3990.51,3993.94,3986.1099999999997,1.2199999999998,0.3141762452106011,0.819999999999709,TRAIL_SL,2.6100000000001273,3992.635,2026-07-20T02:42:00+00:00,3993.94,XAUUSD.ecn,3991.33,3986.1099999999997,0.4,4.0,True,1784515320
False,BUY,4010.19,4010.19,4010.19,4020.4199999999996,0.22000000000025466,-1.0,-3.4099999999998545,SL,3.4099999999998545,4011.895,2026-07-20T04:11:00+00:00,4010.19,XAUUSD.ecn,4013.6,4020.4199999999996,0.4,4.0,False,1784520660
False,SELL,4003.11,4003.11,4009.94,3991.2799999999993,1.0099999999997635,0.09807073954978257,0.6099999999996726,TRAIL_SL,6.220000000000255,4006.83,2026-07-20T04:25:00+00:00,4009.94,XAUUSD.ecn,4003.72,3991.2799999999993,0.4,4.0,True,1784521500
True,BUY,,4000.3,4000.3,4000.689999999999,0.3400000000001455,,,SL_AND_TP_SAME_BAR,0.1299999999996544,4000.365,2026-07-20T04:50:00+00:00,4000.3,XAUUSD.ecn,4000.43,4000.689999999999,0.4,4.0,False,1784523000
False,BUY,4003.43,4003.43,3998.18,4007.480000000001,2.549999999999727,0.6935483870965754,2.149999999999636,TRAIL_SL,3.100000000000364,3999.73,2026-07-20T05:00:00+00:00,3998.18,XAUUSD.ecn,4001.28,4007.480000000001,0.4,4.0,True,1784523600
False,BUY,4006.62,4006.62,4001.77,4012.1799999999994,1.7800000000002,0.3976945244957316,1.3800000000001091,TRAIL_SL,3.4699999999998,4003.505,2026-07-20T05:05:00+00:00,4001.77,XAUUSD.ecn,4005.24,4012.1799999999994,0.4,4.0,True,1784523900
False,BUY,4007.24,4007.24,4004.31,4010.01,1.4299999999998363,0.5421052631577348,1.0299999999997453,TRAIL_SL,1.900000000000091,4005.26,2026-07-20T05:26:00+00:00,4004.31,XAUUSD.ecn,4006.21,4010.01,0.4,4.0,True,1784525160
False,BUY,4018.0499999999997,4018.0499999999997,4011.09,4019.64,4.5099999999997635,1.442105263157826,4.109999999999673,TRAIL_SL,2.849999999999909,4012.5150000000003,2026-07-20T05:45:00+00:00,4011.09,XAUUSD.ecn,4013.94,4019.64,0.4,4.0,True,1784526300
False,BUY,4027.38,4027.38,4024.43,4030.6099999999997,1.2900000000004184,0.4320388349516267,0.8900000000003274,TRAIL_SL,2.0599999999999454,4025.46,2026-07-20T06:44:00+00:00,4024.43,XAUUSD.ecn,4026.49,4030.6099999999997,0.4,4.0,True,1784529840
False,SELL,4017.92,4017.92,4020.48,4016.4300000000003,1.6100000000001273,0.8962962962963836,1.2100000000000364,TRAIL_SL,1.349999999999909,4019.8050000000003,2026-07-20T08:06:00+00:00,4020.48,XAUUSD.ecn,4019.13,4016.4300000000003,0.4,4.0,True,1784534760
False,BUY,4006.5,4006.5,4003.98,4010.2500000000005,0.8299999999999272,0.20574162679416572,0.4299999999998363,TRAIL_SL,2.0900000000001455,4005.025,2026-07-20T09:47:00+00:00,4003.98,XAUUSD.ecn,4006.07,4010.2500000000005,0.4,4.0,True,1784540820
False,BUY,4017.7599999999998,4017.7599999999998,4007.88,4023.87,4.949999999999818,0.8536585365853263,4.549999999999727,TRAIL_SL,5.329999999999927,4010.545,2026-07-20T10:38:00+00:00,4007.88,XAUUSD.ecn,4013.21,4023.87,0.4,4.0,True,1784543880
False,SELL,4017.6,4017.6,4021.8,4012.23,1.4100000000003092,0.3166144200627589,1.0100000000002183,TRAIL_SL,3.1900000000000546,4020.205,2026-07-20T10:52:00+00:00,4021.8,XAUUSD.ecn,4018.61,4012.23,0.4,4.0,True,1784544720
False,SELL,4019.65,4019.65,4025.53,4009.6299999999997,0.9800000000000182,0.10943396226413346,0.5799999999999272,TRAIL_SL,5.300000000000182,4022.88,2026-07-20T11:09:00+00:00,4025.53,XAUUSD.ecn,4020.23,4009.6299999999997,0.4,4.0,True,1784545740
False,BUY,4026.86,4026.86,4020.41,4033.4900000000002,2.4900000000002365,0.479357798165157,2.0900000000001455,TRAIL_SL,4.360000000000127,4022.59,2026-07-20T11:18:00+00:00,4020.41,XAUUSD.ecn,4024.77,4033.4900000000002,0.4,4.0,True,1784546280
False,SELL,4020.7200000000003,4020.7200000000003,4023.23,4017.1399999999994,0.8799999999996544,0.236453201970205,0.47999999999956344,TRAIL_SL,2.0300000000002,4022.215,2026-07-20T11:32:00+00:00,4023.23,XAUUSD.ecn,4021.2,4017.1399999999994,0.4,4.0,True,1784547120
False,SELL,4018.96,4018.96,4022.81,4011.7700000000004,0.5700000000001637,0.04619565217393487,0.17000000000007276,TRAIL_SL,3.6799999999998363,4020.9700000000003,2026-07-20T11:54:00+00:00,4022.81,XAUUSD.ecn,4019.13,4011.7700000000004,0.4,4.0,True,1784548440
False,SELL,4009.9700000000003,4009.9700000000003,4015.66,4003.0899999999997,1.8999999999996362,0.35799522673019707,1.4999999999995453,TRAIL_SL,4.190000000000055,4013.5649999999996,2026-07-20T15:52:00+00:00,4015.66,XAUUSD.ecn,4011.47,4003.0899999999997,0.4,4.0,True,1784562720
False,BUY,4009.67,4009.67,4004.42,4016.36,1.6700000000000728,0.31909547738692867,1.2699999999999818,TRAIL_SL,3.980000000000018,4006.41,2026-07-20T18:04:00+00:00,4004.42,XAUUSD.ecn,4008.4,4016.36,0.4,4.0,True,1784570640
False,BUY,4007.08,4007.08,4003.74,4013.670000000001,0.4299999999998363,0.009063444108683297,0.02999999999974534,TRAIL_SL,3.3100000000004,4005.395,2026-07-20T21:02:00+00:00,4003.74,XAUUSD.ecn,4007.05,4013.670000000001,0.4,4.0,True,1784581320
False,BUY,4006.97,4006.97,4004.34,4008.6000000000004,1.6099999999996726,0.8521126760559997,1.2099999999995816,TRAIL_SL,1.4200000000000728,4005.05,2026-07-20T22:17:00+00:00,4004.34,XAUUSD.ecn,4005.76,4008.6000000000004,0.4,4.0,True,1784585820
False,SELL,4011.2200000000003,4011.2200000000003,4014.07,4007.56,1.0799999999999272,0.3133640552994532,0.6799999999998363,TRAIL_SL,2.1700000000000728,4012.985,2026-07-20T22:38:00+00:00,4014.07,XAUUSD.ecn,4011.9,4007.56,0.4,4.0,True,1784587080
False,BUY,4008.7799999999997,4008.7799999999997,4005.4,4012.84,1.2999999999997272,0.36290322580630224,0.8999999999996362,TRAIL_SL,2.480000000000018,4006.6400000000003,2026-07-20T22:48:00+00:00,4005.4,XAUUSD.ecn,4007.88,4012.84,0.4,4.0,True,1784587680
False,SELL,4002.39,4002.39,4009.19,3995.4799999999996,2.630000000000109,0.4879649890590675,2.230000000000018,TRAIL_SL,4.570000000000164,4006.9049999999997,2026-07-21T02:12:00+00:00,4009.19,XAUUSD.ecn,4004.62,3995.4799999999996,0.4,4.0,True,1784599920
False,BUY,4028.2999999999997,4028.2999999999997,4021.0,4036.99,2.369999999999891,0.36960600375231273,1.9699999999998,TRAIL_SL,5.329999999999927,4023.665,2026-07-21T04:07:00+00:00,4021.0,XAUUSD.ecn,4026.33,4036.99,0.4,4.0,True,1784606820
False,BUY,4048.04,4048.04,4038.34,4057.8099999999995,3.6100000000001273,0.49460708782744905,3.2100000000000364,TRAIL_SL,6.489999999999782,4041.585,2026-07-21T06:28:00+00:00,4038.34,XAUUSD.ecn,4044.83,4057.8099999999995,0.4,4.0,True,1784615280
False,BUY,4045.7799999999997,4045.7799999999997,4042.66,4051.390000000001,0.6099999999996726,0.0721649484534568,0.20999999999958163,TRAIL_SL,2.9100000000003092,4044.115,2026-07-21T06:53:00+00:00,4042.66,XAUUSD.ecn,4045.57,4051.390000000001,0.4,4.0,True,1784616780
False,SELL,4046.33,4046.33,4049.77,4040.7400000000007,0.830000000000382,0.14285714285725076,0.43000000000029104,TRAIL_SL,3.0099999999997635,4048.2650000000003,2026-07-21T07:13:00+00:00,4049.77,XAUUSD.ecn,4046.76,4040.7400000000007,0.4,4.0,True,1784617980
False,BUY,4054.15,4054.15,4049.02,4062.0699999999997,1.180000000000291,0.17931034482763594,0.7800000000002001,TRAIL_SL,4.349999999999909,4051.1949999999997,2026-07-21T08:27:00+00:00,4049.02,XAUUSD.ecn,4053.37,4062.0699999999997,0.4,4.0,True,1784622420
False,BUY,4080.2999999999997,4080.2999999999997,4078.35,4082.7000000000007,0.8999999999996362,0.34482758620651804,0.49999999999954525,TRAIL_SL,1.4500000000002728,4079.075,2026-07-21T09:50:00+00:00,4078.35,XAUUSD.ecn,4079.8,4082.7000000000007,0.4,4.0,True,1784627400
True,BUY,,4067.72,4064.01,4065.899999999999,3.480000000000018,,,SL_AND_TP_SAME_BAR,0.6299999999996544,4064.325,2026-07-21T12:50:00+00:00,4064.01,XAUUSD.ecn,4064.64,4065.899999999999,0.4,4.0,True,1784638200
False,SELL,4065.62,4065.62,4068.48,4059.9300000000003,0.41000000000030923,0.0035087719299012623,0.010000000000218279,TRAIL_SL,2.849999999999909,4067.0550000000003,2026-07-21T13:52:00+00:00,4068.48,XAUUSD.ecn,4065.63,4059.9300000000003,0.4,4.0,True,1784641920
False,BUY,4062.96,4062.96,4062.96,4068.5699999999997,0.3200000000001637,-1.0,-1.8699999999998909,SL,1.8699999999998909,4063.895,2026-07-21T13:54:00+00:00,4062.96,XAUUSD.ecn,4064.83,4068.5699999999997,0.4,4.0,False,1784642040
False,SELL,4054.55,4054.55,4061.64,4044.45,1.7599999999997635,0.2373472949388601,1.3599999999996726,TRAIL_SL,5.730000000000018,4058.7749999999996,2026-07-21T15:39:00+00:00,4061.64,XAUUSD.ecn,4055.91,4044.45,0.4,4.0,True,1784648340
False,BUY,4067.71,4067.71,4063.4,4069.7900000000004,2.5799999999999272,1.0234741784036265,2.1799999999998363,TRAIL_SL,2.130000000000109,4064.465,2026-07-21T17:27:00+00:00,4063.4,XAUUSD.ecn,4065.53,4069.7900000000004,0.4,4.0,True,1784654820
False,SELL,4064.27,4064.27,4070.95,4052.2,0.8299999999999272,0.06879999999997381,0.4299999999998363,TRAIL_SL,6.25,4067.825,2026-07-21T17:39:00+00:00,4070.95,XAUUSD.ecn,4064.7,4052.2,0.4,4.0,True,1784655540
False,SELL,4073.54,4073.54,4078.41,4068.8999999999996,2.099999999999909,0.5362776025235896,1.699999999999818,TRAIL_SL,3.1700000000000728,4076.825,2026-07-21T18:49:00+00:00,4078.41,XAUUSD.ecn,4075.24,4068.8999999999996,0.4,4.0,True,1784659740
False,SELL,4073.07,4073.07,4075.99,4069.300000000001,1.0900000000001455,0.30941704035882944,0.6900000000000546,TRAIL_SL,2.2299999999995634,4074.875,2026-07-21T19:38:00+00:00,4075.99,XAUUSD.ecn,4073.76,4069.300000000001,0.4,4.0,True,1784662680
False,SELL,4068.03,4068.03,4070.12,4064.4199999999996,0.5899999999996908,0.0999999999997846,0.18999999999959982,TRAIL_SL,1.900000000000091,4069.17,2026-07-21T20:43:00+00:00,4070.12,XAUUSD.ecn,4068.22,4064.4199999999996,0.4,4.0,True,1784666580
False,BUY,4071.7999999999997,4071.7999999999997,4067.69,4079.12,0.6999999999998181,0.07874015748024447,0.29999999999972715,TRAIL_SL,3.8099999999999454,4069.5950000000003,2026-07-21T21:13:00+00:00,4067.69,XAUUSD.ecn,4071.5,4079.12,0.4,4.0,True,1784668380
False,BUY,4090.15,4090.15,4076.78,4105.159999999999,4.3100000000004,0.4133192389006852,3.9100000000003092,TRAIL_SL,9.459999999999582,4081.51,2026-07-22T03:09:00+00:00,4076.78,XAUUSD.ecn,4086.24,4105.159999999999,0.4,4.0,True,1784689740
False,BUY,4122.950000000001,4122.950000000001,4117.97,4127.4800000000005,2.2100000000000364,0.5709779179811857,1.8100000000004002,TRAIL_SL,3.1700000000000728,4119.555,2026-07-22T04:44:00+00:00,4117.97,XAUUSD.ecn,4121.14,4127.4800000000005,0.4,4.0,True,1784695440
False,BUY,4132.530000000001,4132.530000000001,4128.33,4135.2300000000005,2.300000000000182,0.8260869565219111,1.9000000000005457,TRAIL_SL,2.300000000000182,4129.48,2026-07-22T08:40:00+00:00,4128.33,XAUUSD.ecn,4130.63,4135.2300000000005,0.4,4.0,True,1784709600
False,SELL,4116.8099999999995,4116.8099999999995,4125.32,4104.049999999999,1.819999999999709,0.20028208744711476,1.4200000000000728,TRAIL_SL,7.0900000000001455,4121.775,2026-07-22T09:28:00+00:00,4125.32,XAUUSD.ecn,4118.23,4104.049999999999,0.4,4.0,True,1784712480
False,BUY,4119.950000000001,4119.950000000001,4116.13,4122.339999999999,2.1500000000005457,0.8454106280198819,1.7500000000009095,TRAIL_SL,2.069999999999709,4117.165,2026-07-22T09:36:00+00:00,4116.13,XAUUSD.ecn,4118.2,4122.339999999999,0.4,4.0,True,1784712960
False,BUY,4118.68,4118.68,4114.29,4124.43,1.4099999999998545,0.2988165680473922,1.0100000000002183,TRAIL_SL,3.380000000000109,4115.98,2026-07-22T11:57:00+00:00,4114.29,XAUUSD.ecn,4117.67,4124.43,0.4,4.0,True,1784721420
False,BUY,4116.76,4116.76,4114.18,4121.53,0.5299999999997453,0.053061224489844405,0.13000000000010914,TRAIL_SL,2.449999999999818,4115.405000000001,2026-07-22T13:03:00+00:00,4114.18,XAUUSD.ecn,4116.63,4121.53,0.4,4.0,True,1784725380
False,BUY,4121.08,4121.08,4115.02,4127.079999999999,2.4399999999996,0.5074626865672148,2.0399999999999636,TRAIL_SL,4.019999999999527,4117.030000000001,2026-07-22T14:50:00+00:00,4115.02,XAUUSD.ecn,4119.04,4127.079999999999,0.4,4.0,True,1784731800
False,BUY,4125.780000000001,4125.780000000001,4122.36,4127.040000000001,2.2600000000002183,1.1923076923077596,1.860000000000582,TRAIL_SL,1.5600000000004002,4123.139999999999,2026-07-22T15:02:00+00:00,4122.36,XAUUSD.ecn,4123.92,4127.040000000001,0.4,4.0,True,1784732520
False,SELL,4150.95,4150.95,4158.15,4141.56,2.069999999999709,0.30198915009044297,1.6700000000000728,TRAIL_SL,5.529999999999745,4155.385,2026-07-22T17:20:00+00:00,4158.15,XAUUSD.ecn,4152.62,4141.56,0.4,4.0,True,1784740800
False,BUY,4150.610000000001,4150.610000000001,4146.25,4153.689999999999,2.280000000000655,0.7580645161295765,1.8800000000010186,TRAIL_SL,2.4799999999995634,4147.49,2026-07-22T17:33:00+00:00,4146.25,XAUUSD.ecn,4148.73,4153.689999999999,0.4,4.0,True,1784741580
False,BUY,4155.92,4155.92,4144.9,4171.330000000001,2.6099999999996726,0.2508513053348395,2.2100000000000364,TRAIL_SL,8.8100000000004,4149.305,2026-07-22T18:06:00+00:00,4144.9,XAUUSD.ecn,4153.71,4171.330000000001,0.4,4.0,True,1784743560
False,BUY,4160.110000000001,4160.110000000001,4155.69,4165.71,1.480000000000473,0.32335329341341007,1.0800000000008367,TRAIL_SL,3.3400000000001455,4157.36,2026-07-22T18:43:00+00:00,4155.69,XAUUSD.ecn,4159.03,4165.71,0.4,4.0,True,1784745780
False,SELL,4146.2699999999995,4146.2699999999995,4150.75,4144.060000000001,2.6500000000005457,1.0089686098660762,2.2500000000009095,TRAIL_SL,2.2299999999995634,4149.635,2026-07-22T19:45:00+00:00,4150.75,XAUUSD.ecn,4148.52,4144.060000000001,0.4,4.0,True,1784749500
False,SELL,4129.379999999999,4129.379999999999,4131.39,4127.309999999999,1.050000000000182,0.47794117647078493,0.6500000000005457,TRAIL_SL,1.360000000000582,4130.71,2026-07-22T23:47:00+00:00,4131.39,XAUUSD.ecn,4130.03,4127.309999999999,0.4,4.0,True,1784764020
False,SELL,4121.7,4121.7,4124.6,4117.399999999999,0.8999999999996362,0.20833333333328596,0.5,TRAIL_SL,2.4000000000005457,4123.4,2026-07-23T02:17:00+00:00,4124.6,XAUUSD.ecn,4122.2,4117.399999999999,0.4,4.0,True,1784773020
False,BUY,4129.4800000000005,4129.4800000000005,4122.82,4141.8099999999995,0.7300000000004729,0.052132701421933735,0.33000000000083674,TRAIL_SL,6.329999999999927,4125.985,2026-07-23T02:50:00+00:00,4122.82,XAUUSD.ecn,4129.15,4141.8099999999995,0.4,4.0,True,1784775000
False,SELL,4127.509999999999,4127.509999999999,4132.15,4123.120000000002,2.030000000000655,0.5415282392031205,1.6300000000010186,TRAIL_SL,3.009999999999309,4130.645,2026-07-23T03:41:00+00:00,4132.15,XAUUSD.ecn,4129.14,4123.120000000002,0.4,4.0,True,1784778060
False,BUY,4133.370000000001,4133.370000000001,4129.5,4140.87,0.48000000000047294,0.021108179419746045,0.08000000000083674,TRAIL_SL,3.7899999999999636,4131.395,2026-07-23T04:02:00+00:00,4129.5,XAUUSD.ecn,4133.29,4140.87,0.4,4.0,True,1784779320
False,SELL,4123.4,4123.4,4133.72,4110.019999999999,2.819999999999709,0.30632911392403867,2.4200000000000728,TRAIL_SL,7.900000000000546,4129.77,2026-07-23T04:39:00+00:00,4133.72,XAUUSD.ecn,4125.82,4110.019999999999,0.4,4.0,True,1784781540
False,BUY,4124.47,4124.47,4121.16,4127.639999999999,1.550000000000182,0.5324074074076959,1.1500000000005457,TRAIL_SL,2.1599999999998545,4122.24,2026-07-23T05:48:00+00:00,4121.16,XAUUSD.ecn,4123.32,4127.639999999999,0.4,4.0,True,1784785680
False,BUY,4132.240000000001,4132.240000000001,4126.63,4141.1799999999985,1.160000000000764,0.1567010309280852,0.7600000000011278,TRAIL_SL,4.849999999999454,4129.055,2026-07-23T06:24:00+00:00,4126.63,XAUUSD.ecn,4131.48,4141.1799999999985,0.4,4.0,True,1784787840
False,SELL,4125.5199999999995,4125.5199999999995,4128.86,4119.710000000002,0.6900000000005093,0.0950819672134237,0.2900000000008731,TRAIL_SL,3.0499999999992724,4127.335,2026-07-23T06:49:00+00:00,4128.86,XAUUSD.ecn,4125.81,4119.710000000002,0.4,4.0,True,1784789340
False,BUY,4126.320000000001,4126.320000000001,4123.96,4130.769999999999,0.4900000000006912,0.03964757709298404,0.09000000000105501,TRAIL_SL,2.269999999999527,4125.094999999999,2026-07-23T07:16:00+00:00,4123.96,XAUUSD.ecn,4126.23,4130.769999999999,0.4,4.0,True,1784790960
False,BUY,4124.400000000001,4124.400000000001,4120.37,4129.49,1.3900000000003274,0.32565789473707335,0.9900000000006912,TRAIL_SL,3.0399999999999636,4121.889999999999,2026-07-23T08:12:00+00:00,4120.37,XAUUSD.ecn,4123.41,4129.49,0.4,4.0,True,1784794320
False,SELL,4121.62,4121.62,4124.97,4119.96,2.0799999999999272,1.0059880239522263,1.680000000000291,TRAIL_SL,1.6700000000000728,4124.135,2026-07-23T08:18:00+00:00,4124.97,XAUUSD.ecn,4123.3,4119.96,0.4,4.0,True,1784794680
False,SELL,4126.54,4126.54,4130.58,4121.46,1.3999999999996362,0.32894736842105654,1.0,TRAIL_SL,3.0399999999999636,4129.0599999999995,2026-07-23T08:52:00+00:00,4130.58,XAUUSD.ecn,4127.54,4121.46,0.4,4.0,True,1784796720
False,SELL,4126.81,4126.81,4126.81,4114.209999999998,0.26999999999952706,-1.0,-4.200000000000728,SL,4.200000000000728,4124.71,2026-07-23T08:58:00+00:00,4126.81,XAUUSD.ecn,4122.61,4114.209999999998,0.4,4.0,False,1784797080
False,BUY,4125.780000000001,4125.780000000001,4122.87,4129.800000000001,1.0,0.25974025974037224,0.6000000000003638,TRAIL_SL,2.3100000000004,4124.025,2026-07-23T09:20:00+00:00,4122.87,XAUUSD.ecn,4125.18,4129.800000000001,0.4,4.0,True,1784798400
False,SELL,4106.96,4106.96,4112.24,4098.02,0.9399999999995998,0.11392405063290896,0.5399999999999636,TRAIL_SL,4.739999999999782,4109.87,2026-07-23T10:14:00+00:00,4112.24,XAUUSD.ecn,4107.5,4098.02,0.4,4.0,True,1784801640
False,BUY,4110.740000000001,4110.740000000001,4102.19,4120.7,2.780000000000655,0.38573743922220266,2.3800000000010186,TRAIL_SL,6.170000000000073,4105.275,2026-07-23T10:18:00+00:00,4102.19,XAUUSD.ecn,4108.36,4120.7,0.4,4.0,True,1784801880
False,SELL,4090.34,4090.34,4094.26,4087.12,1.9400000000000546,0.6470588235293668,1.5399999999999636,TRAIL_SL,2.380000000000109,4093.07,2026-07-23T12:28:00+00:00,4094.26,XAUUSD.ecn,4091.88,4087.12,0.4,4.0,True,1784809680
True,SELL,,4088.4900000000002,4092.22,4088.6800000000003,2.949999999999818,,,SL_AND_TP_SAME_BAR,1.1799999999998363,4091.63,2026-07-23T13:00:00+00:00,4092.22,XAUUSD.ecn,4091.04,4088.6800000000003,0.4,4.0,True,1784811600
False,BUY,4093.67,4093.67,4087.22,4102.9400000000005,1.6100000000001273,0.23091603053434767,1.2100000000000364,TRAIL_SL,5.2400000000002365,4089.84,2026-07-23T13:51:00+00:00,4087.22,XAUUSD.ecn,4092.46,4102.9400000000005,0.4,4.0,True,1784814660
False,SELL,4076.51,4076.51,4081.55,4074.11,2.9600000000000364,1.0322580645160995,2.5599999999999454,TRAIL_SL,2.480000000000018,4080.3100000000004,2026-07-23T14:42:00+00:00,4081.55,XAUUSD.ecn,4079.07,4074.11,0.4,4.0,True,1784817720
False,SELL,4073.57,4073.57,4083.11,4070.8399999999997,5.849999999999909,1.332518337408221,5.449999999999818,TRAIL_SL,4.0900000000001455,4081.065,2026-07-23T15:19:00+00:00,4083.11,XAUUSD.ecn,4079.02,4070.8399999999997,0.4,4.0,True,1784819940
False,SELL,4069.36,4069.36,4076.51,4064.4199999999996,3.519999999999982,0.7741935483870312,3.119999999999891,TRAIL_SL,4.0300000000002,4074.495,2026-07-23T15:32:00+00:00,4076.51,XAUUSD.ecn,4072.48,4064.4199999999996,0.4,4.0,True,1784820720
False,SELL,4069.29,4069.29,4074.81,4060.4700000000007,1.1400000000003274,0.15481171548122927,0.7400000000002365,TRAIL_SL,4.779999999999745,4072.42,2026-07-23T15:38:00+00:00,4074.81,XAUUSD.ecn,4070.03,4060.4700000000007,0.4,4.0,True,1784821080
False,BUY,4064.21,4064.21,4052.72,4081.400000000001,2.3299999999999272,0.20188284518825894,1.9299999999998363,TRAIL_SL,9.5600000000004,4057.5,2026-07-23T16:34:00+00:00,4052.72,XAUUSD.ecn,4062.28,4081.400000000001,0.4,4.0,True,1784824440
False,SELL,4050.7000000000003,4050.7000000000003,4062.25,4040.6500000000005,4.75,0.6041666666666693,4.349999999999909,TRAIL_SL,7.199999999999818,4058.65,2026-07-23T16:48:00+00:00,4062.25,XAUUSD.ecn,4055.05,4040.6500000000005,0.4,4.0,True,1784825280
False,SELL,4047.34,4047.34,4056.47,4039.340000000001,3.8200000000001637,0.5989492119089883,3.4200000000000728,TRAIL_SL,5.709999999999582,4053.615,2026-07-23T17:00:00+00:00,4056.47,XAUUSD.ecn,4050.76,4039.340000000001,0.4,4.0,True,1784826000
False,BUY,4059.95,4059.95,4055.96,4062.9200000000005,2.069999999999709,0.7198275862066811,1.669999999999618,TRAIL_SL,2.3200000000001637,4057.12,2026-07-23T17:49:00+00:00,4055.96,XAUUSD.ecn,4058.28,4062.9200000000005,0.4,4.0,True,1784828940
False,SELL,4051.6800000000003,4051.6800000000003,4057.63,4041.31,0.9099999999998545,0.09374999999995559,0.5099999999997635,TRAIL_SL,5.440000000000055,4054.91,2026-07-23T18:11:00+00:00,4057.63,XAUUSD.ecn,4052.19,4041.31,0.4,4.0,True,1784830260
False,SELL,4045.33,4045.33,4048.39,4040.9200000000005,0.9700000000002547,0.22891566265068822,0.5700000000001637,TRAIL_SL,2.4899999999997817,4047.145,2026-07-23T20:37:00+00:00,4048.39,XAUUSD.ecn,4045.9,4040.9200000000005,0.4,4.0,True,1784839020
False,BUY,4047.2799999999997,4047.2799999999997,4045.19,4050.1099999999997,0.849999999999909,0.2743902439023494,0.4499999999998181,TRAIL_SL,1.6399999999998727,4046.01,2026-07-23T22:02:00+00:00,4045.19,XAUUSD.ecn,4046.83,4050.1099999999997,0.4,4.0,True,1784844120
False,SELL,4043.28,4043.28,4047.76,4039.06,1.9800000000000182,0.5448275862068543,1.5799999999999272,TRAIL_SL,2.900000000000091,4046.3100000000004,2026-07-24T05:35:00+00:00,4047.76,XAUUSD.ecn,4044.86,4039.06,0.4,4.0,True,1784871300
False,SELL,4030.44,4030.44,4032.47,4029.2000000000007,1.3400000000001455,0.8623853211012121,0.9400000000000546,TRAIL_SL,1.0899999999996908,4031.925,2026-07-24T06:21:00+00:00,4032.47,XAUUSD.ecn,4031.38,4029.2000000000007,0.4,4.0,True,1784874060
False,SELL,4023.0,4023.0,4030.47,4020.54,4.559999999999945,1.2567975830815477,4.1599999999998545,TRAIL_SL,3.3099999999999454,4028.8149999999996,2026-07-24T08:18:00+00:00,4030.47,XAUUSD.ecn,4027.16,4020.54,0.4,4.0,True,1784881080
False,BUY,4028.44,4028.44,4024.13,4033.9099999999994,1.4500000000002728,0.32208588957063133,1.050000000000182,TRAIL_SL,3.2599999999997635,4025.76,2026-07-24T08:24:00+00:00,4024.13,XAUUSD.ecn,4027.39,4033.9099999999994,0.4,4.0,True,1784881440
False,SELL,4022.4300000000003,4022.4300000000003,4029.25,4017.8499999999995,3.419999999999618,0.7947368421051006,3.019999999999527,TRAIL_SL,3.800000000000182,4027.35,2026-07-24T08:54:00+00:00,4029.25,XAUUSD.ecn,4025.45,4017.8499999999995,0.4,4.0,True,1784883240
False,BUY,4038.0899999999997,4038.0899999999997,4032.23,4042.3399999999997,2.8899999999998727,0.73887240356079,2.4899999999997817,TRAIL_SL,3.369999999999891,4033.915,2026-07-24T09:59:00+00:00,4032.23,XAUUSD.ecn,4035.6,4042.3399999999997,0.4,4.0,True,1784887140
False,BUY,4046.68,4046.68,4041.68,4052.51,1.7899999999999636,0.38504155124648853,1.3899999999998727,TRAIL_SL,3.6100000000001273,4043.4849999999997,2026-07-24T10:11:00+00:00,4041.68,XAUUSD.ecn,4045.29,4052.51,0.4,4.0,True,1784887860
False,SELL,4054.0,4054.0,4058.58,4046.9100000000003,1.0900000000001455,0.17737789203086815,0.6900000000000546,TRAIL_SL,3.8899999999998727,4056.635,2026-07-24T15:03:00+00:00,4058.58,XAUUSD.ecn,4054.69,4046.9100000000003,0.4,4.0,True,1784905380
False,BUY,4058.0099999999998,4058.0099999999998,4054.85,4058.4500000000007,2.3599999999996726,1.6333333333326132,1.9599999999995816,TRAIL_SL,1.2000000000002728,4055.45,2026-07-24T15:25:00+00:00,4054.85,XAUUSD.ecn,4056.05,4058.4500000000007,0.4,4.0,True,1784906700
False,BUY,4052.6,4052.6,4052.6,4054.3999999999996,0.2300000000000182,-1.0,-0.599999999999909,SL,0.599999999999909,4052.8999999999996,2026-07-24T15:46:00+00:00,4052.6,XAUUSD.ecn,4053.2,4054.3999999999996,0.4,4.0,False,1784907960
False,BUY,4060.52,4060.52,4048.79,4067.0600000000004,6.039999999999964,0.9261083743841935,5.639999999999873,TRAIL_SL,6.0900000000001455,4051.835,2026-07-24T16:48:00+00:00,4048.79,XAUUSD.ecn,4054.88,4067.0600000000004,0.4,4.0,True,1784911680
False,BUY,4065.66,4065.66,4056.93,4079.5200000000004,1.599999999999909,0.15936254980076842,1.199999999999818,TRAIL_SL,7.5300000000002,4060.6949999999997,2026-07-24T17:27:00+00:00,4056.93,XAUUSD.ecn,4064.46,4079.5200000000004,0.4,4.0,True,1784914020
False,BUY,4063.12,4063.12,4059.66,4069.29,0.650000000000091,0.07788161993769382,0.25,TRAIL_SL,3.2100000000000364,4061.265,2026-07-24T17:51:00+00:00,4059.66,XAUUSD.ecn,4062.87,4069.29,0.4,4.0,True,1784915460
False,BUY,4063.75,4063.75,4061.33,4066.8500000000004,0.9800000000000182,0.31521739130428333,0.5799999999999272,TRAIL_SL,1.8400000000001455,4062.25,2026-07-24T17:59:00+00:00,4061.33,XAUUSD.ecn,4063.17,4066.8500000000004,0.4,4.0,True,1784915940
False,BUY,4061.97,4061.97,4061.97,4070.4300000000003,0.19000000000005457,-1.0,-2.8200000000001637,SL,2.8200000000001637,4063.38,2026-07-24T18:03:00+00:00,4061.97,XAUUSD.ecn,4064.79,4070.4300000000003,0.4,4.0,False,1784916180
False,SELL,4072.12,4072.12,4077.94,4062.8499999999995,1.1900000000000546,0.15705765407553324,0.7899999999999636,TRAIL_SL,5.0300000000002,4075.425,2026-07-24T19:32:00+00:00,4077.94,XAUUSD.ecn,4072.91,4062.8499999999995,0.4,4.0,True,1784921520
False,SELL,4065.38,4065.38,4068.45,4061.7900000000004,1.25,0.3828828828828764,0.849999999999909,TRAIL_SL,2.2199999999998,4067.34,2026-07-24T20:10:00+00:00,4068.45,XAUUSD.ecn,4066.23,4061.7900000000004,0.4,4.0,True,1784923800
False,BUY,4053.6,4053.6,4051.1,4057.8800000000006,0.6399999999998727,0.10619469026537988,0.23999999999978172,TRAIL_SL,2.2600000000002183,4052.23,2026-07-24T21:48:00+00:00,4051.1,XAUUSD.ecn,4053.36,4057.8800000000006,0.4,4.0,True,1784929680
True,BUY,,4091.77,4086.11,4091.8100000000004,4.1599999999998545,,,SL_AND_TP_SAME_BAR,1.900000000000091,4087.0600000000004,2026-07-27T02:45:00+00:00,4086.11,XAUUSD.ecn,4088.01,4091.8100000000004,0.4,4.0,True,1785120300
False,BUY,4095.46,4095.46,4088.6,4104.26,2.0399999999999636,0.31417624521068827,1.6399999999998727,TRAIL_SL,5.220000000000255,4091.21,2026-07-27T02:51:00+00:00,4088.6,XAUUSD.ecn,4093.82,4104.26,0.4,4.0,True,1785120660
False,BUY,4113.25,4113.25,4106.99,4124.180000000001,0.9299999999993815,0.09249563699820272,0.5299999999997453,TRAIL_SL,5.730000000000473,4109.855,2026-07-27T03:15:00+00:00,4106.99,XAUUSD.ecn,4112.72,4124.180000000001,0.4,4.0,True,1785122100
False,BUY,4096.6900000000005,4096.6900000000005,4090.91,4099.28,3.3900000000003274,1.0716845878138819,2.990000000000691,TRAIL_SL,2.7899999999999636,4092.305,2026-07-27T03:31:00+00:00,4090.91,XAUUSD.ecn,4093.7,4099.28,0.4,4.0,True,1785123060
False,BUY,4102.83,4102.83,4098.44,4110.050000000002,0.9199999999991633,0.1343669250644495,0.5199999999995271,TRAIL_SL,3.8700000000008004,4100.375,2026-07-27T04:41:00+00:00,4098.44,XAUUSD.ecn,4102.31,4110.050000000002,0.4,4.0,True,1785127260
False,BUY,4088.96,4088.96,4086.56,4093.07,0.6300000000001091,0.10599078341014308,0.2300000000000182,TRAIL_SL,2.1700000000000728,4087.645,2026-07-27T06:35:00+00:00,4086.56,XAUUSD.ecn,4088.73,4093.07,0.4,4.0,True,1785134100
False,SELL,4087.65,4087.65,4089.22,4085.7400000000002,0.8099999999999454,0.35344827586198785,0.4099999999998545,TRAIL_SL,1.1599999999998545,4088.64,2026-07-27T08:27:00+00:00,4089.22,XAUUSD.ecn,4088.06,4085.7400000000002,0.4,4.0,True,1785140820
False,BUY,4097.96,4097.96,4094.69,4102.670000000001,1.0099999999993088,0.22932330827052694,0.6099999999996726,TRAIL_SL,2.6600000000003092,4096.02,2026-07-27T09:38:00+00:00,4094.69,XAUUSD.ecn,4097.35,4102.670000000001,0.4,4.0,True,1785145080
True,SELL,,4091.77,4094.77,4091.4100000000003,2.2800000000002,,,SL_AND_TP_SAME_BAR,1.1199999999998909,4094.21,2026-07-27T12:31:00+00:00,4094.77,XAUUSD.ecn,4093.65,4091.4100000000003,0.4,4.0,True,1785155460
False,SELL,4091.6600000000003,4091.6600000000003,4093.74,4089.7800000000007,1.1599999999998545,0.5757575757575235,0.7599999999997635,TRAIL_SL,1.319999999999709,4093.08,2026-07-27T12:39:00+00:00,4093.74,XAUUSD.ecn,4092.42,4089.7800000000007,0.4,4.0,True,1785155940
False,BUY,4098.9400000000005,4098.9400000000005,4095.47,4101.65,1.8100000000004002,0.6844660194178647,1.410000000000764,TRAIL_SL,2.0599999999999454,4096.5,2026-07-27T13:40:00+00:00,4095.47,XAUUSD.ecn,4097.53,4101.65,0.4,4.0,True,1785159600
False,SELL,4079.1600000000003,4079.1600000000003,4084.9,4070.3799999999997,1.2999999999997272,0.18595041322305975,0.8999999999996362,TRAIL_SL,4.8400000000001455,4082.48,2026-07-27T16:30:00+00:00,4084.9,XAUUSD.ecn,4080.06,4070.3799999999997,0.4,4.0,True,1785169800
False,BUY,4088.19,4088.19,4078.15,4093.419999999999,5.350000000000364,0.9724950884087571,4.950000000000273,TRAIL_SL,5.089999999999691,4080.6949999999997,2026-07-27T19:10:00+00:00,4078.15,XAUUSD.ecn,4083.24,4093.419999999999,0.4,4.0,True,1785179400
False,BUY,4078.89,4078.89,4075.28,4082.2399999999993,1.6900000000000546,0.5560344827586747,1.2899999999999636,TRAIL_SL,2.319999999999709,4076.44,2026-07-27T21:55:00+00:00,4075.28,XAUUSD.ecn,4077.6,4082.2399999999993,0.4,4.0,True,1785189300
False,SELL,4062.94,4062.94,4070.75,4053.1699999999996,2.349999999999909,0.33276450511941563,1.949999999999818,TRAIL_SL,5.860000000000127,4067.8199999999997,2026-07-28T03:07:00+00:00,4070.75,XAUUSD.ecn,4064.89,4053.1699999999996,0.4,4.0,True,1785208020
False,SELL,4042.34,4042.34,4045.21,4037.02,0.5399999999999636,0.0512820512820043,0.13999999999987267,TRAIL_SL,2.730000000000018,4043.8450000000003,2026-07-28T05:57:00+00:00,4045.21,XAUUSD.ecn,4042.48,4037.02,0.4,4.0,True,1785218220
False,SELL,4044.0,4044.0,4047.47,4038.23,0.7899999999999636,0.12662337662333828,0.38999999999987267,TRAIL_SL,3.0799999999999272,4045.93,2026-07-28T07:50:00+00:00,4047.47,XAUUSD.ecn,4044.39,4038.23,0.4,4.0,True,1785225000
False,BUY,4027.79,4027.79,4024.25,4034.12,0.650000000000091,0.0759878419452896,0.25,TRAIL_SL,3.2899999999999636,4025.895,2026-07-28T13:55:00+00:00,4024.25,XAUUSD.ecn,4027.54,4034.12,0.4,4.0,True,1785246900
False,BUY,4033.81,4033.81,4027.29,4037.6399999999994,3.4700000000002547,0.8898550724638625,3.0700000000001637,TRAIL_SL,3.449999999999818,4029.015,2026-07-28T15:22:00+00:00,4027.29,XAUUSD.ecn,4030.74,4037.6399999999994,0.4,4.0,True,1785252120
False,SELL,4020.6600000000003,4020.6600000000003,4032.67,4005.91,3.4899999999997817,0.3464125560537742,3.0899999999996908,TRAIL_SL,8.920000000000073,4028.21,2026-07-28T16:40:00+00:00,4032.67,XAUUSD.ecn,4023.75,4005.91,0.4,4.0,True,1785256800
False,BUY,4029.71,4029.71,4025.01,4033.56,2.25,0.6491228070175327,1.849999999999909,TRAIL_SL,2.849999999999909,4026.4350000000004,2026-07-28T17:07:00+00:00,4025.01,XAUUSD.ecn,4027.86,4033.56,0.4,4.0,True,1785258420
False,SELL,4017.07,4017.07,4020.79,4011.73,1.099999999999909,0.23178807947013985,0.6999999999998181,TRAIL_SL,3.019999999999982,4019.2799999999997,2026-07-28T17:23:00+00:00,4020.79,XAUUSD.ecn,4017.77,4011.73,0.4,4.0,True,1785259380
False,BUY,4028.4,4028.4,4021.92,4034.1,2.8200000000001637,0.5960591133005185,2.4200000000000728,TRAIL_SL,4.059999999999945,4023.95,2026-07-28T17:52:00+00:00,4021.92,XAUUSD.ecn,4025.98,4034.1,0.4,4.0,True,1785261120
True,BUY,,4036.02,4023.86,4035.379999999999,8.720000000000255,,,SL_AND_TP_SAME_BAR,3.8399999999996908,4025.7799999999997,2026-07-28T18:11:00+00:00,4023.86,XAUUSD.ecn,4027.7,4035.379999999999,0.4,4.0,True,1785262260
False,BUY,4037.95,4037.95,4034.0,4043.3599999999997,1.2300000000000182,0.26602564102562704,0.8299999999999272,TRAIL_SL,3.119999999999891,4035.56,2026-07-28T18:22:00+00:00,4034.0,XAUUSD.ecn,4037.12,4043.3599999999997,0.4,4.0,True,1785262920
False,SELL,4018.6800000000003,4018.6800000000003,4022.77,4010.5599999999995,0.419999999999618,0.004914004913888516,0.019999999999527063,TRAIL_SL,4.070000000000164,4020.7349999999997,2026-07-29T01:26:00+00:00,4022.77,XAUUSD.ecn,4018.7,4010.5599999999995,0.4,4.0,True,1785288360
False,SELL,4016.53,4016.53,4018.54,4012.7799999999997,0.4899999999997817,0.046874999999837165,0.08999999999969077,TRAIL_SL,1.9200000000000728,4017.58,2026-07-29T01:47:00+00:00,4018.54,XAUUSD.ecn,4016.62,4012.7799999999997,0.4,4.0,True,1785289620
False,SELL,4016.38,4016.38,4022.97,4010.460000000001,2.8200000000001637,0.5803357314149387,2.4200000000000728,TRAIL_SL,4.169999999999618,4020.885,2026-07-29T02:17:00+00:00,4022.97,XAUUSD.ecn,4018.8,4010.460000000001,0.4,4.0,True,1785291420
False,SELL,4011.81,4011.81,4023.22,3999.4900000000002,3.900000000000091,0.4424778761062028,3.5,TRAIL_SL,7.9099999999998545,4019.265,2026-07-29T04:06:00+00:00,4023.22,XAUUSD.ecn,4015.31,3999.4900000000002,0.4,4.0,True,1785297960
False,BUY,4033.74,4033.74,4027.03,4044.34,1.3399999999996908,0.16291161178502647,0.9399999999995998,TRAIL_SL,5.769999999999982,4029.915,2026-07-29T05:25:00+00:00,4027.03,XAUUSD.ecn,4032.8,4044.34,0.4,4.0,True,1785302700
False,SELL,4025.83,4025.83,4027.36,4024.2400000000002,0.8900000000003274,0.47115384615409,0.49000000000023647,TRAIL_SL,1.0399999999999636,4026.84,2026-07-29T07:50:00+00:00,4027.36,XAUUSD.ecn,4026.32,4024.2400000000002,0.4,4.0,True,1785311400
False,SELL,4016.81,4016.81,4025.43,4004.4600000000005,2.0300000000002,0.23319027181690416,1.6300000000001091,TRAIL_SL,6.989999999999782,4021.935,2026-07-29T16:10:00+00:00,4025.43,XAUUSD.ecn,4018.44,4004.4600000000005,0.4,4.0,True,1785341400
False,SELL,4014.98,4014.98,4020.45,4004.310000000001,0.49000000000023647,0.016728624535344107,0.09000000000014552,TRAIL_SL,5.379999999999654,4017.76,2026-07-29T16:33:00+00:00,4020.45,XAUUSD.ecn,4015.07,4004.310000000001,0.4,4.0,True,1785342780
False,SELL,3998.01,3998.01,4006.62,3990.3900000000003,3.599999999999909,0.591497227356729,3.199999999999818,TRAIL_SL,5.4099999999998545,4003.915,2026-07-29T17:11:00+00:00,4006.62,XAUUSD.ecn,4001.21,3990.3900000000003,0.4,4.0,True,1785345060
False,BUY,4047.0699999999997,4047.0699999999997,4036.99,4062.2800000000007,2.049999999999727,0.19572953736649812,1.6499999999996362,TRAIL_SL,8.430000000000291,4041.205,2026-07-29T20:45:00+00:00,4036.99,XAUUSD.ecn,4045.42,4062.2800000000007,0.4,4.0,True,1785357900
False,BUY,4107.68,4107.68,4097.72,4108.789999999999,6.670000000000073,1.6991869918702214,6.270000000000437,TRAIL_SL,3.6899999999996,4099.5650000000005,2026-07-29T21:55:00+00:00,4097.72,XAUUSD.ecn,4101.41,4108.789999999999,0.4,4.0,True,1785362100
False,BUY,4055.2599999999998,4055.2599999999998,4049.38,4063.0,1.7399999999997817,0.29515418502196067,1.3399999999996908,TRAIL_SL,4.539999999999964,4051.65,2026-07-29T23:30:00+00:00,4049.38,XAUUSD.ecn,4053.92,4063.0,0.4,4.0,True,1785367800
False,SELL,4068.23,4068.23,4074.5,4059.2899999999995,1.599999999999909,0.23668639053250085,1.199999999999818,TRAIL_SL,5.070000000000164,4071.965,2026-07-30T01:08:00+00:00,4074.5,XAUUSD.ecn,4069.43,4059.2899999999995,0.4,4.0,True,1785373680
False,BUY,4075.79,4075.79,4067.83,4090.5099999999998,0.8000000000001819,0.05291005291006532,0.40000000000009095,TRAIL_SL,7.559999999999945,4071.6099999999997,2026-07-30T01:16:00+00:00,4067.83,XAUUSD.ecn,4075.39,4090.5099999999998,0.4,4.0,True,1785374160
False,BUY,4088.02,4088.02,4084.2,4090.83,2.0100000000002183,0.7285067873303623,1.6100000000001273,TRAIL_SL,2.2100000000000364,4085.305,2026-07-30T01:58:00+00:00,4084.2,XAUUSD.ecn,4086.41,4090.83,0.4,4.0,True,1785376680
True,BUY,,4094.7799999999997,4086.98,4091.8999999999996,6.559999999999945,,,SL_AND_TP_SAME_BAR,1.6399999999998727,4087.8,2026-07-30T02:02:00+00:00,4086.98,XAUUSD.ecn,4088.62,4091.8999999999996,0.4,4.0,True,1785376920
False,BUY,4096.42,4096.42,4094.39,4099.520000000001,0.7199999999993452,0.18713450292375267,0.31999999999970896,TRAIL_SL,1.7100000000004911,4095.245,2026-07-30T02:09:00+00:00,4094.39,XAUUSD.ecn,4096.1,4099.520000000001,0.4,4.0,True,1785377340
False,SELL,4077.83,4077.83,4081.16,4073.5100000000007,1.180000000000291,0.3058823529412877,0.7800000000002001,TRAIL_SL,2.549999999999727,4079.885,2026-07-30T03:21:00+00:00,4081.16,XAUUSD.ecn,4078.61,4073.5100000000007,0.4,4.0,True,1785381660
False,SELL,4075.01,4075.01,4080.72,4065.1200000000003,0.9099999999998545,0.09807692307688104,0.5099999999997635,TRAIL_SL,5.199999999999818,4078.12,2026-07-30T03:28:00+00:00,4080.72,XAUUSD.ecn,4075.52,4065.1200000000003,0.4,4.0,True,1785382080
False,SELL,4074.06,4074.06,4087.11,4061.6399999999994,4.960000000000036,0.5371024734982118,4.559999999999945,TRAIL_SL,8.490000000000236,4082.865,2026-07-30T04:17:00+00:00,4087.11,XAUUSD.ecn,4078.62,4061.6399999999994,0.4,4.0,True,1785385020
False,BUY,4087.61,4087.61,4081.36,4092.3700000000003,2.980000000000018,0.7029972752043259,2.5799999999999272,TRAIL_SL,3.6700000000000728,4083.195,2026-07-30T04:34:00+00:00,4081.36,XAUUSD.ecn,4085.03,4092.3700000000003,0.4,4.0,True,1785386040
False,SELL,4081.06,4081.06,4083.87,4075.5,0.42000000000007276,0.007168458781355581,0.01999999999998181,TRAIL_SL,2.7899999999999636,4082.475,2026-07-30T05:18:00+00:00,4083.87,XAUUSD.ecn,4081.08,4075.5,0.4,4.0,True,1785388680
False,BUY,4067.2999999999997,4067.2999999999997,4062.52,4075.96,0.6999999999998181,0.06696428571422454,0.29999999999972715,TRAIL_SL,4.480000000000018,4064.76,2026-07-30T06:07:00+00:00,4062.52,XAUUSD.ecn,4067.0,4075.96,0.4,4.0,True,1785391620
False,SELL,4055.9500000000003,4055.9500000000003,4061.19,4050.75,2.1599999999998545,0.505747126436711,1.7599999999997635,TRAIL_SL,3.480000000000018,4059.45,2026-07-30T06:22:00+00:00,4061.19,XAUUSD.ecn,4057.71,4050.75,0.4,4.0,True,1785392520
True,BUY,,4049.37,4046.15,4049.0599999999995,2.650000000000091,,,SL_AND_TP_SAME_BAR,0.9699999999997999,4046.635,2026-07-30T08:32:00+00:00,4046.15,XAUUSD.ecn,4047.12,4049.0599999999995,0.4,4.0,True,1785400320
False,SELL,4033.76,4033.76,4044.43,4020.82,3.199999999999818,0.355781448538725,2.799999999999727,TRAIL_SL,7.869999999999891,4040.495,2026-07-30T08:40:00+00:00,4044.43,XAUUSD.ecn,4036.56,4020.82,0.4,4.0,True,1785400800
False,SELL,4031.4500000000003,4031.4500000000003,4038.7,4023.880000000001,2.7100000000000364,0.4676113360324155,2.3099999999999454,TRAIL_SL,4.9399999999996,4036.23,2026-07-30T09:29:00+00:00,4038.7,XAUUSD.ecn,4033.76,4023.880000000001,0.4,4.0,True,1785403740
False,SELL,4035.9300000000003,4035.9300000000003,4038.86,4032.6200000000003,1.25,0.4086538461538167,0.849999999999909,TRAIL_SL,2.0799999999999272,4037.82,2026-07-30T09:59:00+00:00,4038.86,XAUUSD.ecn,4036.78,4032.6200000000003,0.4,4.0,True,1785405540
False,SELL,4045.33,4045.33,4051.36,4037.17,1.7000000000002728,0.2748414376321727,1.300000000000182,TRAIL_SL,4.730000000000018,4048.995,2026-07-30T10:22:00+00:00,4051.36,XAUUSD.ecn,4046.63,4037.17,0.4,4.0,True,1785406920
False,BUY,4042.51,4042.51,4042.51,4046.0499999999997,0.07999999999992724,-1.0,-1.1799999999998363,SL,1.1799999999998363,4043.1000000000004,2026-07-30T10:46:00+00:00,4042.51,XAUUSD.ecn,4043.69,4046.0499999999997,0.4,4.0,False,1785408360
False,SELL,4063.37,4063.37,4070.67,4057.379999999999,3.269999999999982,0.6478555304739735,2.869999999999891,TRAIL_SL,4.430000000000291,4068.455,2026-07-30T11:40:00+00:00,4070.67,XAUUSD.ecn,4066.24,4057.379999999999,0.4,4.0,True,1785411600
False,BUY,4070.2599999999998,4070.2599999999998,4066.5,4076.9099999999994,0.6900000000000546,0.08357348703169462,0.2899999999999636,TRAIL_SL,3.4699999999998,4068.2349999999997,2026-07-30T12:52:00+00:00,4066.5,XAUUSD.ecn,4069.97,4076.9099999999994,0.4,4.0,True,1785415920
False,SELL,4066.63,4066.63,4070.66,4060.3399999999997,0.9899999999997817,0.17151162790688412,0.5899999999996908,TRAIL_SL,3.4400000000000546,4068.9399999999996,2026-07-30T13:01:00+00:00,4070.66,XAUUSD.ecn,4067.22,4060.3399999999997,0.4,4.0,True,1785416460
False,BUY,4065.54,4065.54,4062.96,4068.8699999999994,1.0100000000002183,0.3096446700508575,0.6100000000001273,TRAIL_SL,1.9699999999998,4063.9449999999997,2026-07-30T13:04:00+00:00,4062.96,XAUUSD.ecn,4064.93,4068.8699999999994,0.4,4.0,True,1785416640
False,BUY,4065.74,4065.74,4065.74,4075.88,0.010000000000218279,-1.0,-3.380000000000109,SL,3.380000000000109,4067.43,2026-07-30T13:11:00+00:00,4065.74,XAUUSD.ecn,4069.12,4075.88,0.4,4.0,False,1785417060
False,BUY,4076.31,4076.31,4067.12,4086.7999999999997,3.0300000000002,0.4009146341463614,2.630000000000109,TRAIL_SL,6.559999999999945,4070.3999999999996,2026-07-30T13:18:00+00:00,4067.12,XAUUSD.ecn,4073.68,4086.7999999999997,0.4,4.0,True,1785417480
False,SELL,4077.0,4077.0,4081.69,4069.1500000000005,0.9100000000003092,0.12200956937804742,0.5100000000002183,TRAIL_SL,4.179999999999836,4079.6000000000004,2026-07-30T14:29:00+00:00,4081.69,XAUUSD.ecn,4077.51,4069.1500000000005,0.4,4.0,True,1785421740
False,SELL,4077.4,4077.4,4081.85,4069.0700000000006,0.5900000000001455,0.044600938967151435,0.19000000000005457,TRAIL_SL,4.2599999999997635,4079.7200000000003,2026-07-30T15:13:00+00:00,4081.85,XAUUSD.ecn,4077.59,4069.0700000000006,0.4,4.0,True,1785424380
False,BUY,4073.5099999999998,4073.5099999999998,4066.58,4087.34,0.4099999999998545,0.0014450867051681252,0.009999999999763531,TRAIL_SL,6.920000000000073,4070.04,2026-07-30T16:09:00+00:00,4066.58,XAUUSD.ecn,4073.5,4087.34,0.4,4.0,True,1785427740
False,BUY,4091.25,4091.25,4077.83,4101.110000000001,6.059999999999945,0.7293814432989298,5.6599999999998545,TRAIL_SL,7.760000000000218,4081.71,2026-07-30T16:39:00+00:00,4077.83,XAUUSD.ecn,4085.59,4101.110000000001,0.4,4.0,True,1785429540
False,BUY,4097.08,4097.08,4085.56,4105.210000000001,5.369999999999436,0.7587786259541468,4.9699999999998,TRAIL_SL,6.550000000000182,4088.835,2026-07-30T16:49:00+00:00,4085.56,XAUUSD.ecn,4092.11,4105.210000000001,0.4,4.0,True,1785430140
False,SELL,4099.429999999999,4099.429999999999,4106.49,4089.0,1.6300000000001091,0.21097770154382303,1.230000000000473,TRAIL_SL,5.829999999999927,4103.575,2026-07-30T17:09:00+00:00,4106.49,XAUUSD.ecn,4100.66,4089.0,0.4,4.0,True,1785431340
False,SELL,4085.14,4085.14,4090.38,4079.37,1.9700000000002547,0.4277929155313713,1.5700000000001637,TRAIL_SL,3.6700000000000728,4088.545,2026-07-30T18:14:00+00:00,4090.38,XAUUSD.ecn,4086.71,4079.37,0.4,4.0,True,1785435240
False,BUY,4100.450000000001,4100.450000000001,4093.06,4107.52,2.9700000000002547,0.5331950207469982,2.5700000000006185,TRAIL_SL,4.820000000000164,4095.4700000000003,2026-07-30T18:35:00+00:00,4093.06,XAUUSD.ecn,4097.88,4107.52,0.4,4.0,True,1785436500
False,BUY,4110.320000000001,4110.320000000001,4106.66,4114.759999999999,1.360000000000582,0.3555555555559298,0.9600000000009459,TRAIL_SL,2.699999999999818,4108.01,2026-07-30T19:57:00+00:00,4106.66,XAUUSD.ecn,4109.36,4114.759999999999,0.4,4.0,True,1785441420
False,SELL,4105.71,4105.71,4107.59,4102.159999999999,0.46999999999934516,0.038674033149001925,0.06999999999970896,TRAIL_SL,1.8100000000004002,4106.6849999999995,2026-07-30T20:16:00+00:00,4107.59,XAUUSD.ecn,4105.78,4102.159999999999,0.4,4.0,True,1785442560
False,SELL,4100.36,4100.36,4104.17,4095.4400000000005,1.300000000000182,0.30927835051566693,0.9000000000005457,TRAIL_SL,2.9099999999998545,4102.715,2026-07-30T21:50:00+00:00,4104.17,XAUUSD.ecn,4101.26,4095.4400000000005,0.4,4.0,True,1785448200
False,BUY,4113.13,4113.13,4109.97,4119.0599999999995,0.5299999999997453,0.04290429042908253,0.13000000000010914,TRAIL_SL,3.0299999999997453,4111.485000000001,2026-07-30T22:28:00+00:00,4109.97,XAUUSD.ecn,4113.0,4119.0599999999995,0.4,4.0,True,1785450480
False,SELL,4101.759999999999,4101.759999999999,4107.29,4095.9800000000014,2.160000000000764,0.46684350132661767,1.7600000000011278,TRAIL_SL,3.769999999999527,4105.405000000001,2026-07-30T23:46:00+00:00,4107.29,XAUUSD.ecn,4103.52,4095.9800000000014,0.4,4.0,True,1785455160
False,SELL,4104.57,4104.57,4106.37,4101.540000000001,0.5900000000001455,0.11801242236058879,0.19000000000050932,TRAIL_SL,1.6099999999996726,4105.5650000000005,2026-07-31T03:03:00+00:00,4106.37,XAUUSD.ecn,4104.76,4101.540000000001,0.4,4.0,True,1785466980
False,SELL,4094.9500000000003,4094.9500000000003,4102.79,4085.960000000001,2.630000000000109,0.3975044563280122,2.230000000000018,TRAIL_SL,5.609999999999673,4099.985000000001,2026-07-31T03:30:00+00:00,4102.79,XAUUSD.ecn,4097.18,4085.960000000001,0.4,4.0,True,1785468600
False,SELL,4090.69,4090.69,4099.91,4074.5000000000005,1.150000000000091,0.08854781582054519,0.75,TRAIL_SL,8.4699999999998,4095.675,2026-07-31T04:17:00+00:00,4099.91,XAUUSD.ecn,4091.44,4074.5000000000005,0.4,4.0,True,1785471420
False,SELL,4075.77,4075.77,4082.53,4067.59,2.180000000000291,0.35742971887554087,1.7800000000002,TRAIL_SL,4.980000000000018,4080.04,2026-07-31T05:46:00+00:00,4082.53,XAUUSD.ecn,4077.55,4067.59,0.4,4.0,True,1785476760
False,SELL,4079.13,4079.13,4083.81,4072.5300000000007,1.3200000000001637,0.24468085106386453,0.9200000000000728,TRAIL_SL,3.7599999999997635,4081.9300000000003,2026-07-31T09:36:00+00:00,4083.81,XAUUSD.ecn,4080.05,4072.5300000000007,0.4,4.0,True,1785490560
False,SELL,4069.57,4069.57,4075.1,4066.55,3.0799999999999272,0.9403508771929551,2.6799999999998363,TRAIL_SL,2.849999999999909,4073.675,2026-07-31T10:33:00+00:00,4075.1,XAUUSD.ecn,4072.25,4066.55,0.4,4.0,True,1785493980
False,SELL,4051.9500000000003,4051.9500000000003,4057.45,4045.060000000001,1.7699999999999818,0.3317191283292992,1.3699999999998909,TRAIL_SL,4.129999999999654,4055.385,2026-07-31T12:27:00+00:00,4057.45,XAUUSD.ecn,4053.32,4045.060000000001,0.4,4.0,True,1785500820
False,BUY,4058.27,4058.27,4053.84,4064.1899999999996,1.3800000000001091,0.284057971014513,0.9800000000000182,TRAIL_SL,3.449999999999818,4055.565,2026-07-31T14:13:00+00:00,4053.84,XAUUSD.ecn,4057.29,4064.1899999999996,0.4,4.0,True,1785507180
False,BUY,4056.33,4056.33,4056.33,4063.4999999999995,0.3200000000001637,-1.0,-2.3899999999998727,SL,2.3899999999998727,4057.5249999999996,2026-07-31T14:28:00+00:00,4056.33,XAUUSD.ecn,4058.72,4063.4999999999995,0.4,4.0,False,1785508080
False,BUY,4042.35,4042.35,4037.42,4049.3,1.3699999999998909,0.24494949494944218,0.9699999999997999,TRAIL_SL,3.9600000000000364,4039.4,2026-07-31T16:26:00+00:00,4037.42,XAUUSD.ecn,4041.38,4049.3,0.4,4.0,True,1785515160
False,SELL,4026.4100000000003,4026.4100000000003,4030.0,4021.93,1.2999999999997272,0.33457249070617767,0.8999999999996362,TRAIL_SL,2.6900000000000546,4028.6549999999997,2026-07-31T17:09:00+00:00,4030.0,XAUUSD.ecn,4027.31,4021.93,0.4,4.0,True,1785517740
False,BUY,4046.4,4046.4,4042.19,4052.5999999999995,1.1400000000003274,0.21325648414993637,0.7400000000002365,TRAIL_SL,3.4699999999998,4043.925,2026-07-31T20:17:00+00:00,4042.19,XAUUSD.ecn,4045.66,4052.5999999999995,0.4,4.0,True,1785529020
False,BUY,4051.98,4051.98,4045.69,4063.69,0.6900000000000546,0.04833333333332727,0.2899999999999636,TRAIL_SL,6.0,4048.69,2026-07-31T20:33:00+00:00,4045.69,XAUUSD.ecn,4051.69,4063.69,0.4,4.0,True,1785529980
False,SELL,4049.73,4049.73,4051.06,4047.19,0.44000000000005457,0.03100775193795717,0.03999999999996362,TRAIL_SL,1.2899999999999636,4050.415,2026-07-31T21:48:00+00:00,4051.06,XAUUSD.ecn,4049.77,4047.19,0.4,4.0,True,1785534480
False,BUY,4054.0099999999998,4054.0099999999998,4050.09,4060.59,0.819999999999709,0.11999999999989086,0.419999999999618,TRAIL_SL,3.5,4051.84,2026-07-31T22:47:00+00:00,4050.09,XAUUSD.ecn,4053.59,4060.59,0.4,4.0,True,1785538020
False,SELL,4046.4700000000003,4046.4700000000003,4049.28,4042.6799999999994,1.0099999999997635,0.27727272727254404,0.6099999999996726,TRAIL_SL,2.200000000000273,4048.1800000000003,2026-07-31T23:08:00+00:00,4049.28,XAUUSD.ecn,4047.08,4042.6799999999994,0.4,4.0,True,1785539280
False,SELL,4067.89,4067.89,4078.46,4053.6199999999994,2.6900000000000546,0.27657004830916765,2.2899999999999636,TRAIL_SL,8.2800000000002,4074.3199999999997,2026-08-03T01:21:00+00:00,4078.46,XAUUSD.ecn,4070.18,4053.6199999999994,0.4,4.0,True,1785720060
True,BUY,,4071.71,4066.89,4072.0500000000006,3.5,,,SL_AND_TP_SAME_BAR,1.7200000000002547,4067.75,2026-08-03T02:19:00+00:00,4066.89,XAUUSD.ecn,4068.61,4072.0500000000006,0.4,4.0,True,1785723540
False,BUY,4077.7999999999997,4077.7999999999997,4072.93,4084.2700000000004,1.4899999999997817,0.2883597883596913,1.0899999999996908,TRAIL_SL,3.7800000000002,4074.8199999999997,2026-08-03T03:02:00+00:00,4072.93,XAUUSD.ecn,4076.71,4084.2700000000004,0.4,4.0,True,1785726120
False,SELL,4066.81,4066.81,4071.31,4063.81,2.400000000000091,0.8,2.0,TRAIL_SL,2.5,4070.06,2026-08-03T03:23:00+00:00,4071.31,XAUUSD.ecn,4068.81,4063.81,0.4,4.0,True,1785727380
True,SELL,,4063.63,4067.99,4064.12,3.4699999999998,,,SL_AND_TP_SAME_BAR,1.2899999999999636,4067.345,2026-08-03T03:28:00+00:00,4067.99,XAUUSD.ecn,4066.7,4064.12,0.4,4.0,True,1785727680
False,SELL,4049.4,4049.4,4059.4,4032.2499999999995,1.349999999999909,0.10497237569058553,0.9499999999998181,TRAIL_SL,9.050000000000182,4054.875,2026-08-03T04:18:00+00:00,4059.4,XAUUSD.ecn,4050.35,4032.2499999999995,0.4,4.0,True,1785730680
False,BUY,4052.8199999999997,4052.8199999999997,4047.45,4055.4300000000007,3.1099999999996726,1.0187969924809273,2.7099999999995816,TRAIL_SL,2.6600000000003092,4048.7799999999997,2026-08-03T04:46:00+00:00,4047.45,XAUUSD.ecn,4050.11,4055.4300000000007,0.4,4.0,True,1785732360
False,BUY,4063.6,4063.6,4059.57,4069.32,1.1799999999998363,0.23999999999992164,0.7799999999997453,TRAIL_SL,3.25,4061.195,2026-08-03T05:51:00+00:00,4059.57,XAUUSD.ecn,4062.82,4069.32,0.4,4.0,True,1785736260
False,BUY,4070.69,4070.69,4068.01,4074.9099999999994,0.7800000000002001,0.16521739130441487,0.38000000000010914,TRAIL_SL,2.299999999999727,4069.16,2026-08-03T07:33:00+00:00,4068.01,XAUUSD.ecn,4070.31,4074.9099999999994,0.4,4.0,True,1785742380
False,SELL,4057.26,4057.26,4061.84,4050.02,1.0399999999999636,0.16243654822331569,0.6399999999998727,TRAIL_SL,3.9400000000000546,4059.87,2026-08-03T08:13:00+00:00,4061.84,XAUUSD.ecn,4057.9,4050.02,0.4,4.0,True,1785744780
False,BUY,4062.06,4062.06,4058.38,4066.8399999999992,1.2600000000002183,0.3049645390071688,0.8600000000001273,TRAIL_SL,2.819999999999709,4059.79,2026-08-03T08:45:00+00:00,4058.38,XAUUSD.ecn,4061.2,4066.8399999999992,0.4,4.0,True,1785746700
False,SELL,4063.7400000000002,4063.7400000000002,4066.98,4061.5199999999995,1.819999999999709,0.7802197802195001,1.419999999999618,TRAIL_SL,1.8200000000001637,4066.0699999999997,2026-08-03T09:51:00+00:00,4066.98,XAUUSD.ecn,4065.16,4061.5199999999995,0.4,4.0,True,1785750660
False,SELL,4049.4300000000003,4049.4300000000003,4053.19,4042.4199999999996,0.569999999999709,0.04735376044557413,0.169999999999618,TRAIL_SL,3.5900000000001455,4051.395,2026-08-03T12:35:00+00:00,4053.19,XAUUSD.ecn,4049.6,4042.4199999999996,0.4,4.0,True,1785760500
False,BUY,4061.2799999999997,4061.2799999999997,4054.76,4070.7799999999993,1.5799999999999272,0.22097378277151772,1.1799999999998363,TRAIL_SL,5.339999999999691,4057.4300000000003,2026-08-03T14:53:00+00:00,4054.76,XAUUSD.ecn,4060.1,4070.7799999999993,0.4,4.0,True,1785768780
False,SELL,4043.83,4043.83,4051.94,4038.1699999999996,3.9200000000000728,0.7668845315903857,3.519999999999982,TRAIL_SL,4.5900000000001455,4049.645,2026-08-03T15:39:00+00:00,4051.94,XAUUSD.ecn,4047.35,4038.1699999999996,0.4,4.0,True,1785771540
False,BUY,4037.88,4037.88,4035.2,4038.440000000001,2.0,1.4814814814808732,1.599999999999909,TRAIL_SL,1.080000000000382,4035.74,2026-08-03T19:26:00+00:00,4035.2,XAUUSD.ecn,4036.28,4038.440000000001,0.4,4.0,True,1785785160
False,BUY,4036.46,4036.46,4033.15,4042.6000000000004,0.5599999999999454,0.05079365079360313,0.15999999999985448,TRAIL_SL,3.150000000000091,4034.7250000000004,2026-08-03T21:11:00+00:00,4033.15,XAUUSD.ecn,4036.3,4042.6000000000004,0.4,4.0,True,1785791460
False,BUY,4047.9,4047.9,4042.97,4055.840000000001,1.0399999999999636,0.14918414918410494,0.6399999999998727,TRAIL_SL,4.290000000000418,4045.115,2026-08-03T22:06:00+00:00,4042.97,XAUUSD.ecn,4047.26,4055.840000000001,0.4,4.0,True,1785794760
False,BUY,4054.2599999999998,4054.2599999999998,4051.55,4059.3199999999993,0.5199999999999818,0.04633204633200973,0.11999999999989086,TRAIL_SL,2.5899999999996908,4052.8450000000003,2026-08-03T23:27:00+00:00,4051.55,XAUUSD.ecn,4054.14,4059.3199999999993,0.4,4.0,True,1785799620
False,SELL,4062.85,4062.85,4067.21,4058.9299999999994,2.0,0.5797101449274574,1.599999999999909,TRAIL_SL,2.7600000000002183,4065.83,2026-08-04T03:15:00+00:00,4067.21,XAUUSD.ecn,4064.45,4058.9299999999994,0.4,4.0,True,1785813300
False,SELL,4053.19,4053.19,4055.9,4048.64,0.6900000000000546,0.11983471074378302,0.2899999999999636,TRAIL_SL,2.4200000000000728,4054.69,2026-08-04T06:46:00+00:00,4055.9,XAUUSD.ecn,4053.48,4048.64,0.4,4.0,True,1785825960
False,SELL,4057.12,4057.12,4059.59,4052.27,0.43000000000029104,0.012295081967294843,0.03000000000020009,TRAIL_SL,2.4400000000000546,4058.37,2026-08-04T07:21:00+00:00,4059.59,XAUUSD.ecn,4057.15,4052.27,0.4,4.0,True,1785828060
False,SELL,4061.6800000000003,4061.6800000000003,4067.15,4051.9700000000003,0.8099999999999454,0.08102766798416183,0.4099999999998545,TRAIL_SL,5.059999999999945,4064.62,2026-08-04T11:28:00+00:00,4067.15,XAUUSD.ecn,4062.09,4051.9700000000003,0.4,4.0,True,1785842880
False,SELL,4054.32,4054.32,4060.02,4049.9999999999995,2.7599999999997635,0.7065868263471766,2.3599999999996726,TRAIL_SL,3.3400000000001455,4058.35,2026-08-04T13:52:00+00:00,4060.02,XAUUSD.ecn,4056.68,4049.9999999999995,0.4,4.0,True,1785851520
False,BUY,4076.0699999999997,4076.0699999999997,4066.97,4084.16,3.769999999999982,0.5881326352530332,3.369999999999891,TRAIL_SL,5.730000000000018,4069.835,2026-08-04T15:33:00+00:00,4066.97,XAUUSD.ecn,4072.7,4084.16,0.4,4.0,True,1785857580
False,SELL,4064.23,4064.23,4067.75,4062.26,2.0900000000001455,0.9234972677596294,1.6900000000000546,TRAIL_SL,1.8299999999999272,4066.835,2026-08-04T16:07:00+00:00,4067.75,XAUUSD.ecn,4065.92,4062.26,0.4,4.0,True,1785859620
False,BUY,4090.2599999999998,4090.2599999999998,4082.58,4104.780000000001,0.6799999999998363,0.03783783783780296,0.27999999999974534,TRAIL_SL,7.400000000000091,4086.2799999999997,2026-08-04T16:51:00+00:00,4082.58,XAUUSD.ecn,4089.98,4104.780000000001,0.4,4.0,True,1785862260
False,BUY,4082.37,4082.37,4079.54,4087.0100000000007,0.7399999999997817,0.13654618473881866,0.33999999999969077,TRAIL_SL,2.4900000000002365,4080.785,2026-08-04T17:52:00+00:00,4079.54,XAUUSD.ecn,4082.03,4087.0100000000007,0.4,4.0,True,1785865920
False,SELL,4075.55,4075.55,4084.35,4064.85,2.699999999999818,0.35384615384611184,2.299999999999727,TRAIL_SL,6.5,4081.1,2026-08-04T18:20:00+00:00,4084.35,XAUUSD.ecn,4077.85,4064.85,0.4,4.0,True,1785867600
False,BUY,4091.31,4091.31,4085.44,4096.839999999999,2.4700000000002547,0.5447368421053453,2.0700000000001637,TRAIL_SL,3.799999999999727,4087.34,2026-08-04T19:47:00+00:00,4085.44,XAUUSD.ecn,4089.24,4096.839999999999,0.4,4.0,True,1785872820
False,BUY,4091.7799999999997,4091.7799999999997,4089.24,4096.5,0.5199999999999818,0.049586776859457546,0.11999999999989086,TRAIL_SL,2.4200000000000728,4090.45,2026-08-04T19:52:00+00:00,4089.24,XAUUSD.ecn,4091.66,4096.5,0.4,4.0,True,1785873120
False,BUY,4102.6,4102.6,4092.42,4119.509999999999,1.550000000000182,0.12735326688821463,1.1500000000005457,TRAIL_SL,9.029999999999745,4096.9349999999995,2026-08-04T20:06:00+00:00,4092.42,XAUUSD.ecn,4101.45,4119.509999999999,0.4,4.0,True,1785873960
False,SELL,4085.37,4085.37,4088.74,4083.5800000000004,2.050000000000182,0.9593023255815598,1.650000000000091,TRAIL_SL,1.7199999999998,4087.88,2026-08-04T21:01:00+00:00,4088.74,XAUUSD.ecn,4087.02,4083.5800000000004,0.4,4.0,True,1785877260
False,BUY,4079.75,4079.75,4075.78,4084.2999999999993,1.5300000000002,0.3978873239437437,1.1300000000001091,TRAIL_SL,2.8399999999996908,4077.2,2026-08-04T21:52:00+00:00,4075.78,XAUUSD.ecn,4078.62,4084.2999999999993,0.4,4.0,True,1785880320
False,BUY,4083.64,4083.64,4080.06,4088.94,1.0199999999999818,0.20945945945942002,0.6199999999998909,TRAIL_SL,2.9600000000000364,4081.54,2026-08-04T22:11:00+00:00,4080.06,XAUUSD.ecn,4083.02,4088.94,0.4,4.0,True,1785881460
False,BUY,4079.13,4079.13,4076.24,4082.24,1.2900000000004184,0.4450000000001637,0.8900000000003274,TRAIL_SL,2.0,4077.24,2026-08-04T23:00:00+00:00,4076.24,XAUUSD.ecn,4078.24,4082.24,0.4,4.0,True,1785884400
False,SELL,4069.61,4069.61,4076.6,4058.0000000000005,1.1900000000000546,0.12741935483870756,0.7899999999999636,TRAIL_SL,6.199999999999818,4073.5,2026-08-05T02:04:00+00:00,4076.6,XAUUSD.ecn,4070.4,4058.0000000000005,0.4,4.0,True,1785895440
True,SELL,,4066.8,4071.4,4066.5099999999998,3.369999999999891,,,SL_AND_TP_SAME_BAR,1.6300000000001091,4070.585,2026-08-05T02:24:00+00:00,4071.4,XAUUSD.ecn,4069.77,4066.5099999999998,0.4,4.0,True,1785896640
False,BUY,4102.46,4102.46,4094.23,4109.7699999999995,3.449999999999818,0.5888030888031426,3.050000000000182,TRAIL_SL,5.179999999999836,4096.82,2026-08-05T05:00:00+00:00,4094.23,XAUUSD.ecn,4099.41,4109.7699999999995,0.4,4.0,True,1785906000
False,BUY,4128.410000000001,4128.410000000001,4119.92,4133.509999999999,4.360000000000582,0.8741721854307215,3.960000000000946,TRAIL_SL,4.529999999999745,4122.1849999999995,2026-08-05T05:43:00+00:00,4119.92,XAUUSD.ecn,4124.45,4133.509999999999,0.4,4.0,True,1785908580
False,BUY,4135.46,4135.46,4128.15,4140.750000000002,3.509999999999309,0.7404761904759842,3.1099999999996726,TRAIL_SL,4.200000000000728,4130.25,2026-08-05T06:10:00+00:00,4128.15,XAUUSD.ecn,4132.35,4140.750000000002,0.4,4.0,True,1785910200
False,SELL,4130.759999999999,4130.759999999999,4136.56,4124.319999999998,2.119999999999891,0.42156862745095636,1.7200000000002547,TRAIL_SL,4.080000000000837,4134.52,2026-08-05T06:21:00+00:00,4136.56,XAUUSD.ecn,4132.48,4124.319999999998,0.4,4.0,True,1785910860
False,BUY,4137.6900000000005,4137.6900000000005,4129.44,4142.85,4.180000000000291,0.8456375838927158,3.780000000000655,TRAIL_SL,4.470000000000255,4131.674999999999,2026-08-05T07:05:00+00:00,4129.44,XAUUSD.ecn,4133.91,4142.85,0.4,4.0,True,1785913500
False,BUY,4140.1900000000005,4140.1900000000005,4133.91,4145.850000000001,2.699999999999818,0.577889447236158,2.300000000000182,TRAIL_SL,3.980000000000473,4135.9,2026-08-05T07:10:00+00:00,4133.91,XAUUSD.ecn,4137.89,4145.850000000001,0.4,4.0,True,1785913800
True,BUY,,4142.27,4138.68,4142.4,2.75,,,SL_AND_TP_SAME_BAR,1.2399999999997817,4139.3,2026-08-05T08:32:00+00:00,4138.68,XAUUSD.ecn,4139.92,4142.4,0.4,4.0,True,1785918720
True,SELL,,4162.44,4167.73,4163.350000000002,4.230000000000473,,,SL_AND_TP_SAME_BAR,1.4599999999991269,4167.0,2026-08-05T09:00:00+00:00,4167.73,XAUUSD.ecn,4166.27,4163.350000000002,0.4,4.0,True,1785920400
False,SELL,4173.719999999999,4173.719999999999,4176.5,4168.219999999999,0.42000000000007276,0.007246376811751803,0.020000000000436557,TRAIL_SL,2.7600000000002183,4175.12,2026-08-05T09:48:00+00:00,4176.5,XAUUSD.ecn,4173.74,4168.219999999999,0.4,4.0,True,1785923280
False,SELL,4170.23,4170.23,4175.54,4165.5199999999995,2.369999999999891,0.5898203592814877,1.9700000000002547,TRAIL_SL,3.3400000000001455,4173.87,2026-08-05T10:06:00+00:00,4175.54,XAUUSD.ecn,4172.2,4165.5199999999995,0.4,4.0,True,1785924360
False,SELL,4163.549999999999,4163.549999999999,4168.91,4160.389999999999,2.9200000000000728,0.8873239436620801,2.5200000000004366,TRAIL_SL,2.8400000000001455,4167.49,2026-08-05T10:28:00+00:00,4168.91,XAUUSD.ecn,4166.07,4160.389999999999,0.4,4.0,True,1785925680
False,SELL,4163.11,4163.11,4166.86,4156.540000000001,0.7100000000000364,0.09011627906989425,0.3100000000004002,TRAIL_SL,3.4399999999996,4165.139999999999,2026-08-05T11:25:00+00:00,4166.86,XAUUSD.ecn,4163.42,4156.540000000001,0.4,4.0,True,1785929100
False,BUY,4163.88,4163.88,4159.09,4168.360000000001,2.0999999999994543,0.5501618122976498,1.699999999999818,TRAIL_SL,3.0900000000001455,4160.635,2026-08-05T12:02:00+00:00,4159.09,XAUUSD.ecn,4162.18,4168.360000000001,0.4,4.0,True,1785931320
False,SELL,4163.71,4163.71,4167.2,4162.429999999999,2.2999999999992724,1.1949685534587813,1.8999999999996362,TRAIL_SL,1.5900000000001455,4166.405,2026-08-05T12:11:00+00:00,4167.2,XAUUSD.ecn,4165.61,4162.429999999999,0.4,4.0,True,1785931860
False,SELL,4153.549999999999,4153.549999999999,4156.96,4146.880000000001,0.4500000000007276,0.01488095238127865,0.050000000001091394,TRAIL_SL,3.3599999999996726,4155.280000000001,2026-08-05T13:05:00+00:00,4156.96,XAUUSD.ecn,4153.6,4146.880000000001,0.4,4.0,True,1785935100
False,SELL,4155.379999999999,4155.379999999999,4157.86,4153.12,1.300000000000182,0.5696202531649286,0.9000000000005457,TRAIL_SL,1.5799999999999272,4157.07,2026-08-05T13:38:00+00:00,4157.86,XAUUSD.ecn,4156.28,4153.12,0.4,4.0,True,1785937080
False,BUY,4176.29,4176.29,4169.36,4182.77,2.8599999999996726,0.5503355704697754,2.4600000000000364,TRAIL_SL,4.470000000000255,4171.594999999999,2026-08-05T14:29:00+00:00,4169.36,XAUUSD.ecn,4173.83,4182.77,0.4,4.0,True,1785940140
False,BUY,4184.96,4184.96,4180.7,4191.799999999999,0.9600000000000364,0.15135135135146696,0.5600000000004002,TRAIL_SL,3.699999999999818,4182.549999999999,2026-08-05T14:39:00+00:00,4180.7,XAUUSD.ecn,4184.4,4191.799999999999,0.4,4.0,True,1785940740
False,SELL,4184.469999999999,4184.469999999999,4188.19,4182.640000000001,2.2700000000004366,1.0108108108115417,1.8700000000008004,TRAIL_SL,1.8499999999994543,4187.264999999999,2026-08-05T14:46:00+00:00,4188.19,XAUUSD.ecn,4186.34,4182.640000000001,0.4,4.0,True,1785941160
False,BUY,4209.64,4209.64,4197.98,4216.25,5.970000000000255,0.9146141215107529,5.5700000000006185,TRAIL_SL,6.0900000000001455,4201.025,2026-08-05T15:19:00+00:00,4197.98,XAUUSD.ecn,4204.07,4216.25,0.4,4.0,True,1785943140
False,SELL,4191.849999999999,4191.849999999999,4202.21,4179.83,3.300000000000182,0.3887399463807683,2.9000000000005457,TRAIL_SL,7.460000000000036,4198.48,2026-08-05T15:45:00+00:00,4202.21,XAUUSD.ecn,4194.75,4179.83,0.4,4.0,True,1785944700
False,SELL,4187.629999999999,4187.629999999999,4194.58,4176.490000000001,1.3200000000006185,0.15257048092885922,0.9200000000009823,TRAIL_SL,6.029999999999745,4191.5650000000005,2026-08-05T16:15:00+00:00,4194.58,XAUUSD.ecn,4188.55,4176.490000000001,0.4,4.0,True,1785946500
False,BUY,4196.71,4196.71,4190.09,4201.429999999999,3.2399999999997817,0.7513227513228404,2.8400000000001455,TRAIL_SL,3.7799999999997453,4191.98,2026-08-05T16:24:00+00:00,4190.09,XAUUSD.ecn,4193.87,4201.429999999999,0.4,4.0,True,1785947040
False,BUY,4199.72,4199.72,4193.18,4211.06,0.9799999999995634,0.09731543624159794,0.5799999999999272,TRAIL_SL,5.960000000000036,4196.16,2026-08-05T16:42:00+00:00,4193.18,XAUUSD.ecn,4199.14,4211.06,0.4,4.0,True,1785948120
False,SELL,4190.49,4190.49,4200.36,4182.900000000001,4.449999999999818,0.6958762886598598,4.050000000000182,TRAIL_SL,5.819999999999709,4197.45,2026-08-05T16:50:00+00:00,4200.36,XAUUSD.ecn,4194.54,4182.900000000001,0.4,4.0,True,1785948600
False,BUY,4228.92,4228.92,4225.15,4234.720000000001,0.9799999999995634,0.18181818181812998,0.5799999999999272,TRAIL_SL,3.1900000000005093,4226.745,2026-08-05T17:12:00+00:00,4225.15,XAUUSD.ecn,4228.34,4234.720000000001,0.4,4.0,True,1785949920
False,BUY,4238.02,4238.02,4226.7,4248.72,4.380000000000109,0.5422343324251218,3.980000000000473,TRAIL_SL,7.3400000000001455,4230.37,2026-08-05T17:20:00+00:00,4226.7,XAUUSD.ecn,4234.04,4248.72,0.4,4.0,True,1785950400
False,BUY,4238.05,4238.05,4231.42,4242.879999999999,3.2100000000000364,0.7356020942409985,2.8100000000004,TRAIL_SL,3.819999999999709,4233.33,2026-08-05T17:27:00+00:00,4231.42,XAUUSD.ecn,4235.24,4242.879999999999,0.4,4.0,True,1785950820
False,SELL,4237.48,4237.48,4247.44,4222.270000000001,1.9700000000002547,0.18712753277720232,1.5700000000006185,TRAIL_SL,8.389999999999418,4243.245,2026-08-05T17:55:00+00:00,4247.44,XAUUSD.ecn,4239.05,4222.270000000001,0.4,4.0,True,1785952500
False,BUY,4250.25,4250.25,4235.99,4256.330000000002,7.8799999999992,1.1032448377579411,7.479999999999563,TRAIL_SL,6.780000000000655,4239.38,2026-08-05T18:00:00+00:00,4235.99,XAUUSD.ecn,4242.77,4256.330000000002,0.4,4.0,True,1785952800
False,BUY,4259.04,4259.04,4248.47,4269.59,3.9299999999993815,0.501420454545421,3.5299999999997453,TRAIL_SL,7.039999999999964,4251.99,2026-08-05T18:04:00+00:00,4248.47,XAUUSD.ecn,4255.51,4269.59,0.4,4.0,True,1785953040
False,BUY,4259.33,4259.33,4253.94,4265.58,1.9099999999998545,0.38917525773200407,1.5100000000002183,TRAIL_SL,3.880000000000109,4255.879999999999,2026-08-05T18:13:00+00:00,4253.94,XAUUSD.ecn,4257.82,4265.58,0.4,4.0,True,1785953580
False,BUY,4233.5,4233.5,4225.49,4246.700000000002,1.339999999999236,0.13295615275806472,0.9399999999995998,TRAIL_SL,7.0700000000006185,4229.025,2026-08-05T19:11:00+00:00,4225.49,XAUUSD.ecn,4232.56,4246.700000000002,0.4,4.0,True,1785957060
False,SELL,4240.7,4240.7,4245.8,4230.889999999999,0.5299999999997453,0.026156941649920017,0.13000000000010914,TRAIL_SL,4.970000000000255,4243.3150000000005,2026-08-05T19:58:00+00:00,4245.8,XAUUSD.ecn,4240.83,4230.889999999999,0.4,4.0,True,1785959880
False,BUY,4256.83,4256.83,4251.78,4259.340000000001,2.9299999999993815,1.003968253967979,2.5299999999997453,TRAIL_SL,2.5200000000004366,4253.04,2026-08-05T21:09:00+00:00,4251.78,XAUUSD.ecn,4254.3,4259.340000000001,0.4,4.0,True,1785964140
False,BUY,4265.05,4265.05,4256.03,4274.600000000001,3.2299999999995634,0.4571890145395306,2.8299999999999272,TRAIL_SL,6.190000000000509,4259.125,2026-08-05T21:24:00+00:00,4256.03,XAUUSD.ecn,4262.22,4274.600000000001,0.4,4.0,True,1785965040
False,SELL,4252.129999999999,4252.129999999999,4256.01,4245.9299999999985,0.9200000000000728,0.15476190476200788,0.5200000000004366,TRAIL_SL,3.360000000000582,4254.33,2026-08-05T22:21:00+00:00,4256.01,XAUUSD.ecn,4252.65,4245.9299999999985,0.4,4.0,True,1785968460
True,BUY,,4255.950000000001,4251.37,4255.48,3.610000000000582,,,SL_AND_TP_SAME_BAR,1.3699999999998909,4252.055,2026-08-06T02:13:00+00:00,4251.37,XAUUSD.ecn,4252.74,4255.48,0.4,4.0,True,1785982380
False,BUY,4261.85,4261.85,4257.58,4266.159999999999,1.8100000000004002,0.4930069930073166,1.410000000000764,TRAIL_SL,2.8599999999996726,4259.01,2026-08-06T02:25:00+00:00,4257.58,XAUUSD.ecn,4260.44,4266.159999999999,0.4,4.0,True,1785983100
False,SELL,4272.7699999999995,4272.7699999999995,4279.04,4269.17,3.380000000000109,0.9057750759879957,2.980000000000473,TRAIL_SL,3.2899999999999636,4277.395,2026-08-06T02:49:00+00:00,4279.04,XAUUSD.ecn,4275.75,4269.17,0.4,4.0,True,1785984540
False,BUY,4289.370000000001,4289.370000000001,4276.72,4295.44,6.8100000000004,1.0272435897437482,6.410000000000764,TRAIL_SL,6.239999999999782,4279.84,2026-08-06T03:36:00+00:00,4276.72,XAUUSD.ecn,4282.96,4295.44,0.4,4.0,True,1785987360
False,BUY,4294.280000000001,4294.280000000001,4286.75,4306.459999999999,1.360000000000582,0.14611872146133767,0.9600000000009459,TRAIL_SL,6.569999999999709,4290.035,2026-08-06T04:10:00+00:00,4286.75,XAUUSD.ecn,4293.32,4306.459999999999,0.4,4.0,True,1785989400
False,BUY,4284.21,4284.21,4273.7,4299.919999999999,2.1700000000000728,0.20251716247145088,1.7700000000004366,TRAIL_SL,8.739999999999782,4278.07,2026-08-06T04:33:00+00:00,4273.7,XAUUSD.ecn,4282.44,4299.919999999999,0.4,4.0,True,1785990780
False,BUY,4258.06,4258.06,4252.93,4263.31,2.069999999999709,0.4826589595375882,1.6700000000000728,TRAIL_SL,3.4600000000000364,4254.66,2026-08-06T07:33:00+00:00,4252.93,XAUUSD.ecn,4256.39,4263.31,0.4,4.0,True,1786001580
False,SELL,4259.929999999999,4259.929999999999,4265.24,4251.14,1.0100000000002183,0.12978723404268205,0.6100000000005821,TRAIL_SL,4.699999999999818,4262.889999999999,2026-08-06T08:07:00+00:00,4265.24,XAUUSD.ecn,4260.54,4251.14,0.4,4.0,True,1786003620
False,BUY,4261.56,4261.56,4247.15,4276.4,5.0600000000004,0.4779487179487963,4.660000000000764,TRAIL_SL,9.75,4252.025,2026-08-06T08:37:00+00:00,4247.15,XAUUSD.ecn,4256.9,4276.4,0.4,4.0,True,1786005420
False,BUY,4263.740000000001,4263.740000000001,4256.9,4273.700000000001,1.6400000000003274,0.22142857142868047,1.2400000000006912,TRAIL_SL,5.600000000000364,4259.7,2026-08-06T08:43:00+00:00,4256.9,XAUUSD.ecn,4262.5,4273.700000000001,0.4,4.0,True,1786005780
False,BUY,4254.650000000001,4254.650000000001,4252.66,4257.639999999999,0.7300000000004729,0.19879518072341304,0.33000000000083674,TRAIL_SL,1.6599999999998545,4253.49,2026-08-06T10:00:00+00:00,4252.66,XAUUSD.ecn,4254.32,4257.639999999999,0.4,4.0,True,1786010400
False,SELL,4281.73,4281.73,4284.27,4277.64,0.7300000000004729,0.14932126696870196,0.33000000000083674,TRAIL_SL,2.2100000000000364,4283.165000000001,2026-08-06T12:28:00+00:00,4284.27,XAUUSD.ecn,4282.06,4277.64,0.4,4.0,True,1786019280
False,BUY,4247.77,4247.77,4236.42,4263.389999999999,2.7600000000002183,0.26251390433822464,2.360000000000582,TRAIL_SL,8.989999999999782,4240.915,2026-08-06T16:22:00+00:00,4236.42,XAUUSD.ecn,4245.41,4263.389999999999,0.4,4.0,True,1786033320
False,BUY,4265.660000000001,4265.660000000001,4249.37,4274.39,8.350000000000364,0.953237410072013,7.950000000000728,TRAIL_SL,8.340000000000146,4253.54,2026-08-06T16:39:00+00:00,4249.37,XAUUSD.ecn,4257.71,4274.39,0.4,4.0,True,1786034340
False,BUY,4264.98,4264.98,4264.98,4284.060000000001,0.3400000000001455,-1.0,-6.360000000000582,SL,6.360000000000582,4268.16,2026-08-06T17:13:00+00:00,4264.98,XAUUSD.ecn,4271.34,4284.060000000001,0.4,4.0,False,1786036380
False,SELL,4265.679999999999,4265.679999999999,4270.6,4257.669999999999,1.0100000000002183,0.14153132250592237,0.6100000000005821,TRAIL_SL,4.3100000000004,4268.445,2026-08-06T17:51:00+00:00,4270.6,XAUUSD.ecn,4266.29,4257.669999999999,0.4,4.0,True,1786038660
False,SELL,4269.62,4269.62,4274.33,4267.279999999999,2.759999999999309,1.0042553191486414,2.3599999999996726,TRAIL_SL,2.350000000000364,4273.155,2026-08-06T18:03:00+00:00,4274.33,XAUUSD.ecn,4271.98,4267.279999999999,0.4,4.0,True,1786039380
False,SELL,4250.5199999999995,4250.5199999999995,4253.92,4244.92,0.8000000000001819,0.13333333333351524,0.4000000000005457,TRAIL_SL,3.0,4252.42,2026-08-06T18:37:00+00:00,4253.92,XAUUSD.ecn,4250.92,4244.92,0.4,4.0,True,1786041420
False,BUY,4230.05,4230.05,4223.39,4232.329999999999,4.079999999999927,1.234899328859339,3.680000000000291,TRAIL_SL,2.9799999999995634,4224.88,2026-08-06T19:28:00+00:00,4223.39,XAUUSD.ecn,4226.37,4232.329999999999,0.4,4.0,True,1786044480
False,BUY,4236.79,4236.79,4233.11,4242.200000000002,1.0499999999992724,0.21452145214504809,0.6499999999996362,TRAIL_SL,3.030000000000655,4234.625,2026-08-06T19:51:00+00:00,4233.11,XAUUSD.ecn,4236.14,4242.200000000002,0.4,4.0,True,1786045860
False,BUY,4241.04,4241.04,4235.76,4250.4299999999985,0.7899999999999636,0.07975460122707032,0.3900000000003274,TRAIL_SL,4.889999999999418,4238.205,2026-08-06T19:58:00+00:00,4235.76,XAUUSD.ecn,4240.65,4250.4299999999985,0.4,4.0,True,1786046280
True,BUY,,4242.17,4239.18,4240.709999999998,2.880000000000109,,,SL_AND_TP_SAME_BAR,0.5099999999993088,4239.4349999999995,2026-08-06T20:28:00+00:00,4239.18,XAUUSD.ecn,4239.69,4240.709999999998,0.4,4.0,True,1786048080
False,BUY,4246.63,4246.63,4242.24,4254.810000000001,0.5999999999994543,0.04773269689732549,0.1999999999998181,TRAIL_SL,4.190000000000509,4244.335,2026-08-06T20:54:00+00:00,4242.24,XAUUSD.ecn,4246.43,4254.810000000001,0.4,4.0,True,1786049640
False,SELL,4246.25,4246.25,4250.36,4244.660000000001,2.6099999999996726,1.163157894737084,2.2100000000000364,TRAIL_SL,1.8999999999996362,4249.41,2026-08-06T22:17:00+00:00,4250.36,XAUUSD.ecn,4248.46,4244.660000000001,0.4,4.0,True,1786054620
False,SELL,4242.19,4242.19,4249.32,4239.9000000000015,4.390000000000327,1.2707006369431308,3.990000000000691,TRAIL_SL,3.139999999999418,4247.75,2026-08-07T03:15:00+00:00,4249.32,XAUUSD.ecn,4246.18,4239.9000000000015,0.4,4.0,True,1786072500
False,SELL,4235.139999999999,4235.139999999999,4242.61,4221.040000000001,0.680000000000291,0.03894297635614331,0.28000000000065484,TRAIL_SL,7.1899999999996,4239.014999999999,2026-08-07T03:44:00+00:00,4242.61,XAUUSD.ecn,4235.42,4221.040000000001,0.4,4.0,True,1786074240
False,BUY,4260.08,4260.08,4257.53,4262.81,1.1899999999995998,0.44886363636356,0.7899999999999636,TRAIL_SL,1.7600000000002183,4258.41,2026-08-07T05:25:00+00:00,4257.53,XAUUSD.ecn,4259.29,4262.81,0.4,4.0,True,1786080300
False,SELL,4264.589999999999,4264.589999999999,4267.24,4263.969999999999,1.9600000000000364,1.4311926605506349,1.5600000000004002,TRAIL_SL,1.0900000000001455,4266.695,2026-08-07T07:42:00+00:00,4267.24,XAUUSD.ecn,4266.15,4263.969999999999,0.4,4.0,True,1786088520
False,SELL,4264.7,4264.7,4266.52,4263.969999999999,1.3699999999998909,1.1411764705880465,0.9700000000002547,TRAIL_SL,0.8500000000003638,4266.095,2026-08-07T08:08:00+00:00,4266.52,XAUUSD.ecn,4265.67,4263.969999999999,0.4,4.0,True,1786090080
False,SELL,4283.549999999999,4283.549999999999,4290.72,4274.279999999999,2.0900000000001455,0.3083941605840079,1.6900000000005093,TRAIL_SL,5.480000000000473,4287.98,2026-08-07T09:28:00+00:00,4290.72,XAUUSD.ecn,4285.24,4274.279999999999,0.4,4.0,True,1786094880
False,BUY,4293.9400000000005,4293.9400000000005,4288.76,4302.89,0.8699999999998909,0.09978768577500022,0.47000000000025466,TRAIL_SL,4.710000000000036,4291.115,2026-08-07T09:54:00+00:00,4288.76,XAUUSD.ecn,4293.47,4302.89,0.4,4.0,True,1786096440
True,BUY,,4314.46,4294.04,4309.4,15.699999999999818,,,SL_AND_TP_SAME_BAR,5.119999999999891,4296.6,2026-08-07T11:33:00+00:00,4294.04,XAUUSD.ecn,4299.16,4309.4,0.4,4.0,True,1786102380
False,BUY,4308.92,4308.92,4299.64,4325.23,1.1499999999996362,0.08792497069167907,0.75,TRAIL_SL,8.529999999999745,4303.905000000001,2026-08-07T11:35:00+00:00,4299.64,XAUUSD.ecn,4308.17,4325.23,0.4,4.0,True,1786102500
False,BUY,4318.26,4318.26,4311.58,4331.5599999999995,0.42000000000007276,0.0030030030030686176,0.020000000000436557,TRAIL_SL,6.6599999999998545,4314.91,2026-08-07T12:47:00+00:00,4311.58,XAUUSD.ecn,4318.24,4331.5599999999995,0.4,4.0,True,1786106820
False,SELL,4357.45,4357.45,4365.55,4353.1900000000005,4.380000000000109,0.9660194174758685,3.980000000000473,TRAIL_SL,4.119999999999891,4363.49,2026-08-07T15:59:00+00:00,4365.55,XAUUSD.ecn,4361.43,4353.1900000000005,0.4,4.0,True,1786118340
False,SELL,4356.0599999999995,4356.0599999999995,4366.68,4344.359999999999,3.5799999999999272,0.4274193548387195,3.180000000000291,TRAIL_SL,7.440000000000509,4362.96,2026-08-07T16:47:00+00:00,4366.68,XAUUSD.ecn,4359.24,4344.359999999999,0.4,4.0,True,1786121220
False,BUY,4347.89,4347.89,4344.54,4351.080000000001,1.569999999999709,0.5366972477063837,1.1700000000000728,TRAIL_SL,2.180000000000291,4345.63,2026-08-07T19:09:00+00:00,4344.54,XAUUSD.ecn,4346.72,4351.080000000001,0.4,4.0,True,1786129740
False,SELL,4328.179999999999,4328.179999999999,4335.84,4322.22,3.5200000000004366,0.687224669603706,3.1200000000008004,TRAIL_SL,4.539999999999964,4333.57,2026-08-07T19:59:00+00:00,4335.84,XAUUSD.ecn,4331.3,4322.22,0.4,4.0,True,1786132740
False,SELL,4333.0,4333.0,4338.31,4322.889999999999,0.569999999999709,0.03307392996110154,0.17000000000007276,TRAIL_SL,5.140000000000327,4335.74,2026-08-07T20:37:00+00:00,4338.31,XAUUSD.ecn,4333.17,4322.889999999999,0.4,4.0,True,1786135020
False,BUY,4344.38,4344.38,4341.2,4349.8099999999995,0.7100000000000364,0.1080139372823735,0.3100000000004002,TRAIL_SL,2.869999999999891,4342.635,2026-08-07T22:11:00+00:00,4341.2,XAUUSD.ecn,4344.07,4349.8099999999995,0.4,4.0,True,1786140660
False,SELL,4343.75,4343.75,4349.0,4334.810000000001,0.9200000000000728,0.10993657505295656,0.5200000000004366,TRAIL_SL,4.729999999999563,4346.635,2026-08-07T22:58:00+00:00,4349.0,XAUUSD.ecn,4344.27,4334.810000000001,0.4,4.0,True,1786143480
False,BUY,4343.2300000000005,4343.2300000000005,4338.63,4351.02,0.8699999999998909,0.11380145278456229,0.47000000000025466,TRAIL_SL,4.130000000000109,4340.695,2026-08-10T01:14:00+00:00,4338.63,XAUUSD.ecn,4342.76,4351.02,0.4,4.0,True,1786324440
False,BUY,4343.38,4343.38,4340.54,4347.470000000001,0.9299999999993815,0.22943722943707945,0.5299999999997453,TRAIL_SL,2.3100000000004,4341.695,2026-08-10T01:50:00+00:00,4340.54,XAUUSD.ecn,4342.85,4347.470000000001,0.4,4.0,True,1786326600
False,SELL,4335.71,4335.71,4340.47,4328.289999999999,1.0999999999994543,0.17241379310338648,0.6999999999998181,TRAIL_SL,4.0600000000004,4338.4400000000005,2026-08-10T03:00:00+00:00,4340.47,XAUUSD.ecn,4336.41,4328.289999999999,0.4,4.0,True,1786330800
False,SELL,4320.29,4320.29,4323.41,4315.850000000001,1.0,0.23809523809542715,0.6000000000003638,TRAIL_SL,2.519999999999527,4322.15,2026-08-10T05:55:00+00:00,4323.41,XAUUSD.ecn,4320.89,4315.850000000001,0.4,4.0,True,1786341300
False,BUY,4331.6900000000005,4331.6900000000005,4326.32,4340.780000000002,0.9499999999998181,0.11410788381745049,0.5500000000001819,TRAIL_SL,4.8200000000006185,4328.73,2026-08-10T07:16:00+00:00,4326.32,XAUUSD.ecn,4331.14,4340.780000000002,0.4,4.0,True,1786346160
False,BUY,4336.58,4336.58,4333.27,4340.559999999999,1.2799999999997453,0.3621399176956103,0.8800000000001091,TRAIL_SL,2.4299999999993815,4334.485000000001,2026-08-10T07:23:00+00:00,4333.27,XAUUSD.ecn,4335.7,4340.559999999999,0.4,4.0,True,1786346580
False,SELL,4335.22,4335.22,4335.22,4324.360000000001,0.2899999999999636,-1.0,-3.619999999999891,SL,3.619999999999891,4333.41,2026-08-10T07:43:00+00:00,4335.22,XAUUSD.ecn,4331.6,4324.360000000001,0.4,4.0,False,1786347780
False,BUY,4351.67,4351.67,4340.93,4353.829999999998,6.8400000000001455,1.497674418605023,6.440000000000509,TRAIL_SL,4.299999999999272,4343.08,2026-08-10T08:50:00+00:00,4340.93,XAUUSD.ecn,4345.23,4353.829999999998,0.4,4.0,True,1786351800
False,BUY,4349.01,4349.01,4345.23,4354.710000000002,1.019999999999527,0.19620253164548765,0.6199999999998909,TRAIL_SL,3.160000000000764,4346.8099999999995,2026-08-10T08:54:00+00:00,4345.23,XAUUSD.ecn,4348.39,4354.710000000002,0.4,4.0,True,1786352040
False,BUY,4356.76,4356.76,4347.65,4374.080000000001,0.6999999999998181,0.0340522133938897,0.3000000000001819,TRAIL_SL,8.8100000000004,4352.055,2026-08-10T09:49:00+00:00,4347.65,XAUUSD.ecn,4356.46,4374.080000000001,0.4,4.0,True,1786355340
False,BUY,4354.29,4354.29,4350.48,4361.340000000002,0.589999999999236,0.05248618784518172,0.18999999999959982,TRAIL_SL,3.6200000000008004,4352.29,2026-08-10T10:19:00+00:00,4350.48,XAUUSD.ecn,4354.1,4361.340000000002,0.4,4.0,True,1786357140
False,SELL,4353.719999999999,4353.719999999999,4358.79,4346.9400000000005,1.5200000000004366,0.283544303797684,1.1200000000008004,TRAIL_SL,3.949999999999818,4356.8150000000005,2026-08-10T10:28:00+00:00,4358.79,XAUUSD.ecn,4354.84,4346.9400000000005,0.4,4.0,True,1786357680
False,BUY,4357.97,4357.97,4354.0,4364.170000000001,0.9799999999995634,0.1710914454276906,0.5799999999999272,TRAIL_SL,3.3900000000003274,4355.695,2026-08-10T10:40:00+00:00,4354.0,XAUUSD.ecn,4357.39,4364.170000000001,0.4,4.0,True,1786358400
False,SELL,4342.46,4342.46,4347.79,4336.03,1.8099999999994907,0.3596938775509766,1.4099999999998545,TRAIL_SL,3.9200000000000728,4345.83,2026-08-10T12:32:00+00:00,4347.79,XAUUSD.ecn,4343.87,4336.03,0.4,4.0,True,1786365120
False,SELL,4341.589999999999,4341.589999999999,4345.41,4335.3,0.8500000000003638,0.1335311572702499,0.4500000000007276,TRAIL_SL,3.369999999999891,4343.725,2026-08-10T12:52:00+00:00,4345.41,XAUUSD.ecn,4342.04,4335.3,0.4,4.0,True,1786366320
False,BUY,4335.77,4335.77,4335.77,4341.079999999999,0.3900000000003274,-1.0,-1.769999999999527,SL,1.769999999999527,4336.655000000001,2026-08-10T14:40:00+00:00,4335.77,XAUUSD.ecn,4337.54,4341.079999999999,0.4,4.0,False,1786372800
False,SELL,4335.129999999999,4335.129999999999,4337.39,4332.439999999999,1.0100000000002183,0.36969696969720023,0.6100000000005821,TRAIL_SL,1.6500000000005457,4336.5650000000005,2026-08-10T14:51:00+00:00,4337.39,XAUUSD.ecn,4335.74,4332.439999999999,0.4,4.0,True,1786373460
False,SELL,4330.129999999999,4330.129999999999,4331.37,4328.699999999999,0.75,0.3932584269665562,0.3500000000003638,TRAIL_SL,0.8900000000003274,4330.924999999999,2026-08-10T15:36:00+00:00,4331.37,XAUUSD.ecn,4330.48,4328.699999999999,0.4,4.0,True,1786376160
False,BUY,4331.4400000000005,4331.4400000000005,4326.53,4336.070000000001,2.130000000000109,0.5440251572328033,1.730000000000473,TRAIL_SL,3.180000000000291,4328.12,2026-08-10T15:39:00+00:00,4326.53,XAUUSD.ecn,4329.71,4336.070000000001,0.4,4.0,True,1786376340
True,BUY,,4334.1900000000005,4330.99,4334.3200000000015,2.4899999999997817,,,SL_AND_TP_SAME_BAR,1.110000000000582,4331.545,2026-08-10T15:59:00+00:00,4330.99,XAUUSD.ecn,4332.1,4334.3200000000015,0.4,4.0,True,1786377540
False,SELL,4326.23,4326.23,4336.67,4320.109999999999,5.319999999999709,0.8913043478260296,4.920000000000073,TRAIL_SL,5.520000000000437,4333.91,2026-08-10T16:48:00+00:00,4336.67,XAUUSD.ecn,4331.15,4320.109999999999,0.4,4.0,True,1786380480
False,BUY,4324.39,4324.39,4316.7,4335.8099999999995,1.7200000000002547,0.20722135007859357,1.3200000000006185,TRAIL_SL,6.369999999999891,4319.885,2026-08-10T17:03:00+00:00,4316.7,XAUUSD.ecn,4323.07,4335.8099999999995,0.4,4.0,True,1786381380
False,BUY,4331.910000000001,4331.910000000001,4326.47,4332.47,3.8400000000001455,1.7200000000002547,3.4400000000005093,TRAIL_SL,2.0,4327.47,2026-08-10T17:15:00+00:00,4326.47,XAUUSD.ecn,4328.47,4332.47,0.4,4.0,True,1786382100
False,BUY,4363.700000000001,4363.700000000001,4359.31,4370.199999999998,1.160000000000764,0.20936639118492983,0.7600000000011278,TRAIL_SL,3.6299999999991996,4361.125,2026-08-10T19:12:00+00:00,4359.31,XAUUSD.ecn,4362.94,4370.199999999998,0.4,4.0,True,1786389120
False,SELL,4355.549999999999,4355.549999999999,4357.23,4352.220000000002,0.410000000000764,0.005988023952774122,0.010000000001127773,TRAIL_SL,1.6699999999991633,4356.395,2026-08-10T20:08:00+00:00,4357.23,XAUUSD.ecn,4355.56,4352.220000000002,0.4,4.0,True,1786392480
False,BUY,4356.870000000001,4356.870000000001,4352.9,4364.3600000000015,0.5500000000001819,0.03926701570694278,0.1500000000005457,TRAIL_SL,3.8200000000006185,4354.8099999999995,2026-08-10T20:14:00+00:00,4352.9,XAUUSD.ecn,4356.72,4364.3600000000015,0.4,4.0,True,1786392840
False,BUY,4363.63,4363.63,4359.02,4368.169999999998,1.9600000000000364,0.5114754098363188,1.5600000000004002,TRAIL_SL,3.0499999999992724,4360.545,2026-08-10T21:03:00+00:00,4359.02,XAUUSD.ecn,4362.07,4368.169999999998,0.4,4.0,True,1786395780
False,SELL,4376.71,4376.71,4381.42,4367.590000000001,0.5,0.021691973969711693,0.1000000000003638,TRAIL_SL,4.609999999999673,4379.115,2026-08-10T21:47:00+00:00,4381.42,XAUUSD.ecn,4376.81,4367.590000000001,0.4,4.0,True,1786398420
False,BUY,4389.93,4389.93,4387.18,4391.889999999999,1.5799999999999272,0.7515923566882228,1.180000000000291,TRAIL_SL,1.569999999999709,4387.965,2026-08-10T23:14:00+00:00,4387.18,XAUUSD.ecn,4388.75,4391.889999999999,0.4,4.0,True,1786403640
False,BUY,4397.7,4397.7,4397.7,4398.660000000002,0.3599999999996726,-1.0,-0.32000000000061846,SL,0.32000000000061846,4397.860000000001,2026-08-11T02:08:00+00:00,4397.7,XAUUSD.ecn,4398.02,4398.660000000002,0.4,4.0,False,1786414080
False,BUY,4398.21,4398.21,4395.2,4403.870000000001,0.5199999999995271,0.0415224913494385,0.11999999999989086,TRAIL_SL,2.8900000000003274,4396.645,2026-08-11T02:39:00+00:00,4395.2,XAUUSD.ecn,4398.09,4403.870000000001,0.4,4.0,True,1786415940
False,BUY,4409.5,4409.5,4409.5,4419.37,0.38000000000010914,-1.0,-3.2899999999999636,SL,3.2899999999999636,4411.145,2026-08-11T03:47:00+00:00,4409.5,XAUUSD.ecn,4412.79,4419.37,0.4,4.0,False,1786420020
False,SELL,4399.42,4399.42,4409.91,4384.41,2.389999999999418,0.23411764705879784,1.9899999999997817,TRAIL_SL,8.5,4405.66,2026-08-11T04:04:00+00:00,4409.91,XAUUSD.ecn,4401.41,4384.41,0.4,4.0,True,1786421040
False,BUY,4416.200000000001,4416.200000000001,4412.8,4421.68,0.8400000000001455,0.14864864864881888,0.4400000000005093,TRAIL_SL,2.9600000000000364,4414.280000000001,2026-08-11T04:17:00+00:00,4412.8,XAUUSD.ecn,4415.76,4421.68,0.4,4.0,True,1786421820
False,BUY,4415.76,4415.76,4413.64,4418.6799999999985,0.8400000000001455,0.2619047619051615,0.4400000000005093,TRAIL_SL,1.6799999999993815,4414.48,2026-08-11T04:23:00+00:00,4413.64,XAUUSD.ecn,4415.32,4418.6799999999985,0.4,4.0,True,1786422180
False,SELL,4414.73,4414.73,4419.07,4409.920000000002,1.6900000000005093,0.4229508196725183,1.2900000000008731,TRAIL_SL,3.0499999999992724,4417.545,2026-08-11T04:26:00+00:00,4419.07,XAUUSD.ecn,4416.02,4409.920000000002,0.4,4.0,True,1786422360
False,BUY,4432.950000000001,4432.950000000001,4426.74,4442.52,1.3500000000003638,0.18060836501914224,0.9500000000007276,TRAIL_SL,5.260000000000218,4429.37,2026-08-11T05:16:00+00:00,4426.74,XAUUSD.ecn,4432.0,4442.52,0.4,4.0,True,1786425360
False,BUY,4416.71,4416.71,4412.93,4422.92,0.8499999999994543,0.13513513513508346,0.4499999999998181,TRAIL_SL,3.3299999999999272,4414.595,2026-08-11T06:21:00+00:00,4412.93,XAUUSD.ecn,4416.26,4422.92,0.4,4.0,True,1786429260
False,BUY,4420.150000000001,4420.150000000001,4415.36,4423.910000000001,2.3400000000001455,0.6807017543860567,1.9400000000005093,TRAIL_SL,2.850000000000364,4416.785,2026-08-11T06:28:00+00:00,4415.36,XAUUSD.ecn,4418.21,4423.910000000001,0.4,4.0,True,1786429680
False,BUY,4418.09,4418.09,4416.44,4420.490000000001,0.6999999999998181,0.22222222222229707,0.3000000000001819,TRAIL_SL,1.3500000000003638,4417.115,2026-08-11T07:03:00+00:00,4416.44,XAUUSD.ecn,4417.79,4420.490000000001,0.4,4.0,True,1786431780
False,SELL,4413.219999999999,4413.219999999999,4418.04,4405.4400000000005,1.0200000000004366,0.14761904761924458,0.6200000000008004,TRAIL_SL,4.199999999999818,4415.9400000000005,2026-08-11T07:12:00+00:00,4418.04,XAUUSD.ecn,4413.84,4405.4400000000005,0.4,4.0,True,1786432320
True,BUY,,4415.9400000000005,4411.37,4412.12,4.720000000000255,,,SL_AND_TP_SAME_BAR,0.25,4411.495,2026-08-11T07:30:00+00:00,4411.37,XAUUSD.ecn,4411.62,4412.12,0.4,4.0,True,1786433400
False,SELL,4406.589999999999,4406.589999999999,4410.55,4403.200000000001,1.910000000000764,0.616326530612751,1.5100000000011278,TRAIL_SL,2.449999999999818,4409.325000000001,2026-08-11T07:53:00+00:00,4410.55,XAUUSD.ecn,4408.1,4403.200000000001,0.4,4.0,True,1786434780
False,SELL,4401.879999999999,4401.879999999999,4406.13,4395.420000000001,1.0800000000008367,0.1904761904765423,0.6800000000012005,TRAIL_SL,3.569999999999709,4404.345,2026-08-11T08:13:00+00:00,4406.13,XAUUSD.ecn,4402.56,4395.420000000001,0.4,4.0,True,1786435980
False,SELL,4362.2,4362.2,4366.77,4356.24,1.4600000000000364,0.30199430199439725,1.0600000000004002,TRAIL_SL,3.5100000000002183,4365.015,2026-08-11T09:55:00+00:00,4366.77,XAUUSD.ecn,4363.26,4356.24,0.4,4.0,True,1786442100
False,BUY,4365.150000000001,4365.150000000001,4356.78,4373.820000000001,3.0900000000001455,0.4735915492958401,2.6900000000005093,TRAIL_SL,5.680000000000291,4359.62,2026-08-11T11:05:00+00:00,4356.78,XAUUSD.ecn,4362.46,4373.820000000001,0.4,4.0,True,1786446300
False,BUY,4370.9800000000005,4370.9800000000005,4363.93,4378.42,2.619999999999891,0.45962732919260624,2.2200000000002547,TRAIL_SL,4.829999999999927,4366.345,2026-08-11T11:33:00+00:00,4363.93,XAUUSD.ecn,4368.76,4378.42,0.4,4.0,True,1786447980
False,BUY,4381.47,4381.47,4372.76,4389.349999999999,3.5799999999999272,0.5750452079566795,3.180000000000291,TRAIL_SL,5.529999999999745,4375.525,2026-08-11T13:27:00+00:00,4372.76,XAUUSD.ecn,4378.29,4389.349999999999,0.4,4.0,True,1786454820
False,SELL,4385.0599999999995,4385.0599999999995,4388.25,4384.02,2.180000000000291,1.2624113475183252,1.7800000000006548,TRAIL_SL,1.4099999999998545,4387.545,2026-08-11T15:03:00+00:00,4388.25,XAUUSD.ecn,4386.84,4384.02,0.4,4.0,True,1786460580
False,BUY,4397.18,4397.18,4393.96,4400.679999999999,1.3800000000001091,0.43750000000025374,0.9800000000004729,TRAIL_SL,2.2399999999997817,4395.08,2026-08-11T15:46:00+00:00,4393.96,XAUUSD.ecn,4396.2,4400.679999999999,0.4,4.0,True,1786463160
False,BUY,4398.910000000001,4398.910000000001,4395.2,4403.96,1.1900000000005093,0.27054794520577174,0.7900000000008731,TRAIL_SL,2.9200000000000728,4396.66,2026-08-11T16:12:00+00:00,4395.2,XAUUSD.ecn,4398.12,4403.96,0.4,4.0,True,1786464720
False,SELL,4392.98,4392.98,4399.31,4382.06,0.9800000000004729,0.10086956521753683,0.5800000000008367,TRAIL_SL,5.75,4396.435,2026-08-11T16:17:00+00:00,4399.31,XAUUSD.ecn,4393.56,4382.06,0.4,4.0,True,1786465020
False,SELL,4395.03,4395.03,4398.35,4389.619999999998,0.8099999999994907,0.14089347079029102,0.4099999999998545,TRAIL_SL,2.910000000000764,4396.895,2026-08-11T16:36:00+00:00,4398.35,XAUUSD.ecn,4395.44,4389.619999999998,0.4,4.0,True,1786466160
False,BUY,4392.39,4392.39,4386.33,4397.7300000000005,2.6599999999998545,0.5947368421052921,2.2600000000002183,TRAIL_SL,3.800000000000182,4388.23,2026-08-11T17:37:00+00:00,4386.33,XAUUSD.ecn,4390.13,4397.7300000000005,0.4,4.0,True,1786469820
False,SELL,4393.379999999999,4393.379999999999,4397.47,4388.35,1.4500000000007276,0.3453947368424684,1.0500000000010914,TRAIL_SL,3.0399999999999636,4395.950000000001,2026-08-11T17:59:00+00:00,4397.47,XAUUSD.ecn,4394.43,4388.35,0.4,4.0,True,1786471140
False,BUY,4383.280000000001,4383.280000000001,4379.73,4388.190000000001,1.1300000000001091,0.2588652482270613,0.7300000000004729,TRAIL_SL,2.8200000000006185,4381.139999999999,2026-08-11T19:01:00+00:00,4379.73,XAUUSD.ecn,4382.55,4388.190000000001,0.4,4.0,True,1786474860
False,SELL,4380.61,4380.61,4384.18,4375.2699999999995,1.0,0.20202020202030718,0.6000000000003638,TRAIL_SL,2.9700000000002547,4382.695,2026-08-11T20:24:00+00:00,4384.18,XAUUSD.ecn,4381.21,4375.2699999999995,0.4,4.0,True,1786479840
False,SELL,4364.429999999999,4364.429999999999,4371.62,4356.650000000001,2.600000000000364,0.4408817635272192,2.2000000000007276,TRAIL_SL,4.989999999999782,4369.125,2026-08-11T21:05:00+00:00,4371.62,XAUUSD.ecn,4366.63,4356.650000000001,0.4,4.0,True,1786482300
False,BUY,4369.2300000000005,4369.2300000000005,4364.75,4377.560000000001,0.6099999999996726,0.04918032786885595,0.21000000000003638,TRAIL_SL,4.270000000000437,4366.885,2026-08-11T21:40:00+00:00,4364.75,XAUUSD.ecn,4369.02,4377.560000000001,0.4,4.0,True,1786484400
False,BUY,4370.620000000001,4370.620000000001,4366.55,4377.950000000001,0.6700000000000728,0.07105263157905885,0.27000000000043656,TRAIL_SL,3.800000000000182,4368.450000000001,2026-08-11T22:59:00+00:00,4366.55,XAUUSD.ecn,4370.35,4377.950000000001,0.4,4.0,True,1786489140
False,SELL,4367.87,4367.87,4372.17,4360.499999999999,0.8099999999994907,0.10539845758350128,0.4099999999998545,TRAIL_SL,3.8900000000003274,4370.225,2026-08-12T02:37:00+00:00,4372.17,XAUUSD.ecn,4368.28,4360.499999999999,0.4,4.0,True,1786502220
True,SELL,,4368.629999999999,4371.41,4369.220000000001,2.4500000000007276,,,SL_AND_TP_SAME_BAR,0.7299999999995634,4371.045,2026-08-12T03:03:00+00:00,4371.41,XAUUSD.ecn,4370.68,4369.220000000001,0.4,4.0,True,1786503780
False,BUY,4396.6,4396.6,4391.08,4403.409999999999,1.8100000000004002,0.3430656934308701,1.410000000000764,TRAIL_SL,4.109999999999673,4393.135,2026-08-12T04:52:00+00:00,4391.08,XAUUSD.ecn,4395.19,4403.409999999999,0.4,4.0,True,1786510320
False,SELL,4410.19,4410.19,4414.28,4403.629999999999,0.9399999999995998,0.15211267605631998,0.5399999999999636,TRAIL_SL,3.550000000000182,4412.504999999999,2026-08-12T06:06:00+00:00,4414.28,XAUUSD.ecn,4410.73,4403.629999999999,0.4,4.0,True,1786514760
False,SELL,4406.679999999999,4406.679999999999,4414.07,4393.46,0.9200000000000728,0.07569141193601817,0.5200000000004366,TRAIL_SL,6.869999999999891,4410.635,2026-08-12T06:23:00+00:00,4414.07,XAUUSD.ecn,4407.2,4393.46,0.4,4.0,True,1786515780
False,BUY,4401.31,4401.31,4397.18,4409.15,0.5399999999999636,0.035087719298329594,0.14000000000032742,TRAIL_SL,3.9899999999997817,4399.175,2026-08-12T07:50:00+00:00,4397.18,XAUUSD.ecn,4401.17,4409.15,0.4,4.0,True,1786521000
False,SELL,4386.719999999999,4386.719999999999,4393.04,4380.889999999999,2.6700000000000728,0.5604938271605765,2.2700000000004366,TRAIL_SL,4.050000000000182,4391.014999999999,2026-08-12T09:04:00+00:00,4393.04,XAUUSD.ecn,4388.99,4380.889999999999,0.4,4.0,True,1786525440
False,BUY,4396.410000000001,4396.410000000001,4388.68,4410.009999999999,1.0200000000004366,0.0872011251759253,0.6200000000008004,TRAIL_SL,7.109999999999673,4392.235000000001,2026-08-12T09:42:00+00:00,4388.68,XAUUSD.ecn,4395.79,4410.009999999999,0.4,4.0,True,1786527720
False,SELL,4398.58,4398.58,4406.01,4387.38,1.6199999999998909,0.19645732689214937,1.2200000000002547,TRAIL_SL,6.210000000000036,4402.905000000001,2026-08-12T10:19:00+00:00,4406.01,XAUUSD.ecn,4399.8,4387.38,0.4,4.0,True,1786529940
False,BUY,4415.780000000001,4415.780000000001,4411.65,4420.56,1.5600000000004002,0.39057239057261434,1.160000000000764,TRAIL_SL,2.9700000000002547,4413.135,2026-08-12T12:59:00+00:00,4411.65,XAUUSD.ecn,4414.62,4420.56,0.4,4.0,True,1786539540
False,SELL,4413.94,4413.94,4416.31,4412.319999999998,1.4399999999995998,0.7819548872175258,1.0399999999999636,TRAIL_SL,1.3300000000008367,4415.645,2026-08-12T13:40:00+00:00,4416.31,XAUUSD.ecn,4414.98,4412.319999999998,0.4,4.0,True,1786542000
False,SELL,4410.2,4410.2,4415.6,4401.44,1.0799999999999272,0.14406779661022337,0.680000000000291,TRAIL_SL,4.720000000000255,4413.24,2026-08-12T13:52:00+00:00,4415.6,XAUUSD.ecn,4410.88,4401.44,0.4,4.0,True,1786542720
False,SELL,4424.49,4424.49,4430.77,4414.029999999998,1.0999999999994543,0.1254480286737837,0.6999999999998181,TRAIL_SL,5.580000000000837,4427.98,2026-08-12T16:16:00+00:00,4430.77,XAUUSD.ecn,4425.19,4414.029999999998,0.4,4.0,True,1786551360
False,BUY,4433.450000000001,4433.450000000001,4429.28,4440.05,0.9800000000004729,0.1615598885796137,0.5800000000008367,TRAIL_SL,3.5900000000001455,4431.075,2026-08-12T17:13:00+00:00,4429.28,XAUUSD.ecn,4432.87,4440.05,0.4,4.0,True,1786554780
False,SELL,4421.83,4421.83,4432.54,4406.65,2.4799999999995634,0.2410196987253651,2.0799999999999272,TRAIL_SL,8.63000000000011,4428.225,2026-08-12T17:49:00+00:00,4432.54,XAUUSD.ecn,4423.91,4406.65,0.4,4.0,True,1786556940
False,BUY,4426.43,4426.43,4421.58,4434.240000000001,1.0299999999997453,0.1492890995260832,0.6300000000001091,TRAIL_SL,4.220000000000255,4423.6900000000005,2026-08-12T18:14:00+00:00,4421.58,XAUUSD.ecn,4425.8,4434.240000000001,0.4,4.0,True,1786558440
False,SELL,4419.86,4419.86,4423.3,4416.339999999998,1.519999999999527,0.48275862068947945,1.1199999999998909,TRAIL_SL,2.3200000000006185,4422.139999999999,2026-08-12T18:37:00+00:00,4423.3,XAUUSD.ecn,4420.98,4416.339999999998,0.4,4.0,True,1786559820
False,BUY,4425.370000000001,4425.370000000001,4411.96,4436.890000000001,5.5,0.6137184115523608,5.100000000000364,TRAIL_SL,8.3100000000004,4416.115,2026-08-12T19:00:00+00:00,4411.96,XAUUSD.ecn,4420.27,4436.890000000001,0.4,4.0,True,1786561200
False,SELL,4421.0199999999995,4421.0199999999995,4425.77,4414.909999999998,1.5299999999997453,0.3121546961325578,1.1300000000001091,TRAIL_SL,3.6200000000008004,4423.96,2026-08-12T19:05:00+00:00,4425.77,XAUUSD.ecn,4422.15,4414.909999999998,0.4,4.0,True,1786561500
False,SELL,4400.929999999999,4400.929999999999,4405.55,4393.609999999999,1.0399999999999636,0.16080402010056566,0.6400000000003274,TRAIL_SL,3.980000000000473,4403.5599999999995,2026-08-12T20:56:00+00:00,4405.55,XAUUSD.ecn,4401.57,4393.609999999999,0.4,4.0,True,1786568160
False,BUY,4405.46,4405.46,4398.46,4418.890000000001,0.589999999999236,0.02790014684281772,0.18999999999959982,TRAIL_SL,6.8100000000004,4401.865,2026-08-12T21:12:00+00:00,4398.46,XAUUSD.ecn,4405.27,4418.890000000001,0.4,4.0,True,1786569120
False,BUY,4410.81,4410.81,4407.39,4412.819999999999,2.0100000000002183,0.8895027624315112,1.610000000000582,TRAIL_SL,1.8099999999994907,4408.295,2026-08-12T21:26:00+00:00,4407.39,XAUUSD.ecn,4409.2,4412.819999999999,0.4,4.0,True,1786569960
False,SELL,4399.5599999999995,4399.5599999999995,4402.72,4393.360000000001,0.4400000000005093,0.012820512820793113,0.040000000000873115,TRAIL_SL,3.119999999999891,4401.16,2026-08-13T01:28:00+00:00,4402.72,XAUUSD.ecn,4399.6,4393.360000000001,0.4,4.0,True,1786584480
False,SELL,4425.009999999999,4425.009999999999,4434.51,4418.280000000001,4.490000000000691,0.7560073937155573,4.090000000001055,TRAIL_SL,5.4099999999998545,4431.805,2026-08-13T03:30:00+00:00,4434.51,XAUUSD.ecn,4429.1,4418.280000000001,0.4,4.0,True,1786591800
False,BUY,4431.900000000001,4431.900000000001,4428.79,4437.070000000001,0.75,0.12681159420302032,0.3500000000003638,TRAIL_SL,2.7600000000002183,4430.17,2026-08-13T04:17:00+00:00,4428.79,XAUUSD.ecn,4431.55,4437.070000000001,0.4,4.0,True,1786594620
False,SELL,4422.879999999999,4422.879999999999,4434.2,4404.289999999999,1.75,0.13540621865600094,1.3500000000003638,TRAIL_SL,9.970000000000255,4429.215,2026-08-13T04:22:00+00:00,4434.2,XAUUSD.ecn,4424.23,4404.289999999999,0.4,4.0,True,1786594920
False,SELL,4411.91,4411.91,4419.19,4401.520000000001,1.7899999999999636,0.23599320882860184,1.3900000000003274,TRAIL_SL,5.889999999999418,4416.245,2026-08-13T04:48:00+00:00,4419.19,XAUUSD.ecn,4413.3,4401.520000000001,0.4,4.0,True,1786596480
False,SELL,4401.679999999999,4401.679999999999,4407.51,4399.11,3.430000000000291,1.0821428571430207,3.030000000000655,TRAIL_SL,2.800000000000182,4406.110000000001,2026-08-13T05:32:00+00:00,4407.51,XAUUSD.ecn,4404.71,4399.11,0.4,4.0,True,1786599120
False,BUY,4407.700000000001,4407.700000000001,4405.55,4409.9,1.1000000000003638,0.4827586206902175,0.7000000000007276,TRAIL_SL,1.449999999999818,4406.275,2026-08-13T06:20:00+00:00,4405.55,XAUUSD.ecn,4407.0,4409.9,0.4,4.0,True,1786602000
False,BUY,4398.08,4398.08,4393.92,4404.359999999999,1.0799999999999272,0.19540229885068286,0.680000000000291,TRAIL_SL,3.4799999999995634,4395.66,2026-08-13T07:27:00+00:00,4393.92,XAUUSD.ecn,4397.4,4404.359999999999,0.4,4.0,True,1786606020
False,BUY,4401.900000000001,4401.900000000001,4398.85,4406.35,0.9499999999998181,0.22000000000007275,0.5500000000001819,TRAIL_SL,2.5,4400.1,2026-08-13T08:16:00+00:00,4398.85,XAUUSD.ecn,4401.35,4406.35,0.4,4.0,True,1786608960
False,SELL,4397.639999999999,4397.639999999999,4407.05,4379.719999999998,0.6999999999998181,0.0329308452250453,0.3000000000001819,TRAIL_SL,9.110000000000582,4402.495,2026-08-13T08:34:00+00:00,4407.05,XAUUSD.ecn,4397.94,4379.719999999998,0.4,4.0,True,1786610040
False,SELL,4385.089999999999,4385.089999999999,4389.26,4379.660000000001,1.3700000000008004,0.303125000000381,0.9700000000011642,TRAIL_SL,3.199999999999818,4387.66,2026-08-13T08:56:00+00:00,4389.26,XAUUSD.ecn,4386.06,4379.660000000001,0.4,4.0,True,1786611360
False,SELL,4376.25,4376.25,4384.33,4368.97,3.3599999999996726,0.5781250000000194,2.9600000000000364,TRAIL_SL,5.119999999999891,4381.77,2026-08-13T09:06:00+00:00,4384.33,XAUUSD.ecn,4379.21,4368.97,0.4,4.0,True,1786611960
False,BUY,4374.13,4374.13,4372.13,4376.839999999999,0.8299999999999272,0.2738853503187075,0.43000000000029104,TRAIL_SL,1.569999999999709,4372.915,2026-08-13T10:38:00+00:00,4372.13,XAUUSD.ecn,4373.7,4376.839999999999,0.4,4.0,True,1786617480
False,BUY,4378.400000000001,4378.400000000001,4374.13,4380.280000000001,2.619999999999891,1.0829268292683207,2.2200000000002547,TRAIL_SL,2.050000000000182,4375.155000000001,2026-08-13T10:44:00+00:00,4374.13,XAUUSD.ecn,4376.18,4380.280000000001,0.4,4.0,True,1786617840
False,BUY,4377.84,4377.84,4373.74,4383.0700000000015,1.389999999999418,0.3183279742763976,0.9899999999997817,TRAIL_SL,3.110000000000582,4375.295,2026-08-13T11:50:00+00:00,4373.74,XAUUSD.ecn,4376.85,4383.0700000000015,0.4,4.0,True,1786621800
False,BUY,4380.5,4380.5,4377.66,4385.55,0.6099999999996726,0.07984790874525767,0.21000000000003638,TRAIL_SL,2.630000000000109,4378.975,2026-08-13T12:21:00+00:00,4377.66,XAUUSD.ecn,4380.29,4385.55,0.4,4.0,True,1786623660
False,BUY,4388.530000000001,4388.530000000001,4386.06,4392.06,0.8699999999998909,0.23500000000012733,0.47000000000025466,TRAIL_SL,2.0,4387.06,2026-08-13T13:40:00+00:00,4386.06,XAUUSD.ecn,4388.06,4392.06,0.4,4.0,True,1786628400
False,BUY,4393.820000000001,4393.820000000001,4391.63,4394.689999999999,1.5700000000006185,1.1470588235309067,1.1700000000009823,TRAIL_SL,1.019999999999527,4392.139999999999,2026-08-13T14:17:00+00:00,4391.63,XAUUSD.ecn,4392.65,4394.689999999999,0.4,4.0,True,1786630620
False,SELL,4384.389999999999,4384.389999999999,4385.79,4383.720000000001,1.110000000000582,1.0289855072483445,0.7100000000009459,TRAIL_SL,0.6899999999995998,4385.445,2026-08-13T14:49:00+00:00,4385.79,XAUUSD.ecn,4385.1,4383.720000000001,0.4,4.0,True,1786632540
False,SELL,4391.429999999999,4391.429999999999,4398.11,4388.0,3.7100000000000364,0.98219584569748,3.3100000000004,TRAIL_SL,3.369999999999891,4396.424999999999,2026-08-13T16:11:00+00:00,4398.11,XAUUSD.ecn,4394.74,4388.0,0.4,4.0,True,1786637460
False,SELL,4386.339999999999,4386.339999999999,4395.14,4380.049999999998,4.170000000000073,0.7495029821073451,3.7700000000004366,TRAIL_SL,5.030000000000655,4392.625,2026-08-13T16:27:00+00:00,4395.14,XAUUSD.ecn,4390.11,4380.049999999998,0.4,4.0,True,1786638420
False,BUY,4379.6900000000005,4379.6900000000005,4372.09,4386.7,3.130000000000109,0.5605749486654075,2.730000000000473,TRAIL_SL,4.869999999999891,4374.525,2026-08-13T17:42:00+00:00,4372.09,XAUUSD.ecn,4376.96,4386.7,0.4,4.0,True,1786642920
False,SELL,4358.08,4358.08,4373.96,4346.390000000001,7.0900000000001455,0.7279651795430686,6.690000000000509,TRAIL_SL,9.1899999999996,4369.365,2026-08-13T18:32:00+00:00,4373.96,XAUUSD.ecn,4364.77,4346.390000000001,0.4,4.0,True,1786645920
False,SELL,4362.0599999999995,4362.0599999999995,4366.05,4358.639999999999,1.9200000000000728,0.6153846153847287,1.5200000000004366,TRAIL_SL,2.4700000000002547,4364.8150000000005,2026-08-13T19:06:00+00:00,4366.05,XAUUSD.ecn,4363.58,4358.639999999999,0.4,4.0,True,1786647960
False,BUY,4365.320000000001,4365.320000000001,4356.77,4381.189999999999,0.8100000000004002,0.050368550368647826,0.410000000000764,TRAIL_SL,8.139999999999418,4360.84,2026-08-13T19:36:00+00:00,4356.77,XAUUSD.ecn,4364.91,4381.189999999999,0.4,4.0,True,1786649760
False,BUY,4372.71,4372.71,4366.29,4379.340000000001,2.469999999999345,0.47586206896541056,2.069999999999709,TRAIL_SL,4.350000000000364,4368.465,2026-08-13T20:09:00+00:00,4366.29,XAUUSD.ecn,4370.64,4379.340000000001,0.4,4.0,True,1786651740
False,BUY,4361.81,4361.81,4358.05,4367.889999999999,0.8800000000001091,0.1463414634147897,0.48000000000047294,TRAIL_SL,3.2799999999997453,4359.6900000000005,2026-08-13T21:15:00+00:00,4358.05,XAUUSD.ecn,4361.33,4367.889999999999,0.4,4.0,True,1786655700
False,SELL,4348.87,4348.87,4352.66,4343.2699999999995,1.0599999999994907,0.21086261980825285,0.6599999999998545,TRAIL_SL,3.130000000000109,4351.094999999999,2026-08-13T22:49:00+00:00,4352.66,XAUUSD.ecn,4349.53,4343.2699999999995,0.4,4.0,True,1786661340
False,SELL,4359.73,4359.73,4362.24,4355.670000000001,0.7200000000002547,0.14611872146149632,0.32000000000061846,TRAIL_SL,2.1899999999996,4361.145,2026-08-14T02:43:00+00:00,4362.24,XAUUSD.ecn,4360.05,4355.670000000001,0.4,4.0,True,1786675380
False,SELL,4355.12,4355.12,4360.3,4353.369999999999,3.269999999999527,1.24242424242398,2.869999999999891,TRAIL_SL,2.3100000000004,4359.145,2026-08-14T03:09:00+00:00,4360.3,XAUUSD.ecn,4357.99,4353.369999999999,0.4,4.0,True,1786676940
False,SELL,4329.759999999999,4329.759999999999,4341.47,4314.499999999998,3.119999999999891,0.30255839822024977,2.7200000000002547,TRAIL_SL,8.990000000000691,4336.975,2026-08-14T04:04:00+00:00,4341.47,XAUUSD.ecn,4332.48,4314.499999999998,0.4,4.0,True,1786680240
False,SELL,4313.379999999999,4313.379999999999,4321.93,4301.41,2.110000000000582,0.25000000000013295,1.7100000000009459,TRAIL_SL,6.8400000000001455,4318.51,2026-08-14T04:35:00+00:00,4321.93,XAUUSD.ecn,4315.09,4301.41,0.4,4.0,True,1786682100
False,SELL,4312.58,4312.58,4322.31,4303.979999999999,4.019999999999527,0.5924713584287309,3.619999999999891,TRAIL_SL,6.110000000000582,4319.255,2026-08-14T04:51:00+00:00,4322.31,XAUUSD.ecn,4316.2,4303.979999999999,0.4,4.0,True,1786683060
False,SELL,4321.129999999999,4321.129999999999,4323.42,4319.43,1.360000000000582,0.7218045112789462,0.9600000000009459,TRAIL_SL,1.3299999999999272,4322.755,2026-08-14T08:45:00+00:00,4323.42,XAUUSD.ecn,4322.09,4319.43,0.4,4.0,True,1786697100
False,SELL,4330.21,4330.21,4336.6,4321.69,1.819999999999709,0.2857142857142857,1.4200000000000728,TRAIL_SL,4.970000000000255,4334.115,2026-08-14T09:09:00+00:00,4336.6,XAUUSD.ecn,4331.63,4321.69,0.4,4.0,True,1786698540
False,BUY,4334.950000000001,4334.950000000001,4330.31,4338.079999999998,2.4500000000007276,0.7915057915064464,2.0500000000010914,TRAIL_SL,2.589999999999236,4331.605,2026-08-14T09:48:00+00:00,4330.31,XAUUSD.ecn,4332.9,4338.079999999998,0.4,4.0,True,1786700880
False,SELL,4332.23,4332.23,4334.92,4328.65,1.0,0.28708133971307276,0.6000000000003638,TRAIL_SL,2.0900000000001455,4333.875,2026-08-14T10:15:00+00:00,4334.92,XAUUSD.ecn,4332.83,4328.65,0.4,4.0,True,1786702500
False,BUY,4339.84,4339.84,4336.21,4340.860000000001,2.4799999999995634,1.3419354838707633,2.0799999999999272,TRAIL_SL,1.550000000000182,4336.985000000001,2026-08-14T10:43:00+00:00,4336.21,XAUUSD.ecn,4337.76,4340.860000000001,0.4,4.0,True,1786704180
False,SELL,4344.12,4344.12,4349.32,4335.520000000001,1.0,0.1304347826087902,0.6000000000003638,TRAIL_SL,4.599999999999454,4347.02,2026-08-14T11:46:00+00:00,4349.32,XAUUSD.ecn,4344.72,4335.520000000001,0.4,4.0,True,1786707960
False,BUY,4351.070000000001,4351.070000000001,4348.46,4354.669999999999,0.9400000000005093,0.26086956521784976,0.5400000000008731,TRAIL_SL,2.069999999999709,4349.495,2026-08-14T12:16:00+00:00,4348.46,XAUUSD.ecn,4350.53,4354.669999999999,0.4,4.0,True,1786709760
False,SELL,4349.3099999999995,4349.3099999999995,4354.19,4346.0599999999995,2.569999999999709,0.8007380073800899,2.1700000000000728,TRAIL_SL,2.7100000000000364,4352.834999999999,2026-08-14T13:30:00+00:00,4354.19,XAUUSD.ecn,4351.48,4346.0599999999995,0.4,4.0,True,1786714200
False,BUY,4355.34,4355.34,4350.67,4363.93,0.6499999999996362,0.05656108597284975,0.25,TRAIL_SL,4.420000000000073,4352.88,2026-08-14T14:22:00+00:00,4350.67,XAUUSD.ecn,4355.09,4363.93,0.4,4.0,True,1786717320
False,BUY,4367.09,4367.09,4361.47,4375.0599999999995,1.4899999999997817,0.2406181015452995,1.0900000000001455,TRAIL_SL,4.529999999999745,4363.735000000001,2026-08-14T14:54:00+00:00,4361.47,XAUUSD.ecn,4366.0,4375.0599999999995,0.4,4.0,True,1786719240
False,BUY,4380.09,4380.09,4370.99,4389.5,3.3299999999999272,0.47487844408432034,2.930000000000291,TRAIL_SL,6.170000000000073,4374.075,2026-08-14T15:23:00+00:00,4370.99,XAUUSD.ecn,4377.16,4389.5,0.4,4.0,True,1786720980
False,BUY,4385.92,4385.92,4380.96,4391.159999999999,1.9600000000000364,0.4588235294119315,1.5600000000004002,TRAIL_SL,3.399999999999636,4382.66,2026-08-14T16:26:00+00:00,4380.96,XAUUSD.ecn,4384.36,4391.159999999999,0.4,4.0,True,1786724760
True,SELL,,4388.12,4394.17,4388.8,4.6599999999998545,,,SL_AND_TP_SAME_BAR,1.7899999999999636,4393.275,2026-08-14T18:17:00+00:00,4394.17,XAUUSD.ecn,4392.38,4388.8,0.4,4.0,True,1786731420
False,SELL,4376.799999999999,4376.799999999999,4380.62,4371.23,1.0900000000001455,0.22044728434520297,0.6900000000005093,TRAIL_SL,3.130000000000109,4379.055,2026-08-14T20:49:00+00:00,4380.62,XAUUSD.ecn,4377.49,4371.23,0.4,4.0,True,1786740540
False,BUY,4376.03,4376.03,4376.03,4381.970000000001,0.1499999999996362,-1.0,-1.980000000000473,SL,1.980000000000473,4377.02,2026-08-14T22:54:00+00:00,4376.03,XAUUSD.ecn,4378.01,4381.970000000001,0.4,4.0,False,1786748040
False,SELL,4381.969999999999,4381.969999999999,4384.73,4376.690000000001,0.48000000000047294,0.029850746268975818,0.08000000000083674,TRAIL_SL,2.6799999999993815,4383.389999999999,2026-08-17T02:08:00+00:00,4384.73,XAUUSD.ecn,4382.05,4376.690000000001,0.4,4.0,True,1786932480
False,SELL,4386.87,4386.87,4388.01,4386.089999999999,0.8999999999996362,0.7812499999996003,0.5,TRAIL_SL,0.6400000000003274,4387.6900000000005,2026-08-17T03:24:00+00:00,4388.01,XAUUSD.ecn,4387.37,4386.089999999999,0.4,4.0,True,1786937040
False,SELL,4405.74,4405.74,4411.56,4399.56,2.2200000000002547,0.4550000000001546,1.8200000000006185,TRAIL_SL,4.0,4409.56,2026-08-17T04:11:00+00:00,4411.56,XAUUSD.ecn,4407.56,4399.56,0.4,4.0,True,1786939860
False,SELL,4396.129999999999,4396.129999999999,4400.51,4388.780000000001,0.8700000000008004,0.12020460358086488,0.47000000000116415,TRAIL_SL,3.9099999999998545,4398.555,2026-08-17T04:52:00+00:00,4400.51,XAUUSD.ecn,4396.6,4388.780000000001,0.4,4.0,True,1786942320
False,BUY,4397.27,4397.27,4390.95,4402.6500000000015,2.819999999999709,0.6205128205127524,2.4200000000000728,TRAIL_SL,3.9000000000005457,4392.9,2026-08-17T05:29:00+00:00,4390.95,XAUUSD.ecn,4394.85,4402.6500000000015,0.4,4.0,True,1786944540
False,SELL,4390.37,4390.37,4394.11,4388.3200000000015,2.2100000000000364,0.937823834197399,1.8100000000004002,TRAIL_SL,1.9299999999993815,4393.145,2026-08-17T08:00:00+00:00,4394.11,XAUUSD.ecn,4392.18,4388.3200000000015,0.4,4.0,True,1786953600
False,SELL,4395.12,4395.12,4398.19,4390.33,0.8499999999994543,0.17175572519077742,0.4499999999998181,TRAIL_SL,2.619999999999891,4396.879999999999,2026-08-17T08:37:00+00:00,4398.19,XAUUSD.ecn,4395.57,4390.33,0.4,4.0,True,1786955820
False,BUY,4407.09,4407.09,4399.13,4415.809999999999,2.800000000000182,0.4316546762591305,2.4000000000005457,TRAIL_SL,5.559999999999491,4401.91,2026-08-17T10:31:00+00:00,4399.13,XAUUSD.ecn,4404.69,4415.809999999999,0.4,4.0,True,1786962660
False,BUY,4409.52,4409.52,4406.92,4413.820000000001,0.6999999999998181,0.13043478260876443,0.3000000000001819,TRAIL_SL,2.300000000000182,4408.07,2026-08-17T10:44:00+00:00,4406.92,XAUUSD.ecn,4409.22,4413.820000000001,0.4,4.0,True,1786963440
False,SELL,4398.679999999999,4398.679999999999,4405.63,4386.88,1.1000000000003638,0.11200000000011641,0.7000000000007276,TRAIL_SL,6.25,4402.505,2026-08-17T11:08:00+00:00,4405.63,XAUUSD.ecn,4399.38,4386.88,0.4,4.0,True,1786964880
False,SELL,4393.07,4393.07,4396.95,4388.490000000001,1.4600000000000364,0.3758865248228757,1.0600000000004002,TRAIL_SL,2.819999999999709,4395.54,2026-08-17T13:28:00+00:00,4396.95,XAUUSD.ecn,4394.13,4388.490000000001,0.4,4.0,True,1786973280
False,BUY,4407.08,4407.08,4394.66,4414.730000000001,6.1299999999992,0.856502242152336,5.729999999999563,TRAIL_SL,6.690000000000509,4398.005,2026-08-17T16:54:00+00:00,4394.66,XAUUSD.ecn,4401.35,4414.730000000001,0.4,4.0,True,1786985640
False,SELL,4424.219999999999,4424.219999999999,4427.69,4419.290000000002,1.0700000000006185,0.23928571428612727,0.6700000000009823,TRAIL_SL,2.7999999999992724,4426.29,2026-08-17T19:29:00+00:00,4427.69,XAUUSD.ecn,4424.89,4419.290000000002,0.4,4.0,True,1786994940
False,SELL,4422.179999999999,4422.179999999999,4426.03,4415.200000000001,0.6400000000003274,0.0664819944600313,0.24000000000069122,TRAIL_SL,3.6099999999996726,4424.225,2026-08-17T20:09:00+00:00,4426.03,XAUUSD.ecn,4422.42,4415.200000000001,0.4,4.0,True,1786997340
False,SELL,4414.299999999999,4414.299999999999,4419.81,4412.639999999999,3.5200000000004366,1.305439330544089,3.1200000000008004,TRAIL_SL,2.3900000000003274,4418.615,2026-08-17T20:25:00+00:00,4419.81,XAUUSD.ecn,4417.42,4412.639999999999,0.4,4.0,True,1786998300
False,BUY,4420.160000000001,4420.160000000001,4412.25,4430.400000000001,2.2600000000002183,0.3074380165290126,1.860000000000582,TRAIL_SL,6.050000000000182,4415.275,2026-08-17T20:49:00+00:00,4412.25,XAUUSD.ecn,4418.3,4430.400000000001,0.4,4.0,True,1786999740
False,SELL,4414.08,4414.08,4415.85,4410.629999999998,0.42999999999938154,0.017241379310191624,0.02999999999974534,TRAIL_SL,1.7400000000006912,4414.98,2026-08-17T21:22:00+00:00,4415.85,XAUUSD.ecn,4414.11,4410.629999999998,0.4,4.0,True,1787001720
False,SELL,4408.0599999999995,4408.0599999999995,4415.39,4398.5,2.100000000000364,0.30195381882783207,1.7000000000007276,TRAIL_SL,5.630000000000109,4412.575000000001,2026-08-17T21:26:00+00:00,4415.39,XAUUSD.ecn,4409.76,4398.5,0.4,4.0,True,1787001960
False,SELL,4402.389999999999,4402.389999999999,4404.81,4398.2699999999995,0.6400000000003274,0.11009174311956843,0.24000000000069122,TRAIL_SL,2.180000000000291,4403.72,2026-08-17T21:46:00+00:00,4404.81,XAUUSD.ecn,4402.63,4398.2699999999995,0.4,4.0,True,1787003160
False,BUY,4406.96,4406.96,4401.99,4411.23,2.2899999999999636,0.6136363636364844,1.8900000000003274,TRAIL_SL,3.0799999999999272,4403.53,2026-08-17T21:51:00+00:00,4401.99,XAUUSD.ecn,4405.07,4411.23,0.4,4.0,True,1787003460
False,SELL,4417.469999999999,4417.469999999999,4419.18,4415.009999999999,0.7200000000002547,0.2302158273385202,0.32000000000061846,TRAIL_SL,1.3900000000003274,4418.485000000001,2026-08-17T23:07:00+00:00,4419.18,XAUUSD.ecn,4417.79,4415.009999999999,0.4,4.0,True,1787008020
False,SELL,4415.379999999999,4415.379999999999,4417.33,4412.110000000001,0.6100000000005821,0.12068965517297255,0.21000000000094587,TRAIL_SL,1.7399999999997817,4416.46,2026-08-17T23:32:00+00:00,4417.33,XAUUSD.ecn,4415.59,4412.110000000001,0.4,4.0,True,1787009520
False,SELL,4412.12,4412.12,4415.41,4407.9400000000005,1.199999999999818,0.3212851405623502,0.8000000000001819,TRAIL_SL,2.4899999999997817,4414.165,2026-08-18T01:29:00+00:00,4415.41,XAUUSD.ecn,4412.92,4407.9400000000005,0.4,4.0,True,1787016540
False,BUY,4413.6,4413.6,4412.24,4415.150000000001,0.7899999999999636,0.4020618556703351,0.3900000000003274,TRAIL_SL,0.9700000000002547,4412.725,2026-08-18T01:38:00+00:00,4412.24,XAUUSD.ecn,4413.21,4415.150000000001,0.4,4.0,True,1787017080
False,BUY,4419.780000000001,4419.780000000001,4416.29,4426.070000000001,0.6300000000001091,0.07055214723940416,0.23000000000047294,TRAIL_SL,3.2600000000002183,4417.92,2026-08-18T02:28:00+00:00,4416.29,XAUUSD.ecn,4419.55,4426.070000000001,0.4,4.0,True,1787020080
False,SELL,4404.67,4404.67,4417.92,4400.460000000001,7.829999999999927,1.276632302405612,7.430000000000291,TRAIL_SL,5.819999999999709,4415.01,2026-08-18T04:47:00+00:00,4417.92,XAUUSD.ecn,4412.1,4400.460000000001,0.4,4.0,True,1787028420
False,SELL,4401.349999999999,4401.349999999999,4408.16,4393.249999999999,2.2399999999997817,0.37022132796781715,1.8400000000001455,TRAIL_SL,4.970000000000255,4405.674999999999,2026-08-18T05:03:00+00:00,4408.16,XAUUSD.ecn,4403.19,4393.249999999999,0.4,4.0,True,1787029380
False,SELL,4397.29,4397.29,4401.76,4391.74,1.5299999999997453,0.3383233532934311,1.1300000000001091,TRAIL_SL,3.3400000000001455,4400.09,2026-08-18T05:36:00+00:00,4401.76,XAUUSD.ecn,4398.42,4391.74,0.4,4.0,True,1787031360
False,BUY,4403.660000000001,4403.660000000001,4399.39,4404.61,2.930000000000291,1.4540229885063058,2.530000000000655,TRAIL_SL,1.7399999999997817,4400.26,2026-08-18T06:03:00+00:00,4399.39,XAUUSD.ecn,4401.13,4404.61,0.4,4.0,True,1787032980
False,SELL,4391.24,4391.24,4394.12,4387.61,1.1099999999996726,0.3271889400921717,0.7100000000000364,TRAIL_SL,2.1700000000000728,4393.035,2026-08-18T08:12:00+00:00,4394.12,XAUUSD.ecn,4391.95,4387.61,0.4,4.0,True,1787040720
False,SELL,4388.53,4388.53,4393.41,4380.18,0.8699999999998909,0.10657596371888213,0.47000000000025466,TRAIL_SL,4.4099999999998545,4391.205,2026-08-18T08:32:00+00:00,4393.41,XAUUSD.ecn,4389.0,4380.18,0.4,4.0,True,1787041920
False,SELL,4398.79,4398.79,4402.43,4396.459999999998,2.0499999999992724,0.8291457286427453,1.6499999999996362,TRAIL_SL,1.9900000000006912,4401.4349999999995,2026-08-18T10:51:00+00:00,4402.43,XAUUSD.ecn,4400.44,4396.459999999998,0.4,4.0,True,1787050260
False,SELL,4387.5,4387.5,4391.8,4382.830000000001,1.7100000000000364,0.43812709030116914,1.3100000000004002,TRAIL_SL,2.9899999999997817,4390.305,2026-08-18T12:45:00+00:00,4391.8,XAUUSD.ecn,4388.81,4382.830000000001,0.4,4.0,True,1787057100
False,SELL,4390.19,4390.19,4395.56,4385.089999999998,2.2799999999997453,0.5386819484239933,1.8800000000001091,TRAIL_SL,3.490000000000691,4393.8150000000005,2026-08-18T13:25:00+00:00,4395.56,XAUUSD.ecn,4392.07,4385.089999999998,0.4,4.0,True,1787059500
False,BUY,4393.4400000000005,4393.4400000000005,4390.66,4398.28,0.6400000000003274,0.09448818897665144,0.24000000000069122,TRAIL_SL,2.5399999999999636,4391.93,2026-08-18T15:00:00+00:00,4390.66,XAUUSD.ecn,4393.2,4398.28,0.4,4.0,True,1787065200
False,BUY,4394.5,4394.5,4392.48,4398.450000000002,0.42999999999938154,0.015075376884288906,0.02999999999974534,TRAIL_SL,1.9900000000006912,4393.475,2026-08-18T15:06:00+00:00,4392.48,XAUUSD.ecn,4394.47,4398.450000000002,0.4,4.0,True,1787065560
False,BUY,4398.64,4398.64,4391.59,4408.179999999999,1.9200000000000728,0.2748643761302905,1.5200000000004366,TRAIL_SL,5.529999999999745,4394.355,2026-08-18T15:23:00+00:00,4391.59,XAUUSD.ecn,4397.12,4408.179999999999,0.4,4.0,True,1787066580
False,SELL,4393.71,4393.71,4398.99,4389.930000000001,2.6599999999998545,0.7483443708611166,2.2600000000002183,TRAIL_SL,3.019999999999527,4397.48,2026-08-18T15:29:00+00:00,4398.99,XAUUSD.ecn,4395.97,4389.930000000001,0.4,4.0,True,1787066940
False,SELL,4390.62,4390.62,4395.94,4382.140000000001,1.1199999999998909,0.1565217391305087,0.7200000000002547,TRAIL_SL,4.599999999999454,4393.639999999999,2026-08-18T16:10:00+00:00,4395.94,XAUUSD.ecn,4391.34,4382.140000000001,0.4,4.0,True,1787069400
False,BUY,4404.160000000001,4404.160000000001,4392.79,4421.109999999999,2.3300000000008367,0.20444915254250873,1.9300000000012005,TRAIL_SL,9.4399999999996,4397.51,2026-08-18T17:04:00+00:00,4392.79,XAUUSD.ecn,4402.23,4421.109999999999,0.4,4.0,True,1787072640
False,SELL,4383.389999999999,4383.389999999999,4388.22,4378.2,1.8900000000003274,0.44610778443132526,1.4900000000006912,TRAIL_SL,3.3400000000001455,4386.55,2026-08-18T17:41:00+00:00,4388.22,XAUUSD.ecn,4384.88,4378.2,0.4,4.0,True,1787074860
False,SELL,4367.7699999999995,4367.7699999999995,4377.93,4360.200000000001,4.650000000000546,0.7191201353639618,4.2500000000009095,TRAIL_SL,5.9099999999998545,4374.975,2026-08-18T18:00:00+00:00,4377.93,XAUUSD.ecn,4372.02,4360.200000000001,0.4,4.0,True,1787076000
False,BUY,4364.6,4364.6,4356.62,4365.86,5.300000000000182,1.5909090909093058,4.900000000000546,TRAIL_SL,3.0799999999999272,4358.16,2026-08-18T18:47:00+00:00,4356.62,XAUUSD.ecn,4359.7,4365.86,0.4,4.0,True,1787078820
False,BUY,4369.120000000001,4369.120000000001,4364.03,4373.210000000001,2.430000000000291,0.6633986928105847,2.030000000000655,TRAIL_SL,3.0600000000004,4365.5599999999995,2026-08-18T19:05:00+00:00,4364.03,XAUUSD.ecn,4367.09,4373.210000000001,0.4,4.0,True,1787079900
False,BUY,4370.25,4370.25,4366.85,4374.08,1.389999999999418,0.41078838174267285,0.9899999999997817,TRAIL_SL,2.4099999999998545,4368.055,2026-08-18T19:10:00+00:00,4366.85,XAUUSD.ecn,4369.26,4374.08,0.4,4.0,True,1787080200
False,SELL,4358.969999999999,4358.969999999999,4364.9,4351.55,1.8800000000001091,0.3325842696630412,1.480000000000473,TRAIL_SL,4.449999999999818,4362.674999999999,2026-08-18T20:46:00+00:00,4364.9,XAUUSD.ecn,4360.45,4351.55,0.4,4.0,True,1787085960
False,BUY,4357.780000000001,4357.780000000001,4352.87,4365.3200000000015,1.1599999999998545,0.18313253012051045,0.7600000000002183,TRAIL_SL,4.150000000000546,4354.945,2026-08-18T21:16:00+00:00,4352.87,XAUUSD.ecn,4357.02,4365.3200000000015,0.4,4.0,True,1787087760
False,SELL,4356.8099999999995,4356.8099999999995,4359.33,4353.750000000001,1.0600000000004002,0.35483870967789255,0.660000000000764,TRAIL_SL,1.8599999999996726,4358.4,2026-08-18T21:24:00+00:00,4359.33,XAUUSD.ecn,4357.47,4353.750000000001,0.4,4.0,True,1787088240
False,SELL,4342.5,4342.5,4352.12,4335.949999999999,4.6299999999992,0.7847866419293704,4.229999999999563,TRAIL_SL,5.390000000000327,4349.424999999999,2026-08-18T22:50:00+00:00,4352.12,XAUUSD.ecn,4346.73,4335.949999999999,0.4,4.0,True,1787093400
False,BUY,4338.18,4338.18,4336.57,4339.870000000001,0.9099999999998545,0.46363636363640875,0.5100000000002183,TRAIL_SL,1.1000000000003638,4337.12,2026-08-18T23:36:00+00:00,4336.57,XAUUSD.ecn,4337.67,4339.870000000001,0.4,4.0,True,1787096160
False,SELL,4331.87,4331.87,4336.95,4325.97,1.819999999999709,0.387978142076538,1.4200000000000728,TRAIL_SL,3.6599999999998545,4335.12,2026-08-18T23:45:00+00:00,4336.95,XAUUSD.ecn,4333.29,4325.97,0.4,4.0,True,1787096700
False,SELL,4332.94,4332.94,4338.18,4326.93,1.8900000000003274,0.39733333333351767,1.4900000000006912,TRAIL_SL,3.75,4336.305,2026-08-19T02:13:00+00:00,4338.18,XAUUSD.ecn,4334.43,4326.93,0.4,4.0,True,1787105580
False,BUY,4337.2300000000005,4337.2300000000005,4332.25,4341.49,2.300000000000182,0.6168831168833087,1.9000000000005457,TRAIL_SL,3.0799999999999272,4333.79,2026-08-19T03:04:00+00:00,4332.25,XAUUSD.ecn,4335.33,4341.49,0.4,4.0,True,1787108640
False,SELL,4336.23,4336.23,4346.27,4330.339999999999,5.130000000000109,0.8907721280602856,4.730000000000473,TRAIL_SL,5.3100000000004,4343.615,2026-08-19T04:18:00+00:00,4346.27,XAUUSD.ecn,4340.96,4330.339999999999,0.4,4.0,True,1787113080
False,BUY,4357.89,4357.89,4353.89,4362.62,1.4899999999997817,0.3745704467354639,1.0900000000001455,TRAIL_SL,2.9099999999998545,4355.345,2026-08-19T06:29:00+00:00,4353.89,XAUUSD.ecn,4356.8,4362.62,0.4,4.0,True,1787120940
False,SELL,4338.65,4338.65,4347.77,4324.61,1.800000000000182,0.18134715025913206,1.4000000000005457,TRAIL_SL,7.720000000000255,4343.91,2026-08-19T08:14:00+00:00,4347.77,XAUUSD.ecn,4340.05,4324.61,0.4,4.0,True,1787127240
False,BUY,4361.08,4361.08,4356.67,4368.67,0.8099999999994907,0.10249999999996362,0.4099999999998545,TRAIL_SL,4.0,4358.67,2026-08-19T11:12:00+00:00,4356.67,XAUUSD.ecn,4360.67,4368.67,0.4,4.0,True,1787137920
False,BUY,4360.25,4360.25,4356.52,4364.14,1.589999999999236,0.4685039370077232,1.1899999999995998,TRAIL_SL,2.5399999999999636,4357.790000000001,2026-08-19T11:39:00+00:00,4356.52,XAUUSD.ecn,4359.06,4364.14,0.4,4.0,True,1787139540
False,BUY,4357.320000000001,4357.320000000001,4355.01,4361.939999999999,0.4000000000005457,3.9372065011823754e-13,9.094947017729282e-13,TRAIL_SL,2.3099999999994907,4356.165,2026-08-19T12:05:00+00:00,4355.01,XAUUSD.ecn,4357.32,4361.939999999999,0.4,4.0,True,1787141100
False,BUY,4372.450000000001,4372.450000000001,4369.61,4376.450000000002,0.9600000000000364,0.24561403508782428,0.5600000000004002,TRAIL_SL,2.280000000000655,4370.75,2026-08-19T14:07:00+00:00,4369.61,XAUUSD.ecn,4371.89,4376.450000000002,0.4,4.0,True,1787148420
False,BUY,4370.6900000000005,4370.6900000000005,4366.46,4375.429999999999,1.6400000000003274,0.4147157190638066,1.2400000000006912,TRAIL_SL,2.9899999999997817,4367.955,2026-08-19T15:23:00+00:00,4366.46,XAUUSD.ecn,4369.45,4375.429999999999,0.4,4.0,True,1787152980
False,BUY,4454.88,4454.88,4445.1,4464.21,3.8099999999994907,0.535321821036093,3.4099999999998545,TRAIL_SL,6.369999999999891,4448.285,2026-08-19T16:54:00+00:00,4445.1,XAUUSD.ecn,4451.47,4464.21,0.4,4.0,True,1787158440
False,BUY,4485.700000000001,4485.700000000001,4478.45,4492.46,2.980000000000473,0.5524625267667659,2.5800000000008367,TRAIL_SL,4.670000000000073,4480.785,2026-08-19T17:53:00+00:00,4478.45,XAUUSD.ecn,4483.12,4492.46,0.4,4.0,True,1787161980
False,SELL,4479.94,4479.94,4485.38,4475.420000000001,2.5200000000004366,0.6385542168677669,2.1200000000008004,TRAIL_SL,3.319999999999709,4483.72,2026-08-19T18:26:00+00:00,4485.38,XAUUSD.ecn,4482.06,4475.420000000001,0.4,4.0,True,1787163960
False,BUY,4496.120000000001,4496.120000000001,4485.24,4507.98,3.7000000000007276,0.4353562005278526,3.3000000000010914,TRAIL_SL,7.579999999999927,4489.03,2026-08-19T21:04:00+00:00,4485.24,XAUUSD.ecn,4492.82,4507.98,0.4,4.0,True,1787173440
False,BUY,4479.990000000001,4479.990000000001,4476.2,4486.1,0.8900000000003274,0.14848484848504975,0.4900000000006912,TRAIL_SL,3.300000000000182,4477.85,2026-08-19T21:36:00+00:00,4476.2,XAUUSD.ecn,4479.5,4486.1,0.4,4.0,True,1787175360
False,BUY,4505.01,4505.01,4495.26,4515.99,3.2399999999997817,0.4109985528220268,2.8400000000001455,TRAIL_SL,6.9099999999998545,4498.715,2026-08-19T22:11:00+00:00,4495.26,XAUUSD.ecn,4502.17,4515.99,0.4,4.0,True,1787177460
False,BUY,4511.55,4511.55,4505.21,4519.519999999999,1.9700000000002547,0.3291404612160952,1.5700000000006185,TRAIL_SL,4.769999999999527,4507.594999999999,2026-08-19T22:51:00+00:00,4505.21,XAUUSD.ecn,4509.98,4519.519999999999,0.4,4.0,True,1787179860
False,BUY,4522.72,4522.72,4519.29,4526.700000000001,1.3599999999996726,0.38866396761131067,0.9600000000000364,TRAIL_SL,2.4700000000002547,4520.525,2026-08-20T02:07:00+00:00,4519.29,XAUUSD.ecn,4521.76,4526.700000000001,0.4,4.0,True,1787191620
False,SELL,4511.049999999999,4511.049999999999,4518.0,4499.790000000001,1.2800000000006548,0.14497528830330492,0.8800000000010186,TRAIL_SL,6.069999999999709,4514.965,2026-08-20T03:24:00+00:00,4518.0,XAUUSD.ecn,4511.93,4499.790000000001,0.4,4.0,True,1787196240
False,BUY,4497.160000000001,4497.160000000001,4488.54,4510.65,1.6500000000005457,0.16960651289022088,1.2500000000009095,TRAIL_SL,7.369999999999891,4492.225,2026-08-20T05:06:00+00:00,4488.54,XAUUSD.ecn,4495.91,4510.65,0.4,4.0,True,1787202360
False,BUY,4492.22,4492.22,4488.02,4495.789999999998,2.0100000000002183,0.6216216216220297,1.610000000000582,TRAIL_SL,2.589999999999236,4489.3150000000005,2026-08-20T06:15:00+00:00,4488.02,XAUUSD.ecn,4490.61,4495.789999999998,0.4,4.0,True,1787206500
False,SELL,4485.139999999999,4485.139999999999,4490.34,4478.46,1.6400000000003274,0.3131313131314848,1.2400000000006912,TRAIL_SL,3.9600000000000364,4488.360000000001,2026-08-20T08:16:00+00:00,4490.34,XAUUSD.ecn,4486.38,4478.46,0.4,4.0,True,1787213760
False,BUY,4489.700000000001,4489.700000000001,4480.04,4490.869999999999,6.450000000000728,1.6759002770087645,6.050000000001091,TRAIL_SL,3.6099999999996726,4481.844999999999,2026-08-20T09:04:00+00:00,4480.04,XAUUSD.ecn,4483.65,4490.869999999999,0.4,4.0,True,1787216640
False,BUY,4490.17,4490.17,4484.08,4495.360000000001,2.7299999999995634,0.6196808510637745,2.3299999999999272,TRAIL_SL,3.7600000000002183,4485.96,2026-08-20T09:07:00+00:00,4484.08,XAUUSD.ecn,4487.84,4495.360000000001,0.4,4.0,True,1787216820
False,SELL,4490.139999999999,4490.139999999999,4496.21,4483.07,2.0900000000001455,0.38584474885855413,1.6900000000005093,TRAIL_SL,4.380000000000109,4494.02,2026-08-20T11:29:00+00:00,4496.21,XAUUSD.ecn,4491.83,4483.07,0.4,4.0,True,1787225340
False,BUY,4487.82,4487.82,4487.82,4505.760000000001,0.21000000000003638,-1.0,-5.980000000000473,SL,5.980000000000473,4490.8099999999995,2026-08-20T11:38:00+00:00,4487.82,XAUUSD.ecn,4493.8,4505.760000000001,0.4,4.0,False,1787225880
True,SELL,,4491.42,4493.81,4491.199999999998,1.9199999999991633,,,SL_AND_TP_SAME_BAR,0.8700000000008004,4493.375,2026-08-20T12:21:00+00:00,4493.81,XAUUSD.ecn,4492.94,4491.199999999998,0.4,4.0,True,1787228460
False,BUY,4490.42,4490.42,4482.21,4505.429999999999,0.8699999999998909,0.06072351421192092,0.47000000000025466,TRAIL_SL,7.739999999999782,4486.08,2026-08-20T13:19:00+00:00,4482.21,XAUUSD.ecn,4489.95,4505.429999999999,0.4,4.0,True,1787231940
False,SELL,4490.67,4490.67,4494.1,4484.860000000001,0.75,0.11363636363648444,0.3500000000003638,TRAIL_SL,3.0799999999999272,4492.56,2026-08-20T13:41:00+00:00,4494.1,XAUUSD.ecn,4491.02,4484.860000000001,0.4,4.0,True,1787233260
False,SELL,4484.7,4484.7,4488.43,4477.989999999999,0.6499999999996362,0.07183908045976035,0.25,TRAIL_SL,3.480000000000473,4486.6900000000005,2026-08-20T14:31:00+00:00,4488.43,XAUUSD.ecn,4484.95,4477.989999999999,0.4,4.0,True,1787236260
False,SELL,4455.24,4455.24,4467.34,4439.919999999999,3.3599999999996726,0.3238512035010865,2.9600000000000364,TRAIL_SL,9.140000000000327,4462.77,2026-08-20T15:08:00+00:00,4467.34,XAUUSD.ecn,4458.2,4439.919999999999,0.4,4.0,True,1787238480
False,BUY,4465.6,4465.6,4454.84,4477.789999999999,3.5100000000002183,0.4065359477125137,3.110000000000582,TRAIL_SL,7.649999999999636,4458.665,2026-08-20T15:14:00+00:00,4454.84,XAUUSD.ecn,4462.49,4477.789999999999,0.4,4.0,True,1787238840
True,BUY,,4465.870000000001,4457.62,4464.969999999999,6.200000000000728,,,SL_AND_TP_SAME_BAR,2.449999999999818,4458.844999999999,2026-08-20T15:42:00+00:00,4457.62,XAUUSD.ecn,4460.07,4464.969999999999,0.4,4.0,True,1787240520
False,SELL,4481.679999999999,4481.679999999999,4490.64,4478.280000000001,5.240000000000691,1.1747572815536853,4.840000000001055,TRAIL_SL,4.119999999999891,4488.58,2026-08-20T17:06:00+00:00,4490.64,XAUUSD.ecn,4486.52,4478.280000000001,0.4,4.0,True,1787245560
False,BUY,4536.8,4536.8,4521.65,4548.17,6.710000000000036,0.7138009049774091,6.3100000000004,TRAIL_SL,8.840000000000146,4526.07,2026-08-20T18:15:00+00:00,4521.65,XAUUSD.ecn,4530.49,4548.17,0.4,4.0,True,1787249700
False,SELL,4509.549999999999,4509.549999999999,4520.37,4493.550000000001,2.280000000000655,0.21029082774061553,1.8800000000010186,TRAIL_SL,8.9399999999996,4515.9,2026-08-20T19:17:00+00:00,4520.37,XAUUSD.ecn,4511.43,4493.550000000001,0.4,4.0,True,1787253420
False,BUY,4511.950000000001,4511.950000000001,4507.8,4517.009999999999,1.480000000000473,0.3517915309449313,1.0800000000008367,TRAIL_SL,3.069999999999709,4509.335,2026-08-20T20:02:00+00:00,4507.8,XAUUSD.ecn,4510.87,4517.009999999999,0.4,4.0,True,1787256120
False,BUY,4518.92,4518.92,4518.92,4527.320000000001,0.3499999999994543,-1.0,-2.800000000000182,SL,2.800000000000182,4520.32,2026-08-20T21:38:00+00:00,4518.92,XAUUSD.ecn,4521.72,4527.320000000001,0.4,4.0,False,1787261880
False,BUY,4527.740000000001,4527.740000000001,4523.61,4535.76,0.48000000000047294,0.0197530864199588,0.08000000000083674,TRAIL_SL,4.050000000000182,4525.635,2026-08-20T22:40:00+00:00,4523.61,XAUUSD.ecn,4527.66,4535.76,0.4,4.0,True,1787265600
False,SELL,4524.259999999999,4524.259999999999,4526.1,4521.09,0.5700000000006185,0.10179640718621248,0.17000000000098225,TRAIL_SL,1.6700000000000728,4525.265,2026-08-20T23:10:00+00:00,4526.1,XAUUSD.ecn,4524.43,4521.09,0.4,4.0,True,1787267400
False,SELL,4527.54,4527.54,4532.16,4524.720000000001,2.5399999999999636,0.8629032258067355,2.1400000000003274,TRAIL_SL,2.4799999999995634,4530.92,2026-08-21T02:25:00+00:00,4532.16,XAUUSD.ecn,4529.68,4524.720000000001,0.4,4.0,True,1787279100
False,BUY,4524.35,4524.35,4518.55,4532.05,1.699999999999818,0.28888888888892933,1.300000000000182,TRAIL_SL,4.5,4520.8,2026-08-21T04:18:00+00:00,4518.55,XAUUSD.ecn,4523.05,4532.05,0.4,4.0,True,1787285880
False,BUY,4533.76,4533.76,4525.42,4534.629999999999,5.670000000000073,1.7166123778504678,5.270000000000437,TRAIL_SL,3.069999999999709,4526.955,2026-08-21T04:30:00+00:00,4525.42,XAUUSD.ecn,4528.49,4534.629999999999,0.4,4.0,True,1787286600
False,SELL,4525.4,4525.4,4536.24,4507.5,1.6599999999998545,0.13152400835075448,1.2600000000002183,TRAIL_SL,9.579999999999927,4531.45,2026-08-21T04:42:00+00:00,4536.24,XAUUSD.ecn,4526.66,4507.5,0.4,4.0,True,1787287320
False,BUY,4528.900000000001,4528.900000000001,4526.31,4529.4,1.9600000000000364,1.5145631067968794,1.5600000000004002,TRAIL_SL,1.0299999999997453,4526.825000000001,2026-08-21T04:50:00+00:00,4526.31,XAUUSD.ecn,4527.34,4529.4,0.4,4.0,True,1787287800
False,SELL,4526.429999999999,4526.429999999999,4533.31,4516.719999999998,1.75,0.24412296564198988,1.3500000000003638,TRAIL_SL,5.530000000000655,4530.545,2026-08-21T04:53:00+00:00,4533.31,XAUUSD.ecn,4527.78,4516.719999999998,0.4,4.0,True,1787287980
False,SELL,4521.44,4521.44,4527.4,4518.28,3.319999999999709,0.9605263157895091,2.9200000000000728,TRAIL_SL,3.0399999999999636,4525.879999999999,2026-08-21T05:06:00+00:00,4527.4,XAUUSD.ecn,4524.36,4518.28,0.4,4.0,True,1787288760
False,BUY,4529.450000000001,4529.450000000001,4522.98,4537.680000000001,1.9700000000002547,0.3204081632653967,1.5700000000006185,TRAIL_SL,4.900000000000546,4525.43,2026-08-21T05:27:00+00:00,4522.98,XAUUSD.ecn,4527.88,4537.680000000001,0.4,4.0,True,1787290020
False,SELL,4534.32,4534.32,4538.99,4527.709999999999,1.3099999999994907,0.24202127659569192,0.9099999999998545,TRAIL_SL,3.7600000000002183,4537.11,2026-08-21T06:00:00+00:00,4538.99,XAUUSD.ecn,4535.23,4527.709999999999,0.4,4.0,True,1787292000
False,BUY,4537.14,4537.14,4532.42,4544.629999999999,1.050000000000182,0.15970515970530522,0.6500000000005457,TRAIL_SL,4.069999999999709,4534.455,2026-08-21T07:06:00+00:00,4532.42,XAUUSD.ecn,4536.49,4544.629999999999,0.4,4.0,True,1787295960
True,BUY,,4538.5,4537.23,4538.64,1.199999999999818,,,SL_AND_TP_SAME_BAR,0.47000000000025466,4537.465,2026-08-21T07:15:00+00:00,4537.23,XAUUSD.ecn,4537.7,4538.64,0.4,4.0,True,1787296500
False,BUY,4547.14,4547.14,4542.63,4550.280000000001,2.3599999999996726,0.7686274509803516,1.9600000000000364,TRAIL_SL,2.550000000000182,4543.905000000001,2026-08-21T07:29:00+00:00,4542.63,XAUUSD.ecn,4545.18,4550.280000000001,0.4,4.0,True,1787297340
False,SELL,4537.5599999999995,4537.5599999999995,4540.74,4532.37,0.7899999999999636,0.1397849462366783,0.3900000000003274,TRAIL_SL,2.7899999999999636,4539.344999999999,2026-08-21T08:03:00+00:00,4540.74,XAUUSD.ecn,4537.95,4532.37,0.4,4.0,True,1787299380
False,SELL,4535.15,4535.15,4539.53,4531.5199999999995,2.1099999999996726,0.6404494382022433,1.7100000000000364,TRAIL_SL,2.6700000000000728,4538.195,2026-08-21T08:09:00+00:00,4539.53,XAUUSD.ecn,4536.86,4531.5199999999995,0.4,4.0,True,1787299740
False,BUY,4538.990000000001,4538.990000000001,4536.61,4541.050000000001,1.300000000000182,0.6081081081082825,0.9000000000005457,TRAIL_SL,1.480000000000473,4537.35,2026-08-21T08:37:00+00:00,4536.61,XAUUSD.ecn,4538.09,4541.050000000001,0.4,4.0,True,1787301420
False,BUY,4566.2300000000005,4566.2300000000005,4563.5,4569.38,1.1700000000000728,0.3928571428573583,0.7700000000004366,TRAIL_SL,1.9600000000000364,4564.48,2026-08-21T09:51:00+00:00,4563.5,XAUUSD.ecn,4565.46,4569.38,0.4,4.0,True,1787305860
False,BUY,4586.8,4586.8,4581.68,4594.5199999999995,1.2399999999997817,0.19626168224303633,0.8400000000001455,TRAIL_SL,4.279999999999745,4583.82,2026-08-21T13:03:00+00:00,4581.68,XAUUSD.ecn,4585.96,4594.5199999999995,0.4,4.0,True,1787317380
False,BUY,4592.950000000001,4592.950000000001,4589.52,4596.809999999999,1.4000000000005457,0.411522633745335,1.0000000000009095,TRAIL_SL,2.4299999999993815,4590.735000000001,2026-08-21T13:40:00+00:00,4589.52,XAUUSD.ecn,4591.95,4596.809999999999,0.4,4.0,True,1787319600
False,BUY,4598.02,4598.02,4593.66,4606.65,0.43000000000029104,0.006928406466664051,0.030000000000654836,TRAIL_SL,4.329999999999927,4595.825,2026-08-21T14:50:00+00:00,4593.66,XAUUSD.ecn,4597.99,4606.65,0.4,4.0,True,1787323800
False,BUY,4589.32,4589.32,4589.32,4592.860000000001,0.25,-1.0,-1.180000000000291,SL,1.180000000000291,4589.91,2026-08-21T15:16:00+00:00,4589.32,XAUUSD.ecn,4590.5,4592.860000000001,0.4,4.0,False,1787325360
False,SELL,4567.75,4567.75,4579.33,4556.5599999999995,4.389999999999418,0.5256916996047043,3.9899999999997817,TRAIL_SL,7.5900000000001455,4575.535,2026-08-21T15:37:00+00:00,4579.33,XAUUSD.ecn,4571.74,4556.5599999999995,0.4,4.0,True,1787326620
False,BUY,4582.650000000001,4582.650000000001,4574.9,4592.66,2.230000000000473,0.30912162162175916,1.8300000000008367,TRAIL_SL,5.920000000000073,4577.86,2026-08-21T16:03:00+00:00,4574.9,XAUUSD.ecn,4580.82,4592.66,0.4,4.0,True,1787328180
False,BUY,4589.4800000000005,4589.4800000000005,4577.91,4598.070000000001,5.25,0.7217261904762172,4.850000000000364,TRAIL_SL,6.720000000000255,4581.27,2026-08-21T16:39:00+00:00,4577.91,XAUUSD.ecn,4584.63,4598.070000000001,0.4,4.0,True,1787330340
False,SELL,4618.36,4618.36,4622.14,4613.98,1.4600000000000364,0.3897058823530518,1.0600000000004002,TRAIL_SL,2.7200000000002547,4620.780000000001,2026-08-21T22:30:00+00:00,4622.14,XAUUSD.ecn,4619.42,4613.98,0.4,4.0,True,1787351400
False,SELL,4612.009999999999,4612.009999999999,4615.04,4609.759999999999,1.6700000000000728,0.7215909090910676,1.2700000000004366,TRAIL_SL,1.7600000000002183,4614.16,2026-08-21T23:20:00+00:00,4615.04,XAUUSD.ecn,4613.28,4609.759999999999,0.4,4.0,True,1787354400
False,BUY,4615.6,4615.6,4607.21,4621.3099999999995,4.0900000000001455,0.7851063829788621,3.6900000000005093,TRAIL_SL,4.699999999999818,4609.5599999999995,2026-08-24T02:25:00+00:00,4607.21,XAUUSD.ecn,4611.91,4621.3099999999995,0.4,4.0,True,1787538300
False,BUY,4614.7,4614.7,4614.7,4620.22,0.22000000000025466,-1.0,-1.8400000000001455,SL,1.8400000000001455,4615.62,2026-08-24T02:32:00+00:00,4614.7,XAUUSD.ecn,4616.54,4620.22,0.4,4.0,False,1787538720
False,BUY,4625.160000000001,4625.160000000001,4618.05,4633.7699999999995,2.2700000000004366,0.3568702290078012,1.8700000000008004,TRAIL_SL,5.239999999999782,4620.67,2026-08-24T02:59:00+00:00,4618.05,XAUUSD.ecn,4623.29,4633.7699999999995,0.4,4.0,True,1787540340
False,BUY,4615.05,4615.05,4603.85,4626.83,3.9399999999996,0.46214099216710586,3.5399999999999636,TRAIL_SL,7.6599999999998545,4607.68,2026-08-24T03:51:00+00:00,4603.85,XAUUSD.ecn,4611.51,4626.83,0.4,4.0,True,1787543460
False,BUY,4626.860000000001,4626.860000000001,4617.69,4627.380000000001,6.3400000000001455,1.839009287925585,5.940000000000509,TRAIL_SL,3.230000000000473,4619.305,2026-08-24T04:02:00+00:00,4617.69,XAUUSD.ecn,4620.92,4627.380000000001,0.4,4.0,True,1787544120
False,SELL,4614.08,4614.08,4625.51,4606.64,5.539999999999964,0.8171701112878151,5.140000000000327,TRAIL_SL,6.289999999999964,4622.365,2026-08-24T04:22:00+00:00,4625.51,XAUUSD.ecn,4619.22,4606.64,0.4,4.0,True,1787545320
False,SELL,4608.7,4608.7,4616.51,4601.809999999999,3.3099999999994907,0.5938775510203124,2.9099999999998545,TRAIL_SL,4.900000000000546,4614.0599999999995,2026-08-24T04:32:00+00:00,4616.51,XAUUSD.ecn,4611.61,4601.809999999999,0.4,4.0,True,1787545920
False,BUY,4632.92,4632.92,4626.6,4643.3099999999995,1.1499999999996362,0.1346499102334002,0.75,TRAIL_SL,5.569999999999709,4629.385,2026-08-24T04:59:00+00:00,4626.6,XAUUSD.ecn,4632.17,4643.3099999999995,0.4,4.0,True,1787547540
False,SELL,4631.299999999999,4631.299999999999,4640.08,4620.4000000000015,2.6200000000008004,0.3384146341465452,2.220000000001164,TRAIL_SL,6.559999999999491,4636.8,2026-08-24T05:50:00+00:00,4640.08,XAUUSD.ecn,4633.52,4620.4000000000015,0.4,4.0,True,1787550600
False,BUY,4642.120000000001,4642.120000000001,4635.78,4652.009999999999,1.3300000000008367,0.17190388170078105,0.9300000000012005,TRAIL_SL,5.4099999999998545,4638.485,2026-08-24T05:57:00+00:00,4635.78,XAUUSD.ecn,4641.19,4652.009999999999,0.4,4.0,True,1787551020
False,SELL,4643.349999999999,4643.349999999999,4646.36,4641.469999999999,1.7799999999997453,0.846625766871176,1.3800000000001091,TRAIL_SL,1.6300000000001091,4645.545,2026-08-24T06:46:00+00:00,4646.36,XAUUSD.ecn,4644.73,4641.469999999999,0.4,4.0,True,1787553960
False,SELL,4633.839999999999,4633.839999999999,4641.71,4620.59,1.230000000000473,0.11789772727284674,0.8300000000008367,TRAIL_SL,7.039999999999964,4638.1900000000005,2026-08-24T07:08:00+00:00,4641.71,XAUUSD.ecn,4634.67,4620.59,0.4,4.0,True,1787555280
False,BUY,4639.360000000001,4639.360000000001,4634.46,4646.85,1.1700000000000728,0.18644067796620248,0.7700000000004366,TRAIL_SL,4.130000000000109,4636.525,2026-08-24T07:20:00+00:00,4634.46,XAUUSD.ecn,4638.59,4646.85,0.4,4.0,True,1787556000
False,SELL,4638.54,4638.54,4644.16,4631.830000000001,1.9099999999998545,0.3673965936740483,1.5100000000002183,TRAIL_SL,4.109999999999673,4642.105,2026-08-24T08:23:00+00:00,4644.16,XAUUSD.ecn,4640.05,4631.830000000001,0.4,4.0,True,1787559780
True,BUY,,4633.81,4629.64,4633.900000000001,3.149999999999636,,,SL_AND_TP_SAME_BAR,1.4200000000000728,4630.35,2026-08-24T08:37:00+00:00,4629.64,XAUUSD.ecn,4631.06,4633.900000000001,0.4,4.0,True,1787560620
False,BUY,4657.120000000001,4657.120000000001,4650.31,4666.78,1.7200000000002547,0.24043715847006755,1.3200000000006185,TRAIL_SL,5.489999999999782,4653.055,2026-08-24T09:19:00+00:00,4650.31,XAUUSD.ecn,4655.8,4666.78,0.4,4.0,True,1787563140
False,SELL,4647.25,4647.25,4658.33,4634.1500000000015,3.4200000000000728,0.3746898263028074,3.0200000000004366,TRAIL_SL,8.05999999999949,4654.3,2026-08-24T09:24:00+00:00,4658.33,XAUUSD.ecn,4650.27,4634.1500000000015,0.4,4.0,True,1787563440
False,SELL,4642.509999999999,4642.509999999999,4650.1,4631.95,1.9400000000005093,0.2545454545455912,1.5400000000008731,TRAIL_SL,6.050000000000182,4647.075000000001,2026-08-24T09:29:00+00:00,4650.1,XAUUSD.ecn,4644.05,4631.95,0.4,4.0,True,1787563740
False,SELL,4637.68,4637.68,4637.68,4631.8,0.32999999999992724,-1.0,-1.9600000000000364,SL,1.9600000000000364,4636.700000000001,2026-08-24T11:18:00+00:00,4637.68,XAUUSD.ecn,4635.72,4631.8,0.4,4.0,False,1787570280
False,BUY,4641.070000000001,4641.070000000001,4637.46,4643.7,1.930000000000291,0.7355769230772636,1.5300000000006548,TRAIL_SL,2.0799999999999272,4638.5,2026-08-24T12:02:00+00:00,4637.46,XAUUSD.ecn,4639.54,4643.7,0.4,4.0,True,1787572920
False,SELL,4636.719999999999,4636.719999999999,4641.98,4631.030000000001,2.0100000000002183,0.4410958904111623,1.610000000000582,TRAIL_SL,3.649999999999636,4640.155,2026-08-24T12:19:00+00:00,4641.98,XAUUSD.ecn,4638.33,4631.030000000001,0.4,4.0,True,1787573940
False,SELL,4644.45,4644.45,4647.42,4640.28,0.9899999999997817,0.24789915966391532,0.5900000000001455,TRAIL_SL,2.380000000000109,4646.23,2026-08-24T13:23:00+00:00,4647.42,XAUUSD.ecn,4645.04,4640.28,0.4,4.0,True,1787577780
False,BUY,4645.5,4645.5,4642.06,4648.93,1.5499999999992724,0.5021834061133862,1.1499999999996362,TRAIL_SL,2.2899999999999636,4643.205,2026-08-24T13:52:00+00:00,4642.06,XAUUSD.ecn,4644.35,4648.93,0.4,4.0,True,1787579520
False,BUY,4646.1,4646.1,4641.96,4648.140000000001,2.4799999999995634,1.0097087378638463,2.0799999999999272,TRAIL_SL,2.0600000000004,4642.99,2026-08-24T14:30:00+00:00,4641.96,XAUUSD.ecn,4644.02,4648.140000000001,0.4,4.0,True,1787581800
False,BUY,4657.89,4657.89,4648.96,4672.419999999999,1.5100000000002183,0.14194373401542498,1.110000000000582,TRAIL_SL,7.819999999999709,4652.87,2026-08-24T14:56:00+00:00,4648.96,XAUUSD.ecn,4656.78,4672.419999999999,0.4,4.0,True,1787583360
False,SELL,4650.589999999999,4650.589999999999,4658.64,4644.569999999999,3.7600000000002183,0.7164179104478074,3.360000000000582,TRAIL_SL,4.690000000000509,4656.295,2026-08-24T15:04:00+00:00,4658.64,XAUUSD.ecn,4653.95,4644.569999999999,0.4,4.0,True,1787583840
False,BUY,4656.29,4656.29,4653.54,4658.730000000001,1.4199999999991633,0.5895953757221088,1.019999999999527,TRAIL_SL,1.730000000000473,4654.405000000001,2026-08-24T15:15:00+00:00,4653.54,XAUUSD.ecn,4655.27,4658.730000000001,0.4,4.0,True,1787584500
False,BUY,4662.900000000001,4662.900000000001,4652.95,4668.490000000001,5.170000000000073,0.9208494208494534,4.770000000000437,TRAIL_SL,5.180000000000291,4655.54,2026-08-24T15:37:00+00:00,4652.95,XAUUSD.ecn,4658.13,4668.490000000001,0.4,4.0,True,1787585820
False,SELL,4670.049999999999,4670.049999999999,4680.49,4656.459999999999,2.8299999999999272,0.303370786516882,2.430000000000291,TRAIL_SL,8.010000000000218,4676.485,2026-08-24T16:40:00+00:00,4680.49,XAUUSD.ecn,4672.48,4656.459999999999,0.4,4.0,True,1787589600
False,SELL,4660.36,4660.36,4668.82,4657.870000000001,5.210000000000036,1.3178082191783231,4.8100000000004,TRAIL_SL,3.649999999999636,4666.995,2026-08-24T16:59:00+00:00,4668.82,XAUUSD.ecn,4665.17,4657.870000000001,0.4,4.0,True,1787590740
False,BUY,4674.51,4674.51,4665.37,4688.050000000001,1.9799999999995634,0.2089947089946883,1.5799999999999272,TRAIL_SL,7.5600000000004,4669.15,2026-08-24T18:05:00+00:00,4665.37,XAUUSD.ecn,4672.93,4688.050000000001,0.4,4.0,True,1787594700
False,SELL,4648.75,4648.75,4663.28,4634.78,5.4299999999993815,0.5294736842104996,5.029999999999745,TRAIL_SL,9.5,4658.53,2026-08-24T18:50:00+00:00,4663.28,XAUUSD.ecn,4653.78,4634.78,0.4,4.0,True,1787597400
False,SELL,4646.969999999999,4646.969999999999,4655.66,4637.03,2.880000000000109,0.399355877616821,2.480000000000473,TRAIL_SL,6.210000000000036,4652.555,2026-08-24T18:59:00+00:00,4655.66,XAUUSD.ecn,4649.45,4637.03,0.4,4.0,True,1787597940
False,SELL,4652.349999999999,4652.349999999999,4657.82,4647.35,2.380000000000109,0.5673352435531795,1.980000000000473,TRAIL_SL,3.4899999999997817,4656.075,2026-08-24T19:53:00+00:00,4657.82,XAUUSD.ecn,4654.33,4647.35,0.4,4.0,True,1787601180
False,BUY,4640.76,4640.76,4635.45,4643.880000000001,2.899999999999636,0.8896797153023644,2.5,TRAIL_SL,2.8100000000004,4636.855,2026-08-24T21:28:00+00:00,4635.45,XAUUSD.ecn,4638.26,4643.880000000001,0.4,4.0,True,1787606880
False,BUY,4639.1900000000005,4639.1900000000005,4634.35,4640.59,3.1599999999998545,1.3269230769232283,2.7600000000002183,TRAIL_SL,2.0799999999999272,4635.39,2026-08-24T21:59:00+00:00,4634.35,XAUUSD.ecn,4636.43,4640.59,0.4,4.0,True,1787608740
False,BUY,4644.55,4644.55,4635.92,4657.79,1.7399999999997817,0.1838134430727232,1.3400000000001455,TRAIL_SL,7.289999999999964,4639.5650000000005,2026-08-24T22:23:00+00:00,4635.92,XAUUSD.ecn,4643.21,4657.79,0.4,4.0,True,1787610180
False,SELL,4648.839999999999,4648.839999999999,4652.48,4643.300000000001,0.9800000000004729,0.18954248366043572,0.5800000000008367,TRAIL_SL,3.0599999999994907,4650.95,2026-08-24T23:29:00+00:00,4652.48,XAUUSD.ecn,4649.42,4643.300000000001,0.4,4.0,True,1787614140
False,BUY,4660.46,4660.46,4658.44,4663.69,0.6700000000000728,0.15428571428596374,0.27000000000043656,TRAIL_SL,1.75,4659.315,2026-08-25T01:37:00+00:00,4658.44,XAUUSD.ecn,4660.19,4663.69,0.4,4.0,True,1787621820
False,BUY,4670.51,4670.51,4668.48,4673.460000000002,0.7699999999995271,0.22289156626489193,0.36999999999989086,TRAIL_SL,1.660000000000764,4669.3099999999995,2026-08-25T02:12:00+00:00,4668.48,XAUUSD.ecn,4670.14,4673.460000000002,0.4,4.0,True,1787623920
False,BUY,4670.87,4670.87,4670.87,4683.5,0.25,-1.0,-4.210000000000036,SL,4.210000000000036,4672.975,2026-08-25T02:18:00+00:00,4670.87,XAUUSD.ecn,4675.08,4683.5,0.4,4.0,False,1787624280
False,SELL,4668.65,4668.65,4673.67,4662.81,1.800000000000182,0.3867403314918751,1.4000000000005457,TRAIL_SL,3.619999999999891,4671.860000000001,2026-08-25T02:30:00+00:00,4673.67,XAUUSD.ecn,4670.05,4662.81,0.4,4.0,True,1787625000
False,BUY,4695.79,4695.79,4687.84,4700.95,3.9799999999995634,0.8192219679633905,3.5799999999999272,TRAIL_SL,4.369999999999891,4690.025,2026-08-25T03:40:00+00:00,4687.84,XAUUSD.ecn,4692.21,4700.95,0.4,4.0,True,1787629200
False,SELL,4664.58,4664.58,4676.75,4652.089999999999,4.349999999999454,0.4805352798053158,3.949999999999818,TRAIL_SL,8.220000000000255,4672.639999999999,2026-08-25T04:26:00+00:00,4676.75,XAUUSD.ecn,4668.53,4652.089999999999,0.4,4.0,True,1787631960
False,BUY,4670.72,4670.72,4665.08,4673.750000000001,3.149999999999636,0.9515570934254978,2.75,TRAIL_SL,2.8900000000003274,4666.525,2026-08-25T04:50:00+00:00,4665.08,XAUUSD.ecn,4667.97,4673.750000000001,0.4,4.0,True,1787633400
False,SELL,4658.549999999999,4658.549999999999,4663.26,4650.87,0.9800000000004729,0.14043583535128848,0.5800000000008367,TRAIL_SL,4.130000000000109,4661.195,2026-08-25T05:00:00+00:00,4663.26,XAUUSD.ecn,4659.13,4650.87,0.4,4.0,True,1787634000
False,SELL,4641.429999999999,4641.429999999999,4645.73,4635.200000000002,1.1900000000005093,0.22507122507151814,0.7900000000008731,TRAIL_SL,3.509999999999309,4643.975,2026-08-25T05:14:00+00:00,4645.73,XAUUSD.ecn,4642.22,4635.200000000002,0.4,4.0,True,1787634840
False,BUY,4655.320000000001,4655.320000000001,4648.31,4661.629999999999,2.9700000000002547,0.5788288288290203,2.5700000000006185,TRAIL_SL,4.4399999999996,4650.530000000001,2026-08-25T05:25:00+00:00,4648.31,XAUUSD.ecn,4652.75,4661.629999999999,0.4,4.0,True,1787635500
False,BUY,4637.79,4637.79,4632.56,4643.54,1.9699999999993452,0.4289617486338173,1.569999999999709,TRAIL_SL,3.6599999999998545,4634.39,2026-08-25T06:27:00+00:00,4632.56,XAUUSD.ecn,4636.22,4643.54,0.4,4.0,True,1787639220
False,SELL,4636.21,4636.21,4640.59,4628.259999999998,0.6699999999991633,0.06569343065680994,0.26999999999952706,TRAIL_SL,4.110000000000582,4638.535,2026-08-25T06:41:00+00:00,4640.59,XAUUSD.ecn,4636.48,4628.259999999998,0.4,4.0,True,1787640060
False,SELL,4632.049999999999,4632.049999999999,4637.12,4630.76,3.350000000000364,1.391509433962679,2.9500000000007276,TRAIL_SL,2.119999999999891,4636.0599999999995,2026-08-25T06:46:00+00:00,4637.12,XAUUSD.ecn,4635.0,4630.76,0.4,4.0,True,1787640360
False,BUY,4635.96,4635.96,4627.48,4651.24,0.9600000000000364,0.07070707070712058,0.5600000000004002,TRAIL_SL,7.920000000000073,4631.44,2026-08-25T08:08:00+00:00,4627.48,XAUUSD.ecn,4635.4,4651.24,0.4,4.0,True,1787645280
False,SELL,4642.12,4642.12,4647.91,4634.080000000001,1.5799999999999272,0.2559652928417299,1.180000000000291,TRAIL_SL,4.609999999999673,4645.605,2026-08-25T08:33:00+00:00,4647.91,XAUUSD.ecn,4643.3,4634.080000000001,0.4,4.0,True,1787646780
False,SELL,4637.86,4637.86,4645.22,4627.249999999998,1.769999999999527,0.22871452420696708,1.3699999999998909,TRAIL_SL,5.990000000000691,4642.225,2026-08-25T10:00:00+00:00,4645.22,XAUUSD.ecn,4639.23,4627.249999999998,0.4,4.0,True,1787652000
False,BUY,4632.02,4632.02,4628.24,4639.37,0.47000000000025466,0.018867924528468402,0.07000000000061846,TRAIL_SL,3.7100000000000364,4630.094999999999,2026-08-25T11:47:00+00:00,4628.24,XAUUSD.ecn,4631.95,4639.37,0.4,4.0,True,1787658420
False,SELL,4627.11,4627.11,4633.05,4618.320000000001,1.430000000000291,0.20977596741358154,1.0300000000006548,TRAIL_SL,4.9099999999998545,4630.595,2026-08-25T11:55:00+00:00,4633.05,XAUUSD.ecn,4628.14,4618.320000000001,0.4,4.0,True,1787658900
False,SELL,4633.96,4633.96,4635.35,4631.929999999999,0.6499999999996362,0.2192982456139721,0.25,TRAIL_SL,1.1400000000003274,4634.780000000001,2026-08-25T12:40:00+00:00,4635.35,XAUUSD.ecn,4634.21,4631.929999999999,0.4,4.0,True,1787661600
False,BUY,4641.56,4641.56,4636.92,4646.729999999999,1.7700000000004366,0.4189602446486234,1.3700000000008004,TRAIL_SL,3.269999999999527,4638.555,2026-08-25T12:51:00+00:00,4636.92,XAUUSD.ecn,4640.19,4646.729999999999,0.4,4.0,True,1787662260
False,SELL,4643.92,4643.92,4646.61,4641.030000000001,1.2299999999995634,0.4462365591398244,0.8299999999999272,TRAIL_SL,1.8599999999996726,4645.68,2026-08-25T14:54:00+00:00,4646.61,XAUUSD.ecn,4644.75,4641.030000000001,0.4,4.0,True,1787669640
False,BUY,4638.81,4638.81,4633.51,4647.309999999999,1.1000000000003638,0.1521739130436545,0.7000000000007276,TRAIL_SL,4.599999999999454,4635.8099999999995,2026-08-25T15:44:00+00:00,4633.51,XAUUSD.ecn,4638.11,4647.309999999999,0.4,4.0,True,1787672640
False,SELL,4626.41,4626.41,4632.73,4618.690000000001,2.0399999999999636,0.3504273504274667,1.6400000000003274,TRAIL_SL,4.6799999999993815,4630.389999999999,2026-08-25T16:17:00+00:00,4632.73,XAUUSD.ecn,4628.05,4618.690000000001,0.4,4.0,True,1787674620
False,BUY,4625.950000000001,4625.950000000001,4620.5,4636.430000000001,0.5399999999999636,0.026365348399306376,0.14000000000032742,TRAIL_SL,5.3100000000004,4623.155000000001,2026-08-25T16:19:00+00:00,4620.5,XAUUSD.ecn,4625.81,4636.430000000001,0.4,4.0,True,1787674740
False,BUY,4626.280000000001,4626.280000000001,4620.85,4636.029999999999,0.7700000000004366,0.0731225296444343,0.37000000000080036,TRAIL_SL,5.059999999999491,4623.38,2026-08-25T17:27:00+00:00,4620.85,XAUUSD.ecn,4625.91,4636.029999999999,0.4,4.0,True,1787678820
False,SELL,4631.099999999999,4631.099999999999,4636.25,4627.849999999999,2.75,0.8392857142857897,2.350000000000364,TRAIL_SL,2.800000000000182,4634.85,2026-08-25T18:05:00+00:00,4636.25,XAUUSD.ecn,4633.45,4627.849999999999,0.4,4.0,True,1787681100
False,BUY,4652.3,4652.3,4648.83,4653.4800000000005,2.319999999999709,1.2387096774192563,1.9200000000000728,TRAIL_SL,1.550000000000182,4649.605,2026-08-25T18:58:00+00:00,4648.83,XAUUSD.ecn,4650.38,4653.4800000000005,0.4,4.0,True,1787684280
False,SELL,4648.009999999999,4648.009999999999,4653.38,4641.11,1.680000000000291,0.31295843520797295,1.2800000000006548,TRAIL_SL,4.0900000000001455,4651.335,2026-08-25T19:06:00+00:00,4653.38,XAUUSD.ecn,4649.29,4641.11,0.4,4.0,True,1787684760
False,SELL,4644.74,4644.74,4648.15,4641.880000000002,1.7200000000002547,0.6315789473689478,1.3200000000006185,TRAIL_SL,2.089999999999236,4647.105,2026-08-25T19:12:00+00:00,4648.15,XAUUSD.ecn,4646.06,4641.880000000002,0.4,4.0,True,1787685120
True,SELL,,4638.929999999999,4642.01,4639.459999999999,2.630000000000109,,,SL_AND_TP_SAME_BAR,0.8500000000003638,4641.585,2026-08-25T20:04:00+00:00,4642.01,XAUUSD.ecn,4641.16,4639.459999999999,0.4,4.0,True,1787688240
False,BUY,4638.0,4638.0,4634.16,4642.740000000002,1.3799999999991996,0.3426573426571203,0.9799999999995634,TRAIL_SL,2.860000000000582,4635.59,2026-08-25T20:14:00+00:00,4634.16,XAUUSD.ecn,4637.02,4642.740000000002,0.4,4.0,True,1787688840
False,SELL,4638.8099999999995,4638.8099999999995,4642.84,4635.789999999999,2.0799999999999272,0.7148936170212897,1.680000000000291,TRAIL_SL,2.350000000000364,4641.665,2026-08-25T20:26:00+00:00,4642.84,XAUUSD.ecn,4640.49,4635.789999999999,0.4,4.0,True,1787689560
False,SELL,4661.79,4661.79,4667.66,4654.31,1.819999999999709,0.319101123595535,1.4200000000000728,TRAIL_SL,4.449999999999818,4665.4349999999995,2026-08-25T23:30:00+00:00,4667.66,XAUUSD.ecn,4663.21,4654.31,0.4,4.0,True,1787700600
False,BUY,4666.200000000001,4666.200000000001,4661.84,4672.399999999999,1.2400000000006912,0.2386363636366954,0.840000000001055,TRAIL_SL,3.519999999999527,4663.6,2026-08-26T01:21:00+00:00,4661.84,XAUUSD.ecn,4665.36,4672.399999999999,0.4,4.0,True,1787707260
False,SELL,4660.74,4660.74,4667.14,4649.079999999999,0.7799999999997453,0.06312292358805342,0.38000000000010914,TRAIL_SL,6.020000000000437,4664.13,2026-08-26T02:27:00+00:00,4667.14,XAUUSD.ecn,4661.12,4649.079999999999,0.4,4.0,True,1787711220
False,SELL,4657.07,4657.07,4659.54,4652.31,0.4600000000000364,0.024896265560333527,0.06000000000040018,TRAIL_SL,2.4099999999998545,4658.335,2026-08-26T02:45:00+00:00,4659.54,XAUUSD.ecn,4657.13,4652.31,0.4,4.0,True,1787712300
False,SELL,4645.879999999999,4645.879999999999,4654.97,4627.909999999999,0.47000000000025466,0.007760532150844243,0.07000000000061846,TRAIL_SL,9.020000000000437,4650.46,2026-08-26T03:27:00+00:00,4654.97,XAUUSD.ecn,4645.95,4627.909999999999,0.4,4.0,True,1787714820
False,BUY,4647.410000000001,4647.410000000001,4644.14,4650.709999999999,1.480000000000473,0.49315068493197906,1.0800000000008367,TRAIL_SL,2.1899999999996,4645.235000000001,2026-08-26T04:18:00+00:00,4644.14,XAUUSD.ecn,4646.33,4650.709999999999,0.4,4.0,True,1787717880
False,BUY,4652.18,4652.18,4645.74,4660.349999999999,1.9700000000002547,0.32238193018493916,1.5700000000006185,TRAIL_SL,4.869999999999891,4648.174999999999,2026-08-26T04:52:00+00:00,4645.74,XAUUSD.ecn,4650.61,4660.349999999999,0.4,4.0,True,1787719920
False,BUY,4657.27,4657.27,4653.38,4661.51,1.5799999999999272,0.435424354243644,1.180000000000291,TRAIL_SL,2.7100000000000364,4654.735000000001,2026-08-26T04:59:00+00:00,4653.38,XAUUSD.ecn,4656.09,4661.51,0.4,4.0,True,1787720340
False,BUY,4668.660000000001,4668.660000000001,4662.07,4676.380000000001,2.2200000000002547,0.3815513626835329,1.8200000000006185,TRAIL_SL,4.770000000000437,4664.455,2026-08-26T05:44:00+00:00,4662.07,XAUUSD.ecn,4666.84,4676.380000000001,0.4,4.0,True,1787723040
False,SELL,4630.0199999999995,4630.0199999999995,4632.99,4625.430000000001,0.8500000000003638,0.17857142857175082,0.4500000000007276,TRAIL_SL,2.519999999999527,4631.73,2026-08-26T10:42:00+00:00,4632.99,XAUUSD.ecn,4630.47,4625.430000000001,0.4,4.0,True,1787740920
False,SELL,4614.679999999999,4614.679999999999,4619.98,4606.0,1.0399999999999636,0.13733905579406597,0.6400000000003274,TRAIL_SL,4.6599999999998545,4617.65,2026-08-26T13:27:00+00:00,4619.98,XAUUSD.ecn,4615.32,4606.0,0.4,4.0,True,1787750820
False,SELL,4618.179999999999,4618.179999999999,4622.53,4614.67,2.130000000000109,0.6603053435116584,1.730000000000473,TRAIL_SL,2.619999999999891,4621.219999999999,2026-08-26T14:36:00+00:00,4622.53,XAUUSD.ecn,4619.91,4614.67,0.4,4.0,True,1787754960
False,SELL,4623.5199999999995,4623.5199999999995,4633.5,4620.719999999999,6.119999999999891,1.3427230046948266,5.720000000000255,TRAIL_SL,4.260000000000218,4631.37,2026-08-26T17:03:00+00:00,4633.5,XAUUSD.ecn,4629.24,4620.719999999999,0.4,4.0,True,1787763780
False,SELL,4591.83,4591.83,4600.82,4579.46,2.269999999999527,0.2626404494381909,1.8699999999998909,TRAIL_SL,7.119999999999891,4597.26,2026-08-26T18:07:00+00:00,4600.82,XAUUSD.ecn,4593.7,4579.46,0.4,4.0,True,1787767620
False,SELL,4599.83,4599.83,4608.54,4586.580000000001,1.7899999999999636,0.18989071038256594,1.3900000000003274,TRAIL_SL,7.319999999999709,4604.88,2026-08-26T18:55:00+00:00,4608.54,XAUUSD.ecn,4601.22,4586.580000000001,0.4,4.0,True,1787770500
False,BUY,4597.54,4597.54,4593.56,4601.18,1.839999999999236,0.5669291338581183,1.4399999999995998,TRAIL_SL,2.5399999999999636,4594.83,2026-08-26T20:23:00+00:00,4593.56,XAUUSD.ecn,4596.1,4601.18,0.4,4.0,True,1787775780
False,SELL,4598.95,4598.95,4598.95,4591.929999999999,0.2999999999992724,-1.0,-2.3400000000001455,SL,2.3400000000001455,4597.78,2026-08-26T20:57:00+00:00,4598.95,XAUUSD.ecn,4596.61,4591.929999999999,0.4,4.0,False,1787777820
False,BUY,4602.47,4602.47,4598.81,4609.4,0.5299999999997453,0.03682719546745567,0.13000000000010914,TRAIL_SL,3.5299999999997453,4600.575000000001,2026-08-26T21:06:00+00:00,4598.81,XAUUSD.ecn,4602.34,4609.4,0.4,4.0,True,1787778360
True,BUY,,4593.780000000001,4592.39,4593.89,1.2899999999999636,,,SL_AND_TP_SAME_BAR,0.5,4592.64,2026-08-26T22:12:00+00:00,4592.39,XAUUSD.ecn,4592.89,4593.89,0.4,4.0,True,1787782320
False,SELL,4585.99,4585.99,4591.82,4576.85,1.2399999999997817,0.16833667334672991,0.8400000000001455,TRAIL_SL,4.989999999999782,4589.325,2026-08-26T23:22:00+00:00,4591.82,XAUUSD.ecn,4586.83,4576.85,0.4,4.0,True,1787786520
False,BUY,4591.160000000001,4591.160000000001,4585.59,4601.279999999999,0.7400000000006912,0.06500956022965265,0.340000000001055,TRAIL_SL,5.229999999999563,4588.205,2026-08-26T23:29:00+00:00,4585.59,XAUUSD.ecn,4590.82,4601.279999999999,0.4,4.0,True,1787786940
False,BUY,4612.76,4612.76,4602.29,4625.480000000001,3.139999999999418,0.35446313065971724,2.7399999999997817,TRAIL_SL,7.730000000000473,4606.155000000001,2026-08-27T01:20:00+00:00,4602.29,XAUUSD.ecn,4610.02,4625.480000000001,0.4,4.0,True,1787793600
False,BUY,4620.17,4620.17,4618.09,4622.95,0.8599999999996726,0.2839506172839922,0.4600000000000364,TRAIL_SL,1.6199999999998909,4618.9,2026-08-27T02:36:00+00:00,4618.09,XAUUSD.ecn,4619.71,4622.95,0.4,4.0,True,1787798160
False,BUY,4620.68,4620.68,4613.61,4630.710000000002,1.769999999999527,0.24035087719293263,1.3699999999998909,TRAIL_SL,5.700000000000728,4616.46,2026-08-27T03:22:00+00:00,4613.61,XAUUSD.ecn,4619.31,4630.710000000002,0.4,4.0,True,1787800920
False,SELL,4602.429999999999,4602.429999999999,4610.38,4589.14,1.2700000000004366,0.12288135593231769,0.8700000000008004,TRAIL_SL,7.079999999999927,4606.84,2026-08-27T03:54:00+00:00,4610.38,XAUUSD.ecn,4603.3,4589.14,0.4,4.0,True,1787802840
False,BUY,4617.38,4617.38,4606.28,4623.740000000002,5.6799999999993815,0.9072164948452207,5.279999999999745,TRAIL_SL,5.8200000000006185,4609.1900000000005,2026-08-27T04:06:00+00:00,4606.28,XAUUSD.ecn,4612.1,4623.740000000002,0.4,4.0,True,1787803560
False,BUY,4620.200000000001,4620.200000000001,4615.08,4629.929999999999,0.5700000000006185,0.034343434343634044,0.17000000000098225,TRAIL_SL,4.949999999999818,4617.555,2026-08-27T04:16:00+00:00,4615.08,XAUUSD.ecn,4620.03,4629.929999999999,0.4,4.0,True,1787804160
False,BUY,4622.54,4622.54,4618.76,4630.01,0.42999999999938154,0.007999999999932091,0.02999999999974534,TRAIL_SL,3.75,4620.635,2026-08-27T04:25:00+00:00,4618.76,XAUUSD.ecn,4622.51,4630.01,0.4,4.0,True,1787804700
False,SELL,4631.43,4631.43,4631.43,4619.43,0.0,-1.0,-4.0,SL,4.0,4629.43,2026-08-27T04:45:00+00:00,4631.43,XAUUSD.ecn,4627.43,4619.43,0.4,4.0,False,1787805900
False,SELL,4626.94,4626.94,4637.15,4617.350000000001,4.010000000000218,0.5469696969698303,3.610000000000582,TRAIL_SL,6.599999999999454,4633.85,2026-08-27T05:35:00+00:00,4637.15,XAUUSD.ecn,4630.55,4617.350000000001,0.4,4.0,True,1787808900
False,BUY,4633.1900000000005,4633.1900000000005,4628.32,4640.83,1.1000000000003638,0.16786570743422433,0.7000000000007276,TRAIL_SL,4.170000000000073,4630.405,2026-08-27T06:05:00+00:00,4628.32,XAUUSD.ecn,4632.49,4640.83,0.4,4.0,True,1787810700
False,BUY,4636.79,4636.79,4632.92,4642.0999999999985,1.2100000000000364,0.264705882353116,0.8100000000004002,TRAIL_SL,3.0599999999994907,4634.45,2026-08-27T06:25:00+00:00,4632.92,XAUUSD.ecn,4635.98,4642.0999999999985,0.4,4.0,True,1787811900
False,SELL,4628.37,4628.37,4632.33,4624.2,1.6499999999996362,0.46125461254611927,1.25,TRAIL_SL,2.7100000000000364,4630.975,2026-08-27T06:45:00+00:00,4632.33,XAUUSD.ecn,4629.62,4624.2,0.4,4.0,True,1787813100
False,SELL,4623.16,4623.16,4626.39,4617.48,0.6599999999998545,0.08754208754215353,0.2600000000002183,TRAIL_SL,2.9700000000002547,4624.905000000001,2026-08-27T07:24:00+00:00,4626.39,XAUUSD.ecn,4623.42,4617.48,0.4,4.0,True,1787815440
True,SELL,,4607.929999999999,4610.48,4607.75,2.0399999999999636,,,SL_AND_TP_SAME_BAR,0.9099999999998545,4610.025,2026-08-27T08:46:00+00:00,4610.48,XAUUSD.ecn,4609.57,4607.75,0.4,4.0,True,1787820360
False,BUY,4605.9400000000005,4605.9400000000005,4600.56,4610.699999999998,2.4000000000005457,0.5917159763317701,2.0000000000009095,TRAIL_SL,3.3799999999991996,4602.25,2026-08-27T09:16:00+00:00,4600.56,XAUUSD.ecn,4603.94,4610.699999999998,0.4,4.0,True,1787822160
False,SELL,4596.599999999999,4596.599999999999,4600.75,4593.37,2.0900000000001455,0.686991869918896,1.6900000000005093,TRAIL_SL,2.4600000000000364,4599.52,2026-08-27T10:36:00+00:00,4600.75,XAUUSD.ecn,4598.29,4593.37,0.4,4.0,True,1787826960
False,SELL,4601.929999999999,4601.929999999999,4605.48,4595.280000000001,0.5500000000001819,0.04411764705898875,0.1500000000005457,TRAIL_SL,3.399999999999636,4603.78,2026-08-27T11:22:00+00:00,4605.48,XAUUSD.ecn,4602.08,4595.280000000001,0.4,4.0,True,1787829720
False,SELL,4570.36,4570.36,4581.04,4558.359999999999,3.519999999999527,0.4126984126983764,3.119999999999891,TRAIL_SL,7.5600000000004,4577.26,2026-08-27T13:04:00+00:00,4581.04,XAUUSD.ecn,4573.48,4558.359999999999,0.4,4.0,True,1787835840
False,SELL,4595.599999999999,4595.599999999999,4598.76,4592.040000000001,1.3200000000006185,0.41071428571476426,0.9200000000009823,TRAIL_SL,2.2399999999997817,4597.64,2026-08-27T14:36:00+00:00,4598.76,XAUUSD.ecn,4596.52,4592.040000000001,0.4,4.0,True,1787841360
False,SELL,4587.62,4587.62,4595.73,4579.98,3.259999999999309,0.5447619047618424,2.8599999999996726,TRAIL_SL,5.25,4593.105,2026-08-27T15:39:00+00:00,4595.73,XAUUSD.ecn,4590.48,4579.98,0.4,4.0,True,1787845140
False,BUY,4587.68,4587.68,4580.73,4588.86,4.640000000000327,1.5645756457566917,4.240000000000691,TRAIL_SL,2.7100000000000364,4582.084999999999,2026-08-27T15:58:00+00:00,4580.73,XAUUSD.ecn,4583.44,4588.86,0.4,4.0,True,1787846280
False,BUY,4578.92,4578.92,4572.27,4587.329999999999,2.0299999999997453,0.32470119521917584,1.6300000000001091,TRAIL_SL,5.019999999999527,4574.780000000001,2026-08-27T16:44:00+00:00,4572.27,XAUUSD.ecn,4577.29,4587.329999999999,0.4,4.0,True,1787849040
False,SELL,4572.75,4572.75,4582.92,4560.989999999999,3.259999999999309,0.39124487004097347,2.8599999999996726,TRAIL_SL,7.3100000000004,4579.264999999999,2026-08-27T16:56:00+00:00,4582.92,XAUUSD.ecn,4575.61,4560.989999999999,0.4,4.0,True,1787849760
False,BUY,4577.52,4577.52,4568.44,4583.620000000001,4.420000000000073,0.7944664031620787,4.020000000000437,TRAIL_SL,5.0600000000004,4570.969999999999,2026-08-27T17:06:00+00:00,4568.44,XAUUSD.ecn,4573.5,4583.620000000001,0.4,4.0,True,1787850360
False,BUY,4597.85,4597.85,4586.88,4610.25,3.5799999999999272,0.40821566110401875,3.180000000000291,TRAIL_SL,7.789999999999964,4590.775,2026-08-27T17:45:00+00:00,4586.88,XAUUSD.ecn,4594.67,4610.25,0.4,4.0,True,1787852700
False,SELL,4591.45,4591.45,4598.0,4579.280000000001,0.7100000000000364,0.04967948717955305,0.3100000000004002,TRAIL_SL,6.239999999999782,4594.88,2026-08-27T18:26:00+00:00,4598.0,XAUUSD.ecn,4591.76,4579.280000000001,0.4,4.0,True,1787855160
False,BUY,4613.8,4613.8,4611.84,4617.000000000001,0.6399999999994179,0.13953488372078265,0.23999999999978172,TRAIL_SL,1.7200000000002547,4612.700000000001,2026-08-27T19:55:00+00:00,4611.84,XAUUSD.ecn,4613.56,4617.000000000001,0.4,4.0,True,1787860500
False,SELL,4608.969999999999,4608.969999999999,4615.26,4606.199999999999,3.6700000000000728,1.0827814569536305,3.2700000000004366,TRAIL_SL,3.0200000000004366,4613.75,2026-08-27T20:09:00+00:00,4615.26,XAUUSD.ecn,4612.24,4606.199999999999,0.4,4.0,True,1787861340
False,SELL,4609.849999999999,4609.849999999999,4611.72,4606.8899999999985,0.6599999999998545,0.16149068322989085,0.2600000000002183,TRAIL_SL,1.610000000000582,4610.915,2026-08-27T20:49:00+00:00,4611.72,XAUUSD.ecn,4610.11,4606.8899999999985,0.4,4.0,True,1787863740
False,SELL,4602.58,4602.58,4607.39,4598.209999999999,2.149999999999636,0.5718954248365266,1.75,TRAIL_SL,3.0600000000004,4605.860000000001,2026-08-27T21:03:00+00:00,4607.39,XAUUSD.ecn,4604.33,4598.209999999999,0.4,4.0,True,1787864580
False,SELL,4615.24,4615.24,4617.99,4613.61,1.6899999999995998,0.8835616438355695,1.2899999999999636,TRAIL_SL,1.4600000000000364,4617.26,2026-08-27T22:12:00+00:00,4617.99,XAUUSD.ecn,4616.53,4613.61,0.4,4.0,True,1787868720
False,SELL,4605.67,4605.67,4611.39,4602.900000000001,3.2899999999999636,1.0212014134277039,2.8900000000003274,TRAIL_SL,2.8299999999999272,4609.975,2026-08-27T22:54:00+00:00,4611.39,XAUUSD.ecn,4608.56,4602.900000000001,0.4,4.0,True,1787871240
False,SELL,4604.19,4604.19,4609.77,4594.289999999998,0.819999999999709,0.08139534883721135,0.42000000000007276,TRAIL_SL,5.160000000000764,4607.1900000000005,2026-08-27T23:08:00+00:00,4609.77,XAUUSD.ecn,4604.61,4594.289999999998,0.4,4.0,True,1787872080
False,SELL,4602.37,4602.37,4608.13,4591.36,0.569999999999709,0.030411449016112403,0.17000000000007276,TRAIL_SL,5.5900000000001455,4605.335,2026-08-28T01:06:00+00:00,4608.13,XAUUSD.ecn,4602.54,4591.36,0.4,4.0,True,1787879160
False,SELL,4594.4,4594.4,4601.05,4584.759999999999,1.6199999999998909,0.22467771639045842,1.2200000000002547,TRAIL_SL,5.430000000000291,4598.335,2026-08-28T03:22:00+00:00,4601.05,XAUUSD.ecn,4595.62,4584.759999999999,0.4,4.0,True,1787887320
False,SELL,4587.629999999999,4587.629999999999,4591.19,4582.880000000001,1.1900000000005093,0.2851985559570426,0.7900000000008731,TRAIL_SL,2.769999999999527,4589.805,2026-08-28T03:50:00+00:00,4591.19,XAUUSD.ecn,4588.42,4582.880000000001,0.4,4.0,True,1787889000
False,BUY,4593.59,4593.59,4587.08,4605.289999999999,0.8400000000001455,0.07248764415165246,0.4400000000005093,TRAIL_SL,6.069999999999709,4590.115,2026-08-28T04:05:00+00:00,4587.08,XAUUSD.ecn,4593.15,4605.289999999999,0.4,4.0,True,1787889900
False,SELL,4591.82,4591.82,4599.58,4587.760000000001,4.220000000000255,0.9695431472083773,3.8200000000006185,TRAIL_SL,3.9399999999996,4597.610000000001,2026-08-28T04:15:00+00:00,4599.58,XAUUSD.ecn,4595.64,4587.760000000001,0.4,4.0,True,1787890500
False,BUY,4584.160000000001,4584.160000000001,4581.12,4587.99,1.1500000000005457,0.3275109170309701,0.7500000000009095,TRAIL_SL,2.2899999999999636,4582.264999999999,2026-08-28T08:27:00+00:00,4581.12,XAUUSD.ecn,4583.41,4587.99,0.4,4.0,True,1787905620
False,BUY,4582.4400000000005,4582.4400000000005,4575.13,4594.059999999999,1.4000000000005457,0.1584786053884295,1.0000000000009095,TRAIL_SL,6.309999999999491,4578.285,2026-08-28T09:14:00+00:00,4575.13,XAUUSD.ecn,4581.44,4594.059999999999,0.4,4.0,True,1787908440
False,SELL,4602.5,4602.5,4608.16,4593.220000000001,1.0799999999999272,0.13654618473902624,0.680000000000291,TRAIL_SL,4.979999999999563,4605.67,2026-08-28T11:50:00+00:00,4608.16,XAUUSD.ecn,4603.18,4593.220000000001,0.4,4.0,True,1787917800
False,BUY,4602.39,4602.39,4594.01,4616.0,1.449999999999818,0.14324693042294576,1.050000000000182,TRAIL_SL,7.329999999999927,4597.675,2026-08-28T15:27:00+00:00,4594.01,XAUUSD.ecn,4601.34,4616.0,0.4,4.0,True,1787930820
False,BUY,4600.47,4600.47,4594.57,4602.1,3.7899999999999636,1.350597609561766,3.3900000000003274,TRAIL_SL,2.5100000000002183,4595.825,2026-08-28T16:00:00+00:00,4594.57,XAUUSD.ecn,4597.08,4602.1,0.4,4.0,True,1787932800
False,SELL,4560.53,4560.53,4567.97,4557.049999999999,4.199999999999818,1.043956043956,3.800000000000182,TRAIL_SL,3.6400000000003274,4566.15,2026-08-28T18:15:00+00:00,4567.97,XAUUSD.ecn,4564.33,4557.049999999999,0.4,4.0,True,1787940900
False,SELL,4556.62,4556.62,4567.56,4551.629999999999,6.029999999999745,1.0602636534839331,5.630000000000109,TRAIL_SL,5.3100000000004,4564.905000000001,2026-08-28T18:33:00+00:00,4567.56,XAUUSD.ecn,4562.25,4551.629999999999,0.4,4.0,True,1787941980
False,SELL,4536.95,4536.95,4550.36,4526.060000000001,5.710000000000036,0.6555555555556491,5.3100000000004,TRAIL_SL,8.099999999999454,4546.3099999999995,2026-08-28T18:45:00+00:00,4550.36,XAUUSD.ecn,4542.26,4526.060000000001,0.4,4.0,True,1787942700
False,SELL,4508.78,4508.78,4518.85,4502.47,5.010000000000218,0.8443223443224454,4.610000000000582,TRAIL_SL,5.460000000000036,4516.120000000001,2026-08-28T19:11:00+00:00,4518.85,XAUUSD.ecn,4513.39,4502.47,0.4,4.0,True,1787944260
False,SELL,4476.179999999999,4476.179999999999,4487.54,4460.6900000000005,2.8100000000004,0.2692737430168506,2.410000000000764,TRAIL_SL,8.949999999999818,4483.0650000000005,2026-08-28T19:35:00+00:00,4487.54,XAUUSD.ecn,4478.59,4460.6900000000005,0.4,4.0,True,1787945700
False,SELL,4476.929999999999,4476.929999999999,4486.16,4462.970000000001,1.9000000000005457,0.1940491591204391,1.5000000000009095,TRAIL_SL,7.729999999999563,4482.295,2026-08-28T19:45:00+00:00,4486.16,XAUUSD.ecn,4478.43,4462.970000000001,0.4,4.0,True,1787946300
False,BUY,4474.92,4474.92,4466.6,4486.249999999998,2.1700000000000728,0.27022900763368446,1.7700000000004366,TRAIL_SL,6.549999999999272,4469.875,2026-08-28T20:48:00+00:00,4466.6,XAUUSD.ecn,4473.15,4486.249999999998,0.4,4.0,True,1787950080
False,SELL,4456.07,4456.07,4463.49,4441.86,0.6099999999996726,0.02912621359223791,0.21000000000003638,TRAIL_SL,7.210000000000036,4459.885,2026-08-28T21:25:00+00:00,4463.49,XAUUSD.ecn,4456.28,4441.86,0.4,4.0,True,1787952300
False,BUY,4462.02,4462.02,4455.16,4469.92,2.3400000000001455,0.3943089430895286,1.9400000000005093,TRAIL_SL,4.920000000000073,4457.62,2026-08-28T22:22:00+00:00,4455.16,XAUUSD.ecn,4460.08,4469.92,0.4,4.0,True,1787955720
False,BUY,4465.77,4465.77,4462.15,4470.130000000002,1.3599999999996726,0.36090225563900774,0.9600000000000364,TRAIL_SL,2.660000000000764,4463.48,2026-08-28T22:40:00+00:00,4462.15,XAUUSD.ecn,4464.81,4470.130000000002,0.4,4.0,True,1787956800
False,SELL,4453.32,4453.32,4466.35,4443.82,5.920000000000073,0.7350199733688784,5.520000000000437,TRAIL_SL,7.510000000000218,4462.595,2026-08-28T22:50:00+00:00,4466.35,XAUUSD.ecn,4458.84,4443.82,0.4,4.0,True,1787957400
False,BUY,4461.1900000000005,4461.1900000000005,4456.24,4468.24,1.3500000000003638,0.2375000000001819,0.9500000000007276,TRAIL_SL,4.0,4458.24,2026-08-28T23:04:00+00:00,4456.24,XAUUSD.ecn,4460.24,4468.24,0.4,4.0,True,1787958240
False,BUY,4457.1900000000005,4457.1900000000005,4454.19,4459.83,1.5200000000004366,0.5957446808514549,1.1200000000008004,TRAIL_SL,1.8800000000001091,4455.129999999999,2026-08-28T23:45:00+00:00,4454.19,XAUUSD.ecn,4456.07,4459.83,0.4,4.0,True,1787960700
False,BUY,4464.29,4464.29,4455.97,4469.2,4.309999999999491,0.88662131519274,3.9099999999998545,TRAIL_SL,4.4099999999998545,4458.175,2026-08-31T01:21:00+00:00,4455.97,XAUUSD.ecn,4460.38,4469.2,0.4,4.0,True,1788139260
False,SELL,4453.3099999999995,4453.3099999999995,4465.4,4445.389999999999,5.819999999999709,0.8125937031484278,5.420000000000073,TRAIL_SL,6.670000000000073,4462.065,2026-08-31T01:33:00+00:00,4465.4,XAUUSD.ecn,4458.73,4445.389999999999,0.4,4.0,True,1788139980
False,SELL,4459.53,4459.53,4462.32,4454.97,0.7399999999997817,0.13877551020415133,0.3400000000001455,TRAIL_SL,2.449999999999818,4461.094999999999,2026-08-31T01:45:00+00:00,4462.32,XAUUSD.ecn,4459.87,4454.97,0.4,4.0,True,1788140700
False,BUY,4467.01,4467.01,4453.54,4479.759999999999,5.130000000000109,0.541189931350182,4.730000000000473,TRAIL_SL,8.739999999999782,4457.91,2026-08-31T03:34:00+00:00,4453.54,XAUUSD.ecn,4462.28,4479.759999999999,0.4,4.0,True,1788147240
False,BUY,4465.79,4465.79,4464.13,4468.150000000001,0.7199999999993452,0.23880597014901062,0.31999999999970896,TRAIL_SL,1.3400000000001455,4464.8,2026-08-31T03:49:00+00:00,4464.13,XAUUSD.ecn,4465.47,4468.150000000001,0.4,4.0,True,1788148140
False,SELL,4465.139999999999,4465.139999999999,4468.97,4458.44,0.7200000000002547,0.0911680911682617,0.32000000000061846,TRAIL_SL,3.5100000000002183,4467.215,2026-08-31T03:53:00+00:00,4468.97,XAUUSD.ecn,4465.46,4458.44,0.4,4.0,True,1788148380
False,SELL,4452.969999999999,4452.969999999999,4465.07,4439.390000000001,3.9400000000005093,0.41355140186928546,3.540000000000873,TRAIL_SL,8.55999999999949,4460.79,2026-08-31T04:02:00+00:00,4465.07,XAUUSD.ecn,4456.51,4439.390000000001,0.4,4.0,True,1788148920
True,BUY,,4444.030000000001,4443.39,4443.719999999999,0.930000000000291,,,SL_AND_TP_SAME_BAR,0.10999999999967258,4443.445,2026-08-31T04:32:00+00:00,4443.39,XAUUSD.ecn,4443.5,4443.719999999999,0.4,4.0,True,1788150720
False,SELL,4405.0199999999995,4405.0199999999995,4411.55,4392.979999999999,0.7399999999997817,0.05492730210018054,0.3400000000001455,TRAIL_SL,6.190000000000509,4408.455,2026-08-31T05:42:00+00:00,4411.55,XAUUSD.ecn,4405.36,4392.979999999999,0.4,4.0,True,1788154920
False,BUY,4420.81,4420.81,4413.71,4421.510000000001,4.899999999999636,1.7307692307689886,4.5,TRAIL_SL,2.600000000000364,4415.01,2026-08-31T05:56:00+00:00,4413.71,XAUUSD.ecn,4416.31,4421.510000000001,0.4,4.0,True,1788155760
True,BUY,,4437.39,4436.07,4437.270000000001,1.319999999999709,,,SL_AND_TP_SAME_BAR,0.4000000000005457,4436.27,2026-08-31T09:00:00+00:00,4436.07,XAUUSD.ecn,4436.47,4437.270000000001,0.4,4.0,True,1788166800
False,SELL,4438.91,4438.91,4448.75,4423.670000000001,1.8800000000001091,0.17703349282303002,1.480000000000473,TRAIL_SL,8.359999999999673,4444.57,2026-08-31T11:17:00+00:00,4448.75,XAUUSD.ecn,4440.39,4423.670000000001,0.4,4.0,True,1788175020
False,BUY,4442.410000000001,4442.410000000001,4438.27,4450.27,0.5399999999999636,0.035000000000081855,0.14000000000032742,TRAIL_SL,4.0,4440.27,2026-08-31T12:17:00+00:00,4438.27,XAUUSD.ecn,4442.27,4450.27,0.4,4.0,True,1788178620
False,BUY,4455.18,4455.18,4450.47,4458.779999999999,2.3400000000001455,0.7003610108306284,1.9400000000005093,TRAIL_SL,2.769999999999527,4451.855,2026-08-31T13:54:00+00:00,4450.47,XAUUSD.ecn,4453.24,4458.779999999999,0.4,4.0,True,1788184440
False,BUY,4457.6900000000005,4457.6900000000005,4453.51,4461.13,2.0399999999999636,0.6456692913387209,1.6400000000003274,TRAIL_SL,2.5399999999999636,4454.780000000001,2026-08-31T14:21:00+00:00,4453.51,XAUUSD.ecn,4456.05,4461.13,0.4,4.0,True,1788186060
False,BUY,4457.320000000001,4457.320000000001,4454.89,4458.189999999999,1.730000000000473,1.2090909090922697,1.3300000000008367,TRAIL_SL,1.0999999999994543,4455.4400000000005,2026-08-31T15:14:00+00:00,4454.89,XAUUSD.ecn,4455.99,4458.189999999999,0.4,4.0,True,1788189240
False,SELL,4447.69,4447.69,4458.7,4441.510000000001,5.680000000000291,0.9214659685865719,5.280000000000655,TRAIL_SL,5.729999999999563,4455.835,2026-08-31T15:24:00+00:00,4458.7,XAUUSD.ecn,4452.97,4441.510000000001,0.4,4.0,True,1788189840
False,SELL,4427.91,4427.91,4435.25,4423.13,3.699999999999818,0.8168316831683692,3.300000000000182,TRAIL_SL,4.039999999999964,4433.23,2026-08-31T17:51:00+00:00,4435.25,XAUUSD.ecn,4431.21,4423.13,0.4,4.0,True,1788198660
False,SELL,4429.879999999999,4429.879999999999,4436.49,4423.74,2.7600000000002183,0.5552941176471958,2.360000000000582,TRAIL_SL,4.25,4434.365,2026-08-31T18:19:00+00:00,4436.49,XAUUSD.ecn,4432.24,4423.74,0.4,4.0,True,1788200340
False,SELL,4435.76,4435.76,4435.76,4428.14,0.18000000000029104,-1.0,-2.5399999999999636,SL,2.5399999999999636,4434.49,2026-08-31T19:40:00+00:00,4435.76,XAUUSD.ecn,4433.22,4428.14,0.4,4.0,False,1788205200
False,BUY,4434.09,4434.09,4431.46,4438.390000000001,0.7199999999993452,0.13852813852798854,0.31999999999970896,TRAIL_SL,2.3100000000004,4432.615,2026-08-31T20:14:00+00:00,4431.46,XAUUSD.ecn,4433.77,4438.390000000001,0.4,4.0,True,1788207240
False,SELL,4432.139999999999,4432.139999999999,4436.57,4425.290000000002,1.0700000000006185,0.17819148936199614,0.6700000000009823,TRAIL_SL,3.759999999999309,4434.6900000000005,2026-08-31T21:05:00+00:00,4436.57,XAUUSD.ecn,4432.81,4425.290000000002,0.4,4.0,True,1788210300
False,BUY,4455.5,4455.5,4448.13,4462.589999999999,2.949999999999818,0.5290456431535967,2.550000000000182,TRAIL_SL,4.819999999999709,4450.54,2026-08-31T23:02:00+00:00,4448.13,XAUUSD.ecn,4452.95,4462.589999999999,0.4,4.0,True,1788217320
False,BUY,4450.83,4450.83,4446.43,4452.55,2.759999999999309,1.1568627450978994,2.3599999999996726,TRAIL_SL,2.0399999999999636,4447.450000000001,2026-09-01T02:56:00+00:00,4446.43,XAUUSD.ecn,4448.47,4452.55,0.4,4.0,True,1788231360
False,BUY,4458.9800000000005,4458.9800000000005,4455.81,4465.139999999999,0.4600000000000364,0.019292604501738423,0.06000000000040018,TRAIL_SL,3.1099999999996726,4457.365,2026-09-01T03:22:00+00:00,4455.81,XAUUSD.ecn,4458.92,4465.139999999999,0.4,4.0,True,1788232920
False,BUY,4460.59,4460.59,4457.23,4464.220000000002,1.4299999999993815,0.4420600858366418,1.0299999999997453,TRAIL_SL,2.3300000000008367,4458.395,2026-09-01T03:29:00+00:00,4457.23,XAUUSD.ecn,4459.56,4464.220000000002,0.4,4.0,True,1788233340
False,SELL,4439.91,4439.91,4444.76,4430.599999999999,0.5299999999997453,0.02754237288137757,0.13000000000010914,TRAIL_SL,4.720000000000255,4442.4,2026-09-01T04:27:00+00:00,4444.76,XAUUSD.ecn,4440.04,4430.599999999999,0.4,4.0,True,1788236820
False,SELL,4437.06,4437.06,4437.06,4423.889999999999,0.3000000000001819,-1.0,-4.390000000000327,SL,4.390000000000327,4434.865,2026-09-01T05:47:00+00:00,4437.06,XAUUSD.ecn,4432.67,4423.889999999999,0.4,4.0,False,1788241620
False,SELL,4432.799999999999,4432.799999999999,4440.27,4423.98,2.4400000000005093,0.3756906077349473,2.040000000000873,TRAIL_SL,5.430000000000291,4437.555,2026-09-01T06:23:00+00:00,4440.27,XAUUSD.ecn,4434.84,4423.98,0.4,4.0,True,1788243780
False,BUY,4434.93,4434.93,4426.01,4442.12,3.949999999999818,0.661080074487943,3.550000000000182,TRAIL_SL,5.369999999999891,4428.695,2026-09-01T08:33:00+00:00,4426.01,XAUUSD.ecn,4431.38,4442.12,0.4,4.0,True,1788251580
False,SELL,4429.42,4429.42,4435.33,4421.6500000000015,1.75,0.2960526315790602,1.3500000000003638,TRAIL_SL,4.559999999999491,4433.05,2026-09-01T09:49:00+00:00,4435.33,XAUUSD.ecn,4430.77,4421.6500000000015,0.4,4.0,True,1788256140
True,SELL,,4412.58,4424.89,4414.75,9.329999999999927,,,SL_AND_TP_SAME_BAR,3.380000000000109,4423.200000000001,2026-09-01T10:39:00+00:00,4424.89,XAUUSD.ecn,4421.51,4414.75,0.4,4.0,True,1788259140
False,SELL,4418.03,4418.03,4421.88,4411.530000000001,0.8000000000001819,0.11594202898567153,0.4000000000005457,TRAIL_SL,3.449999999999818,4420.155000000001,2026-09-01T10:46:00+00:00,4421.88,XAUUSD.ecn,4418.43,4411.530000000001,0.4,4.0,True,1788259560
False,BUY,4421.21,4421.21,4417.63,4424.530000000001,1.6799999999993815,0.55652173913028,1.2799999999997453,TRAIL_SL,2.300000000000182,4418.780000000001,2026-09-01T10:51:00+00:00,4417.63,XAUUSD.ecn,4419.93,4424.530000000001,0.4,4.0,True,1788259860
False,SELL,4398.429999999999,4398.429999999999,4405.93,4385.829999999998,1.199999999999818,0.11940298507464105,0.8000000000001819,TRAIL_SL,6.700000000000728,4402.58,2026-09-01T11:12:00+00:00,4405.93,XAUUSD.ecn,4399.23,4385.829999999998,0.4,4.0,True,1788261120
False,SELL,4382.2,4382.2,4397.52,4367.789999999998,5.809999999999491,0.5459132189706799,5.4099999999998545,TRAIL_SL,9.910000000000764,4392.5650000000005,2026-09-01T11:27:00+00:00,4397.52,XAUUSD.ecn,4387.61,4367.789999999998,0.4,4.0,True,1788262020
False,BUY,4384.92,4384.92,4380.38,4388.87,2.1099999999996726,0.6042402826855408,1.7100000000000364,TRAIL_SL,2.8299999999999272,4381.795,2026-09-01T13:26:00+00:00,4380.38,XAUUSD.ecn,4383.21,4388.87,0.4,4.0,True,1788269160
False,BUY,4382.71,4382.71,4376.82,4386.72,2.9899999999997817,0.7848484848484857,2.5900000000001455,TRAIL_SL,3.300000000000182,4378.469999999999,2026-09-01T14:11:00+00:00,4376.82,XAUUSD.ecn,4380.12,4386.72,0.4,4.0,True,1788271860
False,SELL,4376.2,4376.2,4381.78,4365.460000000001,0.5399999999999636,0.02573529411770914,0.14000000000032742,TRAIL_SL,5.4399999999996,4379.0599999999995,2026-09-01T14:18:00+00:00,4381.78,XAUUSD.ecn,4376.34,4365.460000000001,0.4,4.0,True,1788272280
False,SELL,4370.4,4370.4,4372.3,4368.009999999999,0.8699999999998909,0.3286713286714399,0.47000000000025466,TRAIL_SL,1.430000000000291,4371.585,2026-09-01T15:12:00+00:00,4372.3,XAUUSD.ecn,4370.87,4368.009999999999,0.4,4.0,True,1788275520
False,SELL,4355.24,4355.24,4363.86,4342.950000000002,2.050000000000182,0.2367288378767146,1.6500000000005457,TRAIL_SL,6.969999999999345,4360.375,2026-09-01T15:38:00+00:00,4363.86,XAUUSD.ecn,4356.89,4342.950000000002,0.4,4.0,True,1788277080
True,SELL,,4359.139999999999,4363.79,4359.950000000001,3.7700000000004366,,,SL_AND_TP_SAME_BAR,1.2799999999997453,4363.15,2026-09-01T15:57:00+00:00,4363.79,XAUUSD.ecn,4362.51,4359.950000000001,0.4,4.0,True,1788278220
False,BUY,4341.4800000000005,4341.4800000000005,4333.64,4348.01,3.449999999999818,0.636743215031358,3.050000000000182,TRAIL_SL,4.789999999999964,4336.035,2026-09-01T16:27:00+00:00,4333.64,XAUUSD.ecn,4338.43,4348.01,0.4,4.0,True,1788280020
False,BUY,4349.620000000001,4349.620000000001,4341.71,4363.22,1.1400000000003274,0.10320781032087639,0.7400000000006912,TRAIL_SL,7.170000000000073,4345.295,2026-09-01T16:35:00+00:00,4341.71,XAUUSD.ecn,4348.88,4363.22,0.4,4.0,True,1788280500
False,BUY,4374.09,4374.09,4362.48,4381.74,5.5900000000001455,0.8084112149533412,5.190000000000509,TRAIL_SL,6.420000000000073,4365.69,2026-09-01T17:17:00+00:00,4362.48,XAUUSD.ecn,4368.9,4381.74,0.4,4.0,True,1788283020
False,SELL,4348.25,4348.25,4354.86,4342.920000000001,3.0299999999997453,0.6608040201006025,2.630000000000109,TRAIL_SL,3.9799999999995634,4352.87,2026-09-01T19:32:00+00:00,4354.86,XAUUSD.ecn,4350.88,4342.920000000001,0.4,4.0,True,1788291120
False,BUY,4350.150000000001,4350.150000000001,4344.25,4357.959999999999,1.730000000000473,0.2910284463896983,1.3300000000008367,TRAIL_SL,4.569999999999709,4346.535,2026-09-01T20:32:00+00:00,4344.25,XAUUSD.ecn,4348.82,4357.959999999999,0.4,4.0,True,1788294720
False,SELL,4338.5599999999995,4338.5599999999995,4344.14,4331.659999999998,1.819999999999709,0.34134615384610867,1.4200000000000728,TRAIL_SL,4.160000000000764,4342.0599999999995,2026-09-01T21:07:00+00:00,4344.14,XAUUSD.ecn,4339.98,4331.659999999998,0.4,4.0,True,1788296820
False,BUY,4340.97,4340.97,4336.14,4346.849999999999,1.6599999999998545,0.35294117647067813,1.2600000000002183,TRAIL_SL,3.569999999999709,4337.925,2026-09-01T21:22:00+00:00,4336.14,XAUUSD.ecn,4339.71,4346.849999999999,0.4,4.0,True,1788297720
False,SELL,4333.429999999999,4333.429999999999,4337.84,4329.2,1.930000000000291,0.5312500000002073,1.5300000000006548,TRAIL_SL,2.880000000000109,4336.4,2026-09-01T21:33:00+00:00,4337.84,XAUUSD.ecn,4334.96,4329.2,0.4,4.0,True,1788298380
False,BUY,4336.31,4336.31,4331.24,4343.839999999999,1.2700000000004366,0.20714285714305666,0.8700000000008004,TRAIL_SL,4.199999999999818,4333.34,2026-09-01T22:15:00+00:00,4331.24,XAUUSD.ecn,4335.44,4343.839999999999,0.4,4.0,True,1788300900
False,SELL,4327.629999999999,4327.629999999999,4330.37,4323.650000000001,0.9000000000005457,0.2232142857147135,0.5000000000009095,TRAIL_SL,2.2399999999997817,4329.25,2026-09-01T22:54:00+00:00,4330.37,XAUUSD.ecn,4328.13,4323.650000000001,0.4,4.0,True,1788303240
False,SELL,4327.2699999999995,4327.2699999999995,4331.87,4322.0,1.7100000000000364,0.3981762917934391,1.3100000000004002,TRAIL_SL,3.2899999999999636,4330.225,2026-09-02T02:57:00+00:00,4331.87,XAUUSD.ecn,4328.58,4322.0,0.4,4.0,True,1788317820
False,SELL,4321.32,4321.32,4326.05,4313.6900000000005,1.0100000000002183,0.14805825242732967,0.6100000000005821,TRAIL_SL,4.119999999999891,4323.99,2026-09-02T04:20:00+00:00,4326.05,XAUUSD.ecn,4321.93,4313.6900000000005,0.4,4.0,True,1788322800
False,SELL,4306.94,4306.94,4316.73,4296.840000000002,3.5600000000004,0.47662141779806116,3.160000000000764,TRAIL_SL,6.6299999999992,4313.415,2026-09-02T04:39:00+00:00,4316.73,XAUUSD.ecn,4310.1,4296.840000000002,0.4,4.0,True,1788323940
False,SELL,4297.62,4297.62,4306.37,4282.13,1.069999999999709,0.08292079207921767,0.6700000000000728,TRAIL_SL,8.079999999999927,4302.33,2026-09-02T04:54:00+00:00,4306.37,XAUUSD.ecn,4298.29,4282.13,0.4,4.0,True,1788324840
False,BUY,4298.5,4298.5,4294.98,4305.27,0.4899999999997817,0.026239067055433784,0.09000000000014552,TRAIL_SL,3.430000000000291,4296.695,2026-09-02T05:08:00+00:00,4294.98,XAUUSD.ecn,4298.41,4305.27,0.4,4.0,True,1788325680
False,SELL,4291.7699999999995,4291.7699999999995,4300.93,4279.18,2.3100000000004,0.26344827586217434,1.910000000000764,TRAIL_SL,7.25,4297.305,2026-09-02T05:11:00+00:00,4300.93,XAUUSD.ecn,4293.68,4279.18,0.4,4.0,True,1788325860
False,SELL,4301.339999999999,4301.339999999999,4308.32,4291.94,1.9200000000000728,0.2783882783883565,1.5200000000004366,TRAIL_SL,5.460000000000036,4305.59,2026-09-02T05:59:00+00:00,4308.32,XAUUSD.ecn,4302.86,4291.94,0.4,4.0,True,1788328740
False,SELL,4284.66,4284.66,4290.98,4275.650000000001,1.6099999999996726,0.23679060665364265,1.2100000000000364,TRAIL_SL,5.109999999999673,4288.424999999999,2026-09-02T06:36:00+00:00,4290.98,XAUUSD.ecn,4285.87,4275.650000000001,0.4,4.0,True,1788330960
False,BUY,4289.77,4289.77,4284.26,4298.0,1.3299999999999272,0.20305676855901875,0.930000000000291,TRAIL_SL,4.579999999999927,4286.55,2026-09-02T06:40:00+00:00,4284.26,XAUUSD.ecn,4288.84,4298.0,0.4,4.0,True,1788331200
False,BUY,4310.51,4310.51,4304.75,4321.25,0.6599999999998545,0.04727272727276696,0.2600000000002183,TRAIL_SL,5.5,4307.5,2026-09-02T08:19:00+00:00,4304.75,XAUUSD.ecn,4310.25,4321.25,0.4,4.0,True,1788337140
False,SELL,4307.44,4307.44,4310.91,4304.009999999999,1.569999999999709,0.5086956521739044,1.1700000000000728,TRAIL_SL,2.300000000000182,4309.76,2026-09-02T08:23:00+00:00,4310.91,XAUUSD.ecn,4308.61,4304.009999999999,0.4,4.0,True,1788337380
False,BUY,4323.55,4323.55,4320.07,4327.8099999999995,1.300000000000182,0.3488372093025469,0.9000000000005457,TRAIL_SL,2.5799999999999272,4321.36,2026-09-02T08:46:00+00:00,4320.07,XAUUSD.ecn,4322.65,4327.8099999999995,0.4,4.0,True,1788338760
False,SELL,4315.759999999999,4315.759999999999,4320.76,4310.589999999999,2.0100000000002183,0.47492625368744146,1.610000000000582,TRAIL_SL,3.3900000000003274,4319.0650000000005,2026-09-02T09:52:00+00:00,4320.76,XAUUSD.ecn,4317.37,4310.589999999999,0.4,4.0,True,1788342720
False,BUY,4324.620000000001,4324.620000000001,4320.24,4333.14,0.48000000000047294,0.0186046511629845,0.08000000000083674,TRAIL_SL,4.300000000000182,4322.389999999999,2026-09-02T11:41:00+00:00,4320.24,XAUUSD.ecn,4324.54,4333.14,0.4,4.0,True,1788349260
False,SELL,4314.37,4314.37,4317.68,4309.820000000001,1.0900000000001455,0.2633587786261596,0.6900000000005093,TRAIL_SL,2.619999999999891,4316.370000000001,2026-09-02T12:16:00+00:00,4317.68,XAUUSD.ecn,4315.06,4309.820000000001,0.4,4.0,True,1788351360
False,SELL,4305.98,4305.98,4315.32,4290.4800000000005,1.4600000000000364,0.12801932367154986,1.0600000000004002,TRAIL_SL,8.279999999999745,4311.18,2026-09-02T12:27:00+00:00,4315.32,XAUUSD.ecn,4307.04,4290.4800000000005,0.4,4.0,True,1788352020
False,BUY,4330.64,4330.64,4325.81,4339.9400000000005,0.5199999999995271,0.025477707006346058,0.11999999999989086,TRAIL_SL,4.710000000000036,4328.165000000001,2026-09-02T14:40:00+00:00,4325.81,XAUUSD.ecn,4330.52,4339.9400000000005,0.4,4.0,True,1788360000
False,SELL,4324.469999999999,4324.469999999999,4332.87,4313.73,2.4200000000000728,0.3166144200627589,2.0200000000004366,TRAIL_SL,6.380000000000109,4329.68,2026-09-02T14:45:00+00:00,4332.87,XAUUSD.ecn,4326.49,4313.73,0.4,4.0,True,1788360300
False,BUY,4330.39,4330.39,4323.36,4342.62,1.0100000000002183,0.09501557632407713,0.6100000000005821,TRAIL_SL,6.420000000000073,4326.57,2026-09-02T14:56:00+00:00,4323.36,XAUUSD.ecn,4329.78,4342.62,0.4,4.0,True,1788360960
False,SELL,4337.03,4337.03,4344.5,4332.170000000001,3.7600000000002183,0.8175182481753892,3.360000000000582,TRAIL_SL,4.109999999999673,4342.445,2026-09-02T16:14:00+00:00,4344.5,XAUUSD.ecn,4340.39,4332.170000000001,0.4,4.0,True,1788365640
False,SELL,4385.83,4385.83,4397.28,4372.05,3.4399999999996,0.36147443519619693,3.0399999999999636,TRAIL_SL,8.409999999999854,4393.075,2026-09-02T17:25:00+00:00,4397.28,XAUUSD.ecn,4388.87,4372.05,0.4,4.0,True,1788369900
False,SELL,4374.0599999999995,4374.0599999999995,4380.66,4369.259999999999,3.199999999999818,0.7368421052631705,2.800000000000182,TRAIL_SL,3.800000000000182,4378.76,2026-09-02T18:09:00+00:00,4380.66,XAUUSD.ecn,4376.86,4369.259999999999,0.4,4.0,True,1788372540
False,BUY,4374.35,4374.35,4368.04,4377.999999999999,3.3900000000003274,0.9006024096388414,2.990000000000691,TRAIL_SL,3.319999999999709,4369.7,2026-09-02T19:00:00+00:00,4368.04,XAUUSD.ecn,4371.36,4377.999999999999,0.4,4.0,True,1788375600
False,SELL,4374.3099999999995,4374.3099999999995,4377.49,4368.280000000001,0.5100000000002183,0.035830618892701144,0.11000000000058208,TRAIL_SL,3.069999999999709,4375.955,2026-09-02T21:02:00+00:00,4377.49,XAUUSD.ecn,4374.42,4368.280000000001,0.4,4.0,True,1788382920
False,BUY,4374.89,4374.89,4369.88,4383.98,0.7100000000000364,0.06595744680859833,0.3100000000004002,TRAIL_SL,4.699999999999818,4372.23,2026-09-02T21:21:00+00:00,4369.88,XAUUSD.ecn,4374.58,4383.98,0.4,4.0,True,1788384060
False,SELL,4373.21,4373.21,4376.65,4368.04,0.9699999999993452,0.19860627177690962,0.569999999999709,TRAIL_SL,2.869999999999891,4375.215,2026-09-02T21:47:00+00:00,4376.65,XAUUSD.ecn,4373.78,4368.04,0.4,4.0,True,1788385620
False,SELL,4382.83,4382.83,4386.49,4375.99,0.5599999999994907,0.045714285714244136,0.15999999999985448,TRAIL_SL,3.5,4384.74,2026-09-03T02:20:00+00:00,4386.49,XAUUSD.ecn,4382.99,4375.99,0.4,4.0,True,1788402000
False,SELL,4390.82,4390.82,4390.82,4386.9800000000005,0.0500000000001819,-1.0,-1.2799999999997453,SL,1.2799999999997453,4390.18,2026-09-03T03:10:00+00:00,4390.82,XAUUSD.ecn,4389.54,4386.9800000000005,0.4,4.0,False,1788405000
True,BUY,,4396.650000000001,4391.1,4396.619999999998,4.110000000000582,,,SL_AND_TP_SAME_BAR,1.839999999999236,4392.02,2026-09-03T03:59:00+00:00,4391.1,XAUUSD.ecn,4392.94,4396.619999999998,0.4,4.0,True,1788407940
False,SELL,4401.009999999999,4401.009999999999,4405.37,4399.579999999999,2.8299999999999272,1.2590673575129143,2.430000000000291,TRAIL_SL,1.930000000000291,4404.405,2026-09-03T04:45:00+00:00,4405.37,XAUUSD.ecn,4403.44,4399.579999999999,0.4,4.0,True,1788410700
False,BUY,4413.67,4413.67,4409.54,4419.65,1.1599999999998545,0.22551928783389996,0.7600000000002183,TRAIL_SL,3.369999999999891,4411.225,2026-09-03T05:03:00+00:00,4409.54,XAUUSD.ecn,4412.91,4419.65,0.4,4.0,True,1788411780
False,BUY,4416.47,4416.47,4410.21,4421.94,2.75,0.6010230179029287,2.350000000000364,TRAIL_SL,3.9099999999998545,4412.165,2026-09-03T05:32:00+00:00,4410.21,XAUUSD.ecn,4414.12,4421.94,0.4,4.0,True,1788413520
False,BUY,4429.96,4429.96,4424.07,4432.380000000001,3.519999999999527,1.1263537906135015,3.119999999999891,TRAIL_SL,2.7700000000004366,4425.455,2026-09-03T06:14:00+00:00,4424.07,XAUUSD.ecn,4426.84,4432.380000000001,0.4,4.0,True,1788416040
False,BUY,4429.71,4429.71,4426.33,4436.2300000000005,0.47999999999956344,0.02424242424240086,0.07999999999992724,TRAIL_SL,3.300000000000182,4427.98,2026-09-03T06:35:00+00:00,4426.33,XAUUSD.ecn,4429.63,4436.2300000000005,0.4,4.0,True,1788417300
False,BUY,4434.92,4434.92,4432.65,4438.320000000001,0.7799999999997453,0.20105820105822397,0.38000000000010914,TRAIL_SL,1.8900000000003274,4433.594999999999,2026-09-03T07:27:00+00:00,4432.65,XAUUSD.ecn,4434.54,4438.320000000001,0.4,4.0,True,1788420420
False,SELL,4434.929999999999,4434.929999999999,4439.25,4430.040000000001,1.6500000000005457,0.4071661237788365,1.2500000000009095,TRAIL_SL,3.069999999999709,4437.715,2026-09-03T08:55:00+00:00,4439.25,XAUUSD.ecn,4436.18,4430.040000000001,0.4,4.0,True,1788425700
False,SELL,4427.339999999999,4427.339999999999,4430.23,4424.11,1.25,0.4166666666668524,0.8500000000003638,TRAIL_SL,2.0399999999999636,4429.209999999999,2026-09-03T10:27:00+00:00,4430.23,XAUUSD.ecn,4428.19,4424.11,0.4,4.0,True,1788431220
False,SELL,4431.759999999999,4431.759999999999,4443.33,4419.0599999999995,3.880000000000109,0.4301606922126589,3.480000000000473,TRAIL_SL,8.090000000000146,4439.285,2026-09-03T11:12:00+00:00,4443.33,XAUUSD.ecn,4435.24,4419.0599999999995,0.4,4.0,True,1788433920
False,BUY,4437.570000000001,4437.570000000001,4433.66,4440.8600000000015,1.9099999999998545,0.6291666666666146,1.5100000000002183,TRAIL_SL,2.4000000000005457,4434.860000000001,2026-09-03T12:34:00+00:00,4433.66,XAUUSD.ecn,4436.06,4440.8600000000015,0.4,4.0,True,1788438840
False,BUY,4445.59,4445.59,4445.59,4448.799999999999,0.3400000000001455,-1.0,-1.069999999999709,SL,1.069999999999709,4446.125,2026-09-03T15:11:00+00:00,4445.59,XAUUSD.ecn,4446.66,4448.799999999999,0.4,4.0,False,1788448260
False,BUY,4447.29,4447.29,4439.85,4461.029999999999,0.7799999999997453,0.05382436260625164,0.38000000000010914,TRAIL_SL,7.059999999999491,4443.38,2026-09-03T15:28:00+00:00,4439.85,XAUUSD.ecn,4446.91,4461.029999999999,0.4,4.0,True,1788449280
False,BUY,4465.59,4465.59,4464.4,4467.340000000001,0.6099999999996726,0.214285714285648,0.21000000000003638,TRAIL_SL,0.9800000000004729,4464.889999999999,2026-09-03T17:08:00+00:00,4464.4,XAUUSD.ecn,4465.38,4467.340000000001,0.4,4.0,True,1788455280
False,BUY,4476.200000000001,4476.200000000001,4464.55,4486.960000000001,4.579999999999927,0.5595716198126035,4.180000000000291,TRAIL_SL,7.470000000000255,4468.285,2026-09-03T17:22:00+00:00,4464.55,XAUUSD.ecn,4472.02,4486.960000000001,0.4,4.0,True,1788456120
False,BUY,4477.8,4477.8,4472.3,4480.9400000000005,3.019999999999527,0.9097222222221498,2.619999999999891,TRAIL_SL,2.880000000000109,4473.74,2026-09-03T17:32:00+00:00,4472.3,XAUUSD.ecn,4475.18,4480.9400000000005,0.4,4.0,True,1788456720
False,SELL,4489.03,4489.03,4496.71,4476.7300000000005,1.4200000000000728,0.15315315315322206,1.0200000000004366,TRAIL_SL,6.6599999999998545,4493.38,2026-09-03T18:50:00+00:00,4496.71,XAUUSD.ecn,4490.05,4476.7300000000005,0.4,4.0,True,1788461400
False,BUY,4489.27,4489.27,4487.51,4492.699999999999,0.43000000000029104,0.01734104046281064,0.030000000000654836,TRAIL_SL,1.7299999999995634,4488.375,2026-09-03T19:47:00+00:00,4487.51,XAUUSD.ecn,4489.24,4492.699999999999,0.4,4.0,True,1788464820
False,BUY,4486.31,4486.31,4483.26,4492.079999999999,0.5100000000002183,0.03741496598659764,0.11000000000058208,TRAIL_SL,2.9399999999996,4484.73,2026-09-03T20:08:00+00:00,4483.26,XAUUSD.ecn,4486.2,4492.079999999999,0.4,4.0,True,1788466080
False,SELL,4490.0599999999995,4490.0599999999995,4494.71,4481.510000000001,0.6500000000005457,0.05681818181839322,0.2500000000009095,TRAIL_SL,4.399999999999636,4492.51,2026-09-03T20:53:00+00:00,4494.71,XAUUSD.ecn,4490.31,4481.510000000001,0.4,4.0,True,1788468780
True,BUY,,4478.1,4477.36,4478.38,0.8000000000001819,,,SL_AND_TP_SAME_BAR,0.3400000000001455,4477.53,2026-09-04T04:13:00+00:00,4477.36,XAUUSD.ecn,4477.7,4478.38,0.4,4.0,True,1788495180
False,BUY,4474.67,4474.67,4469.09,4484.96,0.6899999999995998,0.054820415879010514,0.2899999999999636,TRAIL_SL,5.289999999999964,4471.735000000001,2026-09-04T04:38:00+00:00,4469.09,XAUUSD.ecn,4474.38,4484.96,0.4,4.0,True,1788496680
False,BUY,4481.3,4481.3,4470.57,4493.97,3.3299999999999272,0.37564102564105417,2.930000000000291,TRAIL_SL,7.800000000000182,4474.469999999999,2026-09-04T05:01:00+00:00,4470.57,XAUUSD.ecn,4478.37,4493.97,0.4,4.0,True,1788498060
False,SELL,4472.79,4472.79,4477.59,4467.96,1.9899999999997817,0.49532710280377806,1.5900000000001455,TRAIL_SL,3.2100000000000364,4475.985000000001,2026-09-04T05:29:00+00:00,4477.59,XAUUSD.ecn,4474.38,4467.96,0.4,4.0,True,1788499740
False,SELL,4467.139999999999,4467.139999999999,4469.84,4466.69,2.050000000000182,1.571428571428819,1.6500000000005457,TRAIL_SL,1.050000000000182,4469.3150000000005,2026-09-04T07:01:00+00:00,4469.84,XAUUSD.ecn,4468.79,4466.69,0.4,4.0,True,1788505260
False,BUY,4468.77,4468.77,4468.77,4481.939999999999,0.25,-1.0,-4.389999999999418,SL,4.389999999999418,4470.965,2026-09-04T08:20:00+00:00,4468.77,XAUUSD.ecn,4473.16,4481.939999999999,0.4,4.0,False,1788510000
False,BUY,4475.21,4475.21,4469.98,4484.74,0.7100000000000364,0.06300813008138122,0.3100000000004002,TRAIL_SL,4.920000000000073,4472.44,2026-09-04T08:41:00+00:00,4469.98,XAUUSD.ecn,4474.9,4484.74,0.4,4.0,True,1788511260
False,SELL,4472.0,4472.0,4475.61,4466.910000000001,1.1099999999996726,0.2448275862069398,0.7100000000000364,TRAIL_SL,2.899999999999636,4474.16,2026-09-04T08:45:00+00:00,4475.61,XAUUSD.ecn,4472.71,4466.910000000001,0.4,4.0,True,1788511500
True,BUY,,4469.5,4467.32,4468.3099999999995,2.25,,,SL_AND_TP_SAME_BAR,0.32999999999992724,4467.485,2026-09-04T09:22:00+00:00,4467.32,XAUUSD.ecn,4467.65,4468.3099999999995,0.4,4.0,True,1788513720
False,BUY,4466.04,4466.04,4462.95,4469.039999999999,1.4600000000000364,0.5221674876849917,1.0600000000004002,TRAIL_SL,2.0299999999997453,4463.965,2026-09-04T10:05:00+00:00,4462.95,XAUUSD.ecn,4464.98,4469.039999999999,0.4,4.0,True,1788516300
False,SELL,4484.69,4484.69,4489.78,4475.710000000001,0.8000000000001819,0.08528784648199997,0.4000000000005457,TRAIL_SL,4.6899999999996,4487.4349999999995,2026-09-04T10:54:00+00:00,4489.78,XAUUSD.ecn,4485.09,4475.710000000001,0.4,4.0,True,1788519240
False,SELL,4468.37,4468.37,4475.08,4461.760000000001,2.6700000000000728,0.5112612612614057,2.2700000000004366,TRAIL_SL,4.4399999999996,4472.860000000001,2026-09-04T12:15:00+00:00,4475.08,XAUUSD.ecn,4470.64,4461.760000000001,0.4,4.0,True,1788524100
False,BUY,4475.52,4475.52,4473.52,4479.25,0.4899999999997817,0.04712041884824732,0.09000000000014552,TRAIL_SL,1.9099999999998545,4474.475,2026-09-04T13:48:00+00:00,4473.52,XAUUSD.ecn,4475.43,4479.25,0.4,4.0,True,1788529680
False,SELL,4471.57,4471.57,4474.86,4470.36,2.1899999999996,1.1933333333333092,1.7899999999999636,TRAIL_SL,1.5,4474.11,2026-09-04T14:02:00+00:00,4474.86,XAUUSD.ecn,4473.36,4470.36,0.4,4.0,True,1788530520
False,BUY,4467.14,4467.14,4465.24,4469.680000000001,0.819999999999709,0.28378378378374225,0.42000000000007276,TRAIL_SL,1.480000000000473,4465.98,2026-09-04T14:33:00+00:00,4465.24,XAUUSD.ecn,4466.72,4469.680000000001,0.4,4.0,True,1788532380
False,BUY,4404.620000000001,4404.620000000001,4395.71,4418.0599999999995,1.860000000000582,0.19597315436254786,1.4600000000009459,TRAIL_SL,7.449999999999818,4399.4349999999995,2026-09-04T15:56:00+00:00,4395.71,XAUUSD.ecn,4403.16,4418.0599999999995,0.4,4.0,True,1788537360
False,BUY,4403.77,4403.77,4391.45,4408.3099999999995,7.100000000000364,1.1921708185054907,6.700000000000728,TRAIL_SL,5.619999999999891,4394.26,2026-09-04T16:22:00+00:00,4391.45,XAUUSD.ecn,4397.07,4408.3099999999995,0.4,4.0,True,1788538920
True,BUY,,4424.3,4412.07,4423.740000000001,8.739999999999782,,,SL_AND_TP_SAME_BAR,3.8900000000003274,4414.014999999999,2026-09-04T17:06:00+00:00,4412.07,XAUUSD.ecn,4415.96,4423.740000000001,0.4,4.0,True,1788541560
False,BUY,4425.46,4425.46,4425.46,4431.640000000001,0.32999999999992724,-1.0,-2.0600000000004,SL,2.0600000000004,4426.49,2026-09-04T17:46:00+00:00,4425.46,XAUUSD.ecn,4427.52,4431.640000000001,0.4,4.0,False,1788543960
False,SELL,4435.509999999999,4435.509999999999,4442.49,4429.23,2.9600000000000364,0.5791855203620719,2.5600000000004,TRAIL_SL,4.420000000000073,4440.28,2026-09-04T19:24:00+00:00,4442.49,XAUUSD.ecn,4438.07,4429.23,0.4,4.0,True,1788549840
False,SELL,4435.94,4435.94,4440.35,4432.159999999999,2.0799999999999272,0.6153846153846154,1.680000000000291,TRAIL_SL,2.730000000000473,4438.985000000001,2026-09-04T19:54:00+00:00,4440.35,XAUUSD.ecn,4437.62,4432.159999999999,0.4,4.0,True,1788551640
False,BUY,4425.92,4425.92,4419.18,4432.259999999999,2.7799999999997453,0.5458715596330935,2.380000000000109,TRAIL_SL,4.359999999999673,4421.360000000001,2026-09-04T21:24:00+00:00,4419.18,XAUUSD.ecn,4423.54,4432.259999999999,0.4,4.0,True,1788557040
False,SELL,4431.53,4431.53,4434.5,4427.27,0.9600000000000364,0.23236514522839585,0.5600000000004002,TRAIL_SL,2.4099999999998545,4433.295,2026-09-04T23:08:00+00:00,4434.5,XAUUSD.ecn,4432.09,4427.27,0.4,4.0,True,1788563280
False,BUY,4432.06,4432.06,4430.4,4435.1100000000015,0.4899999999997817,0.057324840764401315,0.09000000000014552,TRAIL_SL,1.5700000000006185,4431.1849999999995,2026-09-07T01:51:00+00:00,4430.4,XAUUSD.ecn,4431.97,4435.1100000000015,0.4,4.0,True,1788745860
False,SELL,4431.94,4431.94,4434.27,4428.87,0.930000000000291,0.29444444444477846,0.5300000000006548,TRAIL_SL,1.800000000000182,4433.370000000001,2026-09-07T01:54:00+00:00,4434.27,XAUUSD.ecn,4432.47,4428.87,0.4,4.0,True,1788746040
False,SELL,4423.58,4423.58,4427.73,4419.060000000001,1.6599999999998545,0.4359861591697135,1.2600000000002183,TRAIL_SL,2.889999999999418,4426.285,2026-09-07T02:53:00+00:00,4427.73,XAUUSD.ecn,4424.84,4419.060000000001,0.4,4.0,True,1788749580
False,SELL,4402.4,4402.4,4413.21,4394.130000000001,4.850000000000364,0.6996855345913454,4.450000000000728,TRAIL_SL,6.359999999999673,4410.030000000001,2026-09-07T04:10:00+00:00,4413.21,XAUUSD.ecn,4406.85,4394.130000000001,0.4,4.0,True,1788754200
False,BUY,4410.75,4410.75,4408.06,4412.739999999999,1.5299999999997453,0.7243589743592808,1.1300000000001091,TRAIL_SL,1.5599999999994907,4408.84,2026-09-07T04:40:00+00:00,4408.06,XAUUSD.ecn,4409.62,4412.739999999999,0.4,4.0,True,1788756000
False,BUY,4409.73,4409.73,4409.73,4421.52,0.3100000000004002,-1.0,-3.930000000000291,SL,3.930000000000291,4411.695,2026-09-07T04:55:00+00:00,4409.73,XAUUSD.ecn,4413.66,4421.52,0.4,4.0,False,1788756900
False,BUY,4401.73,4401.73,4401.73,4408.060000000001,0.23999999999978172,-1.0,-2.110000000000582,SL,2.110000000000582,4402.785,2026-09-07T06:48:00+00:00,4401.73,XAUUSD.ecn,4403.84,4408.060000000001,0.4,4.0,False,1788763680
False,BUY,4406.3,4406.3,4402.7,4411.250000000001,1.1499999999996362,0.2631578947368085,0.75,TRAIL_SL,2.850000000000364,4404.125,2026-09-07T07:14:00+00:00,4402.7,XAUUSD.ecn,4405.55,4411.250000000001,0.4,4.0,True,1788765240
False,SELL,4401.0,4401.0,4403.67,4398.54,1.3599999999996726,0.5614035087719391,0.9600000000000364,TRAIL_SL,1.7100000000000364,4402.8150000000005,2026-09-07T07:22:00+00:00,4403.67,XAUUSD.ecn,4401.96,4398.54,0.4,4.0,True,1788765720
False,BUY,4402.740000000001,4402.740000000001,4397.83,4412.35,0.47000000000025466,0.014462809917482717,0.07000000000061846,TRAIL_SL,4.8400000000001455,4400.25,2026-09-07T08:07:00+00:00,4397.83,XAUUSD.ecn,4402.67,4412.35,0.4,4.0,True,1788768420
True,SELL,,4398.74,4403.91,4399.590000000001,4.130000000000109,,,SL_AND_TP_SAME_BAR,1.4399999999995998,4403.1900000000005,2026-09-07T08:10:00+00:00,4403.91,XAUUSD.ecn,4402.47,4399.590000000001,0.4,4.0,True,1788768600
True,BUY,,4412.860000000001,4405.85,4406.269999999999,7.270000000000437,,,SL_AND_TP_SAME_BAR,0.13999999999941792,4405.92,2026-09-07T08:30:00+00:00,4405.85,XAUUSD.ecn,4405.99,4406.269999999999,0.4,4.0,True,1788769800
False,BUY,4395.93,4395.93,4394.31,4398.989999999999,0.4600000000000364,0.03846153846180754,0.06000000000040018,TRAIL_SL,1.5599999999994907,4395.09,2026-09-07T09:36:00+00:00,4394.31,XAUUSD.ecn,4395.87,4398.989999999999,0.4,4.0,True,1788773760
False,BUY,4399.410000000001,4399.410000000001,4395.7,4406.740000000001,0.43000000000029104,0.008152173913220779,0.030000000000654836,TRAIL_SL,3.680000000000291,4397.54,2026-09-07T10:15:00+00:00,4395.7,XAUUSD.ecn,4399.38,4406.740000000001,0.4,4.0,True,1788776100
False,BUY,4412.4400000000005,4412.4400000000005,4405.2,4425.45,0.8900000000003274,0.072592592592695,0.4900000000006912,TRAIL_SL,6.75,4408.575,2026-09-07T11:04:00+00:00,4405.2,XAUUSD.ecn,4411.95,4425.45,0.4,4.0,True,1788779040
False,BUY,4420.6900000000005,4420.6900000000005,4416.36,4428.930000000001,0.5399999999999636,0.03341288782823637,0.14000000000032742,TRAIL_SL,4.190000000000509,4418.455,2026-09-07T11:21:00+00:00,4416.36,XAUUSD.ecn,4420.55,4428.930000000001,0.4,4.0,True,1788780060
False,SELL,4415.009999999999,4415.009999999999,4419.23,4409.330000000002,1.3200000000006185,0.2787878787882379,0.9200000000009823,TRAIL_SL,3.2999999999992724,4417.58,2026-09-07T11:42:00+00:00,4419.23,XAUUSD.ecn,4415.93,4409.330000000002,0.4,4.0,True,1788781320
False,SELL,4389.48,4389.48,4394.96,4380.47,1.050000000000182,0.13457556935829307,0.6500000000005457,TRAIL_SL,4.829999999999927,4392.545,2026-09-07T14:26:00+00:00,4394.96,XAUUSD.ecn,4390.13,4380.47,0.4,4.0,True,1788791160
False,BUY,4391.18,4391.18,4385.92,4400.979999999999,0.6400000000003274,0.04780876494038124,0.24000000000069122,TRAIL_SL,5.019999999999527,4388.43,2026-09-07T14:49:00+00:00,4385.92,XAUUSD.ecn,4390.94,4400.979999999999,0.4,4.0,True,1788792540
False,SELL,4402.089999999999,4402.089999999999,4406.69,4397.1500000000015,1.8200000000006185,0.4465408805035404,1.4200000000009823,TRAIL_SL,3.1799999999993815,4405.1,2026-09-07T16:39:00+00:00,4406.69,XAUUSD.ecn,4403.51,4397.1500000000015,0.4,4.0,True,1788799140
False,BUY,4407.410000000001,4407.410000000001,4401.56,4416.8,1.1700000000000728,0.1515748031496944,0.7700000000004366,TRAIL_SL,5.079999999999927,4404.1,2026-09-07T17:03:00+00:00,4401.56,XAUUSD.ecn,4406.64,4416.8,0.4,4.0,True,1788800580
False,BUY,4414.070000000001,4414.070000000001,4411.98,4417.440000000001,0.6700000000000728,0.1483516483518378,0.27000000000043656,TRAIL_SL,1.8200000000006185,4412.889999999999,2026-09-07T17:49:00+00:00,4411.98,XAUUSD.ecn,4413.8,4417.440000000001,0.4,4.0,True,1788803340
False,SELL,4410.7699999999995,4410.7699999999995,4414.27,4403.799999999998,0.4099999999998545,0.002865329512955959,0.010000000000218279,TRAIL_SL,3.490000000000691,4412.525,2026-09-07T18:08:00+00:00,4414.27,XAUUSD.ecn,4410.78,4403.799999999998,0.4,4.0,True,1788804480
False,BUY,4419.870000000001,4419.870000000001,4411.51,4429.150000000001,2.880000000000109,0.4217687074830658,2.480000000000473,TRAIL_SL,5.880000000000109,4414.450000000001,2026-09-08T02:37:00+00:00,4411.51,XAUUSD.ecn,4417.39,4429.150000000001,0.4,4.0,True,1788835020
False,SELL,4420.21,4420.21,4430.13,4405.079999999999,1.9699999999993452,0.18802395209576533,1.569999999999709,TRAIL_SL,8.350000000000364,4425.955,2026-09-08T03:25:00+00:00,4430.13,XAUUSD.ecn,4421.78,4405.079999999999,0.4,4.0,True,1788837900
False,BUY,4430.22,4430.22,4421.19,4440.870000000001,2.869999999999891,0.3765243902439183,2.4700000000002547,TRAIL_SL,6.5600000000004,4424.469999999999,2026-09-08T04:14:00+00:00,4421.19,XAUUSD.ecn,4427.75,4440.870000000001,0.4,4.0,True,1788840840
False,SELL,4426.48,4426.48,4433.97,4421.879999999998,3.8599999999996726,0.8585607940445346,3.4600000000000364,TRAIL_SL,4.030000000000655,4431.955,2026-09-08T05:10:00+00:00,4433.97,XAUUSD.ecn,4429.94,4421.879999999998,0.4,4.0,True,1788844200
False,SELL,4431.69,4431.69,4434.72,4426.44,0.6700000000000728,0.09782608695667218,0.27000000000043656,TRAIL_SL,2.7600000000002183,4433.34,2026-09-08T06:36:00+00:00,4434.72,XAUUSD.ecn,4431.96,4426.44,0.4,4.0,True,1788849360
False,SELL,4428.29,4428.29,4431.41,4422.889999999999,0.6799999999993815,0.09859154929567993,0.27999999999974534,TRAIL_SL,2.8400000000001455,4429.99,2026-09-08T08:16:00+00:00,4431.41,XAUUSD.ecn,4428.57,4422.889999999999,0.4,4.0,True,1788855360
False,SELL,4421.45,4421.45,4431.52,4413.64,4.510000000000218,0.6895973154363351,4.110000000000582,TRAIL_SL,5.960000000000036,4428.540000000001,2026-09-08T08:30:00+00:00,4431.52,XAUUSD.ecn,4425.56,4413.64,0.4,4.0,True,1788856200
False,SELL,4403.839999999999,4403.839999999999,4412.5,4393.36,2.680000000000291,0.3573667711599711,2.280000000000655,TRAIL_SL,6.380000000000109,4409.3099999999995,2026-09-08T09:21:00+00:00,4412.5,XAUUSD.ecn,4406.12,4393.36,0.4,4.0,True,1788859260
False,BUY,4407.740000000001,4407.740000000001,4398.22,4421.529999999999,2.1500000000005457,0.22522522522535598,1.7500000000009095,TRAIL_SL,7.769999999999527,4402.105,2026-09-08T09:45:00+00:00,4398.22,XAUUSD.ecn,4405.99,4421.529999999999,0.4,4.0,True,1788860700
False,SELL,4401.629999999999,4401.629999999999,4406.33,4395.860000000001,1.610000000000582,0.3467048710604646,1.2100000000009459,TRAIL_SL,3.4899999999997817,4404.585,2026-09-08T10:17:00+00:00,4406.33,XAUUSD.ecn,4402.84,4395.860000000001,0.4,4.0,True,1788862620
False,BUY,4400.13,4400.13,4391.13,4416.9299999999985,0.8000000000001819,0.04651162790704315,0.4000000000005457,TRAIL_SL,8.599999999999454,4395.43,2026-09-08T14:20:00+00:00,4391.13,XAUUSD.ecn,4399.73,4416.9299999999985,0.4,4.0,True,1788877200
False,BUY,4407.490000000001,4407.490000000001,4400.56,4411.569999999998,3.660000000000764,0.8882833787471038,3.2600000000011278,TRAIL_SL,3.6699999999991633,4402.395,2026-09-08T14:36:00+00:00,4400.56,XAUUSD.ecn,4404.23,4411.569999999998,0.4,4.0,True,1788878160
False,SELL,4399.599999999999,4399.599999999999,4404.36,4398.5700000000015,3.230000000000473,1.4663212435242194,2.8300000000008367,TRAIL_SL,1.9299999999993815,4403.395,2026-09-08T14:50:00+00:00,4404.36,XAUUSD.ecn,4402.43,4398.5700000000015,0.4,4.0,True,1788879000
False,BUY,4405.370000000001,4405.370000000001,4399.3,4410.91,2.600000000000364,0.5684754521965865,2.2000000000007276,TRAIL_SL,3.869999999999891,4401.235000000001,2026-09-08T15:00:00+00:00,4399.3,XAUUSD.ecn,4403.17,4410.91,0.4,4.0,True,1788879600
False,SELL,4394.759999999999,4394.759999999999,4402.09,4390.4800000000005,3.860000000000582,0.8940568475454893,3.460000000000946,TRAIL_SL,3.869999999999891,4400.155000000001,2026-09-08T16:44:00+00:00,4402.09,XAUUSD.ecn,4398.22,4390.4800000000005,0.4,4.0,True,1788885840
False,BUY,4405.740000000001,4405.740000000001,4397.38,4415.5,2.7200000000002547,0.3841059602650054,2.3200000000006185,TRAIL_SL,6.039999999999964,4400.4,2026-09-08T16:56:00+00:00,4397.38,XAUUSD.ecn,4403.42,4415.5,0.4,4.0,True,1788886560
False,SELL,4395.83,4395.83,4400.46,4392.510000000001,2.380000000000109,0.7471698113210358,1.980000000000473,TRAIL_SL,2.649999999999636,4399.135,2026-09-08T17:44:00+00:00,4400.46,XAUUSD.ecn,4397.81,4392.510000000001,0.4,4.0,True,1788889440
False,BUY,4400.56,4400.56,4397.01,4403.459999999999,1.800000000000182,0.6511627906980384,1.4000000000005457,TRAIL_SL,2.149999999999636,4398.085,2026-09-08T18:27:00+00:00,4397.01,XAUUSD.ecn,4399.16,4403.459999999999,0.4,4.0,True,1788892020
False,SELL,4396.99,4396.99,4401.27,4395.059999999999,2.6099999999996726,1.0676328502412444,2.2100000000000364,TRAIL_SL,2.0700000000006185,4400.235000000001,2026-09-08T20:10:00+00:00,4401.27,XAUUSD.ecn,4399.2,4395.059999999999,0.4,4.0,True,1788898200
False,SELL,4351.87,4351.87,4355.47,4350.3099999999995,2.2799999999997453,1.093023255813855,1.8800000000001091,TRAIL_SL,1.7200000000002547,4354.610000000001,2026-09-09T01:40:00+00:00,4355.47,XAUUSD.ecn,4353.75,4350.3099999999995,0.4,4.0,True,1788918000
False,BUY,4353.49,4353.49,4353.49,4369.12,0.21000000000003638,-1.0,-5.210000000000036,SL,5.210000000000036,4356.094999999999,2026-09-09T02:34:00+00:00,4353.49,XAUUSD.ecn,4358.7,4369.12,0.4,4.0,False,1788921240
False,SELL,4372.95,4372.95,4375.92,4368.9,1.0299999999997453,0.26923076923079914,0.6300000000001091,TRAIL_SL,2.3400000000001455,4374.75,2026-09-09T04:53:00+00:00,4375.92,XAUUSD.ecn,4373.58,4368.9,0.4,4.0,True,1788929580
False,BUY,4374.89,4374.89,4371.92,4377.320000000001,1.569999999999709,0.6499999999999747,1.1700000000000728,TRAIL_SL,1.800000000000182,4372.82,2026-09-09T05:11:00+00:00,4371.92,XAUUSD.ecn,4373.72,4377.320000000001,0.4,4.0,True,1788930660
False,SELL,4379.7,4379.7,4382.68,4375.06,0.8400000000001455,0.17322834645689592,0.4400000000005093,TRAIL_SL,2.5399999999999636,4381.41,2026-09-09T06:03:00+00:00,4382.68,XAUUSD.ecn,4380.14,4375.06,0.4,4.0,True,1788933780
False,SELL,4375.23,4375.23,4377.35,4371.110000000001,0.4400000000005093,0.01923076923118967,0.040000000000873115,TRAIL_SL,2.0799999999999272,4376.31,2026-09-09T07:01:00+00:00,4377.35,XAUUSD.ecn,4375.27,4371.110000000001,0.4,4.0,True,1788937260
False,BUY,4381.530000000001,4381.530000000001,4378.54,4384.239999999999,1.4900000000006912,0.5736842105269809,1.090000000001055,TRAIL_SL,1.8999999999996362,4379.49,2026-09-09T07:55:00+00:00,4378.54,XAUUSD.ecn,4380.44,4384.239999999999,0.4,4.0,True,1788940500
False,SELL,4385.5,4385.5,4388.38,4383.01,1.4899999999997817,0.6089385474861272,1.0900000000001455,TRAIL_SL,1.7899999999999636,4387.485000000001,2026-09-09T08:24:00+00:00,4388.38,XAUUSD.ecn,4386.59,4383.01,0.4,4.0,True,1788942240
False,BUY,4402.8,4402.8,4398.56,4409.089999999998,1.1300000000001091,0.20797720797738367,0.7300000000004729,TRAIL_SL,3.509999999999309,4400.3150000000005,2026-09-09T09:06:00+00:00,4398.56,XAUUSD.ecn,4402.07,4409.089999999998,0.4,4.0,True,1788944760
False,BUY,4410.5,4410.5,4407.02,4413.62,1.6799999999993815,0.5818181818181142,1.2799999999997453,TRAIL_SL,2.199999999999818,4408.120000000001,2026-09-09T11:07:00+00:00,4407.02,XAUUSD.ecn,4409.22,4413.62,0.4,4.0,True,1788952020
False,BUY,4394.31,4394.31,4390.56,4401.06,0.6499999999996362,0.07142857142857142,0.25,TRAIL_SL,3.5,4392.31,2026-09-09T13:22:00+00:00,4390.56,XAUUSD.ecn,4394.06,4401.06,0.4,4.0,True,1788960120
False,BUY,4398.650000000001,4398.650000000001,4396.35,4402.259999999998,0.7300000000004729,0.16751269035581037,0.33000000000083674,TRAIL_SL,1.9699999999993452,4397.335,2026-09-09T13:39:00+00:00,4396.35,XAUUSD.ecn,4398.32,4402.259999999998,0.4,4.0,True,1788961140
False,SELL,4395.03,4395.03,4399.13,4388.089999999999,0.819999999999709,0.11413043478261944,0.42000000000007276,TRAIL_SL,3.680000000000291,4397.29,2026-09-09T13:45:00+00:00,4399.13,XAUUSD.ecn,4395.45,4388.089999999999,0.4,4.0,True,1788961500
False,BUY,4401.67,4401.67,4398.3,4405.200000000001,1.4699999999993452,0.4652173913041845,1.069999999999709,TRAIL_SL,2.300000000000182,4399.450000000001,2026-09-09T13:56:00+00:00,4398.3,XAUUSD.ecn,4400.6,4405.200000000001,0.4,4.0,True,1788962160
False,SELL,4407.54,4407.54,4410.47,4402.34,0.6199999999998909,0.08118081180821096,0.22000000000025466,TRAIL_SL,2.7100000000000364,4409.115,2026-09-09T14:56:00+00:00,4410.47,XAUUSD.ecn,4407.76,4402.34,0.4,4.0,True,1788965760
False,SELL,4397.5599999999995,4397.5599999999995,4404.66,4391.43,3.0900000000001455,0.6099773242631742,2.6900000000005093,TRAIL_SL,4.4099999999998545,4402.455,2026-09-09T15:16:00+00:00,4404.66,XAUUSD.ecn,4400.25,4391.43,0.4,4.0,True,1788966960
False,BUY,4424.780000000001,4424.780000000001,4420.96,4427.799999999999,1.9400000000005093,0.6754385964916865,1.5400000000008731,TRAIL_SL,2.2799999999997453,4422.1,2026-09-09T17:37:00+00:00,4420.96,XAUUSD.ecn,4423.24,4427.799999999999,0.4,4.0,True,1788975420
False,SELL,4415.389999999999,4415.389999999999,4421.72,4410.83,3.100000000000364,0.74380165289274,2.7000000000007276,TRAIL_SL,3.630000000000109,4419.905000000001,2026-09-09T17:57:00+00:00,4421.72,XAUUSD.ecn,4418.09,4410.83,0.4,4.0,True,1788976620
False,BUY,4406.740000000001,4406.740000000001,4396.68,4407.42,6.880000000000109,1.8100558659219566,6.480000000000473,TRAIL_SL,3.5799999999999272,4398.47,2026-09-09T18:38:00+00:00,4396.68,XAUUSD.ecn,4400.26,4407.42,0.4,4.0,True,1788979080
False,SELL,4397.74,4397.74,4406.42,4383.950000000001,1.5900000000001455,0.15887850467296982,1.1900000000005093,TRAIL_SL,7.489999999999782,4402.675,2026-09-09T19:01:00+00:00,4406.42,XAUUSD.ecn,4398.93,4383.950000000001,0.4,4.0,True,1788980460
False,BUY,4414.27,4414.27,4412.59,4415.409999999999,1.1400000000003274,0.787234042554262,0.7400000000006912,TRAIL_SL,0.9399999999995998,4413.0599999999995,2026-09-09T20:43:00+00:00,4412.59,XAUUSD.ecn,4413.53,4415.409999999999,0.4,4.0,True,1788986580
False,BUY,4404.400000000001,4404.400000000001,4398.52,4408.779999999998,2.860000000000582,0.7192982456144876,2.460000000000946,TRAIL_SL,3.4199999999991633,4400.23,2026-09-09T22:22:00+00:00,4398.52,XAUUSD.ecn,4401.94,4408.779999999998,0.4,4.0,True,1788992520
False,SELL,4399.929999999999,4399.929999999999,4404.68,4393.1900000000005,1.3200000000006185,0.24020887728485632,0.9200000000009823,TRAIL_SL,3.8299999999999272,4402.765,2026-09-09T22:30:00+00:00,4404.68,XAUUSD.ecn,4400.85,4393.1900000000005,0.4,4.0,True,1788993000
False,SELL,4400.21,4400.21,4403.58,4395.8099999999995,1.1799999999993815,0.3011583011581859,0.7799999999997453,TRAIL_SL,2.5900000000001455,4402.285,2026-09-10T01:37:00+00:00,4403.58,XAUUSD.ecn,4400.99,4395.8099999999995,0.4,4.0,True,1789004220
False,SELL,4398.19,4398.19,4400.92,4393.330000000001,0.6000000000003638,0.07905138339950503,0.2000000000007276,TRAIL_SL,2.5299999999997453,4399.655000000001,2026-09-10T02:25:00+00:00,4400.92,XAUUSD.ecn,4398.39,4393.330000000001,0.4,4.0,True,1789007100
False,SELL,4394.19,4394.19,4398.15,4389.240000000002,1.3900000000003274,0.33333333333363957,0.9900000000006912,TRAIL_SL,2.969999999999345,4396.665,2026-09-10T02:34:00+00:00,4398.15,XAUUSD.ecn,4395.18,4389.240000000002,0.4,4.0,True,1789007640
False,BUY,4395.4800000000005,4395.4800000000005,4393.05,4399.619999999999,0.6400000000003274,0.10958904109622605,0.24000000000069122,TRAIL_SL,2.1899999999996,4394.145,2026-09-10T03:13:00+00:00,4393.05,XAUUSD.ecn,4395.24,4399.619999999999,0.4,4.0,True,1789009980
False,BUY,4399.9800000000005,4399.9800000000005,4396.5,4405.650000000001,0.8299999999999272,0.14098360655746406,0.43000000000029104,TRAIL_SL,3.050000000000182,4398.025,2026-09-10T03:45:00+00:00,4396.5,XAUUSD.ecn,4399.55,4405.650000000001,0.4,4.0,True,1789011900
False,BUY,4418.6900000000005,4418.6900000000005,4408.66,4427.619999999999,4.110000000000582,0.5870253164558729,3.710000000000946,TRAIL_SL,6.319999999999709,4411.82,2026-09-10T04:09:00+00:00,4408.66,XAUUSD.ecn,4414.98,4427.619999999999,0.4,4.0,True,1789013340
False,SELL,4412.759999999999,4412.759999999999,4416.45,4409.4000000000015,1.7400000000006912,0.5702127659580282,1.340000000001055,TRAIL_SL,2.3499999999994543,4415.275,2026-09-10T04:22:00+00:00,4416.45,XAUUSD.ecn,4414.1,4409.4000000000015,0.4,4.0,True,1789014120
True,SELL,,4410.259999999999,4414.41,4410.450000000001,3.230000000000473,,,SL_AND_TP_SAME_BAR,1.319999999999709,4413.75,2026-09-10T04:55:00+00:00,4414.41,XAUUSD.ecn,4413.09,4410.450000000001,0.4,4.0,True,1789016100
False,BUY,4420.450000000001,4420.450000000001,4414.45,4424.110000000001,3.180000000000291,0.8633540372672158,2.780000000000655,TRAIL_SL,3.2200000000002547,4416.0599999999995,2026-09-10T05:41:00+00:00,4414.45,XAUUSD.ecn,4417.67,4424.110000000001,0.4,4.0,True,1789018860
False,SELL,4408.889999999999,4408.889999999999,4412.17,4406.4400000000005,1.7700000000004366,0.7172774869114684,1.3700000000008004,TRAIL_SL,1.9099999999998545,4411.215,2026-09-10T06:37:00+00:00,4412.17,XAUUSD.ecn,4410.26,4406.4400000000005,0.4,4.0,True,1789022220
False,BUY,4412.8,4412.8,4409.87,4417.579999999999,0.7600000000002183,0.14007782101191552,0.3600000000005821,TRAIL_SL,2.569999999999709,4411.155,2026-09-10T07:08:00+00:00,4409.87,XAUUSD.ecn,4412.44,4417.579999999999,0.4,4.0,True,1789024080
False,SELL,4406.389999999999,4406.389999999999,4410.68,4404.92,2.7700000000004366,1.2343750000003701,2.3700000000008004,TRAIL_SL,1.9200000000000728,4409.72,2026-09-10T07:40:00+00:00,4410.68,XAUUSD.ecn,4408.76,4404.92,0.4,4.0,True,1789026000
False,BUY,4406.85,4406.85,4406.85,4413.21,0.2599999999993088,-1.0,-2.119999999999891,SL,2.119999999999891,4407.91,2026-09-10T07:52:00+00:00,4406.85,XAUUSD.ecn,4408.97,4413.21,0.4,4.0,False,1789026720
False,SELL,4422.8099999999995,4422.8099999999995,4427.54,4419.739999999999,2.5299999999997453,0.8192307692306966,2.130000000000109,TRAIL_SL,2.600000000000364,4426.24,2026-09-10T09:08:00+00:00,4427.54,XAUUSD.ecn,4424.94,4419.739999999999,0.4,4.0,True,1789031280
False,BUY,4424.400000000001,4424.400000000001,4420.46,4432.010000000001,0.4899999999997817,0.023376623376658964,0.09000000000014552,TRAIL_SL,3.850000000000364,4422.385,2026-09-10T09:47:00+00:00,4420.46,XAUUSD.ecn,4424.31,4432.010000000001,0.4,4.0,True,1789033620
False,BUY,4426.08,4426.08,4424.35,4428.909999999999,0.6099999999996726,0.13815789473690904,0.21000000000003638,TRAIL_SL,1.519999999999527,4425.110000000001,2026-09-10T09:52:00+00:00,4424.35,XAUUSD.ecn,4425.87,4428.909999999999,0.4,4.0,True,1789033920
False,SELL,4414.719999999999,4414.719999999999,4425.46,4398.58,2.180000000000291,0.19866071428578658,1.7800000000006548,TRAIL_SL,8.960000000000036,4420.98,2026-09-10T10:06:00+00:00,4425.46,XAUUSD.ecn,4416.5,4398.58,0.4,4.0,True,1789034760
False,BUY,4412.05,4412.05,4405.32,4422.360000000001,1.449999999999818,0.1848591549296,1.050000000000182,TRAIL_SL,5.680000000000291,4408.16,2026-09-10T10:48:00+00:00,4405.32,XAUUSD.ecn,4411.0,4422.360000000001,0.4,4.0,True,1789037280
False,SELL,4397.28,4397.28,4397.28,4388.4,0.09000000000014552,-1.0,-2.9600000000000364,SL,2.9600000000000364,4395.799999999999,2026-09-10T13:12:00+00:00,4397.28,XAUUSD.ecn,4394.32,4388.4,0.4,4.0,False,1789045920
False,SELL,4383.0,4383.0,4390.25,4371.920000000001,1.5399999999999636,0.18657937806880337,1.1400000000003274,TRAIL_SL,6.109999999999673,4387.195,2026-09-10T13:37:00+00:00,4390.25,XAUUSD.ecn,4384.14,4371.920000000001,0.4,4.0,True,1789047420
False,SELL,4379.379999999999,4379.379999999999,4383.39,4372.26,0.7000000000007276,0.08086253369301576,0.3000000000010914,TRAIL_SL,3.7100000000000364,4381.535,2026-09-10T13:55:00+00:00,4383.39,XAUUSD.ecn,4379.68,4372.26,0.4,4.0,True,1789048500
False,BUY,4385.84,4385.84,4381.36,4394.680000000001,0.4399999999995998,0.009009009008999782,0.03999999999996362,TRAIL_SL,4.440000000000509,4383.58,2026-09-10T14:28:00+00:00,4381.36,XAUUSD.ecn,4385.8,4394.680000000001,0.4,4.0,True,1789050480
False,SELL,4381.389999999999,4381.389999999999,4389.82,4376.2300000000005,4.300000000000182,0.8609271523180496,3.9000000000005457,TRAIL_SL,4.529999999999745,4387.555,2026-09-10T14:46:00+00:00,4389.82,XAUUSD.ecn,4385.29,4376.2300000000005,0.4,4.0,True,1789051560
False,SELL,4377.04,4377.04,4382.66,4368.499999999999,1.2999999999992724,0.19067796610160756,0.8999999999996362,TRAIL_SL,4.720000000000255,4380.299999999999,2026-09-10T14:53:00+00:00,4382.66,XAUUSD.ecn,4377.94,4368.499999999999,0.4,4.0,True,1789051980
False,SELL,4362.2699999999995,4362.2699999999995,4367.89,4357.99,2.7200000000002547,0.7030303030304517,2.3200000000006185,TRAIL_SL,3.300000000000182,4366.24,2026-09-10T15:27:00+00:00,4367.89,XAUUSD.ecn,4364.59,4357.99,0.4,4.0,True,1789054020
False,SELL,4331.7,4331.7,4352.91,4323.389999999999,11.769999999999527,1.1554878048780206,11.36999999999989,TRAIL_SL,9.840000000000146,4347.99,2026-09-10T15:36:00+00:00,4352.91,XAUUSD.ecn,4343.07,4323.389999999999,0.4,4.0,True,1789054560
False,BUY,4350.06,4350.06,4344.52,4358.98,1.1199999999998909,0.14937759336105771,0.7200000000002547,TRAIL_SL,4.819999999999709,4346.93,2026-09-10T16:24:00+00:00,4344.52,XAUUSD.ecn,4349.34,4358.98,0.4,4.0,True,1789057440
False,BUY,4358.59,4358.59,4344.88,4371.670000000001,5.1799999999993815,0.5352743561029776,4.779999999999745,TRAIL_SL,8.930000000000291,4349.345,2026-09-10T16:30:00+00:00,4344.88,XAUUSD.ecn,4353.81,4371.670000000001,0.4,4.0,True,1789057800
False,BUY,4367.0,4367.0,4364.9,4367.750000000002,1.5499999999992724,1.2105263157881636,1.1499999999996362,TRAIL_SL,0.9500000000007276,4365.375,2026-09-10T16:50:00+00:00,4364.9,XAUUSD.ecn,4365.85,4367.750000000002,0.4,4.0,True,1789059000
False,SELL,4367.16,4367.16,4374.75,4361.76,3.6599999999998545,0.7528868360277767,3.2600000000002183,TRAIL_SL,4.329999999999927,4372.585,2026-09-10T16:56:00+00:00,4374.75,XAUUSD.ecn,4370.42,4361.76,0.4,4.0,True,1789059360
False,SELL,4357.71,4357.71,4365.38,4344.23,1.019999999999527,0.08794326241132977,0.6199999999998909,TRAIL_SL,7.050000000000182,4361.855,2026-09-10T19:12:00+00:00,4365.38,XAUUSD.ecn,4358.33,4344.23,0.4,4.0,True,1789067520
False,BUY,4361.31,4361.31,4355.39,4372.13,0.7399999999997817,0.060931899641603934,0.3400000000001455,TRAIL_SL,5.579999999999927,4358.18,2026-09-10T19:23:00+00:00,4355.39,XAUUSD.ecn,4360.97,4372.13,0.4,4.0,True,1789068180
False,SELL,4359.11,4359.11,4365.03,4348.41,0.7799999999997453,0.068592057761753,0.38000000000010914,TRAIL_SL,5.539999999999964,4362.26,2026-09-10T19:36:00+00:00,4365.03,XAUUSD.ecn,4359.49,4348.41,0.4,4.0,True,1789068960
False,SELL,4352.589999999999,4352.589999999999,4357.38,4347.0,1.730000000000473,0.38439306358405284,1.3300000000008367,TRAIL_SL,3.4600000000000364,4355.65,2026-09-10T20:59:00+00:00,4357.38,XAUUSD.ecn,4353.92,4347.0,0.4,4.0,True,1789073940
False,SELL,4341.32,4341.32,4350.22,4331.2300000000005,2.9700000000002547,0.4060031595577643,2.5700000000006185,TRAIL_SL,6.329999999999927,4347.055,2026-09-10T21:11:00+00:00,4350.22,XAUUSD.ecn,4343.89,4331.2300000000005,0.4,4.0,True,1789074660
False,BUY,4333.29,4333.29,4329.84,4338.419999999999,0.9899999999997817,0.2062937062937808,0.5900000000001455,TRAIL_SL,2.8599999999996726,4331.27,2026-09-10T21:53:00+00:00,4329.84,XAUUSD.ecn,4332.7,4338.419999999999,0.4,4.0,True,1789077180
False,SELL,4317.759999999999,4317.759999999999,4322.59,4309.419999999999,0.8400000000001455,0.10022779043291037,0.4400000000005093,TRAIL_SL,4.390000000000327,4320.395,2026-09-10T23:25:00+00:00,4322.59,XAUUSD.ecn,4318.2,4309.419999999999,0.4,4.0,True,1789082700
False,SELL,4316.74,4316.74,4318.4,4314.080000000001,0.6199999999998909,0.1527777777779971,0.22000000000025466,TRAIL_SL,1.4399999999995998,4317.68,2026-09-10T23:52:00+00:00,4318.4,XAUUSD.ecn,4316.96,4314.080000000001,0.4,4.0,True,1789084320
False,BUY,4320.5,4320.5,4313.45,4329.380000000001,2.139999999999418,0.32768361581914324,1.7399999999997817,TRAIL_SL,5.3100000000004,4316.105,2026-09-11T03:04:00+00:00,4313.45,XAUUSD.ecn,4318.76,4329.380000000001,0.4,4.0,True,1789095840
False,BUY,4328.79,4328.79,4321.32,4340.58,1.449999999999818,0.16355140186918535,1.050000000000182,TRAIL_SL,6.420000000000073,4324.53,2026-09-11T04:28:00+00:00,4321.32,XAUUSD.ecn,4327.74,4340.58,0.4,4.0,True,1789100880
False,SELL,4324.629999999999,4324.629999999999,4331.84,4316.179999999999,2.3900000000003274,0.38122605363996054,1.9900000000006912,TRAIL_SL,5.220000000000255,4329.23,2026-09-11T04:43:00+00:00,4331.84,XAUUSD.ecn,4326.62,4316.179999999999,0.4,4.0,True,1789101780
False,BUY,4331.08,4331.08,4324.53,4339.889999999999,1.8299999999999272,0.2792968750000628,1.430000000000291,TRAIL_SL,5.119999999999891,4327.09,2026-09-11T05:02:00+00:00,4324.53,XAUUSD.ecn,4329.65,4339.889999999999,0.4,4.0,True,1789102920
False,SELL,4325.57,4325.57,4329.21,4323.96,2.2899999999999636,1.080000000000187,1.8900000000003274,TRAIL_SL,1.75,4328.335,2026-09-11T05:28:00+00:00,4329.21,XAUUSD.ecn,4327.46,4323.96,0.4,4.0,True,1789104480
False,BUY,4321.26,4321.26,4317.31,4326.219999999998,1.3800000000001091,0.32996632996656194,0.9800000000004729,TRAIL_SL,2.969999999999345,4318.795,2026-09-11T05:42:00+00:00,4317.31,XAUUSD.ecn,4320.28,4326.219999999998,0.4,4.0,True,1789105320
False,BUY,4324.700000000001,4324.700000000001,4315.93,4338.879999999999,1.5200000000004366,0.14640522875828152,1.1200000000008004,TRAIL_SL,7.649999999999636,4319.755,2026-09-11T05:52:00+00:00,4315.93,XAUUSD.ecn,4323.58,4338.879999999999,0.4,4.0,True,1789105920
False,SELL,4301.45,4301.45,4310.88,4289.01,2.5399999999999636,0.29355281207137696,2.1400000000003274,TRAIL_SL,7.289999999999964,4307.235000000001,2026-09-11T06:51:00+00:00,4310.88,XAUUSD.ecn,4303.59,4289.01,0.4,4.0,True,1789109460
False,BUY,4321.7300000000005,4321.7300000000005,4311.42,4338.3,1.75,0.15066964285718284,1.3500000000003638,TRAIL_SL,8.960000000000036,4315.9,2026-09-11T07:14:00+00:00,4311.42,XAUUSD.ecn,4320.38,4338.3,0.4,4.0,True,1789110840
False,BUY,4328.29,4328.29,4320.01,4337.6799999999985,2.7899999999999636,0.4057724957556135,2.3900000000003274,TRAIL_SL,5.889999999999418,4322.955,2026-09-11T07:26:00+00:00,4320.01,XAUUSD.ecn,4325.9,4337.6799999999985,0.4,4.0,True,1789111560
False,BUY,4333.51,4333.51,4329.08,4338.169999999999,1.800000000000182,0.46204620462068097,1.4000000000005457,TRAIL_SL,3.0299999999997453,4330.594999999999,2026-09-11T07:52:00+00:00,4329.08,XAUUSD.ecn,4332.11,4338.169999999999,0.4,4.0,True,1789113120
False,SELL,4336.5599999999995,4336.5599999999995,4339.4,4331.93,0.75,0.14056224899614236,0.3500000000003638,TRAIL_SL,2.4899999999997817,4338.155,2026-09-11T08:22:00+00:00,4339.4,XAUUSD.ecn,4336.91,4331.93,0.4,4.0,True,1789114920
False,BUY,4337.92,4337.92,4333.86,4342.200000000002,1.6799999999993815,0.46043165467605895,1.2799999999997453,TRAIL_SL,2.780000000000655,4335.25,2026-09-11T08:32:00+00:00,4333.86,XAUUSD.ecn,4336.64,4342.200000000002,0.4,4.0,True,1789115520
False,BUY,4345.13,4345.13,4334.11,4350.76,5.869999999999891,0.9855855855855992,5.470000000000255,TRAIL_SL,5.550000000000182,4336.885,2026-09-11T08:45:00+00:00,4334.11,XAUUSD.ecn,4339.66,4350.76,0.4,4.0,True,1789116300
False,BUY,4355.02,4355.02,4345.57,4364.770000000001,3.449999999999818,0.4765624999999878,3.050000000000182,TRAIL_SL,6.400000000000546,4348.77,2026-09-11T09:04:00+00:00,4345.57,XAUUSD.ecn,4351.97,4364.770000000001,0.4,4.0,True,1789117440
False,SELL,4352.28,4352.28,4352.28,4342.980000000001,0.14000000000032742,-1.0,-3.0999999999994543,SL,3.0999999999994543,4350.73,2026-09-11T09:35:00+00:00,4352.28,XAUUSD.ecn,4349.18,4342.980000000001,0.4,4.0,False,1789119300
False,BUY,4354.97,4354.97,4349.89,4358.62,2.569999999999709,0.7457044673540142,2.1700000000000728,TRAIL_SL,2.9099999999998545,4351.345,2026-09-11T10:12:00+00:00,4349.89,XAUUSD.ecn,4352.8,4358.62,0.4,4.0,True,1789121520
False,BUY,4351.0,4351.0,4345.73,4355.900000000001,2.2799999999997453,0.5545722713864093,1.8800000000001091,TRAIL_SL,3.3900000000003274,4347.424999999999,2026-09-11T11:27:00+00:00,4345.73,XAUUSD.ecn,4349.12,4355.900000000001,0.4,4.0,True,1789126020
False,SELL,4353.0,4353.0,4356.56,4347.199999999998,0.839999999999236,0.1410256410254766,0.4399999999995998,TRAIL_SL,3.1200000000008004,4355.0,2026-09-11T11:45:00+00:00,4356.56,XAUUSD.ecn,4353.44,4347.199999999998,0.4,4.0,True,1789127100
False,BUY,4345.56,4345.56,4345.56,4360.109999999999,0.31999999999970896,-1.0,-4.849999999999454,SL,4.849999999999454,4347.985000000001,2026-09-11T12:02:00+00:00,4345.56,XAUUSD.ecn,4350.41,4360.109999999999,0.4,4.0,False,1789128120
False,SELL,4342.96,4342.96,4348.1,4341.049999999999,3.1899999999996,1.1872340425529921,2.7899999999999636,TRAIL_SL,2.350000000000364,4346.925,2026-09-11T12:13:00+00:00,4348.1,XAUUSD.ecn,4345.75,4341.049999999999,0.4,4.0,True,1789128780
False,SELL,4341.0199999999995,4341.0199999999995,4346.51,4337.329999999999,2.8299999999999272,0.7941176470588148,2.430000000000291,TRAIL_SL,3.0600000000004,4344.98,2026-09-11T13:49:00+00:00,4346.51,XAUUSD.ecn,4343.45,4337.329999999999,0.4,4.0,True,1789134540
False,BUY,4328.450000000001,4328.450000000001,4326.3,4332.210000000001,0.5799999999999272,0.09137055837577045,0.18000000000029104,TRAIL_SL,1.9700000000002547,4327.285,2026-09-11T15:12:00+00:00,4326.3,XAUUSD.ecn,4328.27,4332.210000000001,0.4,4.0,True,1789139520
False,BUY,4390.17,4390.17,4377.62,4399.280000000001,5.729999999999563,0.7382271468143683,5.329999999999927,TRAIL_SL,7.220000000000255,4381.23,2026-09-11T16:01:00+00:00,4377.62,XAUUSD.ecn,4384.84,4399.280000000001,0.4,4.0,True,1789142460
False,BUY,4395.360000000001,4395.360000000001,4383.76,4408.599999999999,3.7200000000002547,0.4009661835749663,3.3200000000006185,TRAIL_SL,8.279999999999745,4387.9,2026-09-11T16:36:00+00:00,4383.76,XAUUSD.ecn,4392.04,4408.599999999999,0.4,4.0,True,1789144560
True,BUY,,4383.870000000001,4369.07,4383.32,10.450000000000728,,,SL_AND_TP_SAME_BAR,4.75,4371.445,2026-09-11T17:47:00+00:00,4369.07,XAUUSD.ecn,4373.82,4383.32,0.4,4.0,True,1789148820
False,SELL,4372.639999999999,4372.639999999999,4375.32,4368.360000000001,0.7600000000002183,0.15517241379337382,0.3600000000005821,TRAIL_SL,2.319999999999709,4374.16,2026-09-11T18:42:00+00:00,4375.32,XAUUSD.ecn,4373.0,4368.360000000001,0.4,4.0,True,1789152120
False,SELL,4367.179999999999,4367.179999999999,4371.69,4360.110000000001,1.050000000000182,0.16839378238357536,0.6500000000005457,TRAIL_SL,3.8599999999996726,4369.76,2026-09-11T19:10:00+00:00,4371.69,XAUUSD.ecn,4367.83,4360.110000000001,0.4,4.0,True,1789153800
False,SELL,4356.69,4356.69,4359.28,4352.259999999999,0.6499999999996362,0.1068376068376002,0.25,TRAIL_SL,2.3400000000001455,4358.11,2026-09-11T19:26:00+00:00,4359.28,XAUUSD.ecn,4356.94,4352.259999999999,0.4,4.0,True,1789154760
False,SELL,4347.71,4347.71,4352.04,4343.460000000001,1.8699999999998909,0.5139860139861618,1.4700000000002547,TRAIL_SL,2.8599999999996726,4350.610000000001,2026-09-11T21:22:00+00:00,4352.04,XAUUSD.ecn,4349.18,4343.460000000001,0.4,4.0,True,1789161720
False,BUY,4348.81,4348.81,4344.9,4355.880000000002,0.6499999999996362,0.06830601092894749,0.25,TRAIL_SL,3.660000000000764,4346.73,2026-09-11T23:02:00+00:00,4344.9,XAUUSD.ecn,4348.56,4355.880000000002,0.4,4.0,True,1789167720
False,SELL,4348.09,4348.09,4348.09,4343.259999999998,0.37999999999919964,-1.0,-1.610000000000582,SL,1.610000000000582,4347.285,2026-09-11T23:44:00+00:00,4348.09,XAUUSD.ecn,4346.48,4343.259999999998,0.4,4.0,False,1789170240
False,BUY,4337.26,4337.26,4333.62,4343.099999999999,0.8800000000001091,0.15189873417737185,0.48000000000047294,TRAIL_SL,3.1599999999998545,4335.2,2026-09-14T01:46:00+00:00,4333.62,XAUUSD.ecn,4336.78,4343.099999999999,0.4,4.0,True,1789350360
False,BUY,4339.870000000001,4339.870000000001,4336.92,4343.28,1.230000000000473,0.391509433962679,0.8300000000008367,TRAIL_SL,2.119999999999891,4337.98,2026-09-14T02:31:00+00:00,4336.92,XAUUSD.ecn,4339.04,4343.28,0.4,4.0,True,1789353060
True,BUY,,4337.67,4330.57,4337.83,5.079999999999927,,,SL_AND_TP_SAME_BAR,2.4200000000000728,4331.78,2026-09-14T03:04:00+00:00,4330.57,XAUUSD.ecn,4332.99,4337.83,0.4,4.0,True,1789355040
False,SELL,4334.299999999999,4334.299999999999,4344.71,4316.45,1.3900000000003274,0.10509554140134646,0.9900000000006912,TRAIL_SL,9.420000000000073,4340.0,2026-09-14T04:07:00+00:00,4344.71,XAUUSD.ecn,4335.29,4316.45,0.4,4.0,True,1789358820
False,BUY,4352.740000000001,4352.740000000001,4349.44,4358.380000000001,0.7200000000002547,0.10738255033576097,0.32000000000061846,TRAIL_SL,2.980000000000473,4350.93,2026-09-14T05:28:00+00:00,4349.44,XAUUSD.ecn,4352.42,4358.380000000001,0.4,4.0,True,1789363680
False,SELL,4327.849999999999,4327.849999999999,4337.27,4321.969999999999,4.720000000000255,0.8470588235294726,4.3200000000006185,TRAIL_SL,5.100000000000364,4334.72,2026-09-14T06:00:00+00:00,4337.27,XAUUSD.ecn,4332.17,4321.969999999999,0.4,4.0,True,1789365600
False,SELL,4328.07,4328.07,4330.25,4324.040000000001,0.5100000000002183,0.05314009661864615,0.11000000000058208,TRAIL_SL,2.069999999999709,4329.215,2026-09-14T08:25:00+00:00,4330.25,XAUUSD.ecn,4328.18,4324.040000000001,0.4,4.0,True,1789374300
False,SELL,4329.96,4329.96,4337.18,4321.31,2.3299999999999272,0.364839319470757,1.930000000000291,TRAIL_SL,5.289999999999964,4334.535,2026-09-14T08:44:00+00:00,4337.18,XAUUSD.ecn,4331.89,4321.31,0.4,4.0,True,1789375440
False,BUY,4338.33,4338.33,4328.01,4350.0,3.389999999999418,0.4079126875852403,2.9899999999997817,TRAIL_SL,7.329999999999927,4331.675,2026-09-14T09:01:00+00:00,4328.01,XAUUSD.ecn,4335.34,4350.0,0.4,4.0,True,1789376460
False,SELL,4311.73,4311.73,4319.66,4299.139999999999,1.4899999999997817,0.1593567251462167,1.0900000000001455,TRAIL_SL,6.8400000000001455,4316.24,2026-09-14T10:53:00+00:00,4319.66,XAUUSD.ecn,4312.82,4299.139999999999,0.4,4.0,True,1789383180
False,SELL,4312.29,4312.29,4313.45,4311.049999999999,0.7599999999993088,0.4499999999994884,0.3599999999996726,TRAIL_SL,0.8000000000001819,4313.049999999999,2026-09-14T11:31:00+00:00,4313.45,XAUUSD.ecn,4312.65,4311.049999999999,0.4,4.0,True,1789385460
True,BUY,,4286.450000000001,4283.26,4286.650000000001,2.4600000000000364,,,SL_AND_TP_SAME_BAR,1.1300000000001091,4283.825000000001,2026-09-14T12:31:00+00:00,4283.26,XAUUSD.ecn,4284.39,4286.650000000001,0.4,4.0,True,1789389060
False,SELL,4281.139999999999,4281.139999999999,4286.34,4280.490000000001,3.6500000000005457,1.6666666666672885,3.2500000000009095,TRAIL_SL,1.949999999999818,4285.365,2026-09-14T12:47:00+00:00,4286.34,XAUUSD.ecn,4284.39,4280.490000000001,0.4,4.0,True,1789390020
False,BUY,4291.39,4291.39,4287.8,4295.81,1.319999999999709,0.344569288389531,0.9200000000000728,TRAIL_SL,2.6700000000000728,4289.135,2026-09-14T13:27:00+00:00,4287.8,XAUUSD.ecn,4290.47,4295.81,0.4,4.0,True,1789392420
False,BUY,4295.51,4295.51,4290.13,4299.969999999999,2.5,0.640243902439185,2.100000000000364,TRAIL_SL,3.2799999999997453,4291.77,2026-09-14T14:00:00+00:00,4290.13,XAUUSD.ecn,4293.41,4299.969999999999,0.4,4.0,True,1789394400
False,BUY,4295.59,4295.59,4286.01,4314.569999999999,0.4600000000000364,0.00630252100844571,0.06000000000040018,TRAIL_SL,9.519999999999527,4290.77,2026-09-14T15:12:00+00:00,4286.01,XAUUSD.ecn,4295.53,4314.569999999999,0.4,4.0,True,1789398720
False,BUY,4277.29,4277.29,4271.04,4287.090000000001,1.2999999999992724,0.16822429906534112,0.8999999999996362,TRAIL_SL,5.350000000000364,4273.715,2026-09-14T17:46:00+00:00,4271.04,XAUUSD.ecn,4276.39,4287.090000000001,0.4,4.0,True,1789407960
False,SELL,4288.7,4288.7,4292.88,4282.86,1.2399999999997817,0.2514970059880566,0.8400000000001455,TRAIL_SL,3.3400000000001455,4291.21,2026-09-14T18:52:00+00:00,4292.88,XAUUSD.ecn,4289.54,4282.86,0.4,4.0,True,1789411920
False,BUY,4296.34,4296.34,4290.4,4306.03,1.1300000000001091,0.1401151631478825,0.7300000000004729,TRAIL_SL,5.210000000000036,4293.004999999999,2026-09-14T19:12:00+00:00,4290.4,XAUUSD.ecn,4295.61,4306.03,0.4,4.0,True,1789413120
False,BUY,4303.530000000001,4303.530000000001,4298.79,4312.29,0.6400000000003274,0.053333333333486936,0.24000000000069122,TRAIL_SL,4.5,4301.04,2026-09-14T19:25:00+00:00,4298.79,XAUUSD.ecn,4303.29,4312.29,0.4,4.0,True,1789413900
False,BUY,4307.55,4307.55,4301.15,4309.460000000001,4.029999999999745,1.3104693140792552,3.630000000000109,TRAIL_SL,2.7700000000004366,4302.535,2026-09-14T19:42:00+00:00,4301.15,XAUUSD.ecn,4303.92,4309.460000000001,0.4,4.0,True,1789414920
False,SELL,4305.589999999999,4305.589999999999,4308.66,4300.200000000001,0.6500000000005457,0.08865248226983521,0.2500000000009095,TRAIL_SL,2.819999999999709,4307.25,2026-09-14T21:52:00+00:00,4308.66,XAUUSD.ecn,4305.84,4300.200000000001,0.4,4.0,True,1789422720
False,BUY,4295.55,4295.55,4290.19,4301.500000000001,1.9899999999997817,0.42175066312996323,1.5900000000001455,TRAIL_SL,3.7700000000004366,4292.075,2026-09-14T23:23:00+00:00,4290.19,XAUUSD.ecn,4293.96,4301.500000000001,0.4,4.0,True,1789428180
False,SELL,4296.0199999999995,4296.0199999999995,4299.52,4289.77,0.6500000000005457,0.07692307692335677,0.2500000000009095,TRAIL_SL,3.25,4297.895,2026-09-14T23:39:00+00:00,4299.52,XAUUSD.ecn,4296.27,4289.77,0.4,4.0,True,1789429140
False,SELL,4296.179999999999,4296.179999999999,4301.83,4291.270000000001,2.530000000000655,0.6051136363640071,2.1300000000010186,TRAIL_SL,3.519999999999527,4300.07,2026-09-15T04:39:00+00:00,4301.83,XAUUSD.ecn,4298.31,4291.270000000001,0.4,4.0,True,1789447140
False,BUY,4303.47,4303.47,4294.16,4314.8600000000015,2.8099999999994907,0.34927536231879186,2.4099999999998545,TRAIL_SL,6.900000000000546,4297.610000000001,2026-09-15T04:57:00+00:00,4294.16,XAUUSD.ecn,4301.06,4314.8600000000015,0.4,4.0,True,1789448220
False,SELL,4311.32,4311.32,4314.4,4305.820000000001,0.6199999999998909,0.07692307692317477,0.22000000000025466,TRAIL_SL,2.8599999999996726,4312.969999999999,2026-09-15T06:27:00+00:00,4314.4,XAUUSD.ecn,4311.54,4305.820000000001,0.4,4.0,True,1789453620
False,SELL,4304.099999999999,4304.099999999999,4310.11,4294.27,1.1300000000001091,0.138257575757672,0.7300000000004729,TRAIL_SL,5.279999999999745,4307.469999999999,2026-09-15T06:54:00+00:00,4310.11,XAUUSD.ecn,4304.83,4294.27,0.4,4.0,True,1789455240
False,SELL,4289.009999999999,4289.009999999999,4292.09,4284.71,1.0200000000004366,0.25203252032552487,0.6200000000008004,TRAIL_SL,2.4600000000000364,4290.860000000001,2026-09-15T09:08:00+00:00,4292.09,XAUUSD.ecn,4289.63,4284.71,0.4,4.0,True,1789463280
False,BUY,4292.17,4292.17,4287.7,4295.110000000001,2.399999999999636,0.8097165991901999,2.0,TRAIL_SL,2.4700000000002547,4288.9349999999995,2026-09-15T10:31:00+00:00,4287.7,XAUUSD.ecn,4290.17,4295.110000000001,0.4,4.0,True,1789468260
False,SELL,4282.54,4282.54,4286.76,4279.74,2.2799999999997453,0.8034188034188001,1.8800000000001091,TRAIL_SL,2.3400000000001455,4285.59,2026-09-15T10:43:00+00:00,4286.76,XAUUSD.ecn,4284.42,4279.74,0.4,4.0,True,1789468980
True,SELL,,4266.32,4269.19,4266.07,2.2299999999995634,,,SL_AND_TP_SAME_BAR,1.0399999999999636,4268.67,2026-09-15T11:50:00+00:00,4269.19,XAUUSD.ecn,4268.15,4266.07,0.4,4.0,True,1789473000
False,BUY,4274.0,4274.0,4270.34,4280.870000000001,0.5499999999992724,0.04273504273493643,0.1499999999996362,TRAIL_SL,3.5100000000002183,4272.095,2026-09-15T13:25:00+00:00,4270.34,XAUUSD.ecn,4273.85,4280.870000000001,0.4,4.0,True,1789478700
False,BUY,4283.030000000001,4283.030000000001,4278.58,4287.130000000001,2.0,0.5614035087719859,1.6000000000003638,TRAIL_SL,2.850000000000364,4280.005,2026-09-15T13:57:00+00:00,4278.58,XAUUSD.ecn,4281.43,4287.130000000001,0.4,4.0,True,1789480620
False,BUY,4283.120000000001,4283.120000000001,4278.95,4286.9000000000015,1.9200000000000728,0.573584905660424,1.5200000000004366,TRAIL_SL,2.6500000000005457,4280.275,2026-09-15T14:12:00+00:00,4278.95,XAUUSD.ecn,4281.6,4286.9000000000015,0.4,4.0,True,1789481520
False,BUY,4282.26,4282.26,4274.73,4292.850000000002,1.889999999999418,0.2466887417217825,1.4899999999997817,TRAIL_SL,6.040000000000873,4277.75,2026-09-15T15:36:00+00:00,4274.73,XAUUSD.ecn,4280.77,4292.850000000002,0.4,4.0,True,1789486560
False,BUY,4290.860000000001,4290.860000000001,4281.18,4299.9,3.8400000000001455,0.5512820512821522,3.4400000000005093,TRAIL_SL,6.239999999999782,4284.3,2026-09-15T15:51:00+00:00,4281.18,XAUUSD.ecn,4287.42,4299.9,0.4,4.0,True,1789487460
False,SELL,4288.3099999999995,4288.3099999999995,4295.79,4278.359999999999,2.069999999999709,0.28743545611014765,1.6700000000000728,TRAIL_SL,5.8100000000004,4292.885,2026-09-15T15:58:00+00:00,4295.79,XAUUSD.ecn,4289.98,4278.359999999999,0.4,4.0,True,1789487880
False,SELL,4274.19,4274.19,4282.96,4271.769999999999,5.4399999999996,1.3512064343161727,5.039999999999964,TRAIL_SL,3.730000000000473,4281.094999999999,2026-09-15T17:50:00+00:00,4282.96,XAUUSD.ecn,4279.23,4271.769999999999,0.4,4.0,True,1789494600
False,SELL,4285.44,4285.44,4286.57,4284.44,0.819999999999709,0.59154929577472,0.42000000000007276,TRAIL_SL,0.7100000000000364,4286.215,2026-09-15T18:24:00+00:00,4286.57,XAUUSD.ecn,4285.86,4284.44,0.4,4.0,True,1789496640
False,BUY,4296.47,4296.47,4287.99,4303.98,3.550000000000182,0.5909943714822868,3.1500000000005457,TRAIL_SL,5.329999999999927,4290.655,2026-09-15T19:23:00+00:00,4287.99,XAUUSD.ecn,4293.32,4303.98,0.4,4.0,True,1789500180
False,BUY,4297.570000000001,4297.570000000001,4293.05,4302.3499999999985,1.8200000000006185,0.4580645161294297,1.4200000000009823,TRAIL_SL,3.0999999999994543,4294.6,2026-09-15T20:33:00+00:00,4293.05,XAUUSD.ecn,4296.15,4302.3499999999985,0.4,4.0,True,1789504380
False,SELL,4293.349999999999,4293.349999999999,4298.16,4283.730000000001,0.4000000000005457,1.890841375827494e-13,9.094947017729282e-13,TRAIL_SL,4.809999999999491,4295.755,2026-09-15T20:43:00+00:00,4298.16,XAUUSD.ecn,4293.35,4283.730000000001,0.4,4.0,True,1789504980
False,BUY,4297.900000000001,4297.900000000001,4294.83,4300.44,1.6000000000003638,0.6417112299469506,1.2000000000007276,TRAIL_SL,1.8699999999998909,4295.764999999999,2026-09-15T21:08:00+00:00,4294.83,XAUUSD.ecn,4296.7,4300.44,0.4,4.0,True,1789506480
False,BUY,4304.360000000001,4304.360000000001,4297.67,4310.509999999999,2.8100000000004,0.5630841121497447,2.410000000000764,TRAIL_SL,4.279999999999745,4299.8099999999995,2026-09-15T21:14:00+00:00,4297.67,XAUUSD.ecn,4301.95,4310.509999999999,0.4,4.0,True,1789506840
False,BUY,4308.47,4308.47,4305.8,4313.719999999998,0.43000000000029104,0.011363636363886914,0.030000000000654836,TRAIL_SL,2.639999999999418,4307.12,2026-09-15T21:53:00+00:00,4305.8,XAUUSD.ecn,4308.44,4313.719999999998,0.4,4.0,True,1789509180
False,SELL,4304.86,4304.86,4310.71,4293.429999999999,0.4899999999997817,0.01562500000002467,0.09000000000014552,TRAIL_SL,5.760000000000218,4307.83,2026-09-15T22:07:00+00:00,4310.71,XAUUSD.ecn,4304.95,4293.429999999999,0.4,4.0,True,1789510020
False,SELL,4292.62,4292.62,4296.15,4286.490000000002,0.7100000000000364,0.0962732919256097,0.3100000000004002,TRAIL_SL,3.219999999999345,4294.54,2026-09-15T23:37:00+00:00,4296.15,XAUUSD.ecn,4292.93,4286.490000000002,0.4,4.0,True,1789515420
False,BUY,4286.21,4286.21,4285.2,4287.4800000000005,0.6499999999996362,0.3289473684209582,0.25,TRAIL_SL,0.7600000000002183,4285.58,2026-09-16T02:13:00+00:00,4285.2,XAUUSD.ecn,4285.96,4287.4800000000005,0.4,4.0,True,1789524780
False,BUY,4285.8,4285.8,4283.06,4286.719999999998,1.9200000000000728,1.2459016393452889,1.5200000000004366,TRAIL_SL,1.2199999999993452,4283.67,2026-09-16T03:20:00+00:00,4283.06,XAUUSD.ecn,4284.28,4286.719999999998,0.4,4.0,True,1789528800
False,BUY,4284.51,4284.51,4280.86,4289.440000000001,1.1899999999995998,0.2762237762237073,0.7899999999999636,TRAIL_SL,2.860000000000582,4282.29,2026-09-16T03:43:00+00:00,4280.86,XAUUSD.ecn,4283.72,4289.440000000001,0.4,4.0,True,1789530180
False,BUY,4293.13,4293.13,4289.17,4299.369999999999,0.9600000000000364,0.1647058823530765,0.5600000000004002,TRAIL_SL,3.399999999999636,4290.87,2026-09-16T05:13:00+00:00,4289.17,XAUUSD.ecn,4292.57,4299.369999999999,0.4,4.0,True,1789535580
False,SELL,4322.73,4322.73,4325.35,4318.929999999999,0.8800000000001091,0.22429906542074743,0.48000000000047294,TRAIL_SL,2.1400000000003274,4324.280000000001,2026-09-16T07:46:00+00:00,4325.35,XAUUSD.ecn,4323.21,4318.929999999999,0.4,4.0,True,1789544760
False,SELL,4333.179999999999,4333.179999999999,4335.73,4331.440000000001,1.5200000000004366,0.7832167832176816,1.1200000000008004,TRAIL_SL,1.4299999999993815,4335.014999999999,2026-09-16T10:07:00+00:00,4335.73,XAUUSD.ecn,4334.3,4331.440000000001,0.4,4.0,True,1789553220
False,BUY,4338.06,4338.06,4334.93,4342.04,1.1599999999998545,0.32067510548533895,0.7600000000002183,TRAIL_SL,2.369999999999891,4336.115,2026-09-16T10:38:00+00:00,4334.93,XAUUSD.ecn,4337.3,4342.04,0.4,4.0,True,1789555080
False,BUY,4328.2300000000005,4328.2300000000005,4324.42,4333.6900000000005,1.1199999999998909,0.23300970873793553,0.7200000000002547,TRAIL_SL,3.0900000000001455,4325.965,2026-09-16T11:46:00+00:00,4324.42,XAUUSD.ecn,4327.51,4333.6900000000005,0.4,4.0,True,1789559160
False,BUY,4329.85,4329.85,4324.77,4336.89,1.4399999999995998,0.2574257425742507,1.0399999999999636,TRAIL_SL,4.039999999999964,4326.790000000001,2026-09-16T11:55:00+00:00,4324.77,XAUUSD.ecn,4328.81,4336.89,0.4,4.0,True,1789559700
False,SELL,4335.57,4335.57,4335.57,4329.09,0.1499999999996362,-1.0,-2.1599999999998545,SL,2.1599999999998545,4334.49,2026-09-16T12:48:00+00:00,4335.57,XAUUSD.ecn,4333.41,4329.09,0.4,4.0,False,1789562880
False,BUY,4348.31,4348.31,4340.8,4356.219999999998,2.7700000000004366,0.46108949416363204,2.3700000000008004,TRAIL_SL,5.139999999999418,4343.37,2026-09-16T13:29:00+00:00,4340.8,XAUUSD.ecn,4345.94,4356.219999999998,0.4,4.0,True,1789565340
False,SELL,4347.12,4347.12,4349.81,4343.209999999998,0.8899999999994179,0.22272727272709986,0.4899999999997817,TRAIL_SL,2.2000000000007276,4348.71,2026-09-16T14:51:00+00:00,4349.81,XAUUSD.ecn,4347.61,4343.209999999998,0.4,4.0,True,1789570260
False,BUY,4347.5,4347.5,4342.24,4354.719999999999,1.5,0.26442307692317363,1.1000000000003638,TRAIL_SL,4.1599999999998545,4344.32,2026-09-16T15:09:00+00:00,4342.24,XAUUSD.ecn,4346.4,4354.719999999999,0.4,4.0,True,1789571340
False,SELL,4328.82,4328.82,4337.46,4314.120000000001,1.2600000000002183,0.11053984575843319,0.8600000000005821,TRAIL_SL,7.779999999999745,4333.57,2026-09-16T17:08:00+00:00,4337.46,XAUUSD.ecn,4329.68,4314.120000000001,0.4,4.0,True,1789578480
False,SELL,4334.48,4334.48,4337.24,4332.080000000002,1.4400000000005093,0.6046511627914355,1.0400000000008731,TRAIL_SL,1.7199999999993452,4336.38,2026-09-16T17:21:00+00:00,4337.24,XAUUSD.ecn,4335.52,4332.080000000002,0.4,4.0,True,1789579260
False,SELL,4352.55,4352.55,4352.55,4349.070000000001,0.3000000000001819,-1.0,-1.1599999999998545,SL,1.1599999999998545,4351.97,2026-09-16T17:57:00+00:00,4352.55,XAUUSD.ecn,4351.39,4349.070000000001,0.4,4.0,False,1789581420
False,SELL,4281.5599999999995,4281.5599999999995,4306.02,4277.939999999999,15.5,1.6132478632478018,15.100000000000364,TRAIL_SL,9.360000000000582,4301.34,2026-09-16T21:50:00+00:00,4306.02,XAUUSD.ecn,4296.66,4277.939999999999,0.4,4.0,True,1789595400
False,BUY,4275.76,4275.76,4268.34,4276.799999999999,5.0,1.6312056737591627,4.600000000000364,TRAIL_SL,2.819999999999709,4269.75,2026-09-17T01:37:00+00:00,4268.34,XAUUSD.ecn,4271.16,4276.799999999999,0.4,4.0,True,1789609020
True,BUY,,4273.9400000000005,4270.39,4273.51,2.9099999999998545,,,SL_AND_TP_SAME_BAR,1.0399999999999636,4270.91,2026-09-17T02:45:00+00:00,4270.39,XAUUSD.ecn,4271.43,4273.51,0.4,4.0,True,1789613100
False,BUY,4287.950000000001,4287.950000000001,4281.59,4292.120000000001,3.25,0.8119658119658651,2.850000000000364,TRAIL_SL,3.5100000000002183,4283.345,2026-09-17T03:23:00+00:00,4281.59,XAUUSD.ecn,4285.1,4292.120000000001,0.4,4.0,True,1789615380
False,BUY,4305.700000000001,4305.700000000001,4296.79,4319.53,1.730000000000473,0.1754617414249142,1.3300000000008367,TRAIL_SL,7.579999999999927,4300.58,2026-09-17T04:08:00+00:00,4296.79,XAUUSD.ecn,4304.37,4319.53,0.4,4.0,True,1789618080
False,SELL,4298.74,4298.74,4306.1,4284.35,0.5100000000002183,0.015172413793183735,0.11000000000058208,TRAIL_SL,7.25,4302.475,2026-09-17T04:14:00+00:00,4306.1,XAUUSD.ecn,4298.85,4284.35,0.4,4.0,True,1789618440
False,SELL,4298.589999999999,4298.589999999999,4306.69,4288.510000000001,2.4400000000005093,0.336633663366509,2.040000000000873,TRAIL_SL,6.059999999999491,4303.66,2026-09-17T05:00:00+00:00,4306.69,XAUUSD.ecn,4300.63,4288.510000000001,0.4,4.0,True,1789621200
False,BUY,4285.4400000000005,4285.4400000000005,4283.04,4285.92,1.8400000000001455,1.5000000000004736,1.4400000000005093,TRAIL_SL,0.9600000000000364,4283.52,2026-09-17T05:45:00+00:00,4283.04,XAUUSD.ecn,4284.0,4285.92,0.4,4.0,True,1789623900
False,SELL,4294.46,4294.46,4297.95,4291.919999999999,1.8799999999991996,0.7363184079599019,1.4799999999995634,TRAIL_SL,2.0100000000002183,4296.945,2026-09-17T08:13:00+00:00,4297.95,XAUUSD.ecn,4295.94,4291.919999999999,0.4,4.0,True,1789632780
False,SELL,4289.7,4289.7,4294.94,4288.94,3.639999999999418,1.6199999999998909,3.2399999999997817,TRAIL_SL,2.0,4293.94,2026-09-17T08:17:00+00:00,4294.94,XAUUSD.ecn,4292.94,4288.94,0.4,4.0,True,1789633020
False,SELL,4286.799999999999,4286.799999999999,4292.94,4275.360000000001,0.680000000000291,0.047781569965984726,0.28000000000065484,TRAIL_SL,5.859999999999673,4290.01,2026-09-17T08:24:00+00:00,4292.94,XAUUSD.ecn,4287.08,4275.360000000001,0.4,4.0,True,1789633440
False,SELL,4306.54,4306.54,4313.95,4296.280000000002,1.9200000000000728,0.2580645161291319,1.5200000000004366,TRAIL_SL,5.889999999999418,4311.005,2026-09-17T09:39:00+00:00,4313.95,XAUUSD.ecn,4308.06,4296.280000000002,0.4,4.0,True,1789637940
False,BUY,4334.38,4334.38,4324.13,4344.050000000001,4.009999999999309,0.5436746987951045,3.6099999999996726,TRAIL_SL,6.640000000000327,4327.450000000001,2026-09-17T10:32:00+00:00,4324.13,XAUUSD.ecn,4330.77,4344.050000000001,0.4,4.0,True,1789641120
False,BUY,4314.870000000001,4314.870000000001,4308.69,4321.920000000002,2.1700000000000728,0.40136054421771655,1.7700000000004366,TRAIL_SL,4.410000000000764,4310.895,2026-09-17T13:29:00+00:00,4308.69,XAUUSD.ecn,4313.1,4321.920000000002,0.4,4.0,True,1789651740
False,SELL,4331.07,4331.07,4334.71,4325.35,0.9200000000000728,0.16666666666681243,0.5200000000004366,TRAIL_SL,3.119999999999891,4333.15,2026-09-17T14:20:00+00:00,4334.71,XAUUSD.ecn,4331.59,4325.35,0.4,4.0,True,1789654800
False,SELL,4365.87,4365.87,4372.25,4360.400000000001,2.8299999999999272,0.6151898734178235,2.430000000000291,TRAIL_SL,3.949999999999818,4370.275,2026-09-17T15:38:00+00:00,4372.25,XAUUSD.ecn,4368.3,4360.400000000001,0.4,4.0,True,1789659480
False,SELL,4372.11,4372.11,4374.6,4371.3899999999985,1.819999999999709,1.3271028037376187,1.4200000000000728,TRAIL_SL,1.0700000000006185,4374.0650000000005,2026-09-17T15:57:00+00:00,4374.6,XAUUSD.ecn,4373.53,4371.3899999999985,0.4,4.0,True,1789660620
False,SELL,4366.45,4366.45,4374.48,4356.090000000002,2.300000000000182,0.3099510603590202,1.9000000000005457,TRAIL_SL,6.1299999999992,4371.415,2026-09-17T16:26:00+00:00,4374.48,XAUUSD.ecn,4368.35,4356.090000000002,0.4,4.0,True,1789662360
False,BUY,4362.6,4362.6,4353.38,4373.51,2.9099999999998545,0.37406855439645376,2.5100000000002183,TRAIL_SL,6.710000000000036,4356.735000000001,2026-09-17T18:15:00+00:00,4353.38,XAUUSD.ecn,4360.09,4373.51,0.4,4.0,True,1789668900
False,BUY,4364.17,4364.17,4358.35,4373.8899999999985,1.0399999999999636,0.1235521235522015,0.6400000000003274,TRAIL_SL,5.1799999999993815,4360.9400000000005,2026-09-17T20:08:00+00:00,4358.35,XAUUSD.ecn,4363.53,4373.8899999999985,0.4,4.0,True,1789675680
False,SELL,4359.66,4359.66,4363.75,4351.599999999999,0.4399999999995998,0.009876543209867117,0.03999999999996362,TRAIL_SL,4.050000000000182,4361.725,2026-09-17T20:40:00+00:00,4363.75,XAUUSD.ecn,4359.7,4351.599999999999,0.4,4.0,True,1789677600
False,SELL,4357.7,4357.7,4364.19,4348.410000000002,1.6300000000001091,0.23384030418263016,1.230000000000473,TRAIL_SL,5.259999999999309,4361.5599999999995,2026-09-17T21:23:00+00:00,4364.19,XAUUSD.ecn,4358.93,4348.410000000002,0.4,4.0,True,1789680180
False,SELL,4341.95,4341.95,4344.85,4338.46,1.1700000000000728,0.3615023474180268,0.7700000000004366,TRAIL_SL,2.130000000000109,4343.785,2026-09-18T01:19:00+00:00,4344.85,XAUUSD.ecn,4342.72,4338.46,0.4,4.0,True,1789694340
False,BUY,4346.650000000001,4346.650000000001,4342.03,4354.93,0.7200000000002547,0.07441860465130347,0.32000000000061846,TRAIL_SL,4.300000000000182,4344.18,2026-09-18T01:33:00+00:00,4342.03,XAUUSD.ecn,4346.33,4354.93,0.4,4.0,True,1789695180
False,SELL,4342.009999999999,4342.009999999999,4348.32,4335.8099999999995,2.5399999999999636,0.5131894484413165,2.1400000000003274,TRAIL_SL,4.170000000000073,4346.235,2026-09-18T01:48:00+00:00,4348.32,XAUUSD.ecn,4344.15,4335.8099999999995,0.4,4.0,True,1789696080
False,SELL,4344.45,4344.45,4345.33,4343.44,0.6499999999996362,0.3968253968253281,0.25,TRAIL_SL,0.6300000000001091,4345.014999999999,2026-09-18T02:18:00+00:00,4345.33,XAUUSD.ecn,4344.7,4343.44,0.4,4.0,True,1789697880
False,SELL,4344.44,4344.44,4347.4,4339.3,0.6599999999998545,0.09629629629638363,0.2600000000002183,TRAIL_SL,2.699999999999818,4346.049999999999,2026-09-18T02:28:00+00:00,4347.4,XAUUSD.ecn,4344.7,4339.3,0.4,4.0,True,1789698480
False,BUY,4344.42,4344.42,4344.42,4350.78,0.14000000000032742,-1.0,-2.119999999999891,SL,2.119999999999891,4345.48,2026-09-18T02:56:00+00:00,4344.42,XAUUSD.ecn,4346.54,4350.78,0.4,4.0,False,1789700160
False,BUY,4358.56,4358.56,4351.03,4371.070000000001,1.25,0.12724550898208484,0.8500000000003638,TRAIL_SL,6.680000000000291,4354.37,2026-09-18T03:34:00+00:00,4351.03,XAUUSD.ecn,4357.71,4371.070000000001,0.4,4.0,True,1789702440
False,SELL,4352.799999999999,4352.799999999999,4357.75,4347.160000000001,1.8200000000006185,0.40226628895214867,1.4200000000009823,TRAIL_SL,3.5299999999997453,4355.985000000001,2026-09-18T03:49:00+00:00,4357.75,XAUUSD.ecn,4354.22,4347.160000000001,0.4,4.0,True,1789703340
False,BUY,4362.070000000001,4362.070000000001,4354.39,4376.26,0.7899999999999636,0.053497942386876454,0.3900000000003274,TRAIL_SL,7.289999999999964,4358.035,2026-09-18T04:08:00+00:00,4354.39,XAUUSD.ecn,4361.68,4376.26,0.4,4.0,True,1789704480
False,BUY,4363.240000000001,4363.240000000001,4355.97,4371.45,2.5100000000002183,0.4089147286822949,2.110000000000582,TRAIL_SL,5.1599999999998545,4358.55,2026-09-18T04:23:00+00:00,4355.97,XAUUSD.ecn,4361.13,4371.45,0.4,4.0,True,1789705380
False,SELL,4348.73,4348.73,4354.9,4341.760000000002,2.1900000000005093,0.408675799087032,1.7900000000008731,TRAIL_SL,4.3799999999992,4352.71,2026-09-18T04:42:00+00:00,4354.9,XAUUSD.ecn,4350.52,4341.760000000002,0.4,4.0,True,1789706520
False,SELL,4348.2,4348.2,4348.93,4347.04,0.5,0.1587301587307087,0.1000000000003638,TRAIL_SL,0.6300000000001091,4348.615,2026-09-18T04:52:00+00:00,4348.93,XAUUSD.ecn,4348.3,4347.04,0.4,4.0,True,1789707120
False,SELL,4345.089999999999,4345.089999999999,4353.62,4335.050000000001,2.740000000000691,0.37802907916013023,2.340000000001055,TRAIL_SL,6.1899999999996,4350.525,2026-09-18T05:59:00+00:00,4353.62,XAUUSD.ecn,4347.43,4335.050000000001,0.4,4.0,True,1789711140
False,SELL,4346.69,4346.69,4349.94,4340.520000000001,0.5100000000002183,0.03503184713394983,0.11000000000058208,TRAIL_SL,3.139999999999418,4348.37,2026-09-18T06:11:00+00:00,4349.94,XAUUSD.ecn,4346.8,4340.520000000001,0.4,4.0,True,1789711860
False,SELL,4337.32,4337.32,4347.7,4325.890000000001,3.5100000000002183,0.42778541953243254,3.110000000000582,TRAIL_SL,7.269999999999527,4344.0650000000005,2026-09-18T06:19:00+00:00,4347.7,XAUUSD.ecn,4340.43,4325.890000000001,0.4,4.0,True,1789712340
False,BUY,4353.0,4353.0,4344.68,4363.219999999998,2.5399999999999636,0.3462783171521912,2.1400000000003274,TRAIL_SL,6.1799999999993815,4347.77,2026-09-18T06:39:00+00:00,4344.68,XAUUSD.ecn,4350.86,4363.219999999998,0.4,4.0,True,1789713540
False,BUY,4356.85,4356.85,4352.91,4362.960000000001,0.9899999999997817,0.17611940298509893,0.5900000000001455,TRAIL_SL,3.350000000000364,4354.585,2026-09-18T07:27:00+00:00,4352.91,XAUUSD.ecn,4356.26,4362.960000000001,0.4,4.0,True,1789716420
False,SELL,4366.89,4366.89,4366.89,4357.409999999998,0.03999999999996362,-1.0,-3.160000000000764,SL,3.160000000000764,4365.3099999999995,2026-09-18T07:56:00+00:00,4366.89,XAUUSD.ecn,4363.73,4357.409999999998,0.4,4.0,False,1789718160
False,BUY,4384.93,4384.93,4376.54,4393.879999999999,3.0100000000002183,0.45155709342572614,2.610000000000582,TRAIL_SL,5.779999999999745,4379.43,2026-09-18T09:02:00+00:00,4376.54,XAUUSD.ecn,4382.32,4393.879999999999,0.4,4.0,True,1789722120
False,SELL,4384.94,4384.94,4390.12,4376.86,1.1599999999998545,0.1719457013575126,0.7600000000002183,TRAIL_SL,4.420000000000073,4387.91,2026-09-18T09:19:00+00:00,4390.12,XAUUSD.ecn,4385.7,4376.86,0.4,4.0,True,1789723140
False,BUY,4393.05,4393.05,4384.57,4404.010000000001,2.399999999999636,0.3086419753086195,2.0,TRAIL_SL,6.480000000000473,4387.8099999999995,2026-09-18T09:29:00+00:00,4384.57,XAUUSD.ecn,4391.05,4404.010000000001,0.4,4.0,True,1789723740
False,SELL,4390.589999999999,4390.589999999999,4396.53,4381.41,1.300000000000182,0.17857142857153813,0.9000000000005457,TRAIL_SL,5.039999999999964,4394.01,2026-09-18T09:55:00+00:00,4396.53,XAUUSD.ecn,4391.49,4381.41,0.4,4.0,True,1789725300
False,SELL,4387.719999999999,4387.719999999999,4392.06,4380.03,0.7300000000004729,0.0822942643393563,0.33000000000083674,TRAIL_SL,4.010000000000218,4390.055,2026-09-18T12:28:00+00:00,4392.06,XAUUSD.ecn,4388.05,4380.03,0.4,4.0,True,1789734480
False,SELL,4382.65,4382.65,4388.72,4381.159999999999,3.949999999999818,1.408730158729987,3.550000000000182,TRAIL_SL,2.5200000000004366,4387.46,2026-09-18T12:37:00+00:00,4388.72,XAUUSD.ecn,4386.2,4381.159999999999,0.4,4.0,True,1789735020
False,SELL,4377.299999999999,4377.299999999999,4381.46,4373.6,1.9400000000005093,0.5877862595423424,1.5400000000008731,TRAIL_SL,2.619999999999891,4380.15,2026-09-18T13:49:00+00:00,4381.46,XAUUSD.ecn,4378.84,4373.6,0.4,4.0,True,1789739340
False,BUY,4385.200000000001,4385.200000000001,4381.17,4391.43,1.0100000000002183,0.17836257309958162,0.6100000000005821,TRAIL_SL,3.4200000000000728,4382.88,2026-09-18T14:03:00+00:00,4381.17,XAUUSD.ecn,4384.59,4391.43,0.4,4.0,True,1789740180
False,SELL,4364.21,4364.21,4373.04,4352.5199999999995,2.389999999999418,0.2909356725145818,1.9899999999997817,TRAIL_SL,6.8400000000001455,4369.62,2026-09-18T16:26:00+00:00,4373.04,XAUUSD.ecn,4366.2,4352.5199999999995,0.4,4.0,True,1789748760
False,BUY,4355.71,4355.71,4351.82,4357.250000000001,2.4799999999995634,1.1491712707179378,2.0799999999999272,TRAIL_SL,1.8100000000004002,4352.725,2026-09-18T17:12:00+00:00,4351.82,XAUUSD.ecn,4353.63,4357.250000000001,0.4,4.0,True,1789751520
False,BUY,4349.89,4349.89,4343.91,4359.869999999999,1.0600000000004002,0.12406015037609024,0.660000000000764,TRAIL_SL,5.319999999999709,4346.57,2026-09-18T17:25:00+00:00,4343.91,XAUUSD.ecn,4349.23,4359.869999999999,0.4,4.0,True,1789752300
False,SELL,4354.299999999999,4354.299999999999,4359.42,4348.139999999999,1.7600000000002183,0.3617021276597083,1.360000000000582,TRAIL_SL,3.7600000000002183,4357.54,2026-09-18T18:01:00+00:00,4359.42,XAUUSD.ecn,4355.66,4348.139999999999,0.4,4.0,True,1789754460
False,SELL,4357.37,4357.37,4357.37,4344.77,0.27000000000043656,-1.0,-4.199999999999818,SL,4.199999999999818,4355.27,2026-09-18T18:43:00+00:00,4357.37,XAUUSD.ecn,4353.17,4344.77,0.4,4.0,False,1789756980
False,BUY,4370.9800000000005,4370.9800000000005,4365.96,4375.289999999999,2.3100000000004,0.6141479099681559,1.910000000000764,TRAIL_SL,3.1099999999996726,4367.514999999999,2026-09-18T19:24:00+00:00,4365.96,XAUUSD.ecn,4369.07,4375.289999999999,0.4,4.0,True,1789759440
False,SELL,4381.129999999999,4381.129999999999,4387.89,4370.4299999999985,1.3400000000001455,0.16151202749147928,0.9400000000005093,TRAIL_SL,5.8200000000006185,4384.98,2026-09-18T21:46:00+00:00,4387.89,XAUUSD.ecn,4382.07,4370.4299999999985,0.4,4.0,True,1789767960
False,SELL,4382.81,4382.81,4382.81,4378.0999999999985,0.0999999999994543,-1.0,-1.5700000000006185,SL,1.5700000000006185,4382.025,2026-09-18T22:03:00+00:00,4382.81,XAUUSD.ecn,4381.24,4378.0999999999985,0.4,4.0,False,1789768980
False,SELL,4382.339999999999,4382.339999999999,4384.95,4377.510000000001,0.5300000000006548,0.05241935483912964,0.13000000000101863,TRAIL_SL,2.4799999999995634,4383.71,2026-09-18T22:20:00+00:00,4384.95,XAUUSD.ecn,4382.47,4377.510000000001,0.4,4.0,True,1789770000
False,SELL,4380.53,4380.53,4383.46,4375.269999999999,0.5999999999994543,0.07326007325999394,0.1999999999998181,TRAIL_SL,2.730000000000473,4382.094999999999,2026-09-18T22:28:00+00:00,4383.46,XAUUSD.ecn,4380.73,4375.269999999999,0.4,4.0,True,1789770480
False,BUY,4382.5,4382.5,4379.19,4388.7,0.5399999999999636,0.044164037854991865,0.14000000000032742,TRAIL_SL,3.1700000000000728,4380.775,2026-09-18T23:25:00+00:00,4379.19,XAUUSD.ecn,4382.36,4388.7,0.4,4.0,True,1789773900
False,SELL,4374.94,4374.94,4379.24,4370.48,1.7799999999997453,0.472602739726053,1.3800000000001091,TRAIL_SL,2.9200000000000728,4377.78,2026-09-21T01:23:00+00:00,4379.24,XAUUSD.ecn,4376.32,4370.48,0.4,4.0,True,1789953780
True,SELL,,4372.929999999999,4373.48,4372.790000000001,0.7200000000002547,,,SL_AND_TP_SAME_BAR,0.22999999999956344,4373.365,2026-09-21T02:13:00+00:00,4373.48,XAUUSD.ecn,4373.25,4372.790000000001,0.4,4.0,True,1789956780
False,SELL,4365.78,4365.78,4370.63,4356.709999999999,0.6099999999996726,0.04525862068965982,0.21000000000003638,TRAIL_SL,4.640000000000327,4368.3099999999995,2026-09-21T03:51:00+00:00,4370.63,XAUUSD.ecn,4365.99,4356.709999999999,0.4,4.0,True,1789962660
False,SELL,4361.75,4361.75,4366.61,4354.580000000002,1.25,0.21197007481309485,0.8500000000003638,TRAIL_SL,4.009999999999309,4364.605,2026-09-21T06:10:00+00:00,4366.61,XAUUSD.ecn,4362.6,4354.580000000002,0.4,4.0,True,1789971000
True,SELL,,4342.349999999999,4351.45,4344.789999999999,7.279999999999745,,,SL_AND_TP_SAME_BAR,2.2200000000002547,4350.34,2026-09-21T10:42:00+00:00,4351.45,XAUUSD.ecn,4349.23,4344.789999999999,0.4,4.0,True,1789987320
False,BUY,4354.43,4354.43,4349.9,4358.570000000001,2.0399999999999636,0.5674740484429556,1.6400000000003274,TRAIL_SL,2.8900000000003274,4351.344999999999,2026-09-21T11:18:00+00:00,4349.9,XAUUSD.ecn,4352.79,4358.570000000001,0.4,4.0,True,1789989480
False,BUY,4353.33,4353.33,4350.12,4357.3200000000015,1.2099999999991269,0.33749999999971103,0.8099999999994907,TRAIL_SL,2.4000000000005457,4351.32,2026-09-21T12:09:00+00:00,4350.12,XAUUSD.ecn,4352.52,4357.3200000000015,0.4,4.0,True,1789992540
False,SELL,4342.969999999999,4342.969999999999,4350.54,4329.389999999999,0.9200000000000728,0.07375886524828697,0.5200000000004366,TRAIL_SL,7.050000000000182,4347.014999999999,2026-09-21T12:36:00+00:00,4350.54,XAUUSD.ecn,4343.49,4329.389999999999,0.4,4.0,True,1789994160
False,BUY,4346.910000000001,4346.910000000001,4344.5,4351.699999999999,0.410000000000764,0.004166666667137204,0.010000000001127773,TRAIL_SL,2.399999999999636,4345.7,2026-09-21T12:46:00+00:00,4344.5,XAUUSD.ecn,4346.9,4351.699999999999,0.4,4.0,True,1789994760
False,BUY,4350.820000000001,4350.820000000001,4345.17,4361.700000000001,0.5399999999999636,0.025408348457408688,0.14000000000032742,TRAIL_SL,5.510000000000218,4347.925,2026-09-21T13:08:00+00:00,4345.17,XAUUSD.ecn,4350.68,4361.700000000001,0.4,4.0,True,1789996080
False,BUY,4351.56,4351.56,4351.56,4362.089999999998,0.28000000000065484,-1.0,-3.509999999999309,SL,3.509999999999309,4353.3150000000005,2026-09-21T13:17:00+00:00,4351.56,XAUUSD.ecn,4355.07,4362.089999999998,0.4,4.0,False,1789996620
False,SELL,4351.589999999999,4351.589999999999,4355.35,4344.7,0.6100000000005821,0.0591549295777282,0.21000000000094587,TRAIL_SL,3.550000000000182,4353.575000000001,2026-09-21T13:24:00+00:00,4355.35,XAUUSD.ecn,4351.8,4344.7,0.4,4.0,True,1789997040
False,SELL,4367.679999999999,4367.679999999999,4371.06,4362.479999999999,0.9200000000000728,0.18181818181829745,0.5200000000004366,TRAIL_SL,2.860000000000582,4369.63,2026-09-21T14:58:00+00:00,4371.06,XAUUSD.ecn,4368.2,4362.479999999999,0.4,4.0,True,1790002680
False,SELL,4348.99,4348.99,4353.89,4339.459999999999,0.4899999999997817,0.018711018711047408,0.09000000000014552,TRAIL_SL,4.8100000000004,4351.485000000001,2026-09-21T16:56:00+00:00,4353.89,XAUUSD.ecn,4349.08,4339.459999999999,0.4,4.0,True,1790009760
False,BUY,4350.04,4350.04,4345.94,4353.2,2.0799999999999272,0.6942148760331572,1.680000000000291,TRAIL_SL,2.4200000000000728,4347.15,2026-09-21T21:10:00+00:00,4345.94,XAUUSD.ecn,4348.36,4353.2,0.4,4.0,True,1790025000
False,SELL,4346.74,4346.74,4350.19,4342.57,1.3099999999994907,0.3582677165353809,0.9099999999998545,TRAIL_SL,2.5399999999999636,4348.92,2026-09-21T21:40:00+00:00,4350.19,XAUUSD.ecn,4347.65,4342.57,0.4,4.0,True,1790026800
False,BUY,4352.26,4352.26,4349.14,4354.959999999999,1.5799999999999272,0.6082474226806879,1.180000000000291,TRAIL_SL,1.9399999999995998,4350.110000000001,2026-09-22T01:19:00+00:00,4349.14,XAUUSD.ecn,4351.08,4354.959999999999,0.4,4.0,True,1790039940
True,BUY,,4351.97,4350.13,4350.819999999999,2.0100000000002183,,,SL_AND_TP_SAME_BAR,0.22999999999956344,4350.245,2026-09-22T04:21:00+00:00,4350.13,XAUUSD.ecn,4350.36,4350.819999999999,0.4,4.0,True,1790050860
False,SELL,4342.639999999999,4342.639999999999,4350.07,4333.780000000002,2.4000000000005457,0.368324125230412,2.0000000000009095,TRAIL_SL,5.4299999999993815,4347.355,2026-09-22T05:11:00+00:00,4350.07,XAUUSD.ecn,4344.64,4333.780000000002,0.4,4.0,True,1790053860
False,BUY,4345.25,4345.25,4343.19,4348.32,0.75,0.20467836257330782,0.3500000000003638,TRAIL_SL,1.7100000000000364,4344.045,2026-09-22T06:17:00+00:00,4343.19,XAUUSD.ecn,4344.9,4348.32,0.4,4.0,True,1790057820
False,SELL,4336.79,4336.79,4341.94,4328.020000000001,0.9099999999998545,0.10991379310350911,0.5100000000002183,TRAIL_SL,4.639999999999418,4339.62,2026-09-22T07:06:00+00:00,4341.94,XAUUSD.ecn,4337.3,4328.020000000001,0.4,4.0,True,1790060760
False,BUY,4346.92,4346.92,4341.44,4352.270000000001,2.269999999999527,0.5180055401660912,1.8699999999998909,TRAIL_SL,3.610000000000582,4343.245,2026-09-22T08:10:00+00:00,4341.44,XAUUSD.ecn,4345.05,4352.270000000001,0.4,4.0,True,1790064600
False,SELL,4327.61,4327.61,4333.12,4322.77,2.4600000000000364,0.5971014492755098,2.0600000000004,TRAIL_SL,3.449999999999818,4331.395,2026-09-22T08:32:00+00:00,4333.12,XAUUSD.ecn,4329.67,4322.77,0.4,4.0,True,1790065920
False,BUY,4332.67,4332.67,4319.79,4347.119999999999,4.170000000000073,0.41383095499457434,3.7700000000004366,TRAIL_SL,9.109999999999673,4324.344999999999,2026-09-22T08:50:00+00:00,4319.79,XAUUSD.ecn,4328.9,4347.119999999999,0.4,4.0,True,1790067000
False,SELL,4318.469999999999,4318.469999999999,4333.11,4303.590000000002,5.200000000000728,0.4878048780489293,4.800000000001091,TRAIL_SL,9.839999999999236,4328.1900000000005,2026-09-22T09:03:00+00:00,4333.11,XAUUSD.ecn,4323.27,4303.590000000002,0.4,4.0,True,1790067780
False,SELL,4302.5599999999995,4302.5599999999995,4310.84,4286.179999999999,0.4600000000000364,0.007299270073041158,0.06000000000040018,TRAIL_SL,8.220000000000255,4306.73,2026-09-22T11:17:00+00:00,4310.84,XAUUSD.ecn,4302.62,4286.179999999999,0.4,4.0,True,1790075820
False,BUY,4320.35,4320.35,4308.66,4337.460000000001,2.4899999999997817,0.21770833333334025,2.0900000000001455,TRAIL_SL,9.600000000000364,4313.46,2026-09-22T11:44:00+00:00,4308.66,XAUUSD.ecn,4318.26,4337.460000000001,0.4,4.0,True,1790077440
False,SELL,4317.679999999999,4317.679999999999,4321.61,4316.0,2.4600000000000364,1.1016042780751445,2.0600000000004,TRAIL_SL,1.8699999999998909,4320.674999999999,2026-09-22T12:21:00+00:00,4321.61,XAUUSD.ecn,4319.74,4316.0,0.4,4.0,True,1790079660
False,BUY,4326.29,4326.29,4322.07,4329.630000000001,2.0999999999994543,0.6746031746029856,1.699999999999818,TRAIL_SL,2.5200000000004366,4323.33,2026-09-22T15:04:00+00:00,4322.07,XAUUSD.ecn,4324.59,4329.630000000001,0.4,4.0,True,1790089440
False,BUY,4340.910000000001,4340.910000000001,4334.22,4347.72,2.5900000000001455,0.4866666666667798,2.1900000000005093,TRAIL_SL,4.5,4336.47,2026-09-22T15:32:00+00:00,4334.22,XAUUSD.ecn,4338.72,4347.72,0.4,4.0,True,1790091120
False,BUY,4336.59,4336.59,4331.37,4338.719999999999,3.1700000000000728,1.1306122448982212,2.7700000000004366,TRAIL_SL,2.449999999999818,4332.594999999999,2026-09-22T15:56:00+00:00,4331.37,XAUUSD.ecn,4333.82,4338.719999999999,0.4,4.0,True,1790092560
True,SELL,,4335.45,4336.69,4335.19,1.139999999999418,,,SL_AND_TP_SAME_BAR,0.5,4336.44,2026-09-22T16:01:00+00:00,4336.69,XAUUSD.ecn,4336.19,4335.19,0.4,4.0,True,1790092860
False,SELL,4332.009999999999,4332.009999999999,4338.73,4321.0,1.2100000000000364,0.13705583756352285,0.8100000000004002,TRAIL_SL,5.9099999999998545,4335.775,2026-09-22T16:56:00+00:00,4338.73,XAUUSD.ecn,4332.82,4321.0,0.4,4.0,True,1790096160
False,BUY,4326.870000000001,4326.870000000001,4320.43,4333.03,2.6400000000003274,0.533333333333521,2.240000000000691,TRAIL_SL,4.199999999999818,4322.530000000001,2026-09-22T17:57:00+00:00,4320.43,XAUUSD.ecn,4324.63,4333.03,0.4,4.0,True,1790099820
False,BUY,4359.43,4359.43,4349.83,4363.270000000001,5.519999999999527,1.1428571428569978,5.119999999999891,TRAIL_SL,4.480000000000473,4352.07,2026-09-22T21:07:00+00:00,4349.83,XAUUSD.ecn,4354.31,4363.270000000001,0.4,4.0,True,1790111220
False,BUY,4353.13,4353.13,4349.7,4356.72,1.4899999999997817,0.465811965811999,1.0900000000001455,TRAIL_SL,2.3400000000001455,4350.87,2026-09-22T21:48:00+00:00,4349.7,XAUUSD.ecn,4352.04,4356.72,0.4,4.0,True,1790113680
False,SELL,4362.429999999999,4362.429999999999,4364.92,4358.979999999999,0.9099999999998545,0.2575757575758063,0.5100000000002183,TRAIL_SL,1.980000000000473,4363.93,2026-09-23T01:47:00+00:00,4364.92,XAUUSD.ecn,4362.94,4358.979999999999,0.4,4.0,True,1790128020
False,SELL,4363.12,4363.12,4363.12,4355.469999999999,0.2599999999993088,-1.0,-2.550000000000182,SL,2.550000000000182,4361.844999999999,2026-09-23T02:52:00+00:00,4363.12,XAUUSD.ecn,4360.57,4355.469999999999,0.4,4.0,False,1790131920
False,SELL,4362.679999999999,4362.679999999999,4368.59,4354.85,1.730000000000473,0.290393013100624,1.3300000000008367,TRAIL_SL,4.579999999999927,4366.3,2026-09-23T03:09:00+00:00,4368.59,XAUUSD.ecn,4364.01,4354.85,0.4,4.0,True,1790132940
False,SELL,4348.139999999999,4348.139999999999,4351.68,4344.329999999998,1.4899999999997817,0.44489795918360076,1.0900000000001455,TRAIL_SL,2.4500000000007276,4350.455,2026-09-23T04:12:00+00:00,4351.68,XAUUSD.ecn,4349.23,4344.329999999998,0.4,4.0,True,1790136720
False,SELL,4340.4,4340.4,4344.03,4334.730000000001,0.930000000000291,0.1709677419357252,0.5300000000006548,TRAIL_SL,3.0999999999994543,4342.48,2026-09-23T04:57:00+00:00,4344.03,XAUUSD.ecn,4340.93,4334.730000000001,0.4,4.0,True,1790139420
False,BUY,4337.1,4337.1,4334.52,4339.829999999999,1.2100000000000364,0.4576271186444162,0.8100000000004002,TRAIL_SL,1.769999999999527,4335.405000000001,2026-09-23T05:44:00+00:00,4334.52,XAUUSD.ecn,4336.29,4339.829999999999,0.4,4.0,True,1790142240
False,SELL,4334.65,4334.65,4336.3,4331.92,0.5900000000001455,0.13013698630171547,0.19000000000050932,TRAIL_SL,1.4600000000000364,4335.57,2026-09-23T05:57:00+00:00,4336.3,XAUUSD.ecn,4334.84,4331.92,0.4,4.0,True,1790143020
False,SELL,4334.79,4334.79,4342.18,4324.5999999999985,1.9299999999993815,0.2610921501705791,1.5299999999997453,TRAIL_SL,5.860000000000582,4339.25,2026-09-23T08:41:00+00:00,4342.18,XAUUSD.ecn,4336.32,4324.5999999999985,0.4,4.0,True,1790152860
False,SELL,4330.58,4330.58,4335.98,4322.780000000001,1.3999999999996362,0.22727272727274606,1.0,TRAIL_SL,4.399999999999636,4333.78,2026-09-23T08:45:00+00:00,4335.98,XAUUSD.ecn,4331.58,4322.780000000001,0.4,4.0,True,1790153100
False,SELL,4320.53,4320.53,4320.53,4314.740000000002,0.32000000000061846,-1.0,-1.9299999999993815,SL,1.9299999999993815,4319.5650000000005,2026-09-23T11:19:00+00:00,4320.53,XAUUSD.ecn,4318.6,4314.740000000002,0.4,4.0,False,1790162340
True,SELL,,4304.379999999999,4310.63,4305.050000000001,4.790000000000873,,,SL_AND_TP_SAME_BAR,1.8599999999996726,4309.700000000001,2026-09-23T14:25:00+00:00,4310.63,XAUUSD.ecn,4308.77,4305.050000000001,0.4,4.0,True,1790173500
False,SELL,4301.86,4301.86,4307.74,4292.74,1.2799999999997453,0.17600000000002183,0.8800000000001091,TRAIL_SL,5.0,4305.24,2026-09-23T14:33:00+00:00,4307.74,XAUUSD.ecn,4302.74,4292.74,0.4,4.0,True,1790173980
False,SELL,4302.0599999999995,4302.0599999999995,4304.31,4301.129999999999,1.5900000000001455,1.122641509434019,1.1900000000005093,TRAIL_SL,1.0600000000004002,4303.780000000001,2026-09-23T15:53:00+00:00,4304.31,XAUUSD.ecn,4303.25,4301.129999999999,0.4,4.0,True,1790178780
False,SELL,4285.219999999999,4285.219999999999,4293.43,4275.28,2.5600000000004,0.3570247933885453,2.160000000000764,TRAIL_SL,6.050000000000182,4290.405000000001,2026-09-23T17:15:00+00:00,4293.43,XAUUSD.ecn,4287.38,4275.28,0.4,4.0,True,1790183700
False,BUY,4282.570000000001,4282.570000000001,4279.37,4288.01,0.7200000000002547,0.11111111111132164,0.32000000000061846,TRAIL_SL,2.880000000000109,4280.8099999999995,2026-09-23T19:09:00+00:00,4279.37,XAUUSD.ecn,4282.25,4288.01,0.4,4.0,True,1790190540
False,SELL,4279.41,4279.41,4282.55,4273.639999999999,0.569999999999709,0.05723905723907683,0.17000000000007276,TRAIL_SL,2.9700000000002547,4281.0650000000005,2026-09-23T20:33:00+00:00,4282.55,XAUUSD.ecn,4279.58,4273.639999999999,0.4,4.0,True,1790195580
False,BUY,4291.13,4291.13,4288.88,4295.150000000001,0.5599999999994907,0.07655502392337002,0.15999999999985448,TRAIL_SL,2.0900000000001455,4289.925,2026-09-23T21:03:00+00:00,4288.88,XAUUSD.ecn,4290.97,4295.150000000001,0.4,4.0,True,1790197380
False,SELL,4290.049999999999,4290.049999999999,4294.83,4283.520000000001,1.410000000000764,0.2679045092841524,1.0100000000011278,TRAIL_SL,3.769999999999527,4292.945,2026-09-23T21:06:00+00:00,4294.83,XAUUSD.ecn,4291.06,4283.520000000001,0.4,4.0,True,1790197560
False,SELL,4284.469999999999,4284.469999999999,4293.27,4269.27,1.2000000000007276,0.10000000000013642,0.8000000000010914,TRAIL_SL,8.0,4289.27,2026-09-23T22:17:00+00:00,4293.27,XAUUSD.ecn,4285.27,4269.27,0.4,4.0,True,1790201820
False,BUY,4287.01,4287.01,4284.58,4290.039999999999,1.0100000000002183,0.33516483516520856,0.6100000000005821,TRAIL_SL,1.819999999999709,4285.49,2026-09-23T23:08:00+00:00,4284.58,XAUUSD.ecn,4286.4,4290.039999999999,0.4,4.0,True,1790204880
True,BUY,,4287.650000000001,4286.88,4287.87,0.8400000000001455,,,SL_AND_TP_SAME_BAR,0.32999999999992724,4287.045,2026-09-23T23:56:00+00:00,4286.88,XAUUSD.ecn,4287.21,4287.87,0.4,4.0,True,1790207760
False,BUY,4291.93,4291.93,4285.98,4302.960000000002,0.6899999999995998,0.051236749116594434,0.2899999999999636,TRAIL_SL,5.660000000000764,4288.8099999999995,2026-09-24T03:32:00+00:00,4285.98,XAUUSD.ecn,4291.64,4302.960000000002,0.4,4.0,True,1790220720
False,BUY,4286.240000000001,4286.240000000001,4276.62,4299.27,2.4700000000002547,0.2741721854305389,2.0700000000006185,TRAIL_SL,7.550000000000182,4280.395,2026-09-24T05:18:00+00:00,4276.62,XAUUSD.ecn,4284.17,4299.27,0.4,4.0,True,1790227080
False,BUY,4293.79,4293.79,4286.83,4299.4000000000015,3.1699999999991633,0.6610978520284464,2.769999999999527,TRAIL_SL,4.190000000000509,4288.925,2026-09-24T05:34:00+00:00,4286.83,XAUUSD.ecn,4291.02,4299.4000000000015,0.4,4.0,True,1790228040
False,BUY,4283.5,4283.5,4280.51,4288.669999999998,0.6700000000000728,0.09926470588253734,0.27000000000043656,TRAIL_SL,2.719999999999345,4281.87,2026-09-24T06:48:00+00:00,4280.51,XAUUSD.ecn,4283.23,4288.669999999998,0.4,4.0,True,1790232480
False,BUY,4284.120000000001,4284.120000000001,4280.04,4291.92,0.5200000000004366,0.030303030303232135,0.12000000000080036,TRAIL_SL,3.9600000000000364,4282.02,2026-09-24T08:48:00+00:00,4280.04,XAUUSD.ecn,4284.0,4291.92,0.4,4.0,True,1790239680
False,BUY,4281.68,4281.68,4277.42,4289.119999999999,0.7600000000002183,0.09230769230785017,0.3600000000005821,TRAIL_SL,3.899999999999636,4279.37,2026-09-24T09:03:00+00:00,4277.42,XAUUSD.ecn,4281.32,4289.119999999999,0.4,4.0,True,1790240580
False,BUY,4282.860000000001,4282.860000000001,4278.15,4285.830000000001,2.550000000000182,0.8398437500000818,2.1500000000005457,TRAIL_SL,2.5600000000004,4279.43,2026-09-24T10:07:00+00:00,4278.15,XAUUSD.ecn,4280.71,4285.830000000001,0.4,4.0,True,1790244420
False,SELL,4282.639999999999,4282.639999999999,4287.28,4277.1100000000015,1.6500000000005457,0.3687315634221605,1.2500000000009095,TRAIL_SL,3.389999999999418,4285.585,2026-09-24T10:25:00+00:00,4287.28,XAUUSD.ecn,4283.89,4277.1100000000015,0.4,4.0,True,1790245500
False,SELL,4282.259999999999,4282.259999999999,4285.03,4277.7699999999995,0.75,0.1446280991736997,0.3500000000003638,TRAIL_SL,2.4200000000000728,4283.82,2026-09-24T10:43:00+00:00,4285.03,XAUUSD.ecn,4282.61,4277.7699999999995,0.4,4.0,True,1790246580
False,SELL,4263.08,4263.08,4269.8,4257.68,3.0799999999999272,0.6633663366337413,2.680000000000291,TRAIL_SL,4.039999999999964,4267.780000000001,2026-09-24T11:27:00+00:00,4269.8,XAUUSD.ecn,4265.76,4257.68,0.4,4.0,True,1790249220
False,SELL,4267.37,4267.37,4273.33,4258.779999999999,1.5099999999993088,0.22886597938135864,1.1099999999996726,TRAIL_SL,4.850000000000364,4270.905,2026-09-24T11:38:00+00:00,4273.33,XAUUSD.ecn,4268.48,4258.779999999999,0.4,4.0,True,1790249880
False,SELL,4261.69,4261.69,4267.88,4253.599999999999,1.8299999999999272,0.30042016806727423,1.430000000000291,TRAIL_SL,4.760000000000218,4265.5,2026-09-24T11:55:00+00:00,4267.88,XAUUSD.ecn,4263.12,4253.599999999999,0.4,4.0,True,1790250900
False,SELL,4258.61,4258.61,4263.65,4249.850000000001,0.8400000000001455,0.09565217391316555,0.4400000000005093,TRAIL_SL,4.599999999999454,4261.35,2026-09-24T12:31:00+00:00,4263.65,XAUUSD.ecn,4259.05,4249.850000000001,0.4,4.0,True,1790253060
False,SELL,4252.66,4252.66,4255.4,4249.31,1.1099999999996726,0.3497536945813426,0.7100000000000364,TRAIL_SL,2.0299999999997453,4254.385,2026-09-24T12:45:00+00:00,4255.4,XAUUSD.ecn,4253.37,4249.31,0.4,4.0,True,1790253900
False,SELL,4252.24,4252.24,4252.24,4242.280000000001,0.17000000000007276,-1.0,-3.319999999999709,SL,3.319999999999709,4250.58,2026-09-24T13:31:00+00:00,4252.24,XAUUSD.ecn,4248.92,4242.280000000001,0.4,4.0,False,1790256660
False,BUY,4261.04,4261.04,4252.4,4272.56,2.319999999999709,0.2857142857142857,1.9200000000000728,TRAIL_SL,6.720000000000255,4255.76,2026-09-24T13:40:00+00:00,4252.4,XAUUSD.ecn,4259.12,4272.56,0.4,4.0,True,1790257200
False,SELL,4257.69,4257.69,4263.79,4248.100000000001,1.2700000000004366,0.16634799235198336,0.8700000000008004,TRAIL_SL,5.229999999999563,4261.175,2026-09-24T13:57:00+00:00,4263.79,XAUUSD.ecn,4258.56,4248.100000000001,0.4,4.0,True,1790258220
False,SELL,4279.48,4279.48,4284.96,4277.669999999999,3.449999999999818,1.2551440329217352,3.050000000000182,TRAIL_SL,2.430000000000291,4283.745,2026-09-24T16:05:00+00:00,4284.96,XAUUSD.ecn,4282.53,4277.669999999999,0.4,4.0,True,1790265900
False,BUY,4255.09,4255.09,4249.63,4262.589999999999,1.5399999999999636,0.26388888888898243,1.1400000000003274,TRAIL_SL,4.319999999999709,4251.79,2026-09-24T18:24:00+00:00,4249.63,XAUUSD.ecn,4253.95,4262.589999999999,0.4,4.0,True,1790274240
False,SELL,4253.589999999999,4253.589999999999,4258.46,4245.769999999999,1.0399999999999636,0.15130023640667986,0.6400000000003274,TRAIL_SL,4.230000000000473,4256.344999999999,2026-09-24T19:09:00+00:00,4258.46,XAUUSD.ecn,4254.23,4245.769999999999,0.4,4.0,True,1790276940
False,BUY,4265.3,4265.3,4260.84,4269.120000000001,2.0999999999994543,0.6159420289853926,1.699999999999818,TRAIL_SL,2.7600000000002183,4262.22,2026-09-24T21:00:00+00:00,4260.84,XAUUSD.ecn,4263.6,4269.120000000001,0.4,4.0,True,1790283600
False,SELL,4265.17,4265.17,4269.56,4257.979999999999,0.9299999999993815,0.1373056994817786,0.5299999999997453,TRAIL_SL,3.860000000000582,4267.63,2026-09-24T23:21:00+00:00,4269.56,XAUUSD.ecn,4265.7,4257.979999999999,0.4,4.0,True,1790292060
False,BUY,4271.51,4271.51,4268.9,4274.330000000001,1.199999999999818,0.44198895027624585,0.8000000000001819,TRAIL_SL,1.8100000000004002,4269.805,2026-09-25T03:42:00+00:00,4268.9,XAUUSD.ecn,4270.71,4274.330000000001,0.4,4.0,True,1790307720
False,BUY,4282.55,4282.55,4274.04,4286.129999999999,4.880000000000109,1.1116625310175574,4.480000000000473,TRAIL_SL,4.029999999999745,4276.055,2026-09-25T03:59:00+00:00,4274.04,XAUUSD.ecn,4278.07,4286.129999999999,0.4,4.0,True,1790308740
False,BUY,4284.68,4284.68,4282.15,4289.29,0.5500000000001819,0.06302521008426001,0.1500000000005457,TRAIL_SL,2.380000000000109,4283.34,2026-09-25T05:45:00+00:00,4282.15,XAUUSD.ecn,4284.53,4289.29,0.4,4.0,True,1790315100
False,SELL,4278.44,4278.44,4282.96,4273.269999999999,1.6899999999995998,0.39938080495349065,1.2899999999999636,TRAIL_SL,3.230000000000473,4281.344999999999,2026-09-25T06:28:00+00:00,4282.96,XAUUSD.ecn,4279.73,4273.269999999999,0.4,4.0,True,1790317680
False,SELL,4262.389999999999,4262.389999999999,4268.14,4254.849999999999,1.7200000000002547,0.2979683972913164,1.3200000000006185,TRAIL_SL,4.430000000000291,4265.925,2026-09-25T08:00:00+00:00,4268.14,XAUUSD.ecn,4263.71,4254.849999999999,0.4,4.0,True,1790323200
False,BUY,4273.88,4273.88,4267.79,4283.869999999999,1.1300000000001091,0.13619402985084283,0.7300000000004729,TRAIL_SL,5.359999999999673,4270.469999999999,2026-09-25T08:41:00+00:00,4267.79,XAUUSD.ecn,4273.15,4283.869999999999,0.4,4.0,True,1790325660
False,SELL,4277.25,4277.25,4281.23,4275.080000000002,2.3299999999999272,0.9414634146346225,1.930000000000291,TRAIL_SL,2.0499999999992724,4280.205,2026-09-25T09:24:00+00:00,4281.23,XAUUSD.ecn,4279.18,4275.080000000002,0.4,4.0,True,1790328240
False,SELL,4280.099999999999,4280.099999999999,4284.37,4276.99,2.2100000000000364,0.7357723577237291,1.8100000000004002,TRAIL_SL,2.4600000000000364,4283.139999999999,2026-09-25T11:20:00+00:00,4284.37,XAUUSD.ecn,4281.91,4276.99,0.4,4.0,True,1790335200
False,BUY,4293.2300000000005,4293.2300000000005,4288.65,4299.42,1.3900000000003274,0.2757660167132733,0.9900000000006912,TRAIL_SL,3.5900000000001455,4290.445,2026-09-25T11:47:00+00:00,4288.65,XAUUSD.ecn,4292.24,4299.42,0.4,4.0,True,1790336820
False,BUY,4304.740000000001,4304.740000000001,4300.21,4312.299999999999,0.9000000000005457,0.12406947890842211,0.5000000000009095,TRAIL_SL,4.029999999999745,4302.225,2026-09-25T13:16:00+00:00,4300.21,XAUUSD.ecn,4304.24,4312.299999999999,0.4,4.0,True,1790342160
False,SELL,4305.929999999999,4305.929999999999,4308.84,4302.69,1.2600000000002183,0.41951219512219795,0.8600000000005821,TRAIL_SL,2.050000000000182,4307.8150000000005,2026-09-25T13:34:00+00:00,4308.84,XAUUSD.ecn,4306.79,4302.69,0.4,4.0,True,1790343240
False,BUY,4305.200000000001,4305.200000000001,4297.46,4314.140000000001,2.5799999999999272,0.39208633093527595,2.180000000000291,TRAIL_SL,5.5600000000004,4300.24,2026-09-25T15:23:00+00:00,4297.46,XAUUSD.ecn,4303.02,4314.140000000001,0.4,4.0,True,1790349780
False,SELL,4299.92,4299.92,4308.46,4290.519999999999,2.959999999999127,0.4280936454848308,2.5599999999994907,TRAIL_SL,5.980000000000473,4305.469999999999,2026-09-25T15:34:00+00:00,4308.46,XAUUSD.ecn,4302.48,4290.519999999999,0.4,4.0,True,1790350440
False,SELL,4277.79,4277.79,4286.76,4266.900000000001,2.75,0.35498489425987956,2.350000000000364,TRAIL_SL,6.619999999999891,4283.450000000001,2026-09-25T16:32:00+00:00,4286.76,XAUUSD.ecn,4280.14,4266.900000000001,0.4,4.0,True,1790353920
False,SELL,4258.929999999999,4258.929999999999,4267.9,4244.830000000001,1.680000000000291,0.16644993498058797,1.2800000000006548,TRAIL_SL,7.6899999999996,4264.055,2026-09-25T17:06:00+00:00,4267.9,XAUUSD.ecn,4260.21,4244.830000000001,0.4,4.0,True,1790355960
True,SELL,,4276.219999999999,4280.78,4277.81,3.9700000000002547,,,SL_AND_TP_SAME_BAR,0.9899999999997817,4280.285,2026-09-25T18:21:00+00:00,4280.78,XAUUSD.ecn,4279.79,4277.81,0.4,4.0,True,1790360460
False,BUY,4280.43,4280.43,4275.36,4287.599999999999,1.3900000000003274,0.24264705882370316,0.9900000000006912,TRAIL_SL,4.079999999999927,4277.4,2026-09-25T18:28:00+00:00,4275.36,XAUUSD.ecn,4279.44,4287.599999999999,0.4,4.0,True,1790360880
False,SELL,4278.099999999999,4278.099999999999,4281.31,4273.03,0.8500000000003638,0.16304347826112028,0.4500000000007276,TRAIL_SL,2.7600000000002183,4279.93,2026-09-25T18:40:00+00:00,4281.31,XAUUSD.ecn,4278.55,4273.03,0.4,4.0,True,1790361600
False,BUY,4286.820000000001,4286.820000000001,4281.19,4294.72,1.5200000000004366,0.24833702882499914,1.1200000000008004,TRAIL_SL,4.510000000000218,4283.445,2026-09-25T20:43:00+00:00,4281.19,XAUUSD.ecn,4285.7,4294.72,0.4,4.0,True,1790368980
False,BUY,4293.09,4293.09,4288.09,4299.97,1.4399999999995998,0.26262626262625105,1.0399999999999636,TRAIL_SL,3.9600000000000364,4290.07,2026-09-25T22:40:00+00:00,4288.09,XAUUSD.ecn,4292.05,4299.97,0.4,4.0,True,1790376000
True,SELL,,4220.929999999999,4235.78,4222.9400000000005,10.970000000000255,,,SL_AND_TP_SAME_BAR,4.279999999999745,4233.639999999999,2026-09-28T04:00:00+00:00,4235.78,XAUUSD.ecn,4231.5,4222.9400000000005,0.4,4.0,True,1790568000
False,SELL,4222.299999999999,4222.299999999999,4231.5,4212.75,3.350000000000364,0.47200000000011644,2.9500000000007276,TRAIL_SL,6.25,4228.375,2026-09-28T04:03:00+00:00,4231.5,XAUUSD.ecn,4225.25,4212.75,0.4,4.0,True,1790568180
True,BUY,,4219.85,4215.98,4217.810000000001,3.6599999999998545,,,SL_AND_TP_SAME_BAR,0.6100000000005821,4216.285,2026-09-28T04:32:00+00:00,4215.98,XAUUSD.ecn,4216.59,4217.810000000001,0.4,4.0,True,1790569920
False,SELL,4211.08,4211.08,4219.88,4199.540000000001,2.4200000000000728,0.29793510324491335,2.0200000000004366,TRAIL_SL,6.779999999999745,4216.49,2026-09-28T04:40:00+00:00,4219.88,XAUUSD.ecn,4213.1,4199.540000000001,0.4,4.0,True,1790570400
False,SELL,4206.17,4206.17,4216.5,4195.949999999999,3.8799999999991996,0.5080291970802012,3.4799999999995634,TRAIL_SL,6.850000000000364,4213.075,2026-09-28T05:36:00+00:00,4216.5,XAUUSD.ecn,4209.65,4195.949999999999,0.4,4.0,True,1790573760
False,BUY,4198.01,4198.01,4191.97,4209.97,0.4399999999995998,0.006666666666660603,0.03999999999996362,TRAIL_SL,6.0,4194.97,2026-09-28T06:56:00+00:00,4191.97,XAUUSD.ecn,4197.97,4209.97,0.4,4.0,True,1790578560
False,SELL,4191.82,4191.82,4196.56,4184.8,1.2200000000002547,0.20918367346954164,0.8200000000006185,TRAIL_SL,3.9200000000000728,4194.6,2026-09-28T08:09:00+00:00,4196.56,XAUUSD.ecn,4192.64,4184.8,0.4,4.0,True,1790582940
False,SELL,4184.629999999999,4184.629999999999,4191.93,4183.079999999998,4.75,1.4745762711862003,4.350000000000364,TRAIL_SL,2.9500000000007276,4190.455,2026-09-28T08:32:00+00:00,4191.93,XAUUSD.ecn,4188.98,4183.079999999998,0.4,4.0,True,1790584320
False,SELL,4154.49,4154.49,4157.6,4151.09,1.3400000000001455,0.4331797235025243,0.9400000000005093,TRAIL_SL,2.1700000000000728,4156.515,2026-09-28T10:39:00+00:00,4157.6,XAUUSD.ecn,4155.43,4151.09,0.4,4.0,True,1790591940
False,BUY,4156.110000000001,4156.110000000001,4152.43,4161.009999999999,1.2200000000002547,0.2867132867135358,0.8200000000006185,TRAIL_SL,2.8599999999996726,4153.860000000001,2026-09-28T10:56:00+00:00,4152.43,XAUUSD.ecn,4155.29,4161.009999999999,0.4,4.0,True,1790592960
False,BUY,4158.29,4158.29,4153.67,4163.54,1.7299999999995634,0.40425531914891855,1.3299999999999272,TRAIL_SL,3.2899999999999636,4155.3150000000005,2026-09-28T13:06:00+00:00,4153.67,XAUUSD.ecn,4156.96,4163.54,0.4,4.0,True,1790600760
True,BUY,,4154.650000000001,4148.22,4154.549999999999,4.720000000000255,,,SL_AND_TP_SAME_BAR,2.1099999999996726,4149.275,2026-09-28T14:24:00+00:00,4148.22,XAUUSD.ecn,4150.33,4154.549999999999,0.4,4.0,True,1790605440
False,SELL,4147.15,4147.15,4152.15,4144.29,2.7799999999997453,0.908396946564965,2.380000000000109,TRAIL_SL,2.619999999999891,4150.84,2026-09-28T15:00:00+00:00,4152.15,XAUUSD.ecn,4149.53,4144.29,0.4,4.0,True,1790607600
False,SELL,4157.67,4157.67,4171.3,4148.710000000001,6.5,0.8100929614874595,6.100000000000364,TRAIL_SL,7.529999999999745,4167.535,2026-09-28T15:26:00+00:00,4171.3,XAUUSD.ecn,4163.77,4148.710000000001,0.4,4.0,True,1790609160
False,SELL,4150.73,4150.73,4154.9,4144.970000000001,1.2600000000002183,0.2598187311180406,0.8600000000005821,TRAIL_SL,3.3099999999994907,4153.245,2026-09-28T15:33:00+00:00,4154.9,XAUUSD.ecn,4151.59,4144.970000000001,0.4,4.0,True,1790609580
False,SELL,4144.5599999999995,4144.5599999999995,4151.02,4133.74,1.1000000000003638,0.12152777777789948,0.7000000000007276,TRAIL_SL,5.760000000000218,4148.14,2026-09-28T15:44:00+00:00,4151.02,XAUUSD.ecn,4145.26,4133.74,0.4,4.0,True,1790610240
False,BUY,4147.08,4147.08,4138.14,4162.409999999998,1.25,0.10506798516692757,0.8500000000003638,TRAIL_SL,8.089999999999236,4142.1849999999995,2026-09-28T16:39:00+00:00,4138.14,XAUUSD.ecn,4146.23,4162.409999999998,0.4,4.0,True,1790613540
False,BUY,4122.620000000001,4122.620000000001,4120.47,4126.289999999999,0.6100000000005821,0.10824742268092226,0.21000000000094587,TRAIL_SL,1.9399999999995998,4121.4400000000005,2026-09-28T18:20:00+00:00,4120.47,XAUUSD.ecn,4122.41,4126.289999999999,0.4,4.0,True,1790619600
False,BUY,4144.92,4144.92,4134.17,4157.18,3.4799999999995634,0.4015645371577442,3.0799999999999272,TRAIL_SL,7.670000000000073,4138.005,2026-09-28T19:29:00+00:00,4134.17,XAUUSD.ecn,4141.84,4157.18,0.4,4.0,True,1790623740
False,BUY,4137.9800000000005,4137.9800000000005,4133.95,4142.71,1.5100000000002183,0.38013698630155973,1.110000000000582,TRAIL_SL,2.9200000000000728,4135.41,2026-09-28T20:44:00+00:00,4133.95,XAUUSD.ecn,4136.87,4142.71,0.4,4.0,True,1790628240
False,BUY,4135.150000000001,4135.150000000001,4133.98,4137.13,0.5200000000004366,0.11428571428645673,0.12000000000080036,TRAIL_SL,1.050000000000182,4134.504999999999,2026-09-28T21:23:00+00:00,4133.98,XAUUSD.ecn,4135.03,4137.13,0.4,4.0,True,1790630580
False,BUY,4137.56,4137.56,4133.39,4145.809999999999,0.43000000000029104,0.007246376811753395,0.030000000000654836,TRAIL_SL,4.139999999999418,4135.46,2026-09-28T21:45:00+00:00,4133.39,XAUUSD.ecn,4137.53,4145.809999999999,0.4,4.0,True,1790631900
False,SELL,4135.099999999999,4135.099999999999,4140.55,4126.359999999999,1.1199999999998909,0.15221987315014432,0.7200000000002547,TRAIL_SL,4.730000000000473,4138.1849999999995,2026-09-28T22:03:00+00:00,4140.55,XAUUSD.ecn,4135.82,4126.359999999999,0.4,4.0,True,1790632980
False,BUY,4122.320000000001,4122.320000000001,4117.94,4129.550000000002,0.9099999999998545,0.13178294573646326,0.5100000000002183,TRAIL_SL,3.8700000000008004,4119.875,2026-09-28T23:18:00+00:00,4117.94,XAUUSD.ecn,4121.81,4129.550000000002,0.4,4.0,True,1790637480
False,BUY,4122.370000000001,4122.370000000001,4117.56,4127.489999999999,1.9000000000005457,0.45317220543841097,1.5000000000009095,TRAIL_SL,3.3099999999994907,4119.215,2026-09-29T01:06:00+00:00,4117.56,XAUUSD.ecn,4120.87,4127.489999999999,0.4,4.0,True,1790643960
False,SELL,4122.42,4122.42,4125.73,4116.49,0.6299999999991996,0.0746753246751847,0.22999999999956344,TRAIL_SL,3.0799999999999272,4124.19,2026-09-29T01:32:00+00:00,4125.73,XAUUSD.ecn,4122.65,4116.49,0.4,4.0,True,1790645520
False,SELL,4121.32,4121.32,4124.01,4117.199999999999,0.819999999999709,0.18502202643171453,0.42000000000007276,TRAIL_SL,2.2700000000004366,4122.875,2026-09-29T01:54:00+00:00,4124.01,XAUUSD.ecn,4121.74,4117.199999999999,0.4,4.0,True,1790646840
False,BUY,4127.83,4127.83,4125.73,4131.790000000001,0.47999999999956344,0.03960396039599502,0.07999999999992724,TRAIL_SL,2.0200000000004366,4126.74,2026-09-29T02:30:00+00:00,4125.73,XAUUSD.ecn,4127.75,4131.790000000001,0.4,4.0,True,1790649000
False,SELL,4116.759999999999,4116.759999999999,4122.92,4108.79,1.8500000000003638,0.307855626327116,1.4500000000007276,TRAIL_SL,4.710000000000036,4120.5650000000005,2026-09-29T03:19:00+00:00,4122.92,XAUUSD.ecn,4118.21,4108.79,0.4,4.0,True,1790651940
False,SELL,4136.379999999999,4136.379999999999,4140.07,4130.08,0.7600000000002183,0.10810810810828526,0.3600000000005821,TRAIL_SL,3.3299999999999272,4138.405,2026-09-29T06:47:00+00:00,4140.07,XAUUSD.ecn,4136.74,4130.08,0.4,4.0,True,1790664420
True,BUY,,4128.660000000001,4126.61,4127.150000000001,2.2700000000004366,,,SL_AND_TP_SAME_BAR,0.18000000000029104,4126.7,2026-09-29T08:10:00+00:00,4126.61,XAUUSD.ecn,4126.79,4127.150000000001,0.4,4.0,True,1790669400
False,BUY,4130.89,4130.89,4126.96,4134.909999999999,1.680000000000291,0.4830188679248417,1.2800000000006548,TRAIL_SL,2.649999999999636,4128.285,2026-09-29T08:20:00+00:00,4126.96,XAUUSD.ecn,4129.61,4134.909999999999,0.4,4.0,True,1790670000
False,SELL,4123.469999999999,4123.469999999999,4131.23,4112.0,1.75,0.21060842433703503,1.3500000000003638,TRAIL_SL,6.4099999999998545,4128.025,2026-09-29T08:34:00+00:00,4131.23,XAUUSD.ecn,4124.82,4112.0,0.4,4.0,True,1790670840
False,SELL,4141.96,4141.96,4148.17,4135.42,2.3599999999996726,0.46117647058824385,1.9600000000000364,TRAIL_SL,4.25,4146.045,2026-09-29T09:19:00+00:00,4148.17,XAUUSD.ecn,4143.92,4135.42,0.4,4.0,True,1790673540
False,BUY,4146.85,4146.85,4142.69,4147.7300000000005,2.880000000000109,1.476190476190502,2.480000000000473,TRAIL_SL,1.680000000000291,4143.53,2026-09-29T10:22:00+00:00,4142.69,XAUUSD.ecn,4144.37,4147.7300000000005,0.4,4.0,True,1790677320
False,SELL,4140.49,4140.49,4144.46,4136.149999999999,1.5999999999994543,0.43321299638975774,1.199999999999818,TRAIL_SL,2.7700000000004366,4143.075,2026-09-29T11:27:00+00:00,4144.46,XAUUSD.ecn,4141.69,4136.149999999999,0.4,4.0,True,1790681220
False,BUY,4147.200000000001,4147.200000000001,4141.74,4151.01,2.7700000000004366,0.7669902912623588,2.3700000000008004,TRAIL_SL,3.0900000000001455,4143.285,2026-09-29T12:47:00+00:00,4141.74,XAUUSD.ecn,4144.83,4151.01,0.4,4.0,True,1790686020
False,BUY,4157.27,4157.27,4150.27,4162.059999999999,3.4700000000002547,0.7811704834608401,3.0700000000006185,TRAIL_SL,3.9299999999993815,4152.235000000001,2026-09-29T14:51:00+00:00,4150.27,XAUUSD.ecn,4154.2,4162.059999999999,0.4,4.0,True,1790693460
True,BUY,,4158.33,4152.99,4156.14,4.6899999999996,,,SL_AND_TP_SAME_BAR,1.050000000000182,4153.514999999999,2026-09-29T15:03:00+00:00,4152.99,XAUUSD.ecn,4154.04,4156.14,0.4,4.0,True,1790694180
False,BUY,4151.76,4151.76,4151.76,4158.660000000001,0.3999999999996362,-1.0,-2.300000000000182,SL,2.300000000000182,4152.91,2026-09-29T15:17:00+00:00,4151.76,XAUUSD.ecn,4154.06,4158.660000000001,0.4,4.0,False,1790695020
False,SELL,4151.87,4151.87,4155.68,4146.889999999999,1.2799999999997453,0.30034129692833506,0.8800000000001091,TRAIL_SL,2.930000000000291,4154.215,2026-09-29T15:54:00+00:00,4155.68,XAUUSD.ecn,4152.75,4146.889999999999,0.4,4.0,True,1790697240
True,SELL,,4151.049999999999,4152.68,4151.239999999999,1.550000000000182,,,SL_AND_TP_SAME_BAR,0.48000000000047294,4152.4400000000005,2026-09-29T15:59:00+00:00,4152.68,XAUUSD.ecn,4152.2,4151.239999999999,0.4,4.0,True,1790697540
False,BUY,4158.400000000001,4158.400000000001,4153.58,4165.610000000001,1.2100000000000364,0.20199501246891674,0.8100000000004002,TRAIL_SL,4.010000000000218,4155.585,2026-09-29T16:48:00+00:00,4153.58,XAUUSD.ecn,4157.59,4165.610000000001,0.4,4.0,True,1790700480
False,SELL,4169.1,4169.1,4169.1,4157.7,0.3600000000005821,-1.0,-3.800000000000182,SL,3.800000000000182,4167.200000000001,2026-09-29T17:39:00+00:00,4169.1,XAUUSD.ecn,4165.3,4157.7,0.4,4.0,False,1790703540
False,SELL,4155.41,4155.41,4159.55,4151.749999999999,1.9399999999995998,0.5923076923075954,1.5399999999999636,TRAIL_SL,2.600000000000364,4158.25,2026-09-29T18:24:00+00:00,4159.55,XAUUSD.ecn,4156.95,4151.749999999999,0.4,4.0,True,1790706240
False,SELL,4151.36,4151.36,4157.31,4143.569999999998,1.769999999999527,0.2991266375545067,1.3699999999998909,TRAIL_SL,4.580000000000837,4155.02,2026-09-29T18:29:00+00:00,4157.31,XAUUSD.ecn,4152.73,4143.569999999998,0.4,4.0,True,1790706540
False,SELL,4155.33,4155.33,4157.93,4152.56,1.2100000000000364,0.4525139664806797,0.8100000000004002,TRAIL_SL,1.7899999999999636,4157.035,2026-09-29T18:44:00+00:00,4157.93,XAUUSD.ecn,4156.14,4152.56,0.4,4.0,True,1790707440
False,SELL,4145.16,4145.16,4148.32,4139.410000000002,0.5900000000001455,0.06397306397324956,0.19000000000050932,TRAIL_SL,2.969999999999345,4146.835,2026-09-29T19:58:00+00:00,4148.32,XAUUSD.ecn,4145.35,4139.410000000002,0.4,4.0,True,1790711880
False,SELL,4142.99,4142.99,4145.95,4138.9000000000015,1.0100000000002183,0.25957446808541434,0.6100000000005821,TRAIL_SL,2.3499999999994543,4144.775,2026-09-29T20:56:00+00:00,4145.95,XAUUSD.ecn,4143.6,4138.9000000000015,0.4,4.0,True,1790715360
False,BUY,4168.34,4168.34,4162.49,4174.61,2.2100000000000364,0.4480198019803011,1.8100000000004002,TRAIL_SL,4.039999999999964,4164.51,2026-09-29T21:17:00+00:00,4162.49,XAUUSD.ecn,4166.53,4174.61,0.4,4.0,True,1790716620
False,BUY,4173.900000000001,4173.900000000001,4167.33,4181.549999999999,2.230000000000473,0.3860759493672829,1.8300000000008367,TRAIL_SL,4.739999999999782,4169.7,2026-09-29T21:40:00+00:00,4167.33,XAUUSD.ecn,4172.07,4181.549999999999,0.4,4.0,True,1790718000
False,SELL,4166.69,4166.69,4170.48,4160.040000000001,0.7100000000000364,0.08908045977024111,0.3100000000004002,TRAIL_SL,3.4799999999995634,4168.74,2026-09-29T21:51:00+00:00,4170.48,XAUUSD.ecn,4167.0,4160.040000000001,0.4,4.0,True,1790718660
False,BUY,4184.83,4184.83,4180.99,4187.11,2.199999999999818,0.8823529411765755,1.800000000000182,TRAIL_SL,2.0399999999999636,4182.01,2026-09-29T23:44:00+00:00,4180.99,XAUUSD.ecn,4183.03,4187.11,0.4,4.0,True,1790725440
False,SELL,4179.3099999999995,4179.3099999999995,4180.63,4176.849999999999,0.4600000000000364,0.04761904761935697,0.06000000000040018,TRAIL_SL,1.2600000000002183,4180.0,2026-09-30T02:33:00+00:00,4180.63,XAUUSD.ecn,4179.37,4176.849999999999,0.4,4.0,True,1790735580
False,SELL,4184.0199999999995,4184.0199999999995,4187.2,4178.140000000001,0.5600000000004002,0.052980132450592396,0.16000000000076398,TRAIL_SL,3.019999999999527,4185.6900000000005,2026-09-30T03:05:00+00:00,4187.2,XAUUSD.ecn,4184.18,4178.140000000001,0.4,4.0,True,1790737500
False,BUY,4177.02,4177.02,4172.88,4182.900000000001,1.199999999999818,0.23952095808387636,0.8000000000001819,TRAIL_SL,3.3400000000001455,4174.55,2026-09-30T05:41:00+00:00,4172.88,XAUUSD.ecn,4176.22,4182.900000000001,0.4,4.0,True,1790746860
False,BUY,4183.63,4183.63,4176.03,4192.500000000002,2.509999999999309,0.3843351548268501,2.1099999999996726,TRAIL_SL,5.490000000000691,4178.775,2026-09-30T05:49:00+00:00,4176.03,XAUUSD.ecn,4181.52,4192.500000000002,0.4,4.0,True,1790747340
False,SELL,4181.44,4181.44,4184.42,4179.05,1.5900000000001455,0.664804469274041,1.1900000000005093,TRAIL_SL,1.7899999999999636,4183.525,2026-09-30T05:56:00+00:00,4184.42,XAUUSD.ecn,4182.63,4179.05,0.4,4.0,True,1790747760
False,SELL,4180.7699999999995,4180.7699999999995,4182.69,4177.47,0.5799999999999272,0.10344827586224921,0.18000000000029104,TRAIL_SL,1.7399999999997817,4181.82,2026-09-30T06:00:00+00:00,4182.69,XAUUSD.ecn,4180.95,4177.47,0.4,4.0,True,1790748000
False,BUY,4173.17,4173.17,4171.31,4175.989999999999,0.6999999999998181,0.1923076923078717,0.3000000000001819,TRAIL_SL,1.5599999999994907,4172.09,2026-09-30T06:57:00+00:00,4171.31,XAUUSD.ecn,4172.87,4175.989999999999,0.4,4.0,True,1790751420
False,SELL,4175.67,4175.67,4180.03,4173.129999999999,2.459999999999127,0.8956521739127512,2.0599999999994907,TRAIL_SL,2.300000000000182,4178.879999999999,2026-09-30T08:11:00+00:00,4180.03,XAUUSD.ecn,4177.73,4173.129999999999,0.4,4.0,True,1790755860
True,BUY,,4178.2300000000005,4170.51,4177.290000000001,5.859999999999673,,,SL_AND_TP_SAME_BAR,2.2600000000002183,4171.64,2026-09-30T08:30:00+00:00,4170.51,XAUUSD.ecn,4172.77,4177.290000000001,0.4,4.0,True,1790757000
False,BUY,4191.530000000001,4191.530000000001,4181.69,4208.930000000002,1.1599999999998545,0.0837004405286507,0.7600000000002183,TRAIL_SL,9.080000000000837,4186.23,2026-09-30T09:59:00+00:00,4181.69,XAUUSD.ecn,4190.77,4208.930000000002,0.4,4.0,True,1790762340
False,BUY,4199.72,4199.72,4197.2,4204.160000000002,0.5999999999994543,0.08620689655162275,0.1999999999998181,TRAIL_SL,2.3200000000006185,4198.360000000001,2026-09-30T10:25:00+00:00,4197.2,XAUUSD.ecn,4199.52,4204.160000000002,0.4,4.0,True,1790763900
False,SELL,4194.3099999999995,4194.3099999999995,4201.05,4187.249999999999,2.5399999999999636,0.4652173913043822,2.1400000000003274,TRAIL_SL,4.600000000000364,4198.75,2026-09-30T10:30:00+00:00,4201.05,XAUUSD.ecn,4196.45,4187.249999999999,0.4,4.0,True,1790764200
False,SELL,4184.42,4184.42,4188.93,4180.05,1.949999999999818,0.5236486486487036,1.550000000000182,TRAIL_SL,2.9600000000000364,4187.450000000001,2026-09-30T13:46:00+00:00,4188.93,XAUUSD.ecn,4185.97,4180.05,0.4,4.0,True,1790775960
False,BUY,4190.46,4190.46,4183.23,4202.340000000002,1.2599999999993088,0.1350078492934952,0.8599999999996726,TRAIL_SL,6.3700000000008,4186.415,2026-09-30T14:39:00+00:00,4183.23,XAUUSD.ecn,4189.6,4202.340000000002,0.4,4.0,True,1790779140
False,SELL,4183.799999999999,4183.799999999999,4191.39,4179.959999999999,4.180000000000291,0.9921259842520361,3.780000000000655,TRAIL_SL,3.8100000000004,4189.485000000001,2026-09-30T15:22:00+00:00,4191.39,XAUUSD.ecn,4187.58,4179.959999999999,0.4,4.0,True,1790781720
False,BUY,4179.09,4179.09,4177.03,4181.41,1.0,0.410958904109828,0.6000000000003638,TRAIL_SL,1.4600000000000364,4177.76,2026-09-30T17:07:00+00:00,4177.03,XAUUSD.ecn,4178.49,4181.41,0.4,4.0,True,1790788020
False,SELL,4166.83,4166.83,4171.65,4163.28,2.4299999999993815,0.7275985663081619,2.0299999999997453,TRAIL_SL,2.7899999999999636,4170.254999999999,2026-09-30T17:38:00+00:00,4171.65,XAUUSD.ecn,4168.86,4163.28,0.4,4.0,True,1790789880
False,SELL,4161.75,4161.75,4168.28,4152.980000000001,1.8299999999999272,0.28039215686283214,1.430000000000291,TRAIL_SL,5.099999999999454,4165.73,2026-09-30T18:09:00+00:00,4168.28,XAUUSD.ecn,4163.18,4152.980000000001,0.4,4.0,True,1790791740
False,SELL,4157.93,4157.93,4157.93,4144.8499999999985,0.02999999999974534,-1.0,-4.360000000000582,SL,4.360000000000582,4155.75,2026-09-30T18:28:00+00:00,4157.93,XAUUSD.ecn,4153.57,4144.8499999999985,0.4,4.0,False,1790792880
False,BUY,4162.4400000000005,4162.4400000000005,4157.5,4169.920000000001,1.199999999999818,0.19323671497587405,0.8000000000001819,TRAIL_SL,4.140000000000327,4159.57,2026-09-30T19:24:00+00:00,4157.5,XAUUSD.ecn,4161.64,4169.920000000001,0.4,4.0,True,1790796240
False,SELL,4156.259999999999,4156.259999999999,4160.83,4151.740000000001,1.9400000000005093,0.5082508250828391,1.5400000000008731,TRAIL_SL,3.0299999999997453,4159.3150000000005,2026-09-30T19:36:00+00:00,4160.83,XAUUSD.ecn,4157.8,4151.740000000001,0.4,4.0,True,1790796960
False,SELL,4154.179999999999,4154.179999999999,4154.92,4153.389999999999,0.6300000000001091,0.45098039215759705,0.23000000000047294,TRAIL_SL,0.5100000000002183,4154.665,2026-09-30T20:12:00+00:00,4154.92,XAUUSD.ecn,4154.41,4153.389999999999,0.4,4.0,True,1790799120
False,BUY,4149.570000000001,4149.570000000001,4147.49,4151.209999999999,1.2400000000006912,0.6774193548396797,0.840000000001055,TRAIL_SL,1.2399999999997817,4148.11,2026-09-30T20:51:00+00:00,4147.49,XAUUSD.ecn,4148.73,4151.209999999999,0.4,4.0,True,1790801460
False,BUY,4154.59,4154.59,4152.17,4158.950000000001,0.5599999999994907,0.07079646017691993,0.15999999999985448,TRAIL_SL,2.2600000000002183,4153.3,2026-09-30T22:22:00+00:00,4152.17,XAUUSD.ecn,4154.43,4158.950000000001,0.4,4.0,True,1790806920
