ambiguous,direction,exit_price,final_sl,initial_sl,initial_tp,max_favorable_price,realized_R,realized_price,reason,risk,secondary_entry_2x,signal_time_utc,sl,symbol,theoretical_entry,tp,trail_distance_price,trail_pips,trailing_activated,trigger_time
False,SELL,4010.56,4010.56,4013.86,4007.8799999999997,1.3099999999999454,0.10367892976585984,0.30999999999994543,TRAIL_SL,2.9900000000002365,4012.365,2026-07-01T02:22:00+00:00,4013.86,XAUUSD.ecn,4010.87,4007.8799999999997,1.0,10.0,True,1782872520
False,SELL,3997.08,3997.08,4003.29,3991.3900000000003,1.2600000000002183,0.04369747899163466,0.2600000000002183,TRAIL_SL,5.949999999999818,4000.315,2026-07-01T03:47:00+00:00,4003.29,XAUUSD.ecn,3997.34,3991.3900000000003,1.0,10.0,True,1782877620
True,BUY,,3983.68,3981.65,3983.9500000000003,1.8799999999996544,,,SL_AND_TP_SAME_BAR,1.150000000000091,3982.2250000000004,2026-07-01T04:31:00+00:00,3981.65,XAUUSD.ecn,3982.8,3983.9500000000003,1.0,10.0,True,1782880260
True,BUY,,3979.49,3972.23,3980.03,4.359999999999673,,,SL_AND_TP_SAME_BAR,3.900000000000091,3974.1800000000003,2026-07-01T05:17:00+00:00,3972.23,XAUUSD.ecn,3976.13,3980.03,1.0,10.0,True,1782883020
False,BUY,3979.63,3979.63,3975.01,3983.71,1.2699999999999818,0.0620689655172385,0.2699999999999818,TRAIL_SL,4.349999999999909,3977.1850000000004,2026-07-01T07:52:00+00:00,3975.01,XAUUSD.ecn,3979.36,3983.71,1.0,10.0,True,1782892320
False,SELL,3973.45,3973.45,3977.04,3970.1000000000004,1.1200000000003456,0.034582132564943094,0.12000000000034561,TRAIL_SL,3.4699999999998,3975.3050000000003,2026-07-01T08:04:00+00:00,3977.04,XAUUSD.ecn,3973.57,3970.1000000000004,1.0,10.0,True,1782893040
False,BUY,3968.65,3968.65,3963.31,3969.89,3.050000000000182,0.62310030395143,2.050000000000182,TRAIL_SL,3.2899999999999636,3964.955,2026-07-01T09:22:00+00:00,3963.31,XAUUSD.ecn,3966.6,3969.89,1.0,10.0,True,1782897720
False,SELL,3962.53,3962.53,3971.03,3961.47,4.7199999999998,0.7782426778241933,3.7199999999998,TRAIL_SL,4.7800000000002,3968.6400000000003,2026-07-01T10:09:00+00:00,3971.03,XAUUSD.ecn,3966.25,3961.47,1.0,10.0,True,1782900540
False,BUY,3978.64,3978.64,3978.64,3980.52,0.5300000000002001,-1.0,-0.9400000000000546,SL,0.9400000000000546,3979.1099999999997,2026-07-01T11:28:00+00:00,3978.64,XAUUSD.ecn,3979.58,3980.52,1.0,10.0,False,1782905280
False,SELL,3977.34,3977.34,3977.34,3973.92,0.7800000000002001,-1.0,-1.7100000000000364,SL,1.7100000000000364,3976.485,2026-07-01T11:50:00+00:00,3977.34,XAUUSD.ecn,3975.63,3973.92,1.0,10.0,False,1782906600
False,BUY,4014.66,4014.66,4008.58,4015.76,3.4899999999997817,0.6935933147631422,2.4899999999997817,TRAIL_SL,3.5900000000001455,4010.375,2026-07-01T14:12:00+00:00,4008.58,XAUUSD.ecn,4012.17,4015.76,1.0,10.0,True,1782915120
False,BUY,4024.96,4024.96,4015.15,4027.9100000000003,4.429999999999836,0.5376175548588993,3.4299999999998363,TRAIL_SL,6.380000000000109,4018.34,2026-07-01T14:21:00+00:00,4015.15,XAUUSD.ecn,4021.53,4027.9100000000003,1.0,10.0,True,1782915660
True,BUY,,4027.29,4022.4,4025.94,4.119999999999891,,,SL_AND_TP_SAME_BAR,1.7699999999999818,4023.285,2026-07-01T14:31:00+00:00,4022.4,XAUUSD.ecn,4024.17,4025.94,1.0,10.0,True,1782916260
False,SELL,4022.79,4022.79,4030.61,4019.0099999999998,3.019999999999982,0.34827586206895145,2.019999999999982,TRAIL_SL,5.800000000000182,4027.71,2026-07-01T15:06:00+00:00,4030.61,XAUUSD.ecn,4024.81,4019.0099999999998,1.0,10.0,True,1782918360
False,BUY,4097.54,4097.54,4083.35,4099.969999999999,6.880000000000109,0.7075812274368409,5.880000000000109,TRAIL_SL,8.309999999999945,4087.505,2026-07-01T17:09:00+00:00,4083.35,XAUUSD.ecn,4091.66,4099.969999999999,1.0,10.0,True,1782925740
True,BUY,,4110.18,4095.84,4109.299999999999,8.610000000000582,,,SL_AND_TP_SAME_BAR,6.729999999999563,4099.205,2026-07-01T17:25:00+00:00,4095.84,XAUUSD.ecn,4102.57,4109.299999999999,1.0,10.0,True,1782926700
False,BUY,4089.31,4089.31,4082.0,4093.5,2.5599999999999454,0.2713043478260775,1.5599999999999454,TRAIL_SL,5.75,4084.875,2026-07-01T18:18:00+00:00,4082.0,XAUUSD.ecn,4087.75,4093.5,1.0,10.0,True,1782929880
False,SELL,4083.99,4083.99,4088.04,4081.4800000000005,1.7700000000004366,0.23475609756112692,0.7700000000004366,TRAIL_SL,3.2799999999997453,4086.4,2026-07-01T19:12:00+00:00,4088.04,XAUUSD.ecn,4084.76,4081.4800000000005,1.0,10.0,True,1782933120
False,SELL,4059.23,4059.23,4062.83,4055.91,1.1399999999998727,0.04046242774562751,0.13999999999987267,TRAIL_SL,3.4600000000000364,4061.1,2026-07-01T21:54:00+00:00,4062.83,XAUUSD.ecn,4059.37,4055.91,1.0,10.0,True,1782942840
False,BUY,4064.86,4064.86,4064.86,4068.1,0.36999999999989086,-1.0,-1.6199999999998909,SL,1.6199999999998909,4065.67,2026-07-01T22:10:00+00:00,4064.86,XAUUSD.ecn,4066.48,4068.1,1.0,10.0,False,1782943800
True,SELL,,4034.72,4039.61,4034.9500000000003,3.5600000000004,,,SL_AND_TP_SAME_BAR,2.3299999999999272,4038.445,2026-07-01T23:02:00+00:00,4039.61,XAUUSD.ecn,4037.28,4034.9500000000003,1.0,10.0,True,1782946920
False,SELL,4037.07,4037.07,4042.82,4034.7400000000002,2.7100000000000364,0.4232673267326861,1.7100000000000364,TRAIL_SL,4.039999999999964,4040.8,2026-07-02T02:16:00+00:00,4042.82,XAUUSD.ecn,4038.78,4034.7400000000002,1.0,10.0,True,1782958560
True,SELL,,4052.8,4061.65,4052.19,5.119999999999891,,,SL_AND_TP_SAME_BAR,4.730000000000018,4059.285,2026-07-02T04:23:00+00:00,4061.65,XAUUSD.ecn,4056.92,4052.19,1.0,10.0,True,1782966180
True,SELL,,4044.87,4051.06,4044.94,4.130000000000109,,,SL_AND_TP_SAME_BAR,3.0599999999999454,4049.5299999999997,2026-07-02T05:03:00+00:00,4051.06,XAUUSD.ecn,4048.0,4044.94,1.0,10.0,True,1782968580
True,SELL,,4071.21,4074.11,4071.07,2.380000000000109,,,SL_AND_TP_SAME_BAR,1.5199999999999818,4073.3500000000004,2026-07-02T07:00:00+00:00,4074.11,XAUUSD.ecn,4072.59,4071.07,1.0,10.0,True,1782975600
False,BUY,4061.98,4061.98,4061.98,4064.4199999999996,0.5600000000004002,-1.0,-1.2199999999998,SL,1.2199999999998,4062.59,2026-07-02T07:54:00+00:00,4061.98,XAUUSD.ecn,4063.2,4064.4199999999996,1.0,10.0,False,1782978840
False,BUY,4062.61,4062.61,4055.59,4068.7699999999995,1.430000000000291,0.06525037936271794,0.43000000000029104,TRAIL_SL,6.589999999999691,4058.885,2026-07-02T08:39:00+00:00,4055.59,XAUUSD.ecn,4062.18,4068.7699999999995,1.0,10.0,True,1782981540
True,SELL,,4070.81,4074.35,4069.81,2.269999999999982,,,SL_AND_TP_SAME_BAR,2.269999999999982,4073.215,2026-07-02T09:06:00+00:00,4074.35,XAUUSD.ecn,4072.08,4069.81,1.0,10.0,True,1782983160
False,SELL,4062.07,4062.07,4067.13,4060.1899999999996,2.5899999999996908,0.4582132564840271,1.5899999999996908,TRAIL_SL,3.4700000000002547,4065.395,2026-07-02T10:25:00+00:00,4067.13,XAUUSD.ecn,4063.66,4060.1899999999996,1.0,10.0,True,1782987900
False,BUY,4071.62,4071.62,4068.08,4074.1000000000004,1.5299999999997453,0.17607973421917172,0.5299999999997453,TRAIL_SL,3.0100000000002183,4069.585,2026-07-02T11:12:00+00:00,4068.08,XAUUSD.ecn,4071.09,4074.1000000000004,1.0,10.0,True,1782990720
False,SELL,4070.37,4070.37,4075.79,4066.6099999999997,1.8299999999999272,0.18082788671021807,0.8299999999999272,TRAIL_SL,4.5900000000001455,4073.495,2026-07-02T12:09:00+00:00,4075.79,XAUUSD.ecn,4071.2,4066.6099999999997,1.0,10.0,True,1782994140
False,SELL,4067.48,4067.48,4070.7,4064.54,1.1399999999998727,0.04545454545450519,0.13999999999987267,TRAIL_SL,3.0799999999999272,4069.16,2026-07-02T12:28:00+00:00,4070.7,XAUUSD.ecn,4067.62,4064.54,1.0,10.0,True,1782995280
False,SELL,4066.73,4066.73,4068.59,4065.01,1.0700000000001637,0.0391061452514889,0.07000000000016371,TRAIL_SL,1.7899999999999636,4067.695,2026-07-02T12:56:00+00:00,4068.59,XAUUSD.ecn,4066.8,4065.01,1.0,10.0,True,1782996960
False,BUY,4063.14,4063.14,4063.14,4065.52,0.8000000000001819,-1.0,-1.1900000000000546,SL,1.1900000000000546,4063.7349999999997,2026-07-02T13:43:00+00:00,4063.14,XAUUSD.ecn,4064.33,4065.52,1.0,10.0,False,1782999780
False,SELL,4064.86,4064.86,4064.86,4054.0799999999995,0.0,-1.0,-5.390000000000327,SL,5.390000000000327,4062.165,2026-07-02T14:09:00+00:00,4064.86,XAUUSD.ecn,4059.47,4054.0799999999995,1.0,10.0,False,1783001340
False,SELL,4115.87,4115.87,4121.88,4113.06,2.600000000000364,0.36281179138331443,1.6000000000003638,TRAIL_SL,4.4099999999998545,4119.675,2026-07-02T17:29:00+00:00,4121.88,XAUUSD.ecn,4117.47,4113.06,1.0,10.0,True,1783013340
False,SELL,4129.02,4129.02,4129.02,4113.639999999999,0.6899999999995998,-1.0,-7.690000000000509,SL,7.690000000000509,4125.175,2026-07-02T18:09:00+00:00,4129.02,XAUUSD.ecn,4121.33,4113.639999999999,1.0,10.0,False,1783015740
False,BUY,4127.7,4127.7,4120.64,4130.94,2.9099999999998545,0.3708737864077649,1.9099999999998545,TRAIL_SL,5.149999999999636,4123.215,2026-07-02T18:14:00+00:00,4120.64,XAUUSD.ecn,4125.79,4130.94,1.0,10.0,True,1783016040
True,SELL,,4108.76,4108.76,4107.280000000001,0.9500000000007276,,,SL_AND_TP_SAME_BAR,0.7399999999997817,4108.39,2026-07-02T21:00:00+00:00,4108.76,XAUUSD.ecn,4108.02,4107.280000000001,1.0,10.0,False,1783026000
False,SELL,4116.89,4116.89,4120.39,4115.2699999999995,1.9399999999995998,0.3671874999997863,0.9399999999995998,TRAIL_SL,2.5600000000004,4119.110000000001,2026-07-02T21:20:00+00:00,4120.39,XAUUSD.ecn,4117.83,4115.2699999999995,1.0,10.0,True,1783027200
False,BUY,4124.68,4124.68,4119.0,4130.24,1.0600000000004002,0.010676156583701307,0.06000000000040018,TRAIL_SL,5.619999999999891,4121.8099999999995,2026-07-02T21:34:00+00:00,4119.0,XAUUSD.ecn,4124.62,4130.24,1.0,10.0,True,1783028040
False,BUY,4128.84,4128.84,4126.41,4130.870000000001,1.199999999999818,0.08968609865460793,0.1999999999998181,TRAIL_SL,2.230000000000473,4127.525,2026-07-03T02:28:00+00:00,4126.41,XAUUSD.ecn,4128.64,4130.870000000001,1.0,10.0,True,1783045680
False,SELL,4128.17,4128.17,4130.81,4126.409999999999,1.4399999999995998,0.19999999999975196,0.4399999999995998,TRAIL_SL,2.2000000000007276,4129.71,2026-07-03T02:54:00+00:00,4130.81,XAUUSD.ecn,4128.61,4126.409999999999,1.0,10.0,True,1783047240
False,SELL,4134.58,4134.58,4138.95,4131.750000000001,1.7700000000004366,0.2138888888890426,0.7700000000004366,TRAIL_SL,3.5999999999994543,4137.15,2026-07-03T03:33:00+00:00,4138.95,XAUUSD.ecn,4135.35,4131.750000000001,1.0,10.0,True,1783049580
True,BUY,,4193.26,4177.15,4189.67,10.850000000000364,,,SL_AND_TP_SAME_BAR,6.260000000000218,4180.28,2026-07-03T04:23:00+00:00,4177.15,XAUUSD.ecn,4183.41,4189.67,1.0,10.0,True,1783052580
False,SELL,4176.97,4176.97,4182.82,4172.32,1.5999999999994543,0.11428571428561034,0.5999999999994543,TRAIL_SL,5.25,4180.195,2026-07-03T04:53:00+00:00,4182.82,XAUUSD.ecn,4177.57,4172.32,1.0,10.0,True,1783054380
False,SELL,4184.25,4184.25,4184.25,4179.91,0.5100000000002183,-1.0,-2.1700000000000728,SL,2.1700000000000728,4183.165,2026-07-03T05:51:00+00:00,4184.25,XAUUSD.ecn,4182.08,4179.91,1.0,10.0,False,1783057860
False,BUY,4179.95,4179.95,4174.64,4180.96,3.149999999999636,0.6803797468353593,2.149999999999636,TRAIL_SL,3.1599999999998545,4176.22,2026-07-03T08:01:00+00:00,4174.64,XAUUSD.ecn,4177.8,4180.96,1.0,10.0,True,1783065660
False,SELL,4177.41,4177.41,4181.11,4175.63,1.9600000000000364,0.35036496350369084,0.9600000000000364,TRAIL_SL,2.7399999999997817,4179.74,2026-07-03T08:13:00+00:00,4181.11,XAUUSD.ecn,4178.37,4175.63,1.0,10.0,True,1783066380
False,SELL,4171.8,4171.8,4178.89,4166.61,1.949999999999818,0.15472312703579275,0.9499999999998181,TRAIL_SL,6.140000000000327,4175.82,2026-07-03T10:20:00+00:00,4178.89,XAUUSD.ecn,4172.75,4166.61,1.0,10.0,True,1783074000
True,SELL,,4176.49,4180.5,4176.1,2.8100000000004,,,SL_AND_TP_SAME_BAR,2.199999999999818,4179.4,2026-07-03T12:11:00+00:00,4180.5,XAUUSD.ecn,4178.3,4176.1,1.0,10.0,True,1783080660
False,SELL,4172.7,4172.7,4177.51,4170.33,2.2200000000002547,0.3398328690808371,1.2200000000002547,TRAIL_SL,3.5900000000001455,4175.715,2026-07-03T12:28:00+00:00,4177.51,XAUUSD.ecn,4173.92,4170.33,1.0,10.0,True,1783081680
False,SELL,4178.28,4178.28,4180.77,4177.15,1.680000000000291,0.3756906077348844,0.680000000000291,TRAIL_SL,1.8100000000004002,4179.865,2026-07-03T13:31:00+00:00,4180.77,XAUUSD.ecn,4178.96,4177.15,1.0,10.0,True,1783085460
False,BUY,4183.51,4183.51,4179.49,4187.49,1.0200000000004366,0.005000000000109139,0.020000000000436557,TRAIL_SL,4.0,4181.49,2026-07-03T14:18:00+00:00,4179.49,XAUUSD.ecn,4183.49,4187.49,1.0,10.0,True,1783088280
True,SELL,,4174.65,4176.59,4173.789999999999,1.5399999999999636,,,SL_AND_TP_SAME_BAR,1.4000000000005457,4175.889999999999,2026-07-03T15:22:00+00:00,4176.59,XAUUSD.ecn,4175.19,4173.789999999999,1.0,10.0,True,1783092120
False,BUY,4182.54,4182.54,4179.16,4183.98,1.9700000000002547,0.40248962655614656,0.9700000000002547,TRAIL_SL,2.4099999999998545,4180.365,2026-07-06T01:25:00+00:00,4179.16,XAUUSD.ecn,4181.57,4183.98,1.0,10.0,True,1783301100
False,SELL,4185.81,4185.81,4189.93,4182.41,1.3599999999996726,0.0957446808509712,0.3599999999996726,TRAIL_SL,3.7600000000002183,4188.05,2026-07-06T01:51:00+00:00,4189.93,XAUUSD.ecn,4186.17,4182.41,1.0,10.0,True,1783302660
False,BUY,4189.79,4189.79,4187.19,4192.03,1.180000000000291,0.07438016528937423,0.18000000000029104,TRAIL_SL,2.4200000000000728,4188.4,2026-07-06T02:24:00+00:00,4187.19,XAUUSD.ecn,4189.61,4192.03,1.0,10.0,True,1783304640
False,BUY,4197.83,4197.83,4194.44,4199.88,1.6700000000000728,0.24632352941176838,0.6700000000000728,TRAIL_SL,2.7200000000002547,4195.799999999999,2026-07-06T02:42:00+00:00,4194.44,XAUUSD.ecn,4197.16,4199.88,1.0,10.0,True,1783305720
True,BUY,,4175.42,4171.32,4176.280000000001,2.619999999999891,,,SL_AND_TP_SAME_BAR,2.480000000000473,4172.5599999999995,2026-07-06T03:10:00+00:00,4171.32,XAUUSD.ecn,4173.8,4176.280000000001,1.0,10.0,True,1783307400
False,SELL,4174.0,4174.0,4178.45,4169.63,1.0399999999999636,0.009070294784572549,0.03999999999996362,TRAIL_SL,4.4099999999998545,4176.245,2026-07-06T03:27:00+00:00,4178.45,XAUUSD.ecn,4174.04,4169.63,1.0,10.0,True,1783308420
False,SELL,4191.38,4191.38,4202.96,4185.179999999999,3.6899999999996,0.3025871766028685,2.6899999999996,TRAIL_SL,8.890000000000327,4198.514999999999,2026-07-06T04:53:00+00:00,4202.96,XAUUSD.ecn,4194.07,4185.179999999999,1.0,10.0,True,1783313580
False,SELL,4185.4,4185.4,4193.06,4182.099999999999,3.180000000000291,0.39781021897812097,2.180000000000291,TRAIL_SL,5.480000000000473,4190.32,2026-07-06T05:03:00+00:00,4193.06,XAUUSD.ecn,4187.58,4182.099999999999,1.0,10.0,True,1783314180
False,SELL,4166.95,4166.95,4171.35,4164.369999999999,1.9099999999998545,0.2607449856732591,0.9099999999998545,TRAIL_SL,3.490000000000691,4169.605,2026-07-06T06:17:00+00:00,4171.35,XAUUSD.ecn,4167.86,4164.369999999999,1.0,10.0,True,1783318620
False,BUY,4165.59,4165.59,4161.04,4168.839999999999,1.6500000000005457,0.16666666666682214,0.6500000000005457,TRAIL_SL,3.899999999999636,4162.99,2026-07-06T06:57:00+00:00,4161.04,XAUUSD.ecn,4164.94,4168.839999999999,1.0,10.0,True,1783321020
False,SELL,4147.57,4147.57,4156.31,4145.31,4.240000000000691,0.5890909090910348,3.240000000000691,TRAIL_SL,5.5,4153.56,2026-07-06T09:00:00+00:00,4156.31,XAUUSD.ecn,4150.81,4145.31,1.0,10.0,True,1783328400
True,BUY,,4163.27,4157.69,4164.010000000001,3.4200000000000728,,,SL_AND_TP_SAME_BAR,3.160000000000764,4159.27,2026-07-06T10:43:00+00:00,4157.69,XAUUSD.ecn,4160.85,4164.010000000001,1.0,10.0,True,1783334580
False,SELL,4152.43,4152.43,4154.95,4151.330000000001,1.7100000000000364,0.39226519337029625,0.7100000000000364,TRAIL_SL,1.8099999999994907,4154.045,2026-07-06T11:40:00+00:00,4154.95,XAUUSD.ecn,4153.14,4151.330000000001,1.0,10.0,True,1783338000
False,BUY,4149.61,4149.61,4149.61,4153.250000000001,0.17000000000007276,-1.0,-1.8200000000006185,SL,1.8200000000006185,4150.52,2026-07-06T11:42:00+00:00,4149.61,XAUUSD.ecn,4151.43,4153.250000000001,1.0,10.0,False,1783338120
False,SELL,4137.92,4137.92,4147.35,4132.949999999999,3.2299999999995634,0.3097222222221303,2.2299999999995634,TRAIL_SL,7.200000000000728,4143.75,2026-07-06T12:33:00+00:00,4147.35,XAUUSD.ecn,4140.15,4132.949999999999,1.0,10.0,True,1783341180
False,BUY,4141.83,4141.83,4136.68,4144.9400000000005,2.019999999999527,0.24697336561731237,1.019999999999527,TRAIL_SL,4.130000000000109,4138.745000000001,2026-07-06T12:38:00+00:00,4136.68,XAUUSD.ecn,4140.81,4144.9400000000005,1.0,10.0,True,1783341480
False,BUY,4141.92,4141.92,4139.33,4144.450000000001,1.0299999999997453,0.011718749999898692,0.02999999999974534,TRAIL_SL,2.5600000000004,4140.610000000001,2026-07-06T12:52:00+00:00,4139.33,XAUUSD.ecn,4141.89,4144.450000000001,1.0,10.0,True,1783342320
False,BUY,4149.73,4149.73,4143.8,4153.7,1.9799999999995634,0.19797979797971707,0.9799999999995634,TRAIL_SL,4.949999999999818,4146.275,2026-07-06T13:20:00+00:00,4143.8,XAUUSD.ecn,4148.75,4153.7,1.0,10.0,True,1783344000
False,SELL,4158.32,4158.32,4158.32,4155.24,0.5599999999994907,-1.0,-1.5399999999999636,SL,1.5399999999999636,4157.549999999999,2026-07-06T14:22:00+00:00,4158.32,XAUUSD.ecn,4156.78,4155.24,1.0,10.0,False,1783347720
False,SELL,4147.55,4147.55,4157.59,4139.789999999999,2.139999999999418,0.12808988764037618,1.139999999999418,TRAIL_SL,8.900000000000546,4153.139999999999,2026-07-06T15:24:00+00:00,4157.59,XAUUSD.ecn,4148.69,4139.789999999999,1.0,10.0,True,1783351440
False,BUY,4136.21,4136.21,4132.5,4138.719999999999,1.6000000000003638,0.19292604501621446,0.6000000000003638,TRAIL_SL,3.1099999999996726,4134.055,2026-07-06T15:48:00+00:00,4132.5,XAUUSD.ecn,4135.61,4138.719999999999,1.0,10.0,True,1783352880
False,SELL,4139.81,4139.81,4146.97,4135.71,2.5299999999997453,0.2717584369448873,1.5299999999997453,TRAIL_SL,5.630000000000109,4144.155000000001,2026-07-06T16:18:00+00:00,4146.97,XAUUSD.ecn,4141.34,4135.71,1.0,10.0,True,1783354680
False,BUY,4145.97,4145.97,4140.22,4150.96,1.3800000000001091,0.07076350093112047,0.38000000000010914,TRAIL_SL,5.369999999999891,4142.905000000001,2026-07-06T16:26:00+00:00,4140.22,XAUUSD.ecn,4145.59,4150.96,1.0,10.0,True,1783355160
True,SELL,,4143.18,4147.17,4146.77,4.789999999999964,,,SL_AND_TP_SAME_BAR,0.1999999999998181,4147.07,2026-07-06T16:30:00+00:00,4147.17,XAUUSD.ecn,4146.97,4146.77,1.0,10.0,True,1783355400
False,SELL,4141.54,4141.54,4144.7,4138.660000000001,1.1400000000003274,0.046357615894155414,0.14000000000032742,TRAIL_SL,3.019999999999527,4143.1900000000005,2026-07-06T18:15:00+00:00,4144.7,XAUUSD.ecn,4141.68,4138.660000000001,1.0,10.0,True,1783361700
False,BUY,4149.77,4149.77,4144.72,4151.099999999999,2.860000000000582,0.5830721003137352,1.860000000000582,TRAIL_SL,3.1899999999996,4146.3150000000005,2026-07-06T18:31:00+00:00,4144.72,XAUUSD.ecn,4147.91,4151.099999999999,1.0,10.0,True,1783362660
False,BUY,4154.72,4154.72,4148.82,4157.639999999999,2.490000000000691,0.33786848072579145,1.4900000000006912,TRAIL_SL,4.4099999999998545,4151.025,2026-07-06T19:55:00+00:00,4148.82,XAUUSD.ecn,4153.23,4157.639999999999,1.0,10.0,True,1783367700
False,BUY,4160.53,4160.53,4157.36,4163.260000000001,1.2199999999993452,0.0745762711862003,0.21999999999934516,TRAIL_SL,2.9500000000007276,4158.835,2026-07-06T21:18:00+00:00,4157.36,XAUUSD.ecn,4160.31,4163.260000000001,1.0,10.0,True,1783372680
False,BUY,4157.22,4157.22,4151.99,4160.710000000001,1.8699999999998909,0.19954128440361804,0.8699999999998909,TRAIL_SL,4.360000000000582,4154.17,2026-07-07T03:22:00+00:00,4151.99,XAUUSD.ecn,4156.35,4160.710000000001,1.0,10.0,True,1783394520
True,SELL,,4152.03,4160.49,4154.07,6.25,,,SL_AND_TP_SAME_BAR,3.2100000000000364,4158.885,2026-07-07T03:36:00+00:00,4160.49,XAUUSD.ecn,4157.28,4154.07,1.0,10.0,True,1783395360
False,SELL,4144.71,4144.71,4149.89,4143.03,2.75,0.5102040816326098,1.75,TRAIL_SL,3.430000000000291,4148.175,2026-07-07T04:02:00+00:00,4149.89,XAUUSD.ecn,4146.46,4143.03,1.0,10.0,True,1783396920
False,BUY,4139.31,4139.31,4129.51,4147.83,1.6400000000003274,0.06986899563322463,0.6400000000003274,TRAIL_SL,9.159999999999854,4134.09,2026-07-07T04:37:00+00:00,4129.51,XAUUSD.ecn,4138.67,4147.83,1.0,10.0,True,1783399020
True,SELL,,4133.26,4139.03,4134.7699999999995,4.639999999999418,,,SL_AND_TP_SAME_BAR,2.130000000000109,4137.965,2026-07-07T05:50:00+00:00,4139.03,XAUUSD.ecn,4136.9,4134.7699999999995,1.0,10.0,True,1783403400
False,SELL,4126.21,4126.21,4130.8,4122.86,1.6199999999998909,0.15617128463472318,0.6199999999998909,TRAIL_SL,3.9700000000002547,4128.8150000000005,2026-07-07T08:10:00+00:00,4130.8,XAUUSD.ecn,4126.83,4122.86,1.0,10.0,True,1783411800
False,SELL,4126.35,4126.35,4130.67,4124.3099999999995,2.139999999999418,0.35849056603752,1.139999999999418,TRAIL_SL,3.180000000000291,4129.08,2026-07-07T10:04:00+00:00,4130.67,XAUUSD.ecn,4127.49,4124.3099999999995,1.0,10.0,True,1783418640
False,SELL,4127.09,4127.09,4133.44,4122.820000000001,2.0399999999999636,0.19585687382298744,1.0399999999999636,TRAIL_SL,5.309999999999491,4130.785,2026-07-07T10:51:00+00:00,4133.44,XAUUSD.ecn,4128.13,4122.820000000001,1.0,10.0,True,1783421460
True,BUY,,4128.49,4126.43,4128.709999999999,1.9200000000000728,,,SL_AND_TP_SAME_BAR,1.139999999999418,4127.0,2026-07-07T11:04:00+00:00,4126.43,XAUUSD.ecn,4127.57,4128.709999999999,1.0,10.0,True,1783422240
False,BUY,4136.49,4136.49,4129.95,4142.410000000001,1.3099999999994907,0.0497592295344249,0.3099999999994907,TRAIL_SL,6.230000000000473,4133.0650000000005,2026-07-07T11:15:00+00:00,4129.95,XAUUSD.ecn,4136.18,4142.410000000001,1.0,10.0,True,1783422900
True,SELL,,4124.44,4129.84,4124.4400000000005,3.7000000000007276,,,SL_AND_TP_SAME_BAR,2.699999999999818,4128.49,2026-07-07T12:22:00+00:00,4129.84,XAUUSD.ecn,4127.14,4124.4400000000005,1.0,10.0,True,1783426920
False,SELL,4166.21,4166.21,4178.26,4163.02,5.430000000000291,0.581364829396372,4.430000000000291,TRAIL_SL,7.619999999999891,4174.450000000001,2026-07-07T16:03:00+00:00,4178.26,XAUUSD.ecn,4170.64,4163.02,1.0,10.0,True,1783440180
False,BUY,4177.98,4177.98,4168.5,4184.08,2.6899999999996,0.21694480102690727,1.6899999999995998,TRAIL_SL,7.789999999999964,4172.395,2026-07-07T16:44:00+00:00,4168.5,XAUUSD.ecn,4176.29,4184.08,1.0,10.0,True,1783442640
False,SELL,4154.84,4154.84,4162.54,4150.22,2.5399999999999636,0.25,1.5399999999999636,TRAIL_SL,6.1599999999998545,4159.46,2026-07-07T17:06:00+00:00,4162.54,XAUUSD.ecn,4156.38,4150.22,1.0,10.0,True,1783443960
True,BUY,,4154.42,4151.84,4153.76,2.619999999999891,,,SL_AND_TP_SAME_BAR,0.9600000000000364,4152.32,2026-07-07T17:32:00+00:00,4151.84,XAUUSD.ecn,4152.8,4153.76,1.0,10.0,True,1783445520
False,SELL,4145.25,4145.25,4150.15,4140.710000000001,1.180000000000291,0.03813559322040593,0.18000000000029104,TRAIL_SL,4.719999999999345,4147.79,2026-07-07T18:19:00+00:00,4150.15,XAUUSD.ecn,4145.43,4140.710000000001,1.0,10.0,True,1783448340
False,BUY,4141.49,4141.49,4138.99,4143.91,1.0399999999999636,0.01626016260161099,0.03999999999996362,TRAIL_SL,2.4600000000000364,4140.219999999999,2026-07-07T19:07:00+00:00,4138.99,XAUUSD.ecn,4141.45,4143.91,1.0,10.0,True,1783451220
False,BUY,4145.88,4145.88,4141.4,4149.5,1.430000000000291,0.10617283950623993,0.43000000000029104,TRAIL_SL,4.050000000000182,4143.424999999999,2026-07-07T19:53:00+00:00,4141.4,XAUUSD.ecn,4145.45,4149.5,1.0,10.0,True,1783453980
False,SELL,4108.14,4108.14,4120.37,4106.63,6.359999999999673,0.7802037845705615,5.359999999999673,TRAIL_SL,6.869999999999891,4116.9349999999995,2026-07-07T22:09:00+00:00,4120.37,XAUUSD.ecn,4113.5,4106.63,1.0,10.0,True,1783462140
True,BUY,,4107.95,4100.28,4105.9800000000005,5.819999999999709,,,SL_AND_TP_SAME_BAR,2.850000000000364,4101.705,2026-07-07T22:29:00+00:00,4100.28,XAUUSD.ecn,4103.13,4105.9800000000005,1.0,10.0,True,1783463340
False,BUY,4111.73,4111.73,4109.05,4114.089999999999,1.1599999999998545,0.06349206349201766,0.15999999999985448,TRAIL_SL,2.519999999999527,4110.3099999999995,2026-07-07T22:36:00+00:00,4109.05,XAUUSD.ecn,4111.57,4114.089999999999,1.0,10.0,True,1783463760
False,BUY,4109.83,4109.83,4108.44,4111.000000000001,1.1099999999996726,0.08593749999970024,0.10999999999967258,TRAIL_SL,1.2800000000006548,4109.08,2026-07-07T22:47:00+00:00,4108.44,XAUUSD.ecn,4109.72,4111.000000000001,1.0,10.0,True,1783464420
False,BUY,4114.69,4114.69,4110.67,4118.530000000001,1.089999999999236,0.022900763358582533,0.08999999999923602,TRAIL_SL,3.930000000000291,4112.635,2026-07-07T22:58:00+00:00,4110.67,XAUUSD.ecn,4114.6,4118.530000000001,1.0,10.0,True,1783465080
False,SELL,4109.26,4109.26,4109.26,4106.1,0.5399999999999636,-1.0,-1.5799999999999272,SL,1.5799999999999272,4108.47,2026-07-07T23:23:00+00:00,4109.26,XAUUSD.ecn,4107.68,4106.1,1.0,10.0,False,1783466580
False,SELL,4096.969999999999,4096.969999999999,4102.08,4095.6800000000003,2.9100000000003092,0.5968750000002727,1.910000000000764,TRAIL_SL,3.199999999999818,4100.48,2026-07-08T01:49:00+00:00,4102.08,XAUUSD.ecn,4098.88,4095.6800000000003,1.0,10.0,True,1783475340
True,SELL,,4112.38,4118.78,4115.46,5.739999999999782,,,SL_AND_TP_SAME_BAR,1.6599999999998545,4117.95,2026-07-08T03:57:00+00:00,4118.78,XAUUSD.ecn,4117.12,4115.46,1.0,10.0,True,1783483020
True,SELL,,4103.24,4109.23,4102.51,3.630000000000109,,,SL_AND_TP_SAME_BAR,3.3599999999996726,4107.549999999999,2026-07-08T04:30:00+00:00,4109.23,XAUUSD.ecn,4105.87,4102.51,1.0,10.0,True,1783485000
False,SELL,4098.33,4098.33,4104.68,4096.16,3.0900000000001455,0.4906103286385067,2.0900000000001455,TRAIL_SL,4.260000000000218,4102.55,2026-07-08T04:35:00+00:00,4104.68,XAUUSD.ecn,4100.42,4096.16,1.0,10.0,True,1783485300
False,BUY,4115.59,4115.59,4108.21,4122.2300000000005,1.3699999999998909,0.05278174037088151,0.36999999999989086,TRAIL_SL,7.010000000000218,4111.715,2026-07-08T05:11:00+00:00,4108.21,XAUUSD.ecn,4115.22,4122.2300000000005,1.0,10.0,True,1783487460
False,BUY,4126.34,4126.34,4126.34,4129.76,0.5799999999999272,-1.0,-1.7100000000000364,SL,1.7100000000000364,4127.195,2026-07-08T06:50:00+00:00,4126.34,XAUUSD.ecn,4128.05,4129.76,1.0,10.0,False,1783493400
False,BUY,4131.95,4131.95,4124.65,4134.290000000001,3.4799999999995634,0.5145228215766069,2.4799999999995634,TRAIL_SL,4.8200000000006185,4127.0599999999995,2026-07-08T09:15:00+00:00,4124.65,XAUUSD.ecn,4129.47,4134.290000000001,1.0,10.0,True,1783502100
True,BUY,,4119.16,4114.91,4120.01,2.699999999999818,,,SL_AND_TP_SAME_BAR,2.550000000000182,4116.1849999999995,2026-07-08T10:25:00+00:00,4114.91,XAUUSD.ecn,4117.46,4120.01,1.0,10.0,True,1783506300
False,BUY,4119.15,4119.15,4119.15,4129.530000000001,0.8000000000001819,-1.0,-5.190000000000509,SL,5.190000000000509,4121.745,2026-07-08T10:33:00+00:00,4119.15,XAUUSD.ecn,4124.34,4129.530000000001,1.0,10.0,False,1783506780
False,BUY,4057.41,4057.41,4053.88,4060.74,1.099999999999909,0.029154518950412194,0.09999999999990905,TRAIL_SL,3.4299999999998363,4055.5950000000003,2026-07-08T12:20:00+00:00,4053.88,XAUUSD.ecn,4057.31,4060.74,1.0,10.0,True,1783513200
True,SELL,,4054.86,4057.65,4054.0899999999997,2.0099999999997635,,,SL_AND_TP_SAME_BAR,1.7800000000002,4056.76,2026-07-08T12:32:00+00:00,4057.65,XAUUSD.ecn,4055.87,4054.0899999999997,1.0,10.0,True,1783513920
False,SELL,4052.93,4052.93,4058.56,4049.2400000000002,1.9700000000002547,0.2081545064378294,0.9700000000002547,TRAIL_SL,4.6599999999998545,4056.23,2026-07-08T12:40:00+00:00,4058.56,XAUUSD.ecn,4053.9,4049.2400000000002,1.0,10.0,True,1783514400
True,BUY,,4075.66,4068.89,4074.0899999999997,5.170000000000073,,,SL_AND_TP_SAME_BAR,2.599999999999909,4070.1899999999996,2026-07-08T15:41:00+00:00,4068.89,XAUUSD.ecn,4071.49,4074.0899999999997,1.0,10.0,True,1783525260
False,BUY,4084.0,4084.0,4077.47,4087.4100000000003,2.5599999999999454,0.31388329979876567,1.5599999999999454,TRAIL_SL,4.970000000000255,4079.955,2026-07-08T15:53:00+00:00,4077.47,XAUUSD.ecn,4082.44,4087.4100000000003,1.0,10.0,True,1783525980
False,BUY,4078.45,4078.45,4073.52,4080.98,2.199999999999818,0.3217158176943196,1.199999999999818,TRAIL_SL,3.730000000000018,4075.385,2026-07-08T16:06:00+00:00,4073.52,XAUUSD.ecn,4077.25,4080.98,1.0,10.0,True,1783526760
False,SELL,4034.75,4034.75,4049.1,4030.3799999999997,5.989999999999782,0.5331196581196276,4.989999999999782,TRAIL_SL,9.360000000000127,4044.42,2026-07-08T17:46:00+00:00,4049.1,XAUUSD.ecn,4039.74,4030.3799999999997,1.0,10.0,True,1783532760
False,BUY,4030.37,4030.37,4024.42,4032.8999999999996,2.7100000000000364,0.4033018867924822,1.7100000000000364,TRAIL_SL,4.239999999999782,4026.54,2026-07-08T18:38:00+00:00,4024.42,XAUUSD.ecn,4028.66,4032.8999999999996,1.0,10.0,True,1783535880
True,BUY,,4056.56,4049.8,4057.26,4.029999999999745,,,SL_AND_TP_SAME_BAR,3.730000000000018,4051.665,2026-07-08T19:47:00+00:00,4049.8,XAUUSD.ecn,4053.53,4057.26,1.0,10.0,True,1783540020
False,BUY,4065.74,4065.74,4060.61,4070.85,1.0099999999997635,0.0019531249999538564,0.009999999999763531,TRAIL_SL,5.119999999999891,4063.17,2026-07-08T20:08:00+00:00,4060.61,XAUUSD.ecn,4065.73,4070.85,1.0,10.0,True,1783541280
False,BUY,4073.29,4073.29,4070.79,4075.1099999999997,1.3400000000001455,0.15740740740748538,0.3400000000001455,TRAIL_SL,2.1599999999998545,4071.87,2026-07-08T21:15:00+00:00,4070.79,XAUUSD.ecn,4072.95,4075.1099999999997,1.0,10.0,True,1783545300
False,BUY,4076.85,4076.85,4069.1,4078.9600000000005,3.819999999999709,0.5720081135901709,2.819999999999709,TRAIL_SL,4.930000000000291,4071.565,2026-07-08T21:39:00+00:00,4069.1,XAUUSD.ecn,4074.03,4078.9600000000005,1.0,10.0,True,1783546740
True,BUY,,4090.47,4078.78,4089.22,7.4699999999998,,,SL_AND_TP_SAME_BAR,5.2199999999998,4081.3900000000003,2026-07-08T21:48:00+00:00,4078.78,XAUUSD.ecn,4084.0,4089.22,1.0,10.0,True,1783547280
True,SELL,,4076.89,4081.58,4077.6800000000003,3.7400000000002365,,,SL_AND_TP_SAME_BAR,1.949999999999818,4080.605,2026-07-08T23:15:00+00:00,4081.58,XAUUSD.ecn,4079.63,4077.6800000000003,1.0,10.0,True,1783552500
False,SELL,4077.11,4077.11,4079.63,4075.49,1.449999999999818,0.21739130434772103,0.4499999999998181,TRAIL_SL,2.0700000000001637,4078.5950000000003,2026-07-08T23:18:00+00:00,4079.63,XAUUSD.ecn,4077.56,4075.49,1.0,10.0,True,1783552680
False,SELL,4079.09,4079.09,4079.09,4072.91,0.0,-1.0,-3.0900000000001455,SL,3.0900000000001455,4077.545,2026-07-09T01:05:00+00:00,4079.09,XAUUSD.ecn,4076.0,4072.91,1.0,10.0,False,1783559100
False,BUY,4077.51,4077.51,4077.51,4092.0699999999997,0.6700000000000728,-1.0,-7.279999999999745,SL,7.279999999999745,4081.15,2026-07-09T03:16:00+00:00,4077.51,XAUUSD.ecn,4084.79,4092.0699999999997,1.0,10.0,False,1783566960
False,SELL,4075.73,4075.73,4084.73,4072.93,4.099999999999909,0.5254237288135358,3.099999999999909,TRAIL_SL,5.900000000000091,4081.7799999999997,2026-07-09T03:24:00+00:00,4084.73,XAUUSD.ecn,4078.83,4072.93,1.0,10.0,True,1783567440
True,SELL,,4071.26,4077.81,4071.8700000000003,4.579999999999927,,,SL_AND_TP_SAME_BAR,2.9699999999998,4076.325,2026-07-09T03:53:00+00:00,4077.81,XAUUSD.ecn,4074.84,4071.8700000000003,1.0,10.0,True,1783569180
False,BUY,4073.37,4073.37,4067.47,4079.07,1.099999999999909,0.017241379310328604,0.09999999999990905,TRAIL_SL,5.800000000000182,4070.37,2026-07-09T04:13:00+00:00,4067.47,XAUUSD.ecn,4073.27,4079.07,1.0,10.0,True,1783570380
False,BUY,4072.76,4072.76,4062.32,4079.1,3.050000000000182,0.24433849821218273,2.050000000000182,TRAIL_SL,8.389999999999873,4066.5150000000003,2026-07-09T04:36:00+00:00,4062.32,XAUUSD.ecn,4070.71,4079.1,1.0,10.0,True,1783571760
True,SELL,,4064.2,4068.91,4063.75,3.130000000000109,,,SL_AND_TP_SAME_BAR,2.5799999999999272,4067.62,2026-07-09T06:01:00+00:00,4068.91,XAUUSD.ecn,4066.33,4063.75,1.0,10.0,True,1783576860
False,BUY,4061.69,4061.69,4056.96,4065.42,1.5,0.11820330969267089,0.5,TRAIL_SL,4.230000000000018,4059.075,2026-07-09T06:35:00+00:00,4056.96,XAUUSD.ecn,4061.19,4065.42,1.0,10.0,True,1783578900
False,BUY,4061.31,4061.31,4058.76,4063.16,1.349999999999909,0.15909090909088092,0.34999999999990905,TRAIL_SL,2.199999999999818,4059.86,2026-07-09T07:51:00+00:00,4058.76,XAUUSD.ecn,4060.96,4063.16,1.0,10.0,True,1783583460
False,BUY,4075.15,4075.15,4070.64,4077.7400000000002,1.9600000000000364,0.27042253521126397,0.9600000000000364,TRAIL_SL,3.550000000000182,4072.415,2026-07-09T08:40:00+00:00,4070.64,XAUUSD.ecn,4074.19,4077.7400000000002,1.0,10.0,True,1783586400
False,BUY,4079.2,4079.2,4075.11,4081.97,1.6599999999998545,0.19241982507285305,0.6599999999998545,TRAIL_SL,3.4299999999998363,4076.825,2026-07-09T08:52:00+00:00,4075.11,XAUUSD.ecn,4078.54,4081.97,1.0,10.0,True,1783587120
False,BUY,4108.62,4108.62,4106.34,4110.82,1.0399999999999636,0.017857142857128357,0.03999999999996362,TRAIL_SL,2.2399999999997817,4107.46,2026-07-09T10:50:00+00:00,4106.34,XAUUSD.ecn,4108.58,4110.82,1.0,10.0,True,1783594200
False,SELL,4108.77,4108.77,4112.32,4105.66,1.2199999999993452,0.06606606606587086,0.21999999999934516,TRAIL_SL,3.3299999999999272,4110.655,2026-07-09T12:25:00+00:00,4112.32,XAUUSD.ecn,4108.99,4105.66,1.0,10.0,True,1783599900
False,SELL,4100.29,4100.29,4104.12,4098.06,1.800000000000182,0.26402640264034627,0.8000000000001819,TRAIL_SL,3.0299999999997453,4102.605,2026-07-09T14:25:00+00:00,4104.12,XAUUSD.ecn,4101.09,4098.06,1.0,10.0,True,1783607100
False,SELL,4106.32,4106.32,4116.67,4099.030000000001,2.530000000000655,0.173469387755182,1.5300000000006548,TRAIL_SL,8.819999999999709,4112.26,2026-07-09T15:22:00+00:00,4116.67,XAUUSD.ecn,4107.85,4099.030000000001,1.0,10.0,True,1783610520
False,BUY,4120.66,4120.66,4107.08,4126.700000000001,4.769999999999527,0.3843017329255223,3.769999999999527,TRAIL_SL,9.8100000000004,4111.985000000001,2026-07-09T15:37:00+00:00,4107.08,XAUUSD.ecn,4116.89,4126.700000000001,1.0,10.0,True,1783611420
False,BUY,4124.03,4124.03,4119.84,4128.219999999999,1.0,0.0,0.0,TRAIL_SL,4.1899999999996,4121.9349999999995,2026-07-09T16:26:00+00:00,4119.84,XAUUSD.ecn,4124.03,4128.219999999999,1.0,10.0,True,1783614360
False,BUY,4123.77,4123.77,4116.58,4126.98,2.990000000000691,0.382692307692454,1.9900000000006912,TRAIL_SL,5.199999999999818,4119.18,2026-07-09T17:26:00+00:00,4116.58,XAUUSD.ecn,4121.78,4126.98,1.0,10.0,True,1783617960
False,BUY,4127.25,4127.25,4122.78,4130.62,1.550000000000182,0.14030612244902338,0.5500000000001819,TRAIL_SL,3.9200000000000728,4124.74,2026-07-09T18:00:00+00:00,4122.78,XAUUSD.ecn,4126.7,4130.62,1.0,10.0,True,1783620000
True,SELL,,4129.5,4132.74,4128.860000000001,2.300000000000182,,,SL_AND_TP_SAME_BAR,1.9399999999995998,4131.77,2026-07-09T18:49:00+00:00,4132.74,XAUUSD.ecn,4130.8,4128.860000000001,1.0,10.0,True,1783622940
False,BUY,4129.87,4129.87,4126.97,4131.849999999999,1.4600000000000364,0.18852459016398027,0.4600000000000364,TRAIL_SL,2.4399999999996,4128.1900000000005,2026-07-09T20:32:00+00:00,4126.97,XAUUSD.ecn,4129.41,4131.849999999999,1.0,10.0,True,1783629120
False,SELL,4117.99,4117.99,4122.1,4116.959999999999,2.5399999999999636,0.5992217898831101,1.5399999999999636,TRAIL_SL,2.5700000000006185,4120.8150000000005,2026-07-10T03:27:00+00:00,4122.1,XAUUSD.ecn,4119.53,4116.959999999999,1.0,10.0,True,1783654020
False,BUY,4122.74,4122.74,4118.47,4126.47,1.269999999999527,0.06749999999988177,0.26999999999952706,TRAIL_SL,4.0,4120.47,2026-07-10T03:46:00+00:00,4118.47,XAUUSD.ecn,4122.47,4126.47,1.0,10.0,True,1783655160
False,BUY,4126.93,4126.93,4121.49,4130.950000000001,1.7100000000000364,0.1501057082452358,0.7100000000000364,TRAIL_SL,4.730000000000473,4123.855,2026-07-10T04:01:00+00:00,4121.49,XAUUSD.ecn,4126.22,4130.950000000001,1.0,10.0,True,1783656060
False,BUY,4125.81,4125.81,4119.26,4131.6,1.3800000000001091,0.061588330632107724,0.38000000000010914,TRAIL_SL,6.170000000000073,4122.345,2026-07-10T05:12:00+00:00,4119.26,XAUUSD.ecn,4125.43,4131.6,1.0,10.0,True,1783660320
False,BUY,4113.02,4113.02,4108.75,4117.01,1.1400000000003274,0.033898305084824144,0.14000000000032742,TRAIL_SL,4.130000000000109,4110.8150000000005,2026-07-10T10:22:00+00:00,4108.75,XAUUSD.ecn,4112.88,4117.01,1.0,10.0,True,1783678920
False,SELL,4107.02,4107.02,4111.11,4103.670000000001,1.3699999999998909,0.09946236559138602,0.36999999999989086,TRAIL_SL,3.719999999999345,4109.25,2026-07-10T10:45:00+00:00,4111.11,XAUUSD.ecn,4107.39,4103.670000000001,1.0,10.0,True,1783680300
False,BUY,4106.69,4106.69,4099.18,4112.959999999999,1.6199999999998909,0.08998548621189306,0.6199999999998909,TRAIL_SL,6.889999999999418,4102.625,2026-07-10T14:47:00+00:00,4099.18,XAUUSD.ecn,4106.07,4112.959999999999,1.0,10.0,True,1783694820
True,BUY,,4105.23,4102.27,4105.49,2.3499999999994543,,,SL_AND_TP_SAME_BAR,1.6099999999996726,4103.075000000001,2026-07-10T18:39:00+00:00,4102.27,XAUUSD.ecn,4103.88,4105.49,1.0,10.0,True,1783708740
False,BUY,4109.48,4109.48,4109.48,4113.08,0.7400000000006912,-1.0,-1.800000000000182,SL,1.800000000000182,4110.379999999999,2026-07-10T19:17:00+00:00,4109.48,XAUUSD.ecn,4111.28,4113.08,1.0,10.0,False,1783711020
False,BUY,4101.65,4101.65,4098.62,4103.240000000001,1.7199999999993452,0.31168831168797423,0.7199999999993452,TRAIL_SL,2.3100000000004,4099.775,2026-07-10T22:09:00+00:00,4098.62,XAUUSD.ecn,4100.93,4103.240000000001,1.0,10.0,True,1783721340
False,BUY,4119.65,4119.65,4113.6,4124.0,1.8499999999994543,0.16346153846143924,0.8499999999994543,TRAIL_SL,5.199999999999818,4116.200000000001,2026-07-10T23:56:00+00:00,4113.6,XAUUSD.ecn,4118.8,4124.0,1.0,10.0,True,1783727760
False,SELL,4083.66,4083.66,4087.34,4080.0999999999995,1.0599999999999454,0.01657458563534246,0.05999999999994543,TRAIL_SL,3.6200000000003456,4085.5299999999997,2026-07-13T01:26:00+00:00,4087.34,XAUUSD.ecn,4083.72,4080.0999999999995,1.0,10.0,True,1783905960
True,SELL,,4069.52,4077.75,4068.71,4.710000000000036,,,SL_AND_TP_SAME_BAR,4.519999999999982,4075.49,2026-07-13T02:03:00+00:00,4077.75,XAUUSD.ecn,4073.23,4068.71,1.0,10.0,True,1783908180
False,BUY,4077.29,4077.29,4072.76,4080.74,1.5399999999999636,0.13533834586465995,0.5399999999999636,TRAIL_SL,3.9899999999997817,4074.755,2026-07-13T02:43:00+00:00,4072.76,XAUUSD.ecn,4076.75,4080.74,1.0,10.0,True,1783910580
True,BUY,,4083.56,4079.66,4082.1800000000003,3.6399999999998727,,,SL_AND_TP_SAME_BAR,1.2600000000002183,4080.29,2026-07-13T03:00:00+00:00,4079.66,XAUUSD.ecn,4080.92,4082.1800000000003,1.0,10.0,True,1783911600
False,SELL,4070.31,4070.31,4076.81,4065.9900000000002,2.0900000000001455,0.20147874306842417,1.0900000000001455,TRAIL_SL,5.4099999999998545,4074.105,2026-07-13T04:02:00+00:00,4076.81,XAUUSD.ecn,4071.4,4065.9900000000002,1.0,10.0,True,1783915320
False,SELL,4061.9,4061.9,4061.9,4050.9999999999995,0.75,-1.0,-5.450000000000273,SL,5.450000000000273,4059.175,2026-07-13T06:13:00+00:00,4061.9,XAUUSD.ecn,4056.45,4050.9999999999995,1.0,10.0,False,1783923180
False,BUY,4071.99,4071.99,4063.02,4074.18,4.389999999999873,0.6075268817204152,3.3899999999998727,TRAIL_SL,5.579999999999927,4065.81,2026-07-13T08:10:00+00:00,4063.02,XAUUSD.ecn,4068.6,4074.18,1.0,10.0,True,1783930200
False,BUY,4061.58,4061.58,4058.37,4062.91,1.9400000000000546,0.41409691629958684,0.9400000000000546,TRAIL_SL,2.269999999999982,4059.505,2026-07-13T10:56:00+00:00,4058.37,XAUUSD.ecn,4060.64,4062.91,1.0,10.0,True,1783940160
False,BUY,4070.96,4070.96,4063.86,4073.4199999999996,3.3200000000001637,0.48535564853562496,2.3200000000001637,TRAIL_SL,4.779999999999745,4066.25,2026-07-13T11:09:00+00:00,4063.86,XAUUSD.ecn,4068.64,4073.4199999999996,1.0,10.0,True,1783940940
False,BUY,4063.74,4063.74,4058.14,4066.86,2.2399999999997817,0.28440366972471226,1.2399999999997817,TRAIL_SL,4.360000000000127,4060.3199999999997,2026-07-13T14:29:00+00:00,4058.14,XAUUSD.ecn,4062.5,4066.86,1.0,10.0,True,1783952940
False,SELL,4064.98,4064.98,4068.49,4062.4300000000003,1.4800000000000182,0.15841584158417774,0.4800000000000182,TRAIL_SL,3.0299999999997453,4066.975,2026-07-13T14:39:00+00:00,4068.49,XAUUSD.ecn,4065.46,4062.4300000000003,1.0,10.0,True,1783953540
False,SELL,4059.56,4059.56,4064.6,4057.2599999999998,2.369999999999891,0.3732970027247585,1.3699999999998909,TRAIL_SL,3.6700000000000728,4062.765,2026-07-13T16:12:00+00:00,4064.6,XAUUSD.ecn,4060.93,4057.2599999999998,1.0,10.0,True,1783959120
False,SELL,4048.11,4048.11,4057.39,4042.8700000000003,3.019999999999982,0.2782369146005575,2.019999999999982,TRAIL_SL,7.2599999999997635,4053.76,2026-07-13T16:52:00+00:00,4057.39,XAUUSD.ecn,4050.13,4042.8700000000003,1.0,10.0,True,1783961520
False,SELL,4039.15,4039.15,4050.96,4036.8199999999997,5.739999999999782,0.6704384724186241,4.739999999999782,TRAIL_SL,7.070000000000164,4047.425,2026-07-13T17:02:00+00:00,4050.96,XAUUSD.ecn,4043.89,4036.8199999999997,1.0,10.0,True,1783962120
False,SELL,4035.25,4035.25,4040.75,4031.1499999999996,1.699999999999818,0.1458333333332899,0.6999999999998181,TRAIL_SL,4.800000000000182,4038.35,2026-07-13T17:08:00+00:00,4040.75,XAUUSD.ecn,4035.95,4031.1499999999996,1.0,10.0,True,1783962480
False,BUY,4013.31,4013.31,4007.31,4017.9500000000003,1.6799999999998363,0.12781954887214575,0.6799999999998363,TRAIL_SL,5.320000000000164,4009.9700000000003,2026-07-13T17:20:00+00:00,4007.31,XAUUSD.ecn,4012.63,4017.9500000000003,1.0,10.0,True,1783963200
False,SELL,4003.26,4003.26,4009.0,4001.08,2.7799999999997453,0.44949494949488106,1.7799999999997453,TRAIL_SL,3.9600000000000364,4007.02,2026-07-13T17:42:00+00:00,4009.0,XAUUSD.ecn,4005.04,4001.08,1.0,10.0,True,1783964520
False,BUY,4014.24,4014.24,4011.57,4015.3299999999995,1.7899999999999636,0.42021276595750473,0.7899999999999636,TRAIL_SL,1.8799999999996544,4012.51,2026-07-13T18:01:00+00:00,4011.57,XAUUSD.ecn,4013.45,4015.3299999999995,1.0,10.0,True,1783965660
False,SELL,3992.22,3992.22,4002.17,3990.55,5.140000000000327,0.7125645438899081,4.140000000000327,TRAIL_SL,5.809999999999945,3999.2650000000003,2026-07-13T19:35:00+00:00,4002.17,XAUUSD.ecn,3996.36,3990.55,1.0,10.0,True,1783971300
False,SELL,3992.6,3992.6,3999.73,3989.2900000000004,2.9100000000003092,0.3659003831418357,1.9100000000003092,TRAIL_SL,5.2199999999998,3997.12,2026-07-13T19:53:00+00:00,3999.73,XAUUSD.ecn,3994.51,3989.2900000000004,1.0,10.0,True,1783972380
False,BUY,3990.45,3990.45,3990.45,3993.83,0.9400000000000546,-1.0,-1.6900000000000546,SL,1.6900000000000546,3991.295,2026-07-13T21:15:00+00:00,3990.45,XAUUSD.ecn,3992.14,3993.83,1.0,10.0,False,1783977300
False,SELL,3999.19,3999.19,4001.22,3997.78,1.3099999999999454,0.18023255813952413,0.30999999999994543,TRAIL_SL,1.7199999999998,4000.3599999999997,2026-07-13T22:12:00+00:00,4001.22,XAUUSD.ecn,3999.5,3997.78,1.0,10.0,True,1783980720
False,SELL,3998.8,3998.8,4002.11,3996.8699999999994,1.6899999999995998,0.26335877862576673,0.6899999999995998,TRAIL_SL,2.6200000000003456,4000.8,2026-07-14T02:19:00+00:00,4002.11,XAUUSD.ecn,3999.49,3996.8699999999994,1.0,10.0,True,1783995540
False,BUY,4004.1,4004.1,3994.35,4010.35,2.75,0.21875,1.75,TRAIL_SL,8.0,3998.35,2026-07-14T03:36:00+00:00,3994.35,XAUUSD.ecn,4002.35,4010.35,1.0,10.0,True,1784000160
False,BUY,4000.44,4000.44,3997.76,4002.7,1.2100000000000364,0.08502024291500138,0.21000000000003638,TRAIL_SL,2.4699999999998,3998.995,2026-07-14T04:20:00+00:00,3997.76,XAUUSD.ecn,4000.23,4002.7,1.0,10.0,True,1784002800
False,SELL,4009.55,4009.55,4012.05,4007.1899999999996,1.069999999999709,0.028806584362016698,0.06999999999970896,TRAIL_SL,2.430000000000291,4010.835,2026-07-14T05:03:00+00:00,4012.05,XAUUSD.ecn,4009.62,4007.1899999999996,1.0,10.0,True,1784005380
False,SELL,4011.68,4011.68,4016.31,4007.27,1.1100000000001273,0.024336283185868977,0.11000000000012733,TRAIL_SL,4.519999999999982,4014.05,2026-07-14T05:45:00+00:00,4016.31,XAUUSD.ecn,4011.79,4007.27,1.0,10.0,True,1784007900
False,SELL,4014.25,4014.25,4016.56,4012.82,1.4400000000000546,0.23529411764710173,0.44000000000005457,TRAIL_SL,1.8699999999998909,4015.625,2026-07-14T06:10:00+00:00,4016.56,XAUUSD.ecn,4014.69,4012.82,1.0,10.0,True,1784009400
False,BUY,4017.8,4017.8,4011.27,4019.19,3.5700000000001637,0.6489898989899344,2.5700000000001637,TRAIL_SL,3.9600000000000364,4013.25,2026-07-14T06:26:00+00:00,4011.27,XAUUSD.ecn,4015.23,4019.19,1.0,10.0,True,1784010360
True,BUY,,4033.05,4027.67,4033.13,3.650000000000091,,,SL_AND_TP_SAME_BAR,2.730000000000018,4029.035,2026-07-14T08:43:00+00:00,4027.67,XAUUSD.ecn,4030.4,4033.13,1.0,10.0,True,1784018580
False,SELL,4018.51,4018.51,4020.99,4016.29,1.1299999999996544,0.055319148936025284,0.1299999999996544,TRAIL_SL,2.349999999999909,4019.8149999999996,2026-07-14T14:10:00+00:00,4020.99,XAUUSD.ecn,4018.64,4016.29,1.0,10.0,True,1784038200
True,BUY,,4084.31,4079.29,4085.1499999999996,3.0900000000001455,,,SL_AND_TP_SAME_BAR,2.9299999999998363,4080.755,2026-07-14T16:26:00+00:00,4079.29,XAUUSD.ecn,4082.22,4085.1499999999996,1.0,10.0,True,1784046360
True,BUY,,4080.08,4074.29,4080.7300000000005,3.569999999999709,,,SL_AND_TP_SAME_BAR,3.2200000000002547,4075.9,2026-07-14T17:09:00+00:00,4074.29,XAUUSD.ecn,4077.51,4080.7300000000005,1.0,10.0,True,1784048940
False,SELL,4071.71,4071.71,4083.74,4068.5,5.4099999999998545,0.5787401574803042,4.4099999999998545,TRAIL_SL,7.619999999999891,4079.93,2026-07-14T17:17:00+00:00,4083.74,XAUUSD.ecn,4076.12,4068.5,1.0,10.0,True,1784049420
False,SELL,4076.75,4076.75,4086.88,4072.26,3.8200000000001637,0.38577291381671475,2.8200000000001637,TRAIL_SL,7.309999999999945,4083.2250000000004,2026-07-14T18:38:00+00:00,4086.88,XAUUSD.ecn,4079.57,4072.26,1.0,10.0,True,1784054280
False,SELL,4058.93,4058.93,4063.78,4054.0799999999995,1.0,0.0,0.0,TRAIL_SL,4.850000000000364,4061.355,2026-07-14T20:08:00+00:00,4063.78,XAUUSD.ecn,4058.93,4054.0799999999995,1.0,10.0,True,1784059680
False,SELL,4054.36,4054.36,4054.36,4040.28,0.41000000000030923,-1.0,-7.039999999999964,SL,7.039999999999964,4050.84,2026-07-14T21:45:00+00:00,4054.36,XAUUSD.ecn,4047.32,4040.28,1.0,10.0,False,1784065500
False,BUY,4055.52,4055.52,4051.81,4057.5499999999997,1.8400000000001455,0.2926829268293301,0.8400000000001455,TRAIL_SL,2.869999999999891,4053.245,2026-07-14T22:55:00+00:00,4051.81,XAUUSD.ecn,4054.68,4057.5499999999997,1.0,10.0,True,1784069700
False,SELL,4031.19,4031.19,4037.71,4024.99,1.1599999999998545,0.025157232704379133,0.15999999999985448,TRAIL_SL,6.360000000000127,4034.5299999999997,2026-07-15T05:21:00+00:00,4037.71,XAUUSD.ecn,4031.35,4024.99,1.0,10.0,True,1784092860
False,BUY,4028.87,4028.87,4028.87,4038.5699999999997,0.0500000000001819,-1.0,-4.849999999999909,SL,4.849999999999909,4031.295,2026-07-15T06:38:00+00:00,4028.87,XAUUSD.ecn,4033.72,4038.5699999999997,1.0,10.0,False,1784097480
False,SELL,4030.15,4030.15,4033.77,4026.8300000000004,1.150000000000091,0.043227665706080574,0.15000000000009095,TRAIL_SL,3.4699999999998,4032.035,2026-07-15T06:43:00+00:00,4033.77,XAUUSD.ecn,4030.3,4026.8300000000004,1.0,10.0,True,1784097780
False,SELL,4029.01,4029.01,4035.13,4023.5299999999997,1.319999999999709,0.05517241379305154,0.31999999999970896,TRAIL_SL,5.800000000000182,4032.23,2026-07-15T08:47:00+00:00,4035.13,XAUUSD.ecn,4029.33,4023.5299999999997,1.0,10.0,True,1784105220
False,SELL,4032.39,4032.39,4032.39,4030.7500000000005,0.21000000000003638,-1.0,-0.819999999999709,SL,0.819999999999709,4031.98,2026-07-15T10:02:00+00:00,4032.39,XAUUSD.ecn,4031.57,4030.7500000000005,1.0,10.0,False,1784109720
False,SELL,4022.95,4022.95,4026.28,4021.8799999999997,2.130000000000109,0.5136363636363496,1.1300000000001091,TRAIL_SL,2.200000000000273,4025.1800000000003,2026-07-15T10:28:00+00:00,4026.28,XAUUSD.ecn,4024.08,4021.8799999999997,1.0,10.0,True,1784111280
False,BUY,4023.88,4023.88,4020.39,4026.2500000000005,1.5599999999999454,0.19112627986344363,0.5599999999999454,TRAIL_SL,2.930000000000291,4021.855,2026-07-15T11:06:00+00:00,4020.39,XAUUSD.ecn,4023.32,4026.2500000000005,1.0,10.0,True,1784113560
True,BUY,,4032.18,4029.64,4032.6,2.0599999999999454,,,SL_AND_TP_SAME_BAR,1.4800000000000182,4030.38,2026-07-15T11:58:00+00:00,4029.64,XAUUSD.ecn,4031.12,4032.6,1.0,10.0,True,1784116680
False,SELL,4028.16,4028.16,4035.23,4021.35,1.1300000000001091,0.01873198847263806,0.13000000000010914,TRAIL_SL,6.940000000000055,4031.76,2026-07-15T13:28:00+00:00,4035.23,XAUUSD.ecn,4028.29,4021.35,1.0,10.0,True,1784122080
False,SELL,4028.64,4028.64,4031.15,4026.5899999999997,1.2300000000000182,0.10087719298245526,0.2300000000000182,TRAIL_SL,2.2800000000002,4030.01,2026-07-15T13:50:00+00:00,4031.15,XAUUSD.ecn,4028.87,4026.5899999999997,1.0,10.0,True,1784123400
False,BUY,4037.83,4037.83,4032.42,4042.4399999999996,1.400000000000091,0.07984031936129937,0.40000000000009095,TRAIL_SL,5.0099999999997635,4034.925,2026-07-15T14:44:00+00:00,4032.42,XAUUSD.ecn,4037.43,4042.4399999999996,1.0,10.0,True,1784126640
False,BUY,4060.17,4060.17,4053.77,4064.2900000000004,2.1399999999998727,0.21673003802278049,1.1399999999998727,TRAIL_SL,5.260000000000218,4056.4,2026-07-15T15:40:00+00:00,4053.77,XAUUSD.ecn,4059.03,4064.2900000000004,1.0,10.0,True,1784130000
False,BUY,4061.66,4061.66,4057.62,4065.54,1.0799999999999272,0.020202020202001642,0.07999999999992724,TRAIL_SL,3.9600000000000364,4059.6,2026-07-15T17:36:00+00:00,4057.62,XAUUSD.ecn,4061.58,4065.54,1.0,10.0,True,1784136960
True,SELL,,4054.28,4058.54,4053.42,2.699999999999818,,,SL_AND_TP_SAME_BAR,2.5599999999999454,4057.26,2026-07-15T17:47:00+00:00,4058.54,XAUUSD.ecn,4055.98,4053.42,1.0,10.0,True,1784137620
True,BUY,,4048.05,4044.83,4048.9700000000003,2.150000000000091,,,SL_AND_TP_SAME_BAR,2.0700000000001637,4045.865,2026-07-15T18:35:00+00:00,4044.83,XAUUSD.ecn,4046.9,4048.9700000000003,1.0,10.0,True,1784140500
False,SELL,4038.38,4038.38,4043.82,4035.1199999999994,2.0899999999996908,0.2505747126435861,1.0899999999996908,TRAIL_SL,4.350000000000364,4041.645,2026-07-15T19:13:00+00:00,4043.82,XAUUSD.ecn,4039.47,4035.1199999999994,1.0,10.0,True,1784142780
False,SELL,4028.79,4028.79,4035.84,4025.3,2.7800000000002,0.3377609108159784,1.7800000000002,TRAIL_SL,5.269999999999982,4033.205,2026-07-15T19:37:00+00:00,4035.84,XAUUSD.ecn,4030.57,4025.3,1.0,10.0,True,1784144220
False,BUY,4036.23,4036.23,4031.14,4039.28,2.019999999999982,0.2506142506142361,1.0199999999999818,TRAIL_SL,4.070000000000164,4033.175,2026-07-15T19:51:00+00:00,4031.14,XAUUSD.ecn,4035.21,4039.28,1.0,10.0,True,1784145060
True,BUY,,4065.15,4057.91,4064.87,4.760000000000218,,,SL_AND_TP_SAME_BAR,3.480000000000018,4059.6499999999996,2026-07-15T20:45:00+00:00,4057.91,XAUUSD.ecn,4061.39,4064.87,1.0,10.0,True,1784148300
False,BUY,4075.5,4075.5,4071.26,4077.5599999999995,2.0900000000001455,0.3460317460318322,1.0900000000001455,TRAIL_SL,3.149999999999636,4072.835,2026-07-15T21:32:00+00:00,4071.26,XAUUSD.ecn,4074.41,4077.5599999999995,1.0,10.0,True,1784151120
False,SELL,4054.69,4054.69,4057.31,4053.57,1.75,0.40106951871660096,0.75,TRAIL_SL,1.8699999999998909,4056.375,2026-07-15T22:22:00+00:00,4057.31,XAUUSD.ecn,4055.44,4053.57,1.0,10.0,True,1784154120
False,SELL,4050.3,4050.3,4057.49,4046.17,2.5299999999997453,0.2703180212013754,1.5299999999997453,TRAIL_SL,5.6599999999998545,4054.66,2026-07-15T22:37:00+00:00,4057.49,XAUUSD.ecn,4051.83,4046.17,1.0,10.0,True,1784155020
False,SELL,4031.86,4031.86,4035.83,4029.1099999999997,1.6099999999996726,0.18154761904751474,0.6099999999996726,TRAIL_SL,3.3600000000001273,4034.1499999999996,2026-07-16T05:33:00+00:00,4035.83,XAUUSD.ecn,4032.47,4029.1099999999997,1.0,10.0,True,1784179980
False,SELL,4026.01,4026.01,4032.21,4021.91,2.049999999999727,0.2038834951455745,1.0499999999997272,TRAIL_SL,5.150000000000091,4029.635,2026-07-16T05:42:00+00:00,4032.21,XAUUSD.ecn,4027.06,4021.91,1.0,10.0,True,1784180520
False,BUY,4031.48,4031.48,4024.7,4038.26,1.0,0.0,0.0,TRAIL_SL,6.7800000000002,4028.09,2026-07-16T05:59:00+00:00,4024.7,XAUUSD.ecn,4031.48,4038.26,1.0,10.0,True,1784181540
False,SELL,4030.23,4030.23,4030.23,4018.9900000000002,0.5799999999999272,-1.0,-5.619999999999891,SL,5.619999999999891,4027.42,2026-07-16T09:38:00+00:00,4030.23,XAUUSD.ecn,4024.61,4018.9900000000002,1.0,10.0,False,1784194680
False,SELL,4030.82,4030.82,4036.22,4027.2400000000002,1.9099999999998545,0.20267260579062332,0.9099999999998545,TRAIL_SL,4.489999999999782,4033.975,2026-07-16T13:02:00+00:00,4036.22,XAUUSD.ecn,4031.73,4027.2400000000002,1.0,10.0,True,1784206920
True,SELL,,4026.67,4034.55,4030.21,6.710000000000036,,,SL_AND_TP_SAME_BAR,2.1700000000000728,4033.465,2026-07-16T15:14:00+00:00,4034.55,XAUUSD.ecn,4032.38,4030.21,1.0,10.0,True,1784214840
False,SELL,4020.85,4020.85,4029.26,4015.74,2.650000000000091,0.24408284023669197,1.650000000000091,TRAIL_SL,6.760000000000218,4025.88,2026-07-16T15:26:00+00:00,4029.26,XAUUSD.ecn,4022.5,4015.74,1.0,10.0,True,1784215560
False,SELL,4000.63,4000.63,4018.81,3999.03,9.289999999999964,0.8382204246713924,8.289999999999964,TRAIL_SL,9.889999999999873,4013.865,2026-07-16T15:46:00+00:00,4018.81,XAUUSD.ecn,4008.92,3999.03,1.0,10.0,True,1784216760
False,BUY,4003.57,4003.57,3998.24,4007.6000000000004,1.650000000000091,0.1388888888888997,0.650000000000091,TRAIL_SL,4.680000000000291,4000.58,2026-07-16T16:31:00+00:00,3998.24,XAUUSD.ecn,4002.92,4007.6000000000004,1.0,10.0,True,1784219460
False,SELL,3989.88,3989.88,3997.1,3985.52,2.4299999999998363,0.24697754749565548,1.4299999999998363,TRAIL_SL,5.789999999999964,3994.205,2026-07-16T16:58:00+00:00,3997.1,XAUUSD.ecn,3991.31,3985.52,1.0,10.0,True,1784221080
False,BUY,3997.72,3997.72,3991.27,3999.8700000000003,3.149999999999636,0.49999999999989425,2.149999999999636,TRAIL_SL,4.300000000000182,3993.42,2026-07-16T17:30:00+00:00,3991.27,XAUUSD.ecn,3995.57,3999.8700000000003,1.0,10.0,True,1784223000
True,BUY,,4012.42,4009.08,4012.5200000000004,2.619999999999891,,,SL_AND_TP_SAME_BAR,1.7200000000002547,4009.94,2026-07-16T18:36:00+00:00,4009.08,XAUUSD.ecn,4010.8,4012.5200000000004,1.0,10.0,True,1784226960
False,SELL,3989.92,3989.92,3996.56,3986.8399999999997,2.7799999999997453,0.3662551440328598,1.7799999999997453,TRAIL_SL,4.860000000000127,3994.13,2026-07-16T19:16:00+00:00,3996.56,XAUUSD.ecn,3991.7,3986.8399999999997,1.0,10.0,True,1784229360
False,SELL,3982.91,3982.91,3988.24,3980.6000000000004,2.5100000000002183,0.3952879581152705,1.5100000000002183,TRAIL_SL,3.819999999999709,3986.33,2026-07-16T20:37:00+00:00,3988.24,XAUUSD.ecn,3984.42,3980.6000000000004,1.0,10.0,True,1784234220
False,SELL,3986.47,3986.47,3990.34,3984.8999999999996,2.150000000000091,0.42279411764705266,1.150000000000091,TRAIL_SL,2.7200000000002547,3988.98,2026-07-16T21:28:00+00:00,3990.34,XAUUSD.ecn,3987.62,3984.8999999999996,1.0,10.0,True,1784237280
False,SELL,3977.95,3977.95,3983.24,3975.24,2.2899999999999636,0.3224999999999909,1.2899999999999636,TRAIL_SL,4.0,3981.24,2026-07-16T21:37:00+00:00,3983.24,XAUUSD.ecn,3979.24,3975.24,1.0,10.0,True,1784237820
False,SELL,3981.3,3981.3,3983.98,3979.0400000000004,1.2100000000000364,0.08502024291500138,0.21000000000003638,TRAIL_SL,2.4699999999998,3982.745,2026-07-16T21:54:00+00:00,3983.98,XAUUSD.ecn,3981.51,3979.0400000000004,1.0,10.0,True,1784238840
False,SELL,3978.24,3978.24,3982.38,3975.88,1.8900000000003274,0.2738461538462546,0.8900000000003274,TRAIL_SL,3.25,3980.755,2026-07-16T22:57:00+00:00,3982.38,XAUUSD.ecn,3979.13,3975.88,1.0,10.0,True,1784242620
False,SELL,3975.63,3975.63,3975.63,3972.33,0.6799999999998363,-1.0,-1.650000000000091,SL,1.650000000000091,3974.8050000000003,2026-07-17T01:46:00+00:00,3975.63,XAUUSD.ecn,3973.98,3972.33,1.0,10.0,False,1784252760
False,BUY,3984.68,3984.68,3980.67,3986.17,2.2599999999997635,0.4581818181817322,1.2599999999997635,TRAIL_SL,2.75,3982.045,2026-07-17T03:00:00+00:00,3980.67,XAUUSD.ecn,3983.42,3986.17,1.0,10.0,True,1784257200
False,SELL,3989.88,3989.88,3994.82,3987.4199999999996,2.2399999999997817,0.33513513513505144,1.2399999999997817,TRAIL_SL,3.700000000000273,3992.9700000000003,2026-07-17T04:25:00+00:00,3994.82,XAUUSD.ecn,3991.12,3987.4199999999996,1.0,10.0,True,1784262300
False,SELL,3991.39,3991.39,3995.37,3990.0699999999997,2.3299999999999272,0.5018867924527856,1.3299999999999272,TRAIL_SL,2.650000000000091,3994.045,2026-07-17T04:41:00+00:00,3995.37,XAUUSD.ecn,3992.72,3990.0699999999997,1.0,10.0,True,1784263260
False,BUY,3989.77,3989.77,3979.63,3998.1099999999997,1.900000000000091,0.09740259740260955,0.900000000000091,TRAIL_SL,9.239999999999782,3984.25,2026-07-17T06:08:00+00:00,3979.63,XAUUSD.ecn,3988.87,3998.1099999999997,1.0,10.0,True,1784268480
False,BUY,4007.3,4007.3,3993.15,4013.0499999999997,5.200000000000273,0.42211055276385423,4.200000000000273,TRAIL_SL,9.949999999999818,3998.125,2026-07-17T06:22:00+00:00,3993.15,XAUUSD.ecn,4003.1,4013.0499999999997,1.0,10.0,True,1784269320
True,BUY,,4005.04,3997.85,4005.8300000000004,4.199999999999818,,,SL_AND_TP_SAME_BAR,3.9900000000002365,3999.8450000000003,2026-07-17T09:22:00+00:00,3997.85,XAUUSD.ecn,4001.84,4005.8300000000004,1.0,10.0,True,1784280120
False,BUY,3999.28,3999.28,3996.78,4001.52,1.1300000000001091,0.05485232067515406,0.13000000000010914,TRAIL_SL,2.369999999999891,3997.965,2026-07-17T09:58:00+00:00,3996.78,XAUUSD.ecn,3999.15,4001.52,1.0,10.0,True,1784282280
False,SELL,3994.3,3994.3,4000.78,3992.68,3.4299999999998363,0.5999999999999326,2.4299999999998363,TRAIL_SL,4.050000000000182,3998.755,2026-07-17T10:10:00+00:00,4000.78,XAUUSD.ecn,3996.73,3992.68,1.0,10.0,True,1784283000
False,BUY,3997.73,3997.73,3994.82,3999.9599999999996,1.3400000000001455,0.1322957198444296,0.3400000000001455,TRAIL_SL,2.569999999999709,3996.105,2026-07-17T12:54:00+00:00,3994.82,XAUUSD.ecn,3997.39,3999.9599999999996,1.0,10.0,True,1784292840
False,SELL,3982.71,3982.71,3986.68,3979.48,1.3699999999998909,0.10277777777775006,0.36999999999989086,TRAIL_SL,3.599999999999909,3984.88,2026-07-17T15:35:00+00:00,3986.68,XAUUSD.ecn,3983.08,3979.48,1.0,10.0,True,1784302500
False,SELL,3970.59,3970.59,3973.16,3968.7200000000003,1.349999999999909,0.1576576576576309,0.34999999999990905,TRAIL_SL,2.2199999999998,3972.05,2026-07-17T15:51:00+00:00,3973.16,XAUUSD.ecn,3970.94,3968.7200000000003,1.0,10.0,True,1784303460
False,SELL,3967.83,3967.83,3971.76,3964.96,1.5300000000002,0.15588235294123115,0.5300000000002001,TRAIL_SL,3.400000000000091,3970.0600000000004,2026-07-17T16:02:00+00:00,3971.76,XAUUSD.ecn,3968.36,3964.96,1.0,10.0,True,1784304120
True,BUY,,3971.12,3966.53,3968.5099999999998,4.599999999999909,,,SL_AND_TP_SAME_BAR,0.9899999999997817,3967.025,2026-07-17T16:15:00+00:00,3966.53,XAUUSD.ecn,3967.52,3968.5099999999998,1.0,10.0,True,1784304900
True,BUY,,3993.72,3988.58,3991.7799999999997,4.539999999999964,,,SL_AND_TP_SAME_BAR,1.599999999999909,3989.38,2026-07-17T17:01:00+00:00,3988.58,XAUUSD.ecn,3990.18,3991.7799999999997,1.0,10.0,True,1784307660
False,BUY,3997.4,3997.4,3991.94,4002.56,1.150000000000091,0.02824858757063889,0.15000000000009095,TRAIL_SL,5.309999999999945,3994.5950000000003,2026-07-17T17:08:00+00:00,3991.94,XAUUSD.ecn,3997.25,4002.56,1.0,10.0,True,1784308080
False,SELL,4007.21,4007.21,4014.07,4003.11,2.380000000000109,0.25182481751826724,1.3800000000001091,TRAIL_SL,5.480000000000018,4011.33,2026-07-17T18:08:00+00:00,4014.07,XAUUSD.ecn,4008.59,4003.11,1.0,10.0,True,1784311680
False,BUY,4008.09,4008.09,4004.78,4010.2999999999997,1.550000000000182,0.19927536231892357,0.5500000000001819,TRAIL_SL,2.7599999999997635,4006.16,2026-07-17T18:23:00+00:00,4004.78,XAUUSD.ecn,4007.54,4010.2999999999997,1.0,10.0,True,1784312580
True,SELL,,4011.05,4016.02,4011.4599999999996,3.6899999999996,,,SL_AND_TP_SAME_BAR,2.2800000000002,4014.88,2026-07-17T18:34:00+00:00,4016.02,XAUUSD.ecn,4013.74,4011.4599999999996,1.0,10.0,True,1784313240
False,BUY,4012.25,4012.25,4009.02,4014.78,1.349999999999909,0.1215277777777416,0.34999999999990905,TRAIL_SL,2.880000000000109,4010.46,2026-07-17T21:19:00+00:00,4009.02,XAUUSD.ecn,4011.9,4014.78,1.0,10.0,True,1784323140
False,BUY,4011.83,4011.83,4011.83,4016.0699999999997,0.03999999999996362,-1.0,-2.119999999999891,SL,2.119999999999891,4012.89,2026-07-17T21:31:00+00:00,4011.83,XAUUSD.ecn,4013.95,4016.0699999999997,1.0,10.0,False,1784323860
False,SELL,4007.82,4007.82,4012.25,4004.67,1.6399999999998727,0.16886543535616855,0.6399999999998727,TRAIL_SL,3.7899999999999636,4010.355,2026-07-17T22:04:00+00:00,4012.25,XAUUSD.ecn,4008.46,4004.67,1.0,10.0,True,1784325840
False,SELL,3991.11,3991.11,3993.94,3988.72,1.2199999999998,0.08429118773938282,0.2199999999997999,TRAIL_SL,2.6100000000001273,3992.635,2026-07-20T02:42:00+00:00,3993.94,XAUUSD.ecn,3991.33,3988.72,1.0,10.0,True,1784515320
False,BUY,4010.19,4010.19,4010.19,4017.0099999999998,0.22000000000025466,-1.0,-3.4099999999998545,SL,3.4099999999998545,4011.895,2026-07-20T04:11:00+00:00,4010.19,XAUUSD.ecn,4013.6,4017.0099999999998,1.0,10.0,False,1784520660
False,SELL,4003.71,4003.71,4009.94,3997.4999999999995,1.0099999999997635,0.0016077170417625598,0.009999999999763531,TRAIL_SL,6.220000000000255,4006.83,2026-07-20T04:25:00+00:00,4009.94,XAUUSD.ecn,4003.72,3997.4999999999995,1.0,10.0,True,1784521500
True,BUY,,4000.3,4000.3,4000.5599999999995,0.3400000000001455,,,SL_AND_TP_SAME_BAR,0.1299999999996544,4000.365,2026-07-20T04:50:00+00:00,4000.3,XAUUSD.ecn,4000.43,4000.5599999999995,1.0,10.0,False,1784523000
False,BUY,4002.83,4002.83,3998.18,4004.3800000000006,2.549999999999727,0.4999999999998533,1.5499999999997272,TRAIL_SL,3.100000000000364,3999.73,2026-07-20T05:00:00+00:00,3998.18,XAUUSD.ecn,4001.28,4004.3800000000006,1.0,10.0,True,1784523600
False,BUY,4006.02,4006.02,4001.77,4008.7099999999996,1.7800000000002,0.22478386167154035,0.7800000000002001,TRAIL_SL,3.4699999999998,4003.505,2026-07-20T05:05:00+00:00,4001.77,XAUUSD.ecn,4005.24,4008.7099999999996,1.0,10.0,True,1784523900
False,BUY,4006.64,4006.64,4004.31,4008.11,1.4299999999998363,0.22631578947358721,0.4299999999998363,TRAIL_SL,1.900000000000091,4005.26,2026-07-20T05:26:00+00:00,4004.31,XAUUSD.ecn,4006.21,4008.11,1.0,10.0,True,1784525160
True,BUY,,4017.45,4011.09,4016.79,4.5099999999997635,,,SL_AND_TP_SAME_BAR,2.849999999999909,4012.5150000000003,2026-07-20T05:45:00+00:00,4011.09,XAUUSD.ecn,4013.94,4016.79,1.0,10.0,True,1784526300
False,BUY,4026.78,4026.78,4024.43,4028.5499999999997,1.2900000000004184,0.14077669902933304,0.29000000000041837,TRAIL_SL,2.0599999999999454,4025.46,2026-07-20T06:44:00+00:00,4024.43,XAUUSD.ecn,4026.49,4028.5499999999997,1.0,10.0,True,1784529840
True,SELL,,4018.52,4020.48,4017.78,1.6100000000001273,,,SL_AND_TP_SAME_BAR,1.349999999999909,4019.8050000000003,2026-07-20T08:06:00+00:00,4020.48,XAUUSD.ecn,4019.13,4017.78,1.0,10.0,True,1784534760
False,BUY,4006.21,4006.21,4003.98,4008.1600000000003,1.1399999999998727,0.06698564593294877,0.13999999999987267,TRAIL_SL,2.0900000000001455,4005.025,2026-07-20T09:47:00+00:00,4003.98,XAUUSD.ecn,4006.07,4008.1600000000003,1.0,10.0,True,1784540820
False,BUY,4017.16,4017.16,4007.88,4018.54,4.949999999999818,0.7410881801125463,3.949999999999818,TRAIL_SL,5.329999999999927,4010.545,2026-07-20T10:38:00+00:00,4007.88,XAUUSD.ecn,4013.21,4018.54,1.0,10.0,True,1784543880
False,SELL,4017.85,4017.85,4021.8,4015.42,1.7600000000002183,0.23824451410664743,0.7600000000002183,TRAIL_SL,3.1900000000000546,4020.205,2026-07-20T10:52:00+00:00,4021.8,XAUUSD.ecn,4018.61,4015.42,1.0,10.0,True,1784544720
False,SELL,4025.53,4025.53,4025.53,4014.93,0.9800000000000182,-1.0,-5.300000000000182,SL,5.300000000000182,4022.88,2026-07-20T11:09:00+00:00,4025.53,XAUUSD.ecn,4020.23,4014.93,1.0,10.0,False,1784545740
False,BUY,4026.26,4026.26,4020.41,4029.13,2.4900000000002365,0.3417431192660993,1.4900000000002365,TRAIL_SL,4.360000000000127,4022.59,2026-07-20T11:18:00+00:00,4020.41,XAUUSD.ecn,4024.77,4029.13,1.0,10.0,True,1784546280
False,SELL,4020.9,4020.9,4023.23,4019.1699999999996,1.2999999999997272,0.14778325123137812,0.29999999999972715,TRAIL_SL,2.0300000000002,4022.215,2026-07-20T11:32:00+00:00,4023.23,XAUUSD.ecn,4021.2,4019.1699999999996,1.0,10.0,True,1784547120
False,SELL,4017.62,4017.62,4022.81,4015.4500000000003,2.5100000000002183,0.41032608695659933,1.5100000000002183,TRAIL_SL,3.6799999999998363,4020.9700000000003,2026-07-20T11:54:00+00:00,4022.81,XAUUSD.ecn,4019.13,4015.4500000000003,1.0,10.0,True,1784548440
False,SELL,4010.57,4010.57,4015.66,4007.2799999999997,1.8999999999996362,0.21479713603809653,0.8999999999996362,TRAIL_SL,4.190000000000055,4013.5649999999996,2026-07-20T15:52:00+00:00,4015.66,XAUUSD.ecn,4011.47,4007.2799999999997,1.0,10.0,True,1784562720
False,BUY,4009.07,4009.07,4004.42,4012.38,1.6700000000000728,0.1683417085427311,0.6700000000000728,TRAIL_SL,3.980000000000018,4006.41,2026-07-20T18:04:00+00:00,4004.42,XAUUSD.ecn,4008.4,4012.38,1.0,10.0,True,1784570640
False,BUY,4007.57,4007.57,4003.74,4010.3600000000006,1.5199999999999818,0.1570996978851719,0.5199999999999818,TRAIL_SL,3.3100000000004,4005.395,2026-07-20T21:02:00+00:00,4003.74,XAUUSD.ecn,4007.05,4010.3600000000006,1.0,10.0,True,1784581320
True,BUY,,4006.37,4004.34,4007.1800000000003,1.6099999999996726,,,SL_AND_TP_SAME_BAR,1.4200000000000728,4005.05,2026-07-20T22:17:00+00:00,4004.34,XAUUSD.ecn,4005.76,4007.1800000000003,1.0,10.0,True,1784585820
False,SELL,4010.82,4010.82,4014.07,4009.73,2.0799999999999272,0.497695852534512,1.0799999999999272,TRAIL_SL,2.1700000000000728,4012.985,2026-07-20T22:38:00+00:00,4014.07,XAUUSD.ecn,4011.9,4009.73,1.0,10.0,True,1784587080
False,BUY,4008.18,4008.18,4005.4,4010.36,1.2999999999997272,0.12096774193537296,0.29999999999972715,TRAIL_SL,2.480000000000018,4006.6400000000003,2026-07-20T22:48:00+00:00,4005.4,XAUUSD.ecn,4007.88,4010.36,1.0,10.0,True,1784587680
False,SELL,4002.99,4002.99,4009.19,4000.0499999999997,2.630000000000109,0.35667396061270257,1.6300000000001091,TRAIL_SL,4.570000000000164,4006.9049999999997,2026-07-21T02:12:00+00:00,4009.19,XAUUSD.ecn,4004.62,4000.0499999999997,1.0,10.0,True,1784599920
False,BUY,4027.7,4027.7,4021.0,4031.66,2.369999999999891,0.25703564727953276,1.3699999999998909,TRAIL_SL,5.329999999999927,4023.665,2026-07-21T04:07:00+00:00,4021.0,XAUUSD.ecn,4026.33,4031.66,1.0,10.0,True,1784606820
False,BUY,4047.44,4047.44,4038.34,4051.3199999999997,3.6100000000001273,0.40215716486906244,2.6100000000001273,TRAIL_SL,6.489999999999782,4041.585,2026-07-21T06:28:00+00:00,4038.34,XAUUSD.ecn,4044.83,4051.3199999999997,1.0,10.0,True,1784615280
False,BUY,4046.11,4046.11,4042.66,4048.4800000000005,1.5399999999999636,0.18556701030924613,0.5399999999999636,TRAIL_SL,2.9100000000003092,4044.115,2026-07-21T06:53:00+00:00,4042.66,XAUUSD.ecn,4045.57,4048.4800000000005,1.0,10.0,True,1784616780
False,SELL,4045.61,4045.61,4049.77,4043.7500000000005,2.150000000000091,0.38205980066451206,1.150000000000091,TRAIL_SL,3.0099999999997635,4048.2650000000003,2026-07-21T07:13:00+00:00,4049.77,XAUUSD.ecn,4046.76,4043.7500000000005,1.0,10.0,True,1784617980
False,BUY,4053.55,4053.55,4049.02,4057.72,1.180000000000291,0.04137931034489536,0.18000000000029104,TRAIL_SL,4.349999999999909,4051.1949999999997,2026-07-21T08:27:00+00:00,4049.02,XAUUSD.ecn,4053.37,4057.72,1.0,10.0,True,1784622420
False,BUY,4079.91,4079.91,4078.35,4081.2500000000005,1.1099999999996726,0.07586206896527715,0.10999999999967258,TRAIL_SL,1.4500000000002728,4079.075,2026-07-21T09:50:00+00:00,4078.35,XAUUSD.ecn,4079.8,4081.2500000000005,1.0,10.0,True,1784627400
True,BUY,,4067.12,4064.01,4065.2699999999995,3.480000000000018,,,SL_AND_TP_SAME_BAR,0.6299999999996544,4064.325,2026-07-21T12:50:00+00:00,4064.01,XAUUSD.ecn,4064.64,4065.2699999999995,1.0,10.0,True,1784638200
False,SELL,4065.07,4065.07,4068.48,4062.78,1.5599999999999454,0.19649122807016256,0.5599999999999454,TRAIL_SL,2.849999999999909,4067.0550000000003,2026-07-21T13:52:00+00:00,4068.48,XAUUSD.ecn,4065.63,4062.78,1.0,10.0,True,1784641920
False,BUY,4062.96,4062.96,4062.96,4066.7,0.3200000000001637,-1.0,-1.8699999999998909,SL,1.8699999999998909,4063.895,2026-07-21T13:54:00+00:00,4062.96,XAUUSD.ecn,4064.83,4066.7,1.0,10.0,False,1784642040
False,SELL,4055.15,4055.15,4061.64,4050.18,1.7599999999997635,0.13263525305405954,0.7599999999997635,TRAIL_SL,5.730000000000018,4058.7749999999996,2026-07-21T15:39:00+00:00,4061.64,XAUUSD.ecn,4055.91,4050.18,1.0,10.0,True,1784648340
True,BUY,,4067.11,4063.4,4067.6600000000003,2.5799999999999272,,,SL_AND_TP_SAME_BAR,2.130000000000109,4064.465,2026-07-21T17:27:00+00:00,4063.4,XAUUSD.ecn,4065.53,4067.6600000000003,1.0,10.0,True,1784654820
False,SELL,4063.87,4063.87,4070.95,4058.45,1.8299999999999272,0.13279999999998837,0.8299999999999272,TRAIL_SL,6.25,4067.825,2026-07-21T17:39:00+00:00,4070.95,XAUUSD.ecn,4064.7,4058.45,1.0,10.0,True,1784655540
False,SELL,4074.14,4074.14,4078.41,4072.0699999999997,2.099999999999909,0.34700315457409586,1.099999999999909,TRAIL_SL,3.1700000000000728,4076.825,2026-07-21T18:49:00+00:00,4078.41,XAUUSD.ecn,4075.24,4072.0699999999997,1.0,10.0,True,1784659740
False,SELL,4073.67,4073.67,4075.99,4071.5300000000007,1.0900000000001455,0.04035874439469199,0.09000000000014552,TRAIL_SL,2.2299999999995634,4074.875,2026-07-21T19:38:00+00:00,4075.99,XAUUSD.ecn,4073.76,4071.5300000000007,1.0,10.0,True,1784662680
False,SELL,4067.82,4067.82,4070.12,4066.3199999999997,1.3999999999996362,0.21052631578927214,0.3999999999996362,TRAIL_SL,1.900000000000091,4069.17,2026-07-21T20:43:00+00:00,4070.12,XAUUSD.ecn,4068.22,4066.3199999999997,1.0,10.0,True,1784666580
False,BUY,4072.83,4072.83,4067.69,4075.31,2.3299999999999272,0.34908136482938223,1.3299999999999272,TRAIL_SL,3.8099999999999454,4069.5950000000003,2026-07-21T21:13:00+00:00,4067.69,XAUUSD.ecn,4071.5,4075.31,1.0,10.0,True,1784668380
False,BUY,4089.55,4089.55,4076.78,4095.6999999999994,4.3100000000004,0.3498942917548146,3.3100000000004,TRAIL_SL,9.459999999999582,4081.51,2026-07-22T03:09:00+00:00,4076.78,XAUUSD.ecn,4086.24,4095.6999999999994,1.0,10.0,True,1784689740
False,BUY,4122.35,4122.35,4117.97,4124.31,2.2100000000000364,0.3817034700315485,1.2100000000000364,TRAIL_SL,3.1700000000000728,4119.555,2026-07-22T04:44:00+00:00,4117.97,XAUUSD.ecn,4121.14,4124.31,1.0,10.0,True,1784695440
True,BUY,,4131.93,4128.33,4132.93,2.300000000000182,,,SL_AND_TP_SAME_BAR,2.300000000000182,4129.48,2026-07-22T08:40:00+00:00,4128.33,XAUUSD.ecn,4130.63,4132.93,1.0,10.0,True,1784709600
False,SELL,4117.41,4117.41,4125.32,4111.139999999999,1.819999999999709,0.11565585331448408,0.819999999999709,TRAIL_SL,7.0900000000001455,4121.775,2026-07-22T09:28:00+00:00,4125.32,XAUUSD.ecn,4118.23,4111.139999999999,1.0,10.0,True,1784712480
True,BUY,,4119.35,4116.13,4120.2699999999995,2.1500000000005457,,,SL_AND_TP_SAME_BAR,2.069999999999709,4117.165,2026-07-22T09:36:00+00:00,4116.13,XAUUSD.ecn,4118.2,4120.2699999999995,1.0,10.0,True,1784712960
False,BUY,4118.08,4118.08,4114.29,4121.05,1.4099999999998545,0.12130177514788203,0.4099999999998545,TRAIL_SL,3.380000000000109,4115.98,2026-07-22T11:57:00+00:00,4114.29,XAUUSD.ecn,4117.67,4121.05,1.0,10.0,True,1784721420
False,BUY,4116.84,4116.84,4114.18,4119.08,1.2100000000000364,0.08571428571430692,0.21000000000003638,TRAIL_SL,2.449999999999818,4115.405000000001,2026-07-22T13:03:00+00:00,4114.18,XAUUSD.ecn,4116.63,4119.08,1.0,10.0,True,1784725380
False,BUY,4120.48,4120.48,4115.02,4123.0599999999995,2.4399999999996,0.3582089552238232,1.4399999999995998,TRAIL_SL,4.019999999999527,4117.030000000001,2026-07-22T14:50:00+00:00,4115.02,XAUUSD.ecn,4119.04,4123.0599999999995,1.0,10.0,True,1784731800
True,BUY,,4125.18,4122.36,4125.4800000000005,2.2600000000002183,,,SL_AND_TP_SAME_BAR,1.5600000000004002,4123.139999999999,2026-07-22T15:02:00+00:00,4122.36,XAUUSD.ecn,4123.92,4125.4800000000005,1.0,10.0,True,1784732520
False,SELL,4151.55,4151.55,4158.15,4147.09,2.069999999999709,0.1934900542495042,1.069999999999709,TRAIL_SL,5.529999999999745,4155.385,2026-07-22T17:20:00+00:00,4158.15,XAUUSD.ecn,4152.62,4147.09,1.0,10.0,True,1784740800
False,BUY,4150.01,4150.01,4146.25,4151.209999999999,2.280000000000655,0.5161290322584194,1.2800000000006548,TRAIL_SL,2.4799999999995634,4147.49,2026-07-22T17:33:00+00:00,4146.25,XAUUSD.ecn,4148.73,4151.209999999999,1.0,10.0,True,1784741580
False,BUY,4155.32,4155.32,4144.9,4162.52,2.6099999999996726,0.1827468785470601,1.6099999999996726,TRAIL_SL,8.8100000000004,4149.305,2026-07-22T18:06:00+00:00,4144.9,XAUUSD.ecn,4153.71,4162.52,1.0,10.0,True,1784743560
False,BUY,4159.51,4159.51,4155.69,4162.37,1.480000000000473,0.14371257485043473,0.48000000000047294,TRAIL_SL,3.3400000000001455,4157.36,2026-07-22T18:43:00+00:00,4155.69,XAUUSD.ecn,4159.03,4162.37,1.0,10.0,True,1784745780
True,SELL,,4146.87,4150.75,4146.290000000001,2.6500000000005457,,,SL_AND_TP_SAME_BAR,2.2299999999995634,4149.635,2026-07-22T19:45:00+00:00,4150.75,XAUUSD.ecn,4148.52,4146.290000000001,1.0,10.0,True,1784749500
False,SELL,4129.98,4129.98,4131.39,4128.669999999999,1.050000000000182,0.03676470588247095,0.0500000000001819,TRAIL_SL,1.360000000000582,4130.71,2026-07-22T23:47:00+00:00,4131.39,XAUUSD.ecn,4130.03,4128.669999999999,1.0,10.0,True,1784764020
True,SELL,,4120.79,4124.6,4119.799999999999,2.4099999999998545,,,SL_AND_TP_SAME_BAR,2.4000000000005457,4123.4,2026-07-23T02:17:00+00:00,4124.6,XAUUSD.ecn,4122.2,4119.799999999999,1.0,10.0,True,1784773020
False,BUY,4129.81,4129.81,4122.82,4135.48,1.660000000000764,0.10426540284372379,0.660000000000764,TRAIL_SL,6.329999999999927,4125.985,2026-07-23T02:50:00+00:00,4122.82,XAUUSD.ecn,4129.15,4135.48,1.0,10.0,True,1784775000
False,SELL,4128.11,4128.11,4132.15,4126.130000000001,2.030000000000655,0.34219269103019645,1.0300000000006548,TRAIL_SL,3.009999999999309,4130.645,2026-07-23T03:41:00+00:00,4132.15,XAUUSD.ecn,4129.14,4126.130000000001,1.0,10.0,True,1784778060
False,BUY,4133.7,4133.7,4129.5,4137.08,1.4099999999998545,0.1081794195250286,0.4099999999998545,TRAIL_SL,3.7899999999999636,4131.395,2026-07-23T04:02:00+00:00,4129.5,XAUUSD.ecn,4133.29,4137.08,1.0,10.0,True,1784779320
False,SELL,4124.0,4124.0,4133.72,4117.919999999999,2.819999999999709,0.23037974683539028,1.819999999999709,TRAIL_SL,7.900000000000546,4129.77,2026-07-23T04:39:00+00:00,4133.72,XAUUSD.ecn,4125.82,4117.919999999999,1.0,10.0,True,1784781540
False,BUY,4123.87,4123.87,4121.16,4125.48,1.550000000000182,0.254629629629731,0.5500000000001819,TRAIL_SL,2.1599999999998545,4122.24,2026-07-23T05:48:00+00:00,4121.16,XAUUSD.ecn,4123.32,4125.48,1.0,10.0,True,1784785680
False,BUY,4131.64,4131.64,4126.63,4136.329999999999,1.160000000000764,0.03298969072181072,0.16000000000076398,TRAIL_SL,4.849999999999454,4129.055,2026-07-23T06:24:00+00:00,4126.63,XAUUSD.ecn,4131.48,4136.329999999999,1.0,10.0,True,1784787840
False,SELL,4125.29,4125.29,4128.86,4122.760000000001,1.5200000000004366,0.17049180327887234,0.5200000000004366,TRAIL_SL,3.0499999999992724,4127.335,2026-07-23T06:49:00+00:00,4128.86,XAUUSD.ecn,4125.81,4122.760000000001,1.0,10.0,True,1784789340
False,BUY,4126.59,4126.59,4123.96,4128.499999999999,1.360000000000582,0.15859030837033353,0.3600000000005821,TRAIL_SL,2.269999999999527,4125.094999999999,2026-07-23T07:16:00+00:00,4123.96,XAUUSD.ecn,4126.23,4128.499999999999,1.0,10.0,True,1784790960
False,BUY,4123.97,4123.97,4120.37,4126.45,1.5600000000004002,0.18421052631592333,0.5600000000004002,TRAIL_SL,3.0399999999999636,4121.889999999999,2026-07-23T08:12:00+00:00,4120.37,XAUUSD.ecn,4123.41,4126.45,1.0,10.0,True,1784794320
True,SELL,,4122.22,4124.97,4121.63,2.0799999999999272,,,SL_AND_TP_SAME_BAR,1.6700000000000728,4124.135,2026-07-23T08:18:00+00:00,4124.97,XAUUSD.ecn,4123.3,4121.63,1.0,10.0,True,1784794680
False,SELL,4127.14,4127.14,4130.58,4124.5,1.3999999999996362,0.13157894736830295,0.3999999999996362,TRAIL_SL,3.0399999999999636,4129.0599999999995,2026-07-23T08:52:00+00:00,4130.58,XAUUSD.ecn,4127.54,4124.5,1.0,10.0,True,1784796720
False,SELL,4126.81,4126.81,4126.81,4118.409999999999,0.26999999999952706,-1.0,-4.200000000000728,SL,4.200000000000728,4124.71,2026-07-23T08:58:00+00:00,4126.81,XAUUSD.ecn,4122.61,4118.409999999999,1.0,10.0,False,1784797080
False,BUY,4125.18,4125.18,4122.87,4127.490000000001,1.0,0.0,0.0,TRAIL_SL,2.3100000000004,4124.025,2026-07-23T09:20:00+00:00,4122.87,XAUUSD.ecn,4125.18,4127.490000000001,1.0,10.0,True,1784798400
False,SELL,4106.53,4106.53,4112.24,4102.76,1.9700000000002547,0.2046413502110336,0.9700000000002547,TRAIL_SL,4.739999999999782,4109.87,2026-07-23T10:14:00+00:00,4112.24,XAUUSD.ecn,4107.5,4102.76,1.0,10.0,True,1784801640
False,BUY,4110.14,4110.14,4102.19,4114.53,2.780000000000655,0.28849270664515947,1.7800000000006548,TRAIL_SL,6.170000000000073,4105.275,2026-07-23T10:18:00+00:00,4102.19,XAUUSD.ecn,4108.36,4114.53,1.0,10.0,True,1784801880
False,SELL,4090.94,4090.94,4094.26,4089.5,1.9400000000000546,0.3949579831932821,0.9400000000000546,TRAIL_SL,2.380000000000109,4093.07,2026-07-23T12:28:00+00:00,4094.26,XAUUSD.ecn,4091.88,4089.5,1.0,10.0,True,1784809680
True,SELL,,4089.09,4092.22,4089.86,2.949999999999818,,,SL_AND_TP_SAME_BAR,1.1799999999998363,4091.63,2026-07-23T13:00:00+00:00,4092.22,XAUUSD.ecn,4091.04,4089.86,1.0,10.0,True,1784811600
False,BUY,4093.07,4093.07,4087.22,4097.700000000001,1.6100000000001273,0.11641221374047706,0.6100000000001273,TRAIL_SL,5.2400000000002365,4089.84,2026-07-23T13:51:00+00:00,4087.22,XAUUSD.ecn,4092.46,4097.700000000001,1.0,10.0,True,1784814660
True,SELL,,4077.11,4081.55,4076.59,2.9600000000000364,,,SL_AND_TP_SAME_BAR,2.480000000000018,4080.3100000000004,2026-07-23T14:42:00+00:00,4081.55,XAUUSD.ecn,4079.07,4076.59,1.0,10.0,True,1784817720
True,SELL,,4074.17,4083.11,4074.93,5.849999999999909,,,SL_AND_TP_SAME_BAR,4.0900000000001455,4081.065,2026-07-23T15:19:00+00:00,4083.11,XAUUSD.ecn,4079.02,4074.93,1.0,10.0,True,1784819940
False,SELL,4069.96,4069.96,4076.51,4068.45,3.519999999999982,0.625310173697235,2.519999999999982,TRAIL_SL,4.0300000000002,4074.495,2026-07-23T15:32:00+00:00,4076.51,XAUUSD.ecn,4072.48,4068.45,1.0,10.0,True,1784820720
False,SELL,4069.89,4069.89,4074.81,4065.2500000000005,1.1400000000003274,0.02928870292894035,0.14000000000032742,TRAIL_SL,4.779999999999745,4072.42,2026-07-23T15:38:00+00:00,4074.81,XAUUSD.ecn,4070.03,4065.2500000000005,1.0,10.0,True,1784821080
False,BUY,4063.61,4063.61,4052.72,4071.8400000000006,2.3299999999999272,0.13912133891212045,1.3299999999999272,TRAIL_SL,9.5600000000004,4057.5,2026-07-23T16:34:00+00:00,4052.72,XAUUSD.ecn,4062.28,4071.8400000000006,1.0,10.0,True,1784824440
False,SELL,4051.3,4051.3,4062.25,4047.8500000000004,4.75,0.5208333333333465,3.75,TRAIL_SL,7.199999999999818,4058.65,2026-07-23T16:48:00+00:00,4062.25,XAUUSD.ecn,4055.05,4047.8500000000004,1.0,10.0,True,1784825280
False,SELL,4047.94,4047.94,4056.47,4045.0500000000006,3.8200000000001637,0.49387040280216643,2.8200000000001637,TRAIL_SL,5.709999999999582,4053.615,2026-07-23T17:00:00+00:00,4056.47,XAUUSD.ecn,4050.76,4045.0500000000006,1.0,10.0,True,1784826000
False,BUY,4059.35,4059.35,4055.96,4060.6000000000004,2.069999999999709,0.46120689655156616,1.069999999999709,TRAIL_SL,2.3200000000001637,4057.12,2026-07-23T17:49:00+00:00,4055.96,XAUUSD.ecn,4058.28,4060.6000000000004,1.0,10.0,True,1784828940
False,SELL,4052.13,4052.13,4057.63,4046.75,1.0599999999999454,0.01102941176469574,0.05999999999994543,TRAIL_SL,5.440000000000055,4054.91,2026-07-23T18:11:00+00:00,4057.63,XAUUSD.ecn,4052.19,4046.75,1.0,10.0,True,1784830260
False,SELL,4045.24,4045.24,4048.39,4043.4100000000003,1.6600000000003092,0.2650602409640028,0.6600000000003092,TRAIL_SL,2.4899999999997817,4047.145,2026-07-23T20:37:00+00:00,4048.39,XAUUSD.ecn,4045.9,4043.4100000000003,1.0,10.0,True,1784839020
False,BUY,4045.19,4045.19,4045.19,4048.47,0.849999999999909,-1.0,-1.6399999999998727,SL,1.6399999999998727,4046.01,2026-07-23T22:02:00+00:00,4045.19,XAUUSD.ecn,4046.83,4048.47,1.0,10.0,False,1784844120
False,SELL,4043.88,4043.88,4047.76,4041.96,1.9800000000000182,0.3379310344827543,0.9800000000000182,TRAIL_SL,2.900000000000091,4046.3100000000004,2026-07-24T05:35:00+00:00,4047.76,XAUUSD.ecn,4044.86,4041.96,1.0,10.0,True,1784871300
True,SELL,,4031.04,4032.47,4030.2900000000004,1.3400000000001455,,,SL_AND_TP_SAME_BAR,1.0899999999996908,4031.925,2026-07-24T06:21:00+00:00,4032.47,XAUUSD.ecn,4031.38,4030.2900000000004,1.0,10.0,True,1784874060
True,SELL,,4023.6,4030.47,4023.85,4.559999999999945,,,SL_AND_TP_SAME_BAR,3.3099999999999454,4028.8149999999996,2026-07-24T08:18:00+00:00,4030.47,XAUUSD.ecn,4027.16,4023.85,1.0,10.0,True,1784881080
False,BUY,4027.84,4027.84,4024.13,4030.6499999999996,1.4500000000002728,0.13803680981604463,0.45000000000027285,TRAIL_SL,3.2599999999997635,4025.76,2026-07-24T08:24:00+00:00,4024.13,XAUUSD.ecn,4027.39,4030.6499999999996,1.0,10.0,True,1784881440
False,SELL,4023.03,4023.03,4029.25,4021.6499999999996,3.419999999999618,0.6368421052630269,2.419999999999618,TRAIL_SL,3.800000000000182,4027.35,2026-07-24T08:54:00+00:00,4029.25,XAUUSD.ecn,4025.45,4021.6499999999996,1.0,10.0,True,1784883240
False,BUY,4037.49,4037.49,4032.23,4038.97,2.8899999999998727,0.560830860534105,1.8899999999998727,TRAIL_SL,3.369999999999891,4033.915,2026-07-24T09:59:00+00:00,4032.23,XAUUSD.ecn,4035.6,4038.97,1.0,10.0,True,1784887140
False,BUY,4046.08,4046.08,4041.68,4048.9,1.7899999999999636,0.2188365650969351,0.7899999999999636,TRAIL_SL,3.6100000000001273,4043.4849999999997,2026-07-24T10:11:00+00:00,4041.68,XAUUSD.ecn,4045.29,4048.9,1.0,10.0,True,1784887860
False,SELL,4054.6,4054.6,4058.58,4050.8,1.0900000000001455,0.023136246786670558,0.09000000000014552,TRAIL_SL,3.8899999999998727,4056.635,2026-07-24T15:03:00+00:00,4058.58,XAUUSD.ecn,4054.69,4050.8,1.0,10.0,True,1784905380
False,BUY,4057.2500000000005,4057.41,4054.85,4057.2500000000005,2.3599999999996726,1.0,1.2000000000002728,TP,1.2000000000002728,4055.45,2026-07-24T15:25:00+00:00,4054.85,XAUUSD.ecn,4056.05,4057.2500000000005,1.0,10.0,True,1784906700
False,BUY,4052.6,4052.6,4052.6,4053.7999999999997,0.2300000000000182,-1.0,-0.599999999999909,SL,0.599999999999909,4052.8999999999996,2026-07-24T15:46:00+00:00,4052.6,XAUUSD.ecn,4053.2,4053.7999999999997,1.0,10.0,False,1784907960
False,BUY,4059.92,4059.92,4048.79,4060.9700000000003,6.039999999999964,0.827586206896526,5.039999999999964,TRAIL_SL,6.0900000000001455,4051.835,2026-07-24T16:48:00+00:00,4048.79,XAUUSD.ecn,4054.88,4060.9700000000003,1.0,10.0,True,1784911680
False,BUY,4065.06,4065.06,4056.93,4071.9900000000002,1.599999999999909,0.07968127490038421,0.599999999999909,TRAIL_SL,7.5300000000002,4060.6949999999997,2026-07-24T17:27:00+00:00,4056.93,XAUUSD.ecn,4064.46,4071.9900000000002,1.0,10.0,True,1784914020
False,BUY,4063.34,4063.34,4059.66,4066.08,1.4700000000002547,0.14641744548294372,0.47000000000025466,TRAIL_SL,3.2100000000000364,4061.265,2026-07-24T17:51:00+00:00,4059.66,XAUUSD.ecn,4062.87,4066.08,1.0,10.0,True,1784915460
True,BUY,,4064.82,4061.33,4065.01,2.650000000000091,,,SL_AND_TP_SAME_BAR,1.8400000000001455,4062.25,2026-07-24T17:59:00+00:00,4061.33,XAUUSD.ecn,4063.17,4065.01,1.0,10.0,True,1784915940
False,BUY,4061.97,4061.97,4061.97,4067.61,0.19000000000005457,-1.0,-2.8200000000001637,SL,2.8200000000001637,4063.38,2026-07-24T18:03:00+00:00,4061.97,XAUUSD.ecn,4064.79,4067.61,1.0,10.0,False,1784916180
False,SELL,4072.72,4072.72,4077.94,4067.8799999999997,1.1900000000000546,0.03777335984096362,0.19000000000005457,TRAIL_SL,5.0300000000002,4075.425,2026-07-24T19:32:00+00:00,4077.94,XAUUSD.ecn,4072.91,4067.8799999999997,1.0,10.0,True,1784921520
True,SELL,,4064.04,4068.45,4064.01,3.1900000000000546,,,SL_AND_TP_SAME_BAR,2.2199999999998,4067.34,2026-07-24T20:10:00+00:00,4068.45,XAUUSD.ecn,4066.23,4064.01,1.0,10.0,True,1784923800
False,BUY,4054.41,4054.41,4051.1,4055.6200000000003,2.049999999999727,0.46460176991133884,1.0499999999997272,TRAIL_SL,2.2600000000002183,4052.23,2026-07-24T21:48:00+00:00,4051.1,XAUUSD.ecn,4053.36,4055.6200000000003,1.0,10.0,True,1784929680
True,BUY,,4091.17,4086.11,4089.9100000000003,4.1599999999998545,,,SL_AND_TP_SAME_BAR,1.900000000000091,4087.0600000000004,2026-07-27T02:45:00+00:00,4086.11,XAUUSD.ecn,4088.01,4089.9100000000003,1.0,10.0,True,1785120300
False,BUY,4094.86,4094.86,4088.6,4099.040000000001,2.0399999999999636,0.1992337164750791,1.0399999999999636,TRAIL_SL,5.220000000000255,4091.21,2026-07-27T02:51:00+00:00,4088.6,XAUUSD.ecn,4093.82,4099.040000000001,1.0,10.0,True,1785120660
False,BUY,4106.99,4106.99,4106.99,4118.450000000001,0.9299999999993815,-1.0,-5.730000000000473,SL,5.730000000000473,4109.855,2026-07-27T03:15:00+00:00,4106.99,XAUUSD.ecn,4112.72,4118.450000000001,1.0,10.0,False,1785122100
True,BUY,,4096.09,4090.91,4096.49,3.3900000000003274,,,SL_AND_TP_SAME_BAR,2.7899999999999636,4092.305,2026-07-27T03:31:00+00:00,4090.91,XAUUSD.ecn,4093.7,4096.49,1.0,10.0,True,1785123060
False,BUY,4102.5,4102.5,4098.44,4106.180000000001,1.1899999999995998,0.04909560723502856,0.18999999999959982,TRAIL_SL,3.8700000000008004,4100.375,2026-07-27T04:41:00+00:00,4098.44,XAUUSD.ecn,4102.31,4106.180000000001,1.0,10.0,True,1785127260
False,BUY,4089.78,4089.78,4086.56,4090.9,2.050000000000182,0.4838709677420031,1.050000000000182,TRAIL_SL,2.1700000000000728,4087.645,2026-07-27T06:35:00+00:00,4086.56,XAUUSD.ecn,4088.73,4090.9,1.0,10.0,True,1785134100
True,SELL,,4087.84,4089.22,4086.9,1.2199999999998,,,SL_AND_TP_SAME_BAR,1.1599999999998545,4088.64,2026-07-27T08:27:00+00:00,4089.22,XAUUSD.ecn,4088.06,4086.9,1.0,10.0,True,1785140820
False,BUY,4097.36,4097.36,4094.69,4100.01,1.0099999999993088,0.0037593984959803086,0.009999999999308784,TRAIL_SL,2.6600000000003092,4096.02,2026-07-27T09:38:00+00:00,4094.69,XAUUSD.ecn,4097.35,4100.01,1.0,10.0,True,1785145080
True,SELL,,4092.37,4094.77,4092.53,2.2800000000002,,,SL_AND_TP_SAME_BAR,1.1199999999998909,4094.21,2026-07-27T12:31:00+00:00,4094.77,XAUUSD.ecn,4093.65,4092.53,1.0,10.0,True,1785155460
False,SELL,4092.26,4092.26,4093.74,4091.1000000000004,1.1599999999998545,0.1212121212120377,0.15999999999985448,TRAIL_SL,1.319999999999709,4093.08,2026-07-27T12:39:00+00:00,4093.74,XAUUSD.ecn,4092.42,4091.1000000000004,1.0,10.0,True,1785155940
False,BUY,4098.34,4098.34,4095.47,4099.59,1.8100000000004002,0.3932038834953503,0.8100000000004002,TRAIL_SL,2.0599999999999454,4096.5,2026-07-27T13:40:00+00:00,4095.47,XAUUSD.ecn,4097.53,4099.59,1.0,10.0,True,1785159600
False,SELL,4079.76,4079.76,4084.9,4075.22,1.2999999999997272,0.06198347107432193,0.29999999999972715,TRAIL_SL,4.8400000000001455,4082.48,2026-07-27T16:30:00+00:00,4084.9,XAUUSD.ecn,4080.06,4075.22,1.0,10.0,True,1785169800
True,BUY,,4087.59,4078.15,4088.3299999999995,5.350000000000364,,,SL_AND_TP_SAME_BAR,5.089999999999691,4080.6949999999997,2026-07-27T19:10:00+00:00,4078.15,XAUUSD.ecn,4083.24,4088.3299999999995,1.0,10.0,True,1785179400
False,BUY,4078.29,4078.29,4075.28,4079.9199999999996,1.6900000000000546,0.2974137931035091,0.6900000000000546,TRAIL_SL,2.319999999999709,4076.44,2026-07-27T21:55:00+00:00,4075.28,XAUUSD.ecn,4077.6,4079.9199999999996,1.0,10.0,True,1785189300
False,SELL,4063.54,4063.54,4070.75,4059.0299999999997,2.349999999999909,0.23037542662113988,1.349999999999909,TRAIL_SL,5.860000000000127,4067.8199999999997,2026-07-28T03:07:00+00:00,4070.75,XAUUSD.ecn,4064.89,4059.0299999999997,1.0,10.0,True,1785208020
False,SELL,4042.13,4042.13,4045.21,4039.75,1.349999999999909,0.12820512820509403,0.34999999999990905,TRAIL_SL,2.730000000000018,4043.8450000000003,2026-07-28T05:57:00+00:00,4045.21,XAUUSD.ecn,4042.48,4039.75,1.0,10.0,True,1785218220
False,SELL,4044.02,4044.02,4047.47,4041.31,1.3699999999998909,0.12012987012983753,0.36999999999989086,TRAIL_SL,3.0799999999999272,4045.93,2026-07-28T07:50:00+00:00,4047.47,XAUUSD.ecn,4044.39,4041.31,1.0,10.0,True,1785225000
False,BUY,4027.82,4027.82,4024.25,4030.83,1.2800000000002,0.08510638297878516,0.2800000000002001,TRAIL_SL,3.2899999999999636,4025.895,2026-07-28T13:55:00+00:00,4024.25,XAUUSD.ecn,4027.54,4030.83,1.0,10.0,True,1785246900
True,BUY,,4033.21,4027.29,4034.1899999999996,3.4700000000002547,,,SL_AND_TP_SAME_BAR,3.449999999999818,4029.015,2026-07-28T15:22:00+00:00,4027.29,XAUUSD.ecn,4030.74,4034.1899999999996,1.0,10.0,True,1785252120
False,SELL,4021.26,4021.26,4032.67,4014.83,3.4899999999997817,0.27914798206275354,2.4899999999997817,TRAIL_SL,8.920000000000073,4028.21,2026-07-28T16:40:00+00:00,4032.67,XAUUSD.ecn,4023.75,4014.83,1.0,10.0,True,1785256800
False,BUY,4029.11,4029.11,4025.01,4030.71,2.25,0.4385964912280842,1.25,TRAIL_SL,2.849999999999909,4026.4350000000004,2026-07-28T17:07:00+00:00,4025.01,XAUUSD.ecn,4027.86,4030.71,1.0,10.0,True,1785258420
False,SELL,4017.67,4017.67,4020.79,4014.75,1.099999999999909,0.033112582781427036,0.09999999999990905,TRAIL_SL,3.019999999999982,4019.2799999999997,2026-07-28T17:23:00+00:00,4020.79,XAUUSD.ecn,4017.77,4014.75,1.0,10.0,True,1785259380
False,BUY,4027.8,4027.8,4021.92,4030.04,2.8200000000001637,0.4482758620690119,1.8200000000001637,TRAIL_SL,4.059999999999945,4023.95,2026-07-28T17:52:00+00:00,4021.92,XAUUSD.ecn,4025.98,4030.04,1.0,10.0,True,1785261120
True,BUY,,4035.42,4023.86,4031.5399999999995,8.720000000000255,,,SL_AND_TP_SAME_BAR,3.8399999999996908,4025.7799999999997,2026-07-28T18:11:00+00:00,4023.86,XAUUSD.ecn,4027.7,4031.5399999999995,1.0,10.0,True,1785262260
False,BUY,4037.35,4037.35,4034.0,4040.24,1.2300000000000182,0.07371794871795713,0.2300000000000182,TRAIL_SL,3.119999999999891,4035.56,2026-07-28T18:22:00+00:00,4034.0,XAUUSD.ecn,4037.12,4040.24,1.0,10.0,True,1785262920
True,SELL,,4014.79,4022.77,4014.6299999999997,4.9099999999998545,,,SL_AND_TP_SAME_BAR,4.070000000000164,4020.7349999999997,2026-07-29T01:26:00+00:00,4022.77,XAUUSD.ecn,4018.7,4014.6299999999997,1.0,10.0,True,1785288360
False,SELL,4018.54,4018.54,4018.54,4014.7,0.5599999999999454,-1.0,-1.9200000000000728,SL,1.9200000000000728,4017.58,2026-07-29T01:47:00+00:00,4018.54,XAUUSD.ecn,4016.62,4014.7,1.0,10.0,False,1785289620
False,SELL,4016.98,4016.98,4022.97,4014.6300000000006,2.8200000000001637,0.4364508393286164,1.8200000000001637,TRAIL_SL,4.169999999999618,4020.885,2026-07-29T02:17:00+00:00,4022.97,XAUUSD.ecn,4018.8,4014.6300000000006,1.0,10.0,True,1785291420
False,SELL,4012.41,4012.41,4023.22,4007.4,3.900000000000091,0.36662452591657957,2.900000000000091,TRAIL_SL,7.9099999999998545,4019.265,2026-07-29T04:06:00+00:00,4023.22,XAUUSD.ecn,4015.31,4007.4,1.0,10.0,True,1785297960
False,BUY,4033.14,4033.14,4027.03,4038.57,1.3399999999996908,0.05892547660306618,0.33999999999969077,TRAIL_SL,5.769999999999982,4029.915,2026-07-29T05:25:00+00:00,4027.03,XAUUSD.ecn,4032.8,4038.57,1.0,10.0,True,1785302700
False,SELL,4027.36,4027.36,4027.36,4025.28,0.8900000000003274,-1.0,-1.0399999999999636,SL,1.0399999999999636,4026.84,2026-07-29T07:50:00+00:00,4027.36,XAUUSD.ecn,4026.32,4025.28,1.0,10.0,False,1785311400
False,SELL,4017.41,4017.41,4025.43,4011.4500000000003,2.0300000000002,0.14735336194566986,1.0300000000002,TRAIL_SL,6.989999999999782,4021.935,2026-07-29T16:10:00+00:00,4025.43,XAUUSD.ecn,4018.44,4011.4500000000003,1.0,10.0,True,1785341400
False,SELL,4014.12,4014.12,4020.45,4009.6900000000005,1.9500000000002728,0.17657992565061967,0.9500000000002728,TRAIL_SL,5.379999999999654,4017.76,2026-07-29T16:33:00+00:00,4020.45,XAUUSD.ecn,4015.07,4009.6900000000005,1.0,10.0,True,1785342780
False,SELL,3998.61,3998.61,4006.62,3995.8,3.599999999999909,0.48059149722735284,2.599999999999909,TRAIL_SL,5.4099999999998545,4003.915,2026-07-29T17:11:00+00:00,4006.62,XAUUSD.ecn,4001.21,3995.8,1.0,10.0,True,1785345060
False,BUY,4046.47,4046.47,4036.99,4053.8500000000004,2.049999999999727,0.12455516014231209,1.0499999999997272,TRAIL_SL,8.430000000000291,4041.205,2026-07-29T20:45:00+00:00,4036.99,XAUUSD.ecn,4045.42,4053.8500000000004,1.0,10.0,True,1785357900
True,BUY,,4107.08,4097.72,4105.099999999999,6.670000000000073,,,SL_AND_TP_SAME_BAR,3.6899999999996,4099.5650000000005,2026-07-29T21:55:00+00:00,4097.72,XAUUSD.ecn,4101.41,4105.099999999999,1.0,10.0,True,1785362100
False,BUY,4054.66,4054.66,4049.38,4058.46,1.7399999999997817,0.1629955947136096,0.7399999999997817,TRAIL_SL,4.539999999999964,4051.65,2026-07-29T23:30:00+00:00,4049.38,XAUUSD.ecn,4053.92,4058.46,1.0,10.0,True,1785367800
False,SELL,4068.83,4068.83,4074.5,4064.3599999999997,1.599999999999909,0.11834319526625042,0.599999999999909,TRAIL_SL,5.070000000000164,4071.965,2026-07-30T01:08:00+00:00,4074.5,XAUUSD.ecn,4069.43,4064.3599999999997,1.0,10.0,True,1785373680
False,BUY,4076.47,4076.47,4067.83,4082.95,2.0799999999999272,0.14285714285713427,1.0799999999999272,TRAIL_SL,7.559999999999945,4071.6099999999997,2026-07-30T01:16:00+00:00,4067.83,XAUUSD.ecn,4075.39,4082.95,1.0,10.0,True,1785374160
False,BUY,4087.42,4087.42,4084.2,4088.62,2.0100000000002183,0.45701357466072473,1.0100000000002183,TRAIL_SL,2.2100000000000364,4085.305,2026-07-30T01:58:00+00:00,4084.2,XAUUSD.ecn,4086.41,4088.62,1.0,10.0,True,1785376680
True,BUY,,4094.18,4086.98,4090.2599999999998,6.559999999999945,,,SL_AND_TP_SAME_BAR,1.6399999999998727,4087.8,2026-07-30T02:02:00+00:00,4086.98,XAUUSD.ecn,4088.62,4090.2599999999998,1.0,10.0,True,1785376920
False,BUY,4094.39,4094.39,4094.39,4097.810000000001,0.7199999999993452,-1.0,-1.7100000000004911,SL,1.7100000000004911,4095.245,2026-07-30T02:09:00+00:00,4094.39,XAUUSD.ecn,4096.1,4097.810000000001,1.0,10.0,False,1785377340
False,SELL,4078.43,4078.43,4081.16,4076.0600000000004,1.180000000000291,0.07058823529423933,0.18000000000029104,TRAIL_SL,2.549999999999727,4079.885,2026-07-30T03:21:00+00:00,4081.16,XAUUSD.ecn,4078.61,4076.0600000000004,1.0,10.0,True,1785381660
False,SELL,4073.76,4073.76,4080.72,4070.32,2.7599999999997635,0.33846153846150484,1.7599999999997635,TRAIL_SL,5.199999999999818,4078.12,2026-07-30T03:28:00+00:00,4080.72,XAUUSD.ecn,4075.52,4070.32,1.0,10.0,True,1785382080
False,SELL,4074.66,4074.66,4087.11,4070.1299999999997,4.960000000000036,0.4664310954063517,3.9600000000000364,TRAIL_SL,8.490000000000236,4082.865,2026-07-30T04:17:00+00:00,4087.11,XAUUSD.ecn,4078.62,4070.1299999999997,1.0,10.0,True,1785385020
False,BUY,4087.01,4087.01,4081.36,4088.7000000000003,2.980000000000018,0.5395095367847355,1.9800000000000182,TRAIL_SL,3.6700000000000728,4083.195,2026-07-30T04:34:00+00:00,4081.36,XAUUSD.ecn,4085.03,4088.7000000000003,1.0,10.0,True,1785386040
False,SELL,4079.39,4079.39,4083.87,4078.29,2.6900000000000546,0.6057347670251171,1.6900000000000546,TRAIL_SL,2.7899999999999636,4082.475,2026-07-30T05:18:00+00:00,4083.87,XAUUSD.ecn,4081.08,4078.29,1.0,10.0,True,1785388680
False,BUY,4062.52,4062.52,4062.52,4071.48,0.6999999999998181,-1.0,-4.480000000000018,SL,4.480000000000018,4064.76,2026-07-30T06:07:00+00:00,4062.52,XAUUSD.ecn,4067.0,4071.48,1.0,10.0,False,1785391620
False,SELL,4056.55,4056.55,4061.19,4054.23,2.1599999999998545,0.3333333333332898,1.1599999999998545,TRAIL_SL,3.480000000000018,4059.45,2026-07-30T06:22:00+00:00,4061.19,XAUUSD.ecn,4057.71,4054.23,1.0,10.0,True,1785392520
True,BUY,,4048.77,4046.15,4048.0899999999997,2.650000000000091,,,SL_AND_TP_SAME_BAR,0.9699999999997999,4046.635,2026-07-30T08:32:00+00:00,4046.15,XAUUSD.ecn,4047.12,4048.0899999999997,1.0,10.0,True,1785400320
False,SELL,4034.36,4034.36,4044.43,4028.69,3.199999999999818,0.27954256670900235,2.199999999999818,TRAIL_SL,7.869999999999891,4040.495,2026-07-30T08:40:00+00:00,4044.43,XAUUSD.ecn,4036.56,4028.69,1.0,10.0,True,1785400800
False,SELL,4032.05,4032.05,4038.7,4028.8200000000006,2.7100000000000364,0.34615384615388156,1.7100000000000364,TRAIL_SL,4.9399999999996,4036.23,2026-07-30T09:29:00+00:00,4038.7,XAUUSD.ecn,4033.76,4028.8200000000006,1.0,10.0,True,1785403740
False,SELL,4036.53,4036.53,4038.86,4034.7000000000003,1.25,0.1201923076923119,0.25,TRAIL_SL,2.0799999999999272,4037.82,2026-07-30T09:59:00+00:00,4038.86,XAUUSD.ecn,4036.78,4034.7000000000003,1.0,10.0,True,1785405540
False,SELL,4045.93,4045.93,4051.36,4041.9,1.7000000000002728,0.14799154334043765,0.7000000000002728,TRAIL_SL,4.730000000000018,4048.995,2026-07-30T10:22:00+00:00,4051.36,XAUUSD.ecn,4046.63,4041.9,1.0,10.0,True,1785406920
False,BUY,4042.51,4042.51,4042.51,4044.87,0.07999999999992724,-1.0,-1.1799999999998363,SL,1.1799999999998363,4043.1000000000004,2026-07-30T10:46:00+00:00,4042.51,XAUUSD.ecn,4043.69,4044.87,1.0,10.0,False,1785408360
False,SELL,4063.97,4063.97,4070.67,4061.8099999999995,3.269999999999982,0.5124153498870954,2.269999999999982,TRAIL_SL,4.430000000000291,4068.455,2026-07-30T11:40:00+00:00,4070.67,XAUUSD.ecn,4066.24,4061.8099999999995,1.0,10.0,True,1785411600
False,BUY,4066.5,4066.5,4066.5,4073.4399999999996,0.6900000000000546,-1.0,-3.4699999999998,SL,3.4699999999998,4068.2349999999997,2026-07-30T12:52:00+00:00,4066.5,XAUUSD.ecn,4069.97,4073.4399999999996,1.0,10.0,False,1785415920
False,SELL,4065.93,4065.93,4070.66,4063.7799999999997,2.2899999999999636,0.37499999999998346,1.2899999999999636,TRAIL_SL,3.4400000000000546,4068.9399999999996,2026-07-30T13:01:00+00:00,4070.66,XAUUSD.ecn,4067.22,4063.7799999999997,1.0,10.0,True,1785416460
False,BUY,4064.94,4064.94,4062.96,4066.8999999999996,1.0100000000002183,0.005076142132091012,0.010000000000218279,TRAIL_SL,1.9699999999998,4063.9449999999997,2026-07-30T13:04:00+00:00,4062.96,XAUUSD.ecn,4064.93,4066.8999999999996,1.0,10.0,True,1785416640
False,BUY,4065.74,4065.74,4065.74,4072.5,0.010000000000218279,-1.0,-3.380000000000109,SL,3.380000000000109,4067.43,2026-07-30T13:11:00+00:00,4065.74,XAUUSD.ecn,4069.12,4072.5,1.0,10.0,False,1785417060
False,BUY,4075.71,4075.71,4067.12,4080.24,3.0300000000002,0.3094512195122282,2.0300000000002,TRAIL_SL,6.559999999999945,4070.3999999999996,2026-07-30T13:18:00+00:00,4067.12,XAUUSD.ecn,4073.68,4080.24,1.0,10.0,True,1785417480
False,SELL,4077.26,4077.26,4081.69,4073.3300000000004,1.25,0.05980861244019373,0.25,TRAIL_SL,4.179999999999836,4079.6000000000004,2026-07-30T14:29:00+00:00,4081.69,XAUUSD.ecn,4077.51,4073.3300000000004,1.0,10.0,True,1785421740
False,SELL,4075.92,4075.92,4081.85,4073.3300000000004,2.6700000000000728,0.39201877934276186,1.6700000000000728,TRAIL_SL,4.2599999999997635,4079.7200000000003,2026-07-30T15:13:00+00:00,4081.85,XAUUSD.ecn,4077.59,4073.3300000000004,1.0,10.0,True,1785424380
False,BUY,4075.5,4075.5,4066.58,4080.42,3.0,0.2890173410404594,2.0,TRAIL_SL,6.920000000000073,4070.04,2026-07-30T16:09:00+00:00,4066.58,XAUUSD.ecn,4073.5,4080.42,1.0,10.0,True,1785427740
False,BUY,4090.65,4090.65,4077.83,4093.3500000000004,6.059999999999945,0.6520618556700777,5.059999999999945,TRAIL_SL,7.760000000000218,4081.71,2026-07-30T16:39:00+00:00,4077.83,XAUUSD.ecn,4085.59,4093.3500000000004,1.0,10.0,True,1785429540
False,BUY,4096.48,4096.48,4085.56,4098.66,5.369999999999436,0.6671755725189793,4.369999999999436,TRAIL_SL,6.550000000000182,4088.835,2026-07-30T16:49:00+00:00,4085.56,XAUUSD.ecn,4092.11,4098.66,1.0,10.0,True,1785430140
False,SELL,4100.03,4100.03,4106.49,4094.83,1.6300000000001091,0.1080617495712036,0.6300000000001091,TRAIL_SL,5.829999999999927,4103.575,2026-07-30T17:09:00+00:00,4106.49,XAUUSD.ecn,4100.66,4094.83,1.0,10.0,True,1785431340
False,SELL,4085.74,4085.74,4090.38,4083.04,1.9700000000002547,0.26430517711178075,0.9700000000002547,TRAIL_SL,3.6700000000000728,4088.545,2026-07-30T18:14:00+00:00,4090.38,XAUUSD.ecn,4086.71,4083.04,1.0,10.0,True,1785435240
False,BUY,4099.85,4099.85,4093.06,4102.700000000001,2.9700000000002547,0.40871369294609705,1.9700000000002547,TRAIL_SL,4.820000000000164,4095.4700000000003,2026-07-30T18:35:00+00:00,4093.06,XAUUSD.ecn,4097.88,4102.700000000001,1.0,10.0,True,1785436500
False,BUY,4109.72,4109.72,4106.66,4112.0599999999995,1.360000000000582,0.1333333333335579,0.3600000000005821,TRAIL_SL,2.699999999999818,4108.01,2026-07-30T19:57:00+00:00,4106.66,XAUUSD.ecn,4109.36,4112.0599999999995,1.0,10.0,True,1785441420
False,SELL,4105.61,4105.61,4107.59,4103.969999999999,1.1700000000000728,0.0939226519337211,0.17000000000007276,TRAIL_SL,1.8100000000004002,4106.6849999999995,2026-07-30T20:16:00+00:00,4107.59,XAUUSD.ecn,4105.78,4103.969999999999,1.0,10.0,True,1785442560
False,SELL,4100.96,4100.96,4104.17,4098.35,1.300000000000182,0.1030927835052223,0.3000000000001819,TRAIL_SL,2.9099999999998545,4102.715,2026-07-30T21:50:00+00:00,4104.17,XAUUSD.ecn,4101.26,4098.35,1.0,10.0,True,1785448200
False,BUY,4114.34,4114.34,4109.97,4116.03,2.3400000000001455,0.4422442244225274,1.3400000000001455,TRAIL_SL,3.0299999999997453,4111.485000000001,2026-07-30T22:28:00+00:00,4109.97,XAUUSD.ecn,4113.0,4116.03,1.0,10.0,True,1785450480
False,SELL,4102.36,4102.36,4107.29,4099.750000000001,2.160000000000764,0.30769230769254896,1.160000000000764,TRAIL_SL,3.769999999999527,4105.405000000001,2026-07-30T23:46:00+00:00,4107.29,XAUUSD.ecn,4103.52,4099.750000000001,1.0,10.0,True,1785455160
False,SELL,4104.16,4104.16,4106.37,4103.150000000001,1.6000000000003638,0.3726708074537179,0.6000000000003638,TRAIL_SL,1.6099999999996726,4105.5650000000005,2026-07-31T03:03:00+00:00,4106.37,XAUUSD.ecn,4104.76,4103.150000000001,1.0,10.0,True,1785466980
False,SELL,4095.55,4095.55,4102.79,4091.5700000000006,2.630000000000109,0.2905525846702681,1.6300000000001091,TRAIL_SL,5.609999999999673,4099.985000000001,2026-07-31T03:30:00+00:00,4102.79,XAUUSD.ecn,4097.18,4091.5700000000006,1.0,10.0,True,1785468600
False,SELL,4091.29,4091.29,4099.91,4082.9700000000003,1.150000000000091,0.017709563164119774,0.15000000000009095,TRAIL_SL,8.4699999999998,4095.675,2026-07-31T04:17:00+00:00,4099.91,XAUUSD.ecn,4091.44,4082.9700000000003,1.0,10.0,True,1785471420
False,SELL,4076.37,4076.37,4082.53,4072.57,2.180000000000291,0.2369477911647162,1.180000000000291,TRAIL_SL,4.980000000000018,4080.04,2026-07-31T05:46:00+00:00,4082.53,XAUUSD.ecn,4077.55,4072.57,1.0,10.0,True,1785476760
False,SELL,4079.73,4079.73,4083.81,4076.2900000000004,1.3200000000001637,0.0851063829787723,0.3200000000001637,TRAIL_SL,3.7599999999997635,4081.9300000000003,2026-07-31T09:36:00+00:00,4083.81,XAUUSD.ecn,4080.05,4076.2900000000004,1.0,10.0,True,1785490560
True,SELL,,4070.17,4075.1,4069.4,3.0799999999999272,,,SL_AND_TP_SAME_BAR,2.849999999999909,4073.675,2026-07-31T10:33:00+00:00,4075.1,XAUUSD.ecn,4072.25,4069.4,1.0,10.0,True,1785493980
False,SELL,4052.55,4052.55,4057.45,4049.1900000000005,1.7699999999999818,0.18644067796611288,0.7699999999999818,TRAIL_SL,4.129999999999654,4055.385,2026-07-31T12:27:00+00:00,4057.45,XAUUSD.ecn,4053.32,4049.1900000000005,1.0,10.0,True,1785500820
False,BUY,4057.67,4057.67,4053.84,4060.74,1.3800000000001091,0.11014492753626932,0.38000000000010914,TRAIL_SL,3.449999999999818,4055.565,2026-07-31T14:13:00+00:00,4053.84,XAUUSD.ecn,4057.29,4060.74,1.0,10.0,True,1785507180
False,BUY,4056.33,4056.33,4056.33,4061.1099999999997,0.3200000000001637,-1.0,-2.3899999999998727,SL,2.3899999999998727,4057.5249999999996,2026-07-31T14:28:00+00:00,4056.33,XAUUSD.ecn,4058.72,4061.1099999999997,1.0,10.0,False,1785508080
False,BUY,4041.75,4041.75,4037.42,4045.34,1.3699999999998909,0.09343434343431502,0.36999999999989086,TRAIL_SL,3.9600000000000364,4039.4,2026-07-31T16:26:00+00:00,4037.42,XAUUSD.ecn,4041.38,4045.34,1.0,10.0,True,1785515160
False,SELL,4027.01,4027.01,4030.0,4024.62,1.2999999999997272,0.11152416356866954,0.29999999999972715,TRAIL_SL,2.6900000000000546,4028.6549999999997,2026-07-31T17:09:00+00:00,4030.0,XAUUSD.ecn,4027.31,4024.62,1.0,10.0,True,1785517740
False,BUY,4045.8,4045.8,4042.19,4049.1299999999997,1.1400000000003274,0.0403458213257451,0.14000000000032742,TRAIL_SL,3.4699999999998,4043.925,2026-07-31T20:17:00+00:00,4042.19,XAUUSD.ecn,4045.66,4049.1299999999997,1.0,10.0,True,1785529020
False,BUY,4051.96,4051.96,4045.69,4057.69,1.2699999999999818,0.044999999999996966,0.2699999999999818,TRAIL_SL,6.0,4048.69,2026-07-31T20:33:00+00:00,4045.69,XAUUSD.ecn,4051.69,4057.69,1.0,10.0,True,1785529980
False,SELL,4051.06,4051.06,4051.06,4048.48,0.44000000000005457,-1.0,-1.2899999999999636,SL,1.2899999999999636,4050.415,2026-07-31T21:48:00+00:00,4051.06,XAUUSD.ecn,4049.77,4048.48,1.0,10.0,False,1785534480
False,BUY,4054.13,4054.13,4050.09,4057.09,1.5399999999999636,0.1542857142857039,0.5399999999999636,TRAIL_SL,3.5,4051.84,2026-07-31T22:47:00+00:00,4050.09,XAUUSD.ecn,4053.59,4057.09,1.0,10.0,True,1785538020
False,SELL,4047.07,4047.07,4049.28,4044.8799999999997,1.0099999999997635,0.004545454545346496,0.009999999999763531,TRAIL_SL,2.200000000000273,4048.1800000000003,2026-07-31T23:08:00+00:00,4049.28,XAUUSD.ecn,4047.08,4044.8799999999997,1.0,10.0,True,1785539280
False,SELL,4068.49,4068.49,4078.46,4061.8999999999996,2.6900000000000546,0.20410628019323837,1.6900000000000546,TRAIL_SL,8.2800000000002,4074.3199999999997,2026-08-03T01:21:00+00:00,4078.46,XAUUSD.ecn,4070.18,4061.8999999999996,1.0,10.0,True,1785720060
True,BUY,,4071.11,4066.89,4070.3300000000004,3.5,,,SL_AND_TP_SAME_BAR,1.7200000000002547,4067.75,2026-08-03T02:19:00+00:00,4066.89,XAUUSD.ecn,4068.61,4070.3300000000004,1.0,10.0,True,1785723540
False,BUY,4077.2,4077.2,4072.93,4080.4900000000002,1.4899999999997817,0.12962962962956504,0.4899999999997817,TRAIL_SL,3.7800000000002,4074.8199999999997,2026-08-03T03:02:00+00:00,4072.93,XAUUSD.ecn,4076.71,4080.4900000000002,1.0,10.0,True,1785726120
False,SELL,4067.41,4067.41,4071.31,4066.31,2.400000000000091,0.5600000000000364,1.400000000000091,TRAIL_SL,2.5,4070.06,2026-08-03T03:23:00+00:00,4071.31,XAUUSD.ecn,4068.81,4066.31,1.0,10.0,True,1785727380
True,SELL,,4064.23,4067.99,4065.41,3.4699999999998,,,SL_AND_TP_SAME_BAR,1.2899999999999636,4067.345,2026-08-03T03:28:00+00:00,4067.99,XAUUSD.ecn,4066.7,4065.41,1.0,10.0,True,1785727680
False,SELL,4050.0,4050.0,4059.4,4041.2999999999997,1.349999999999909,0.038674033149160444,0.34999999999990905,TRAIL_SL,9.050000000000182,4054.875,2026-08-03T04:18:00+00:00,4059.4,XAUUSD.ecn,4050.35,4041.2999999999997,1.0,10.0,True,1785730680
True,BUY,,4052.22,4047.45,4052.7700000000004,3.1099999999996726,,,SL_AND_TP_SAME_BAR,2.6600000000003092,4048.7799999999997,2026-08-03T04:46:00+00:00,4047.45,XAUUSD.ecn,4050.11,4052.7700000000004,1.0,10.0,True,1785732360
False,BUY,4063.0,4063.0,4059.57,4066.07,1.1799999999998363,0.05538461538456501,0.1799999999998363,TRAIL_SL,3.25,4061.195,2026-08-03T05:51:00+00:00,4059.57,XAUUSD.ecn,4062.82,4066.07,1.0,10.0,True,1785736260
False,BUY,4070.31,4070.31,4068.01,4072.6099999999997,1.0,0.0,0.0,TRAIL_SL,2.299999999999727,4069.16,2026-08-03T07:33:00+00:00,4068.01,XAUUSD.ecn,4070.31,4072.6099999999997,1.0,10.0,True,1785742380
False,SELL,4057.27,4057.27,4061.84,4053.96,1.6300000000001091,0.1598984771573859,0.6300000000001091,TRAIL_SL,3.9400000000000546,4059.87,2026-08-03T08:13:00+00:00,4061.84,XAUUSD.ecn,4057.9,4053.96,1.0,10.0,True,1785744780
False,BUY,4061.46,4061.46,4058.38,4064.0199999999995,1.2600000000002183,0.09219858156037061,0.2600000000002183,TRAIL_SL,2.819999999999709,4059.79,2026-08-03T08:45:00+00:00,4058.38,XAUUSD.ecn,4061.2,4064.0199999999995,1.0,10.0,True,1785746700
False,SELL,4064.34,4064.34,4066.98,4063.3399999999997,1.819999999999709,0.4505494505492501,0.819999999999709,TRAIL_SL,1.8200000000001637,4066.0699999999997,2026-08-03T09:51:00+00:00,4066.98,XAUUSD.ecn,4065.16,4063.3399999999997,1.0,10.0,True,1785750660
False,SELL,4053.19,4053.19,4053.19,4046.0099999999998,0.569999999999709,-1.0,-3.5900000000001455,SL,3.5900000000001455,4051.395,2026-08-03T12:35:00+00:00,4053.19,XAUUSD.ecn,4049.6,4046.0099999999998,1.0,10.0,False,1785760500
False,BUY,4060.68,4060.68,4054.76,4065.4399999999996,1.5799999999999272,0.10861423220973049,0.5799999999999272,TRAIL_SL,5.339999999999691,4057.4300000000003,2026-08-03T14:53:00+00:00,4054.76,XAUUSD.ecn,4060.1,4065.4399999999996,1.0,10.0,True,1785768780
False,SELL,4044.43,4044.43,4051.94,4042.7599999999998,3.9200000000000728,0.6361655773420436,2.9200000000000728,TRAIL_SL,4.5900000000001455,4049.645,2026-08-03T15:39:00+00:00,4051.94,XAUUSD.ecn,4047.35,4042.7599999999998,1.0,10.0,True,1785771540
True,BUY,,4037.28,4035.2,4037.3600000000006,2.0,,,SL_AND_TP_SAME_BAR,1.080000000000382,4035.74,2026-08-03T19:26:00+00:00,4035.2,XAUUSD.ecn,4036.28,4037.3600000000006,1.0,10.0,True,1785785160
False,BUY,4036.96,4036.96,4033.15,4039.4500000000003,1.6599999999998545,0.20952380952375727,0.6599999999998545,TRAIL_SL,3.150000000000091,4034.7250000000004,2026-08-03T21:11:00+00:00,4033.15,XAUUSD.ecn,4036.3,4039.4500000000003,1.0,10.0,True,1785791460
False,BUY,4047.3,4047.3,4042.97,4051.5500000000006,1.0399999999999636,0.009324009323999934,0.03999999999996362,TRAIL_SL,4.290000000000418,4045.115,2026-08-03T22:06:00+00:00,4042.97,XAUUSD.ecn,4047.26,4051.5500000000006,1.0,10.0,True,1785794760
False,BUY,4054.54,4054.54,4051.55,4056.7299999999996,1.400000000000091,0.154440154440208,0.40000000000009095,TRAIL_SL,2.5899999999996908,4052.8450000000003,2026-08-03T23:27:00+00:00,4051.55,XAUUSD.ecn,4054.14,4056.7299999999996,1.0,10.0,True,1785799620
False,SELL,4063.45,4063.45,4067.21,4061.6899999999996,2.0,0.3623188405796815,1.0,TRAIL_SL,2.7600000000002183,4065.83,2026-08-04T03:15:00+00:00,4067.21,XAUUSD.ecn,4064.45,4061.6899999999996,1.0,10.0,True,1785813300
False,SELL,4053.11,4053.11,4055.9,4051.06,1.3699999999998909,0.15289256198342138,0.36999999999989086,TRAIL_SL,2.4200000000000728,4054.69,2026-08-04T06:46:00+00:00,4055.9,XAUUSD.ecn,4053.48,4051.06,1.0,10.0,True,1785825960
False,SELL,4059.59,4059.59,4059.59,4054.71,0.43000000000029104,-1.0,-2.4400000000000546,SL,2.4400000000000546,4058.37,2026-08-04T07:21:00+00:00,4059.59,XAUUSD.ecn,4057.15,4054.71,1.0,10.0,False,1785828060
False,SELL,4062.02,4062.02,4067.15,4057.03,1.0700000000001637,0.013833992094894164,0.07000000000016371,TRAIL_SL,5.059999999999945,4064.62,2026-08-04T11:28:00+00:00,4067.15,XAUUSD.ecn,4062.09,4057.03,1.0,10.0,True,1785842880
False,SELL,4054.92,4054.92,4060.02,4053.3399999999997,2.7599999999997635,0.5269461077843374,1.7599999999997635,TRAIL_SL,3.3400000000001455,4058.35,2026-08-04T13:52:00+00:00,4060.02,XAUUSD.ecn,4056.68,4053.3399999999997,1.0,10.0,True,1785851520
False,BUY,4075.47,4075.47,4066.97,4078.43,3.769999999999982,0.4834205933682326,2.769999999999982,TRAIL_SL,5.730000000000018,4069.835,2026-08-04T15:33:00+00:00,4066.97,XAUUSD.ecn,4072.7,4078.43,1.0,10.0,True,1785857580
True,SELL,,4064.83,4067.75,4064.09,2.0900000000001455,,,SL_AND_TP_SAME_BAR,1.8299999999999272,4066.835,2026-08-04T16:07:00+00:00,4067.75,XAUUSD.ecn,4065.92,4064.09,1.0,10.0,True,1785859620
False,BUY,4090.39,4090.39,4082.58,4097.38,1.4099999999998545,0.05540540540538506,0.4099999999998545,TRAIL_SL,7.400000000000091,4086.2799999999997,2026-08-04T16:51:00+00:00,4082.58,XAUUSD.ecn,4089.98,4097.38,1.0,10.0,True,1785862260
True,BUY,,4083.59,4079.54,4084.5200000000004,2.5599999999999454,,,SL_AND_TP_SAME_BAR,2.4900000000002365,4080.785,2026-08-04T17:52:00+00:00,4079.54,XAUUSD.ecn,4082.03,4084.5200000000004,1.0,10.0,True,1785865920
False,SELL,4076.15,4076.15,4084.35,4071.35,2.699999999999818,0.2615384615384336,1.699999999999818,TRAIL_SL,6.5,4081.1,2026-08-04T18:20:00+00:00,4084.35,XAUUSD.ecn,4077.85,4071.35,1.0,10.0,True,1785867600
False,BUY,4090.71,4090.71,4085.44,4093.0399999999995,2.4700000000002547,0.3868421052632527,1.4700000000002547,TRAIL_SL,3.799999999999727,4087.34,2026-08-04T19:47:00+00:00,4085.44,XAUUSD.ecn,4089.24,4093.0399999999995,1.0,10.0,True,1785872820
False,BUY,4091.85,4091.85,4089.24,4094.08,1.1900000000000546,0.07851239669423507,0.19000000000005457,TRAIL_SL,2.4200000000000728,4090.45,2026-08-04T19:52:00+00:00,4089.24,XAUUSD.ecn,4091.66,4094.08,1.0,10.0,True,1785873120
False,BUY,4102.0,4102.0,4092.42,4110.48,1.550000000000182,0.060908084163919976,0.5500000000001819,TRAIL_SL,9.029999999999745,4096.9349999999995,2026-08-04T20:06:00+00:00,4092.42,XAUUSD.ecn,4101.45,4110.48,1.0,10.0,True,1785873960
True,SELL,,4085.97,4088.74,4085.3,2.050000000000182,,,SL_AND_TP_SAME_BAR,1.7199999999998,4087.88,2026-08-04T21:01:00+00:00,4088.74,XAUUSD.ecn,4087.02,4085.3,1.0,10.0,True,1785877260
False,BUY,4079.66,4079.66,4075.78,4081.4599999999996,2.0399999999999636,0.3661971830986186,1.0399999999999636,TRAIL_SL,2.8399999999996908,4077.2,2026-08-04T21:52:00+00:00,4075.78,XAUUSD.ecn,4078.62,4081.4599999999996,1.0,10.0,True,1785880320
False,BUY,4083.18,4083.18,4080.06,4085.98,1.1599999999998545,0.05405405405400423,0.15999999999985448,TRAIL_SL,2.9600000000000364,4081.54,2026-08-04T22:11:00+00:00,4080.06,XAUUSD.ecn,4083.02,4085.98,1.0,10.0,True,1785881460
False,BUY,4078.53,4078.53,4076.24,4080.24,1.2900000000004184,0.14500000000020918,0.29000000000041837,TRAIL_SL,2.0,4077.24,2026-08-04T23:00:00+00:00,4076.24,XAUUSD.ecn,4078.24,4080.24,1.0,10.0,True,1785884400
False,SELL,4070.21,4070.21,4076.6,4064.2000000000003,1.1900000000000546,0.03064516129033228,0.19000000000005457,TRAIL_SL,6.199999999999818,4073.5,2026-08-05T02:04:00+00:00,4076.6,XAUUSD.ecn,4070.4,4064.2000000000003,1.0,10.0,True,1785895440
True,SELL,,4067.4,4071.4,4068.14,3.369999999999891,,,SL_AND_TP_SAME_BAR,1.6300000000001091,4070.585,2026-08-05T02:24:00+00:00,4071.4,XAUUSD.ecn,4069.77,4068.14,1.0,10.0,True,1785896640
False,BUY,4101.86,4101.86,4094.23,4104.59,3.449999999999818,0.4729729729729528,2.449999999999818,TRAIL_SL,5.179999999999836,4096.82,2026-08-05T05:00:00+00:00,4094.23,XAUUSD.ecn,4099.41,4104.59,1.0,10.0,True,1785906000
False,BUY,4127.81,4127.81,4119.92,4128.98,4.360000000000582,0.741721854304806,3.360000000000582,TRAIL_SL,4.529999999999745,4122.1849999999995,2026-08-05T05:43:00+00:00,4119.92,XAUUSD.ecn,4124.45,4128.98,1.0,10.0,True,1785908580
False,BUY,4134.86,4134.86,4128.15,4136.550000000001,3.509999999999309,0.5976190476187795,2.509999999999309,TRAIL_SL,4.200000000000728,4130.25,2026-08-05T06:10:00+00:00,4128.15,XAUUSD.ecn,4132.35,4136.550000000001,1.0,10.0,True,1785910200
False,SELL,4131.36,4131.36,4136.56,4128.399999999999,2.119999999999891,0.2745098039214856,1.1199999999998909,TRAIL_SL,4.080000000000837,4134.52,2026-08-05T06:21:00+00:00,4136.56,XAUUSD.ecn,4132.48,4128.399999999999,1.0,10.0,True,1785910860
False,BUY,4137.09,4137.09,4129.44,4138.38,4.180000000000291,0.711409395973179,3.180000000000291,TRAIL_SL,4.470000000000255,4131.674999999999,2026-08-05T07:05:00+00:00,4129.44,XAUUSD.ecn,4133.91,4138.38,1.0,10.0,True,1785913500
False,BUY,4139.59,4139.59,4133.91,4141.870000000001,2.699999999999818,0.42713567839186334,1.699999999999818,TRAIL_SL,3.980000000000473,4135.9,2026-08-05T07:10:00+00:00,4133.91,XAUUSD.ecn,4137.89,4141.870000000001,1.0,10.0,True,1785913800
True,BUY,,4141.67,4138.68,4141.16,2.75,,,SL_AND_TP_SAME_BAR,1.2399999999997817,4139.3,2026-08-05T08:32:00+00:00,4138.68,XAUUSD.ecn,4139.92,4141.16,1.0,10.0,True,1785918720
True,SELL,,4163.04,4167.73,4164.810000000001,4.230000000000473,,,SL_AND_TP_SAME_BAR,1.4599999999991269,4167.0,2026-08-05T09:00:00+00:00,4167.73,XAUUSD.ecn,4166.27,4164.810000000001,1.0,10.0,True,1785920400
False,SELL,4176.5,4176.5,4176.5,4170.98,0.42000000000007276,-1.0,-2.7600000000002183,SL,2.7600000000002183,4175.12,2026-08-05T09:48:00+00:00,4176.5,XAUUSD.ecn,4173.74,4170.98,1.0,10.0,False,1785923280
False,SELL,4170.83,4170.83,4175.54,4168.86,2.369999999999891,0.4101796407185123,1.3699999999998909,TRAIL_SL,3.3400000000001455,4173.87,2026-08-05T10:06:00+00:00,4175.54,XAUUSD.ecn,4172.2,4168.86,1.0,10.0,True,1785924360
True,SELL,,4164.15,4168.91,4163.23,2.9200000000000728,,,SL_AND_TP_SAME_BAR,2.8400000000001455,4167.49,2026-08-05T10:28:00+00:00,4168.91,XAUUSD.ecn,4166.07,4163.23,1.0,10.0,True,1785925680
False,SELL,4163.39,4163.39,4166.86,4159.9800000000005,1.0299999999997453,0.008720930232485125,0.02999999999974534,TRAIL_SL,3.4399999999996,4165.139999999999,2026-08-05T11:25:00+00:00,4166.86,XAUUSD.ecn,4163.42,4159.9800000000005,1.0,10.0,True,1785929100
False,BUY,4163.28,4163.28,4159.09,4165.27,2.0999999999994543,0.3559870550159879,1.0999999999994543,TRAIL_SL,3.0900000000001455,4160.635,2026-08-05T12:02:00+00:00,4159.09,XAUUSD.ecn,4162.18,4165.27,1.0,10.0,True,1785931320
False,SELL,4164.0199999999995,4164.31,4167.2,4164.0199999999995,2.2999999999992724,1.0,1.5900000000001455,TP,1.5900000000001455,4166.405,2026-08-05T12:11:00+00:00,4167.2,XAUUSD.ecn,4165.61,4164.0199999999995,1.0,10.0,True,1785931860
False,SELL,4153.53,4153.53,4156.96,4150.240000000001,1.0700000000006185,0.020833333333519426,0.07000000000061846,TRAIL_SL,3.3599999999996726,4155.280000000001,2026-08-05T13:05:00+00:00,4156.96,XAUUSD.ecn,4153.6,4150.240000000001,1.0,10.0,True,1785935100
False,SELL,4155.98,4155.98,4157.86,4154.7,1.300000000000182,0.18987341772164285,0.3000000000001819,TRAIL_SL,1.5799999999999272,4157.07,2026-08-05T13:38:00+00:00,4157.86,XAUUSD.ecn,4156.28,4154.7,1.0,10.0,True,1785937080
False,BUY,4175.69,4175.69,4169.36,4178.3,2.8599999999996726,0.4161073825502386,1.8599999999996726,TRAIL_SL,4.470000000000255,4171.594999999999,2026-08-05T14:29:00+00:00,4169.36,XAUUSD.ecn,4173.83,4178.3,1.0,10.0,True,1785940140
False,BUY,4184.69,4184.69,4180.7,4188.099999999999,1.2899999999999636,0.0783783783783724,0.2899999999999636,TRAIL_SL,3.699999999999818,4182.549999999999,2026-08-05T14:39:00+00:00,4180.7,XAUUSD.ecn,4184.4,4188.099999999999,1.0,10.0,True,1785940740
True,SELL,,4185.07,4188.19,4184.490000000001,2.2700000000004366,,,SL_AND_TP_SAME_BAR,1.8499999999994543,4187.264999999999,2026-08-05T14:46:00+00:00,4188.19,XAUUSD.ecn,4186.34,4184.490000000001,1.0,10.0,True,1785941160
False,BUY,4209.04,4209.04,4197.98,4210.16,5.970000000000255,0.8160919540230108,4.970000000000255,TRAIL_SL,6.0900000000001455,4201.025,2026-08-05T15:19:00+00:00,4197.98,XAUUSD.ecn,4204.07,4210.16,1.0,10.0,True,1785943140
False,SELL,4192.45,4192.45,4202.21,4187.29,3.300000000000182,0.3083109919571274,2.300000000000182,TRAIL_SL,7.460000000000036,4198.48,2026-08-05T15:45:00+00:00,4202.21,XAUUSD.ecn,4194.75,4187.29,1.0,10.0,True,1785944700
False,SELL,4188.23,4188.23,4194.58,4182.52,1.3200000000006185,0.053067993366605636,0.32000000000061846,TRAIL_SL,6.029999999999745,4191.5650000000005,2026-08-05T16:15:00+00:00,4194.58,XAUUSD.ecn,4188.55,4182.52,1.0,10.0,True,1785946500
False,BUY,4196.11,4196.11,4190.09,4197.65,3.2399999999997817,0.5925925925925748,2.2399999999997817,TRAIL_SL,3.7799999999997453,4191.98,2026-08-05T16:24:00+00:00,4190.09,XAUUSD.ecn,4193.87,4197.65,1.0,10.0,True,1785947040
False,BUY,4199.36,4199.36,4193.18,4205.1,1.2199999999993452,0.03691275167774225,0.21999999999934516,TRAIL_SL,5.960000000000036,4196.16,2026-08-05T16:42:00+00:00,4193.18,XAUUSD.ecn,4199.14,4205.1,1.0,10.0,True,1785948120
False,SELL,4191.09,4191.09,4200.36,4188.72,4.449999999999818,0.5927835051546375,3.449999999999818,TRAIL_SL,5.819999999999709,4197.45,2026-08-05T16:50:00+00:00,4200.36,XAUUSD.ecn,4194.54,4188.72,1.0,10.0,True,1785948600
True,BUY,,4230.65,4225.15,4231.530000000001,3.3099999999994907,,,SL_AND_TP_SAME_BAR,3.1900000000005093,4226.745,2026-08-05T17:12:00+00:00,4225.15,XAUUSD.ecn,4228.34,4231.530000000001,1.0,10.0,True,1785949920
False,BUY,4237.42,4237.42,4226.7,4241.38,4.380000000000109,0.4604904632152646,3.380000000000109,TRAIL_SL,7.3400000000001455,4230.37,2026-08-05T17:20:00+00:00,4226.7,XAUUSD.ecn,4234.04,4241.38,1.0,10.0,True,1785950400
False,BUY,4237.45,4237.45,4231.42,4239.0599999999995,3.2100000000000364,0.5785340314136662,2.2100000000000364,TRAIL_SL,3.819999999999709,4233.33,2026-08-05T17:27:00+00:00,4231.42,XAUUSD.ecn,4235.24,4239.0599999999995,1.0,10.0,True,1785950820
False,SELL,4238.08,4238.08,4247.44,4230.660000000001,1.9700000000002547,0.11561382598335185,0.9700000000002547,TRAIL_SL,8.389999999999418,4243.245,2026-08-05T17:55:00+00:00,4247.44,XAUUSD.ecn,4239.05,4230.660000000001,1.0,10.0,True,1785952500
True,BUY,,4249.65,4235.99,4249.550000000001,7.8799999999992,,,SL_AND_TP_SAME_BAR,6.780000000000655,4239.38,2026-08-05T18:00:00+00:00,4235.99,XAUUSD.ecn,4242.77,4249.550000000001,1.0,10.0,True,1785952800
False,BUY,4258.44,4258.44,4248.47,4262.55,3.9299999999993815,0.4161931818180961,2.9299999999993815,TRAIL_SL,7.039999999999964,4251.99,2026-08-05T18:04:00+00:00,4248.47,XAUUSD.ecn,4255.51,4262.55,1.0,10.0,True,1785953040
False,BUY,4258.73,4258.73,4253.94,4261.7,1.9099999999998545,0.2345360824741827,0.9099999999998545,TRAIL_SL,3.880000000000109,4255.879999999999,2026-08-05T18:13:00+00:00,4253.94,XAUUSD.ecn,4257.82,4261.7,1.0,10.0,True,1785953580
False,BUY,4232.9,4232.9,4225.49,4239.630000000001,1.339999999999236,0.04809052333793583,0.339999999999236,TRAIL_SL,7.0700000000006185,4229.025,2026-08-05T19:11:00+00:00,4225.49,XAUUSD.ecn,4232.56,4239.630000000001,1.0,10.0,True,1785957060
False,SELL,4240.63,4240.63,4245.8,4235.86,1.199999999999818,0.040241448692114254,0.1999999999998181,TRAIL_SL,4.970000000000255,4243.3150000000005,2026-08-05T19:58:00+00:00,4245.8,XAUUSD.ecn,4240.83,4235.86,1.0,10.0,True,1785959880
True,BUY,,4256.23,4251.78,4256.820000000001,2.9299999999993815,,,SL_AND_TP_SAME_BAR,2.5200000000004366,4253.04,2026-08-05T21:09:00+00:00,4251.78,XAUUSD.ecn,4254.3,4256.820000000001,1.0,10.0,True,1785964140
False,BUY,4264.45,4264.45,4256.03,4268.410000000001,3.2299999999995634,0.36025848142154765,2.2299999999995634,TRAIL_SL,6.190000000000509,4259.125,2026-08-05T21:24:00+00:00,4256.03,XAUUSD.ecn,4262.22,4268.410000000001,1.0,10.0,True,1785965040
False,SELL,4256.01,4256.01,4256.01,4249.289999999999,0.9200000000000728,-1.0,-3.360000000000582,SL,3.360000000000582,4254.33,2026-08-05T22:21:00+00:00,4256.01,XAUUSD.ecn,4252.65,4249.289999999999,1.0,10.0,False,1785968460
True,BUY,,4255.35,4251.37,4254.11,3.610000000000582,,,SL_AND_TP_SAME_BAR,1.3699999999998909,4252.055,2026-08-06T02:13:00+00:00,4251.37,XAUUSD.ecn,4252.74,4254.11,1.0,10.0,True,1785982380
False,BUY,4261.25,4261.25,4257.58,4263.299999999999,1.8100000000004002,0.28321678321695554,0.8100000000004002,TRAIL_SL,2.8599999999996726,4259.01,2026-08-06T02:25:00+00:00,4257.58,XAUUSD.ecn,4260.44,4263.299999999999,1.0,10.0,True,1785983100
True,SELL,,4273.37,4279.04,4272.46,3.380000000000109,,,SL_AND_TP_SAME_BAR,3.2899999999999636,4277.395,2026-08-06T02:49:00+00:00,4279.04,XAUUSD.ecn,4275.75,4272.46,1.0,10.0,True,1785984540
True,BUY,,4288.77,4276.72,4289.2,6.8100000000004,,,SL_AND_TP_SAME_BAR,6.239999999999782,4279.84,2026-08-06T03:36:00+00:00,4276.72,XAUUSD.ecn,4282.96,4289.2,1.0,10.0,True,1785987360
False,BUY,4293.68,4293.68,4286.75,4299.889999999999,1.360000000000582,0.05479452054803623,0.3600000000005821,TRAIL_SL,6.569999999999709,4290.035,2026-08-06T04:10:00+00:00,4286.75,XAUUSD.ecn,4293.32,4299.889999999999,1.0,10.0,True,1785989400
False,BUY,4283.61,4283.61,4273.7,4291.179999999999,2.1700000000000728,0.13386727688788352,1.1700000000000728,TRAIL_SL,8.739999999999782,4278.07,2026-08-06T04:33:00+00:00,4273.7,XAUUSD.ecn,4282.44,4291.179999999999,1.0,10.0,True,1785990780
False,BUY,4257.46,4257.46,4252.93,4259.85,2.069999999999709,0.3092485549132074,1.069999999999709,TRAIL_SL,3.4600000000000364,4254.66,2026-08-06T07:33:00+00:00,4252.93,XAUUSD.ecn,4256.39,4259.85,1.0,10.0,True,1786001580
False,SELL,4260.32,4260.32,4265.24,4255.84,1.2200000000002547,0.04680851063835387,0.22000000000025466,TRAIL_SL,4.699999999999818,4262.889999999999,2026-08-06T08:07:00+00:00,4265.24,XAUUSD.ecn,4260.54,4255.84,1.0,10.0,True,1786003620
False,BUY,4260.96,4260.96,4247.15,4266.65,5.0600000000004,0.41641025641029744,4.0600000000004,TRAIL_SL,9.75,4252.025,2026-08-06T08:37:00+00:00,4247.15,XAUUSD.ecn,4256.9,4266.65,1.0,10.0,True,1786005420
False,BUY,4263.14,4263.14,4256.9,4268.1,1.6400000000003274,0.11428571428576532,0.6400000000003274,TRAIL_SL,5.600000000000364,4259.7,2026-08-06T08:43:00+00:00,4256.9,XAUUSD.ecn,4262.5,4268.1,1.0,10.0,True,1786005780
False,BUY,4254.84,4254.84,4252.66,4255.98,1.5200000000004366,0.3132530120484832,0.5200000000004366,TRAIL_SL,1.6599999999998545,4253.49,2026-08-06T10:00:00+00:00,4252.66,XAUUSD.ecn,4254.32,4255.98,1.0,10.0,True,1786010400
False,SELL,4281.85,4281.85,4284.27,4279.85,1.2100000000000364,0.09502262443440404,0.21000000000003638,TRAIL_SL,2.2100000000000364,4283.165000000001,2026-08-06T12:28:00+00:00,4284.27,XAUUSD.ecn,4282.06,4279.85,1.0,10.0,True,1786019280
False,BUY,4247.17,4247.17,4236.42,4254.4,2.7600000000002183,0.19577308120136386,1.7600000000002183,TRAIL_SL,8.989999999999782,4240.915,2026-08-06T16:22:00+00:00,4236.42,XAUUSD.ecn,4245.41,4254.4,1.0,10.0,True,1786033320
True,BUY,,4265.06,4249.37,4266.05,8.350000000000364,,,SL_AND_TP_SAME_BAR,8.340000000000146,4253.54,2026-08-06T16:39:00+00:00,4249.37,XAUUSD.ecn,4257.71,4266.05,1.0,10.0,True,1786034340
False,BUY,4264.98,4264.98,4264.98,4277.700000000001,0.3400000000001455,-1.0,-6.360000000000582,SL,6.360000000000582,4268.16,2026-08-06T17:13:00+00:00,4264.98,XAUUSD.ecn,4271.34,4277.700000000001,1.0,10.0,False,1786036380
False,SELL,4266.28,4266.28,4270.6,4261.98,1.0100000000002183,0.002320185614899617,0.010000000000218279,TRAIL_SL,4.3100000000004,4268.445,2026-08-06T17:51:00+00:00,4270.6,XAUUSD.ecn,4266.29,4261.98,1.0,10.0,True,1786038660
True,SELL,,4270.22,4274.33,4269.629999999999,2.759999999999309,,,SL_AND_TP_SAME_BAR,2.350000000000364,4273.155,2026-08-06T18:03:00+00:00,4274.33,XAUUSD.ecn,4271.98,4269.629999999999,1.0,10.0,True,1786039380
False,SELL,4250.85,4250.85,4253.92,4247.92,1.069999999999709,0.02333333333323632,0.06999999999970896,TRAIL_SL,3.0,4252.42,2026-08-06T18:37:00+00:00,4253.92,XAUUSD.ecn,4250.92,4247.92,1.0,10.0,True,1786041420
True,BUY,,4229.45,4223.39,4229.349999999999,4.079999999999927,,,SL_AND_TP_SAME_BAR,2.9799999999995634,4224.88,2026-08-06T19:28:00+00:00,4223.39,XAUUSD.ecn,4226.37,4229.349999999999,1.0,10.0,True,1786044480
False,BUY,4236.19,4236.19,4233.11,4239.170000000001,1.0499999999992724,0.016501650164772806,0.049999999999272404,TRAIL_SL,3.030000000000655,4234.625,2026-08-06T19:51:00+00:00,4233.11,XAUUSD.ecn,4236.14,4239.170000000001,1.0,10.0,True,1786045860
False,BUY,4242.22,4242.22,4235.76,4245.539999999999,2.5700000000006185,0.3210633946831913,1.5700000000006185,TRAIL_SL,4.889999999999418,4238.205,2026-08-06T19:58:00+00:00,4235.76,XAUUSD.ecn,4240.65,4245.539999999999,1.0,10.0,True,1786046280
True,BUY,,4241.57,4239.18,4240.199999999999,2.880000000000109,,,SL_AND_TP_SAME_BAR,0.5099999999993088,4239.4349999999995,2026-08-06T20:28:00+00:00,4239.18,XAUUSD.ecn,4239.69,4240.199999999999,1.0,10.0,True,1786048080
False,BUY,4247.14,4247.14,4242.24,4250.620000000001,1.7100000000000364,0.16945107398566828,0.7100000000000364,TRAIL_SL,4.190000000000509,4244.335,2026-08-06T20:54:00+00:00,4242.24,XAUUSD.ecn,4246.43,4250.620000000001,1.0,10.0,True,1786049640
True,SELL,,4246.85,4250.36,4246.56,2.6099999999996726,,,SL_AND_TP_SAME_BAR,1.8999999999996362,4249.41,2026-08-06T22:17:00+00:00,4250.36,XAUUSD.ecn,4248.46,4246.56,1.0,10.0,True,1786054620
True,SELL,,4242.79,4249.32,4243.040000000001,4.390000000000327,,,SL_AND_TP_SAME_BAR,3.139999999999418,4247.75,2026-08-07T03:15:00+00:00,4249.32,XAUUSD.ecn,4246.18,4243.040000000001,1.0,10.0,True,1786072500
False,SELL,4234.56,4234.56,4242.61,4228.2300000000005,1.8599999999996726,0.11961057023640062,0.8599999999996726,TRAIL_SL,7.1899999999996,4239.014999999999,2026-08-07T03:44:00+00:00,4242.61,XAUUSD.ecn,4235.42,4228.2300000000005,1.0,10.0,True,1786074240
True,BUY,,4260.18,4257.53,4261.05,1.8900000000003274,,,SL_AND_TP_SAME_BAR,1.7600000000002183,4258.41,2026-08-07T05:25:00+00:00,4257.53,XAUUSD.ecn,4259.29,4261.05,1.0,10.0,True,1786080300
True,SELL,,4265.19,4267.24,4265.0599999999995,1.9600000000000364,,,SL_AND_TP_SAME_BAR,1.0900000000001455,4266.695,2026-08-07T07:42:00+00:00,4267.24,XAUUSD.ecn,4266.15,4265.0599999999995,1.0,10.0,True,1786088520
True,SELL,,4265.3,4266.52,4264.82,1.3699999999998909,,,SL_AND_TP_SAME_BAR,0.8500000000003638,4266.095,2026-08-07T08:08:00+00:00,4266.52,XAUUSD.ecn,4265.67,4264.82,1.0,10.0,True,1786090080
False,SELL,4284.15,4284.15,4290.72,4279.759999999999,2.0900000000001455,0.19890510948906048,1.0900000000001455,TRAIL_SL,5.480000000000473,4287.98,2026-08-07T09:28:00+00:00,4290.72,XAUUSD.ecn,4285.24,4279.759999999999,1.0,10.0,True,1786094880
False,BUY,4295.08,4295.08,4288.76,4298.18,2.6099999999996726,0.34182590233538435,1.6099999999996726,TRAIL_SL,4.710000000000036,4291.115,2026-08-07T09:54:00+00:00,4288.76,XAUUSD.ecn,4293.47,4298.18,1.0,10.0,True,1786096440
True,BUY,,4313.86,4294.04,4304.28,15.699999999999818,,,SL_AND_TP_SAME_BAR,5.119999999999891,4296.6,2026-08-07T11:33:00+00:00,4294.04,XAUUSD.ecn,4299.16,4304.28,1.0,10.0,True,1786102380
False,BUY,4308.32,4308.32,4299.64,4316.7,1.1499999999996362,0.01758499413829316,0.1499999999996362,TRAIL_SL,8.529999999999745,4303.905000000001,2026-08-07T11:35:00+00:00,4299.64,XAUUSD.ecn,4308.17,4316.7,1.0,10.0,True,1786102500
False,BUY,4318.97,4318.97,4311.58,4324.9,1.730000000000473,0.10960960960968302,0.7300000000004729,TRAIL_SL,6.6599999999998545,4314.91,2026-08-07T12:47:00+00:00,4311.58,XAUUSD.ecn,4318.24,4324.9,1.0,10.0,True,1786106820
True,SELL,,4358.05,4365.55,4357.31,4.380000000000109,,,SL_AND_TP_SAME_BAR,4.119999999999891,4363.49,2026-08-07T15:59:00+00:00,4365.55,XAUUSD.ecn,4361.43,4357.31,1.0,10.0,True,1786118340
False,SELL,4356.66,4356.66,4366.68,4351.799999999999,3.5799999999999272,0.3467741935483536,2.5799999999999272,TRAIL_SL,7.440000000000509,4362.96,2026-08-07T16:47:00+00:00,4366.68,XAUUSD.ecn,4359.24,4351.799999999999,1.0,10.0,True,1786121220
False,BUY,4347.29,4347.29,4344.54,4348.900000000001,1.569999999999709,0.26146788990808845,0.569999999999709,TRAIL_SL,2.180000000000291,4345.63,2026-08-07T19:09:00+00:00,4344.54,XAUUSD.ecn,4346.72,4348.900000000001,1.0,10.0,True,1786129740
False,SELL,4328.78,4328.78,4335.84,4326.76,3.5200000000004366,0.5550660792952548,2.5200000000004366,TRAIL_SL,4.539999999999964,4333.57,2026-08-07T19:59:00+00:00,4335.84,XAUUSD.ecn,4331.3,4326.76,1.0,10.0,True,1786132740
False,SELL,4338.31,4338.31,4338.31,4328.03,0.569999999999709,-1.0,-5.140000000000327,SL,5.140000000000327,4335.74,2026-08-07T20:37:00+00:00,4338.31,XAUUSD.ecn,4333.17,4328.03,1.0,10.0,False,1786135020
True,BUY,,4348.7,4341.2,4346.94,5.630000000000109,,,SL_AND_TP_SAME_BAR,2.869999999999891,4342.635,2026-08-07T22:11:00+00:00,4341.2,XAUUSD.ecn,4344.07,4346.94,1.0,10.0,True,1786140660
False,SELL,4343.62,4343.62,4349.0,4339.540000000001,1.6500000000005457,0.13742071881619572,0.6500000000005457,TRAIL_SL,4.729999999999563,4346.635,2026-08-07T22:58:00+00:00,4349.0,XAUUSD.ecn,4344.27,4339.540000000001,1.0,10.0,True,1786143480
False,BUY,4343.66,4343.66,4338.63,4346.89,1.8999999999996362,0.21791767554470035,0.8999999999996362,TRAIL_SL,4.130000000000109,4340.695,2026-08-10T01:14:00+00:00,4338.63,XAUUSD.ecn,4342.76,4346.89,1.0,10.0,True,1786324440
False,BUY,4343.52,4343.52,4340.54,4345.160000000001,1.6700000000000728,0.2900432900432713,0.6700000000000728,TRAIL_SL,2.3100000000004,4341.695,2026-08-10T01:50:00+00:00,4340.54,XAUUSD.ecn,4342.85,4345.160000000001,1.0,10.0,True,1786326600
False,SELL,4336.31,4336.31,4340.47,4332.349999999999,1.0999999999994543,0.024630541871784345,0.0999999999994543,TRAIL_SL,4.0600000000004,4338.4400000000005,2026-08-10T03:00:00+00:00,4340.47,XAUUSD.ecn,4336.41,4332.349999999999,1.0,10.0,True,1786330800
False,SELL,4320.89,4320.89,4323.41,4318.370000000001,1.0,0.0,0.0,TRAIL_SL,2.519999999999527,4322.15,2026-08-10T05:55:00+00:00,4323.41,XAUUSD.ecn,4320.89,4318.370000000001,1.0,10.0,True,1786341300
False,BUY,4332.88,4332.88,4326.32,4335.960000000001,2.7399999999997817,0.36099585062231504,1.7399999999997817,TRAIL_SL,4.8200000000006185,4328.73,2026-08-10T07:16:00+00:00,4326.32,XAUUSD.ecn,4331.14,4335.960000000001,1.0,10.0,True,1786346160
False,BUY,4336.11,4336.11,4333.27,4338.129999999999,1.4099999999998545,0.168724279835374,0.4099999999998545,TRAIL_SL,2.4299999999993815,4334.485000000001,2026-08-10T07:23:00+00:00,4333.27,XAUUSD.ecn,4335.7,4338.129999999999,1.0,10.0,True,1786346580
False,SELL,4335.22,4335.22,4335.22,4327.9800000000005,0.2899999999999636,-1.0,-3.619999999999891,SL,3.619999999999891,4333.41,2026-08-10T07:43:00+00:00,4335.22,XAUUSD.ecn,4331.6,4327.9800000000005,1.0,10.0,False,1786347780
True,BUY,,4351.07,4340.93,4349.529999999999,6.8400000000001455,,,SL_AND_TP_SAME_BAR,4.299999999999272,4343.08,2026-08-10T08:50:00+00:00,4340.93,XAUUSD.ecn,4345.23,4349.529999999999,1.0,10.0,True,1786351800
False,BUY,4348.41,4348.41,4345.23,4351.550000000001,1.019999999999527,0.006329113923899439,0.019999999999527063,TRAIL_SL,3.160000000000764,4346.8099999999995,2026-08-10T08:54:00+00:00,4345.23,XAUUSD.ecn,4348.39,4351.550000000001,1.0,10.0,True,1786352040
False,BUY,4356.61,4356.61,4347.65,4365.27,1.1499999999996362,0.017026106696893233,0.1499999999996362,TRAIL_SL,8.8100000000004,4352.055,2026-08-10T09:49:00+00:00,4347.65,XAUUSD.ecn,4356.46,4365.27,1.0,10.0,True,1786355340
False,BUY,4354.37,4354.37,4350.48,4357.720000000001,1.269999999999527,0.07458563535896888,0.26999999999952706,TRAIL_SL,3.6200000000008004,4352.29,2026-08-10T10:19:00+00:00,4350.48,XAUUSD.ecn,4354.1,4357.720000000001,1.0,10.0,True,1786357140
False,SELL,4354.32,4354.32,4358.79,4350.89,1.5200000000004366,0.13164556962036975,0.5200000000004366,TRAIL_SL,3.949999999999818,4356.8150000000005,2026-08-10T10:28:00+00:00,4358.79,XAUUSD.ecn,4354.84,4350.89,1.0,10.0,True,1786357680
False,BUY,4358.42,4358.42,4354.0,4360.780000000001,2.0299999999997453,0.30383480825948256,1.0299999999997453,TRAIL_SL,3.3900000000003274,4355.695,2026-08-10T10:40:00+00:00,4354.0,XAUUSD.ecn,4357.39,4360.780000000001,1.0,10.0,True,1786358400
False,SELL,4343.06,4343.06,4347.79,4339.95,1.8099999999994907,0.20663265306109072,0.8099999999994907,TRAIL_SL,3.9200000000000728,4345.83,2026-08-10T12:32:00+00:00,4347.79,XAUUSD.ecn,4343.87,4339.95,1.0,10.0,True,1786365120
False,SELL,4340.74,4340.74,4345.41,4338.67,2.300000000000182,0.38575667655792995,1.300000000000182,TRAIL_SL,3.369999999999891,4343.725,2026-08-10T12:52:00+00:00,4345.41,XAUUSD.ecn,4342.04,4338.67,1.0,10.0,True,1786366320
False,BUY,4335.77,4335.77,4335.77,4339.3099999999995,0.3900000000003274,-1.0,-1.769999999999527,SL,1.769999999999527,4336.655000000001,2026-08-10T14:40:00+00:00,4335.77,XAUUSD.ecn,4337.54,4339.3099999999995,1.0,10.0,False,1786372800
False,SELL,4335.73,4335.73,4337.39,4334.089999999999,1.0100000000002183,0.006060606060736346,0.010000000000218279,TRAIL_SL,1.6500000000005457,4336.5650000000005,2026-08-10T14:51:00+00:00,4337.39,XAUUSD.ecn,4335.74,4334.089999999999,1.0,10.0,True,1786373460
False,SELL,4331.37,4331.37,4331.37,4329.589999999999,0.75,-1.0,-0.8900000000003274,SL,0.8900000000003274,4330.924999999999,2026-08-10T15:36:00+00:00,4331.37,XAUUSD.ecn,4330.48,4329.589999999999,1.0,10.0,False,1786376160
False,BUY,4330.84,4330.84,4326.53,4332.89,2.130000000000109,0.35534591194968734,1.1300000000001091,TRAIL_SL,3.180000000000291,4328.12,2026-08-10T15:39:00+00:00,4326.53,XAUUSD.ecn,4329.71,4332.89,1.0,10.0,True,1786376340
True,BUY,,4333.59,4330.99,4333.210000000001,2.4899999999997817,,,SL_AND_TP_SAME_BAR,1.110000000000582,4331.545,2026-08-10T15:59:00+00:00,4330.99,XAUUSD.ecn,4332.1,4333.210000000001,1.0,10.0,True,1786377540
False,SELL,4326.83,4326.83,4336.67,4325.629999999999,5.319999999999709,0.7826086956520593,4.319999999999709,TRAIL_SL,5.520000000000437,4333.91,2026-08-10T16:48:00+00:00,4336.67,XAUUSD.ecn,4331.15,4325.629999999999,1.0,10.0,True,1786380480
False,BUY,4323.79,4323.79,4316.7,4329.44,1.7200000000002547,0.11302982731558352,0.7200000000002547,TRAIL_SL,6.369999999999891,4319.885,2026-08-10T17:03:00+00:00,4316.7,XAUUSD.ecn,4323.07,4329.44,1.0,10.0,True,1786381380
True,BUY,,4331.31,4326.47,4330.47,3.8400000000001455,,,SL_AND_TP_SAME_BAR,2.0,4327.47,2026-08-10T17:15:00+00:00,4326.47,XAUUSD.ecn,4328.47,4330.47,1.0,10.0,True,1786382100
False,BUY,4363.1,4363.1,4359.31,4366.569999999999,1.160000000000764,0.044077134986446075,0.16000000000076398,TRAIL_SL,3.6299999999991996,4361.125,2026-08-10T19:12:00+00:00,4359.31,XAUUSD.ecn,4362.94,4366.569999999999,1.0,10.0,True,1786389120
False,SELL,4357.23,4357.23,4357.23,4353.890000000001,0.410000000000764,-1.0,-1.6699999999991633,SL,1.6699999999991633,4356.395,2026-08-10T20:08:00+00:00,4357.23,XAUUSD.ecn,4355.56,4353.890000000001,1.0,10.0,False,1786392480
False,BUY,4357.16,4357.16,4352.9,4360.540000000001,1.4399999999995998,0.11518324607317502,0.4399999999995998,TRAIL_SL,3.8200000000006185,4354.8099999999995,2026-08-10T20:14:00+00:00,4352.9,XAUUSD.ecn,4356.72,4360.540000000001,1.0,10.0,True,1786392840
False,BUY,4364.06,4364.06,4359.02,4365.119999999999,2.990000000000691,0.6524590163938249,1.9900000000006912,TRAIL_SL,3.0499999999992724,4360.545,2026-08-10T21:03:00+00:00,4359.02,XAUUSD.ecn,4362.07,4365.119999999999,1.0,10.0,True,1786395780
False,SELL,4376.67,4376.67,4381.42,4372.200000000001,1.1400000000003274,0.03036876355755691,0.14000000000032742,TRAIL_SL,4.609999999999673,4379.115,2026-08-10T21:47:00+00:00,4381.42,XAUUSD.ecn,4376.81,4372.200000000001,1.0,10.0,True,1786398420
True,BUY,,4389.33,4387.18,4390.32,1.5799999999999272,,,SL_AND_TP_SAME_BAR,1.569999999999709,4387.965,2026-08-10T23:14:00+00:00,4387.18,XAUUSD.ecn,4388.75,4390.32,1.0,10.0,True,1786403640
True,BUY,,4397.7,4397.7,4398.340000000001,0.3599999999996726,,,SL_AND_TP_SAME_BAR,0.32000000000061846,4397.860000000001,2026-08-11T02:08:00+00:00,4397.7,XAUUSD.ecn,4398.02,4398.340000000001,1.0,10.0,False,1786414080
False,BUY,4399.65,4399.65,4395.2,4400.9800000000005,2.5599999999994907,0.5397923875430152,1.5599999999994907,TRAIL_SL,2.8900000000003274,4396.645,2026-08-11T02:39:00+00:00,4395.2,XAUUSD.ecn,4398.09,4400.9800000000005,1.0,10.0,True,1786415940
False,BUY,4409.5,4409.5,4409.5,4416.08,0.38000000000010914,-1.0,-3.2899999999999636,SL,3.2899999999999636,4411.145,2026-08-11T03:47:00+00:00,4409.5,XAUUSD.ecn,4412.79,4416.08,1.0,10.0,False,1786420020
False,SELL,4400.02,4400.02,4409.91,4392.91,2.389999999999418,0.1635294117646374,1.389999999999418,TRAIL_SL,8.5,4405.66,2026-08-11T04:04:00+00:00,4409.91,XAUUSD.ecn,4401.41,4392.91,1.0,10.0,True,1786421040
False,BUY,4416.91,4416.91,4412.8,4418.72,2.149999999999636,0.3885135135133858,1.1499999999996362,TRAIL_SL,2.9600000000000364,4414.280000000001,2026-08-11T04:17:00+00:00,4412.8,XAUUSD.ecn,4415.76,4418.72,1.0,10.0,True,1786421820
False,BUY,4413.64,4413.64,4413.64,4416.999999999999,0.8400000000001455,-1.0,-1.6799999999993815,SL,1.6799999999993815,4414.48,2026-08-11T04:23:00+00:00,4413.64,XAUUSD.ecn,4415.32,4416.999999999999,1.0,10.0,False,1786422180
False,SELL,4415.33,4415.33,4419.07,4412.970000000001,1.6900000000005093,0.22622950819694226,0.6900000000005093,TRAIL_SL,3.0499999999992724,4417.545,2026-08-11T04:26:00+00:00,4419.07,XAUUSD.ecn,4416.02,4412.970000000001,1.0,10.0,True,1786422360
False,BUY,4432.35,4432.35,4426.74,4437.26,1.3500000000003638,0.06653992395443903,0.3500000000003638,TRAIL_SL,5.260000000000218,4429.37,2026-08-11T05:16:00+00:00,4426.74,XAUUSD.ecn,4432.0,4437.26,1.0,10.0,True,1786425360
True,BUY,,4418.7,4412.93,4419.59,3.4399999999996,,,SL_AND_TP_SAME_BAR,3.3299999999999272,4414.595,2026-08-11T06:21:00+00:00,4412.93,XAUUSD.ecn,4416.26,4419.59,1.0,10.0,True,1786429260
False,BUY,4419.55,4419.55,4415.36,4421.06,2.3400000000001455,0.47017543859648225,1.3400000000001455,TRAIL_SL,2.850000000000364,4416.785,2026-08-11T06:28:00+00:00,4415.36,XAUUSD.ecn,4418.21,4421.06,1.0,10.0,True,1786429680
False,BUY,4416.44,4416.44,4416.44,4419.14,0.6999999999998181,-1.0,-1.3500000000003638,SL,1.3500000000003638,4417.115,2026-08-11T07:03:00+00:00,4416.44,XAUUSD.ecn,4417.79,4419.14,1.0,10.0,False,1786431780
False,SELL,4413.82,4413.82,4418.04,4409.64,1.0200000000004366,0.004761904762008911,0.020000000000436557,TRAIL_SL,4.199999999999818,4415.9400000000005,2026-08-11T07:12:00+00:00,4418.04,XAUUSD.ecn,4413.84,4409.64,1.0,10.0,True,1786432320
True,BUY,,4415.34,4411.37,4411.87,4.720000000000255,,,SL_AND_TP_SAME_BAR,0.25,4411.495,2026-08-11T07:30:00+00:00,4411.37,XAUUSD.ecn,4411.62,4411.87,1.0,10.0,True,1786433400
False,SELL,4407.19,4407.19,4410.55,4405.650000000001,1.910000000000764,0.37142857142891084,0.910000000000764,TRAIL_SL,2.449999999999818,4409.325000000001,2026-08-11T07:53:00+00:00,4410.55,XAUUSD.ecn,4408.1,4405.650000000001,1.0,10.0,True,1786434780
False,SELL,4402.48,4402.48,4406.13,4398.990000000001,1.0800000000008367,0.02240896358567038,0.08000000000083674,TRAIL_SL,3.569999999999709,4404.345,2026-08-11T08:13:00+00:00,4406.13,XAUUSD.ecn,4402.56,4398.990000000001,1.0,10.0,True,1786435980
False,SELL,4362.8,4362.8,4366.77,4359.75,1.4600000000000364,0.13105413105413327,0.4600000000000364,TRAIL_SL,3.5100000000002183,4365.015,2026-08-11T09:55:00+00:00,4366.77,XAUUSD.ecn,4363.26,4359.75,1.0,10.0,True,1786442100
False,BUY,4364.55,4364.55,4356.78,4368.14,3.0900000000001455,0.36795774647888,2.0900000000001455,TRAIL_SL,5.680000000000291,4359.62,2026-08-11T11:05:00+00:00,4356.78,XAUUSD.ecn,4362.46,4368.14,1.0,10.0,True,1786446300
False,BUY,4370.38,4370.38,4363.93,4373.59,2.619999999999891,0.335403726708057,1.6199999999998909,TRAIL_SL,4.829999999999927,4366.345,2026-08-11T11:33:00+00:00,4363.93,XAUUSD.ecn,4368.76,4373.59,1.0,10.0,True,1786447980
False,BUY,4380.87,4380.87,4372.76,4383.82,3.5799999999999272,0.4665461121157407,2.5799999999999272,TRAIL_SL,5.529999999999745,4375.525,2026-08-11T13:27:00+00:00,4372.76,XAUUSD.ecn,4378.29,4383.82,1.0,10.0,True,1786454820
True,SELL,,4385.66,4388.25,4385.43,2.180000000000291,,,SL_AND_TP_SAME_BAR,1.4099999999998545,4387.545,2026-08-11T15:03:00+00:00,4388.25,XAUUSD.ecn,4386.84,4385.43,1.0,10.0,True,1786460580
False,BUY,4396.58,4396.58,4393.96,4398.44,1.3800000000001091,0.1696428571429224,0.38000000000010914,TRAIL_SL,2.2399999999997817,4395.08,2026-08-11T15:46:00+00:00,4393.96,XAUUSD.ecn,4396.2,4398.44,1.0,10.0,True,1786463160
False,BUY,4398.31,4398.31,4395.2,4401.04,1.1900000000005093,0.06506849315085773,0.19000000000050932,TRAIL_SL,2.9200000000000728,4396.66,2026-08-11T16:12:00+00:00,4395.2,XAUUSD.ecn,4398.12,4401.04,1.0,10.0,True,1786464720
False,SELL,4399.31,4399.31,4399.31,4387.81,0.9800000000004729,-1.0,-5.75,SL,5.75,4396.435,2026-08-11T16:17:00+00:00,4399.31,XAUUSD.ecn,4393.56,4387.81,1.0,10.0,False,1786465020
False,SELL,4398.35,4398.35,4398.35,4392.529999999999,0.8099999999994907,-1.0,-2.910000000000764,SL,2.910000000000764,4396.895,2026-08-11T16:36:00+00:00,4398.35,XAUUSD.ecn,4395.44,4392.529999999999,1.0,10.0,False,1786466160
False,BUY,4391.79,4391.79,4386.33,4393.93,2.6599999999998545,0.4368421052630987,1.6599999999998545,TRAIL_SL,3.800000000000182,4388.23,2026-08-11T17:37:00+00:00,4386.33,XAUUSD.ecn,4390.13,4393.93,1.0,10.0,True,1786469820
False,SELL,4393.98,4393.98,4397.47,4391.39,1.4500000000007276,0.14802631578971479,0.4500000000007276,TRAIL_SL,3.0399999999999636,4395.950000000001,2026-08-11T17:59:00+00:00,4397.47,XAUUSD.ecn,4394.43,4391.39,1.0,10.0,True,1786471140
False,BUY,4382.68,4382.68,4379.73,4385.370000000001,1.1300000000001091,0.046099290780170436,0.13000000000010914,TRAIL_SL,2.8200000000006185,4381.139999999999,2026-08-11T19:01:00+00:00,4379.73,XAUUSD.ecn,4382.55,4385.370000000001,1.0,10.0,True,1786474860
False,SELL,4381.21,4381.21,4384.18,4378.24,1.0,0.0,0.0,TRAIL_SL,2.9700000000002547,4382.695,2026-08-11T20:24:00+00:00,4384.18,XAUUSD.ecn,4381.21,4378.24,1.0,10.0,True,1786479840
False,SELL,4365.03,4365.03,4371.62,4361.64,2.600000000000364,0.3206412825652172,1.6000000000003638,TRAIL_SL,4.989999999999782,4369.125,2026-08-11T21:05:00+00:00,4371.62,XAUUSD.ecn,4366.63,4361.64,1.0,10.0,True,1786482300
False,BUY,4369.71,4369.71,4364.75,4373.290000000001,1.6899999999995998,0.1615925058546907,0.6899999999995998,TRAIL_SL,4.270000000000437,4366.885,2026-08-11T21:40:00+00:00,4364.75,XAUUSD.ecn,4369.02,4373.290000000001,1.0,10.0,True,1786484400
False,BUY,4371.91,4371.91,4366.55,4374.150000000001,2.5599999999994907,0.41052631578932003,1.5599999999994907,TRAIL_SL,3.800000000000182,4368.450000000001,2026-08-11T22:59:00+00:00,4366.55,XAUUSD.ecn,4370.35,4374.150000000001,1.0,10.0,True,1786489140
False,SELL,4367.9,4367.9,4372.17,4364.389999999999,1.3800000000001091,0.0976863753213566,0.38000000000010914,TRAIL_SL,3.8900000000003274,4370.225,2026-08-12T02:37:00+00:00,4372.17,XAUUSD.ecn,4368.28,4364.389999999999,1.0,10.0,True,1786502220
True,SELL,,4369.23,4371.41,4369.950000000001,2.4500000000007276,,,SL_AND_TP_SAME_BAR,0.7299999999995634,4371.045,2026-08-12T03:03:00+00:00,4371.41,XAUUSD.ecn,4370.68,4369.950000000001,1.0,10.0,True,1786503780
False,BUY,4396.0,4396.0,4391.08,4399.299999999999,1.8100000000004002,0.19708029197091598,0.8100000000004002,TRAIL_SL,4.109999999999673,4393.135,2026-08-12T04:52:00+00:00,4391.08,XAUUSD.ecn,4395.19,4399.299999999999,1.0,10.0,True,1786510320
False,SELL,4414.28,4414.28,4414.28,4407.179999999999,0.9399999999995998,-1.0,-3.550000000000182,SL,3.550000000000182,4412.504999999999,2026-08-12T06:06:00+00:00,4414.28,XAUUSD.ecn,4410.73,4407.179999999999,1.0,10.0,False,1786514760
False,SELL,4407.04,4407.04,4414.07,4400.33,1.1599999999998545,0.02328966521104178,0.15999999999985448,TRAIL_SL,6.869999999999891,4410.635,2026-08-12T06:23:00+00:00,4414.07,XAUUSD.ecn,4407.2,4400.33,1.0,10.0,True,1786515780
False,BUY,4401.29,4401.29,4397.18,4405.16,1.1199999999998909,0.030075187969899105,0.11999999999989086,TRAIL_SL,3.9899999999997817,4399.175,2026-08-12T07:50:00+00:00,4397.18,XAUUSD.ecn,4401.17,4405.16,1.0,10.0,True,1786521000
False,SELL,4387.32,4387.32,4393.04,4384.94,2.6700000000000728,0.41234567901234515,1.6700000000000728,TRAIL_SL,4.050000000000182,4391.014999999999,2026-08-12T09:04:00+00:00,4393.04,XAUUSD.ecn,4388.99,4384.94,1.0,10.0,True,1786525440
False,BUY,4395.81,4395.81,4388.68,4402.9,1.0200000000004366,0.002812939521861811,0.020000000000436557,TRAIL_SL,7.109999999999673,4392.235000000001,2026-08-12T09:42:00+00:00,4388.68,XAUUSD.ecn,4395.79,4402.9,1.0,10.0,True,1786527720
False,SELL,4399.18,4399.18,4406.01,4393.59,1.6199999999998909,0.09983896940416864,0.6199999999998909,TRAIL_SL,6.210000000000036,4402.905000000001,2026-08-12T10:19:00+00:00,4406.01,XAUUSD.ecn,4399.8,4393.59,1.0,10.0,True,1786529940
False,BUY,4415.35,4415.35,4411.65,4417.59,1.730000000000473,0.24579124579138395,0.7300000000004729,TRAIL_SL,2.9700000000002547,4413.135,2026-08-12T12:59:00+00:00,4411.65,XAUUSD.ecn,4414.62,4417.59,1.0,10.0,True,1786539540
True,SELL,,4414.54,4416.31,4413.649999999999,1.4399999999995998,,,SL_AND_TP_SAME_BAR,1.3300000000008367,4415.645,2026-08-12T13:40:00+00:00,4416.31,XAUUSD.ecn,4414.98,4413.649999999999,1.0,10.0,True,1786542000
False,SELL,4410.8,4410.8,4415.6,4406.16,1.0799999999999272,0.01694915254235655,0.07999999999992724,TRAIL_SL,4.720000000000255,4413.24,2026-08-12T13:52:00+00:00,4415.6,XAUUSD.ecn,4410.88,4406.16,1.0,10.0,True,1786542720
False,SELL,4425.09,4425.09,4430.77,4419.609999999999,1.0999999999994543,0.017921146953304535,0.0999999999994543,TRAIL_SL,5.580000000000837,4427.98,2026-08-12T16:16:00+00:00,4430.77,XAUUSD.ecn,4425.19,4419.609999999999,1.0,10.0,True,1786551360
False,BUY,4432.9,4432.9,4429.28,4436.46,1.0299999999997453,0.008356545960931511,0.02999999999974534,TRAIL_SL,3.5900000000001455,4431.075,2026-08-12T17:13:00+00:00,4429.28,XAUUSD.ecn,4432.87,4436.46,1.0,10.0,True,1786554780
False,SELL,4422.43,4422.43,4432.54,4415.28,2.4799999999995634,0.1714947856314652,1.4799999999995634,TRAIL_SL,8.63000000000011,4428.225,2026-08-12T17:49:00+00:00,4432.54,XAUUSD.ecn,4423.91,4415.28,1.0,10.0,True,1786556940
False,BUY,4425.83,4425.83,4421.58,4430.02,1.0299999999997453,0.007109004739275718,0.02999999999974534,TRAIL_SL,4.220000000000255,4423.6900000000005,2026-08-12T18:14:00+00:00,4421.58,XAUUSD.ecn,4425.8,4430.02,1.0,10.0,True,1786558440
False,SELL,4420.46,4420.46,4423.3,4418.659999999999,1.519999999999527,0.22413793103421917,0.5199999999995271,TRAIL_SL,2.3200000000006185,4422.139999999999,2026-08-12T18:37:00+00:00,4423.3,XAUUSD.ecn,4420.98,4418.659999999999,1.0,10.0,True,1786559820
False,BUY,4424.77,4424.77,4411.96,4428.580000000001,5.5,0.5415162454873386,4.5,TRAIL_SL,8.3100000000004,4416.115,2026-08-12T19:00:00+00:00,4411.96,XAUUSD.ecn,4420.27,4428.580000000001,1.0,10.0,True,1786561200
False,SELL,4421.62,4421.62,4425.77,4418.529999999999,1.5299999999997453,0.14640883977890282,0.5299999999997453,TRAIL_SL,3.6200000000008004,4423.96,2026-08-12T19:05:00+00:00,4425.77,XAUUSD.ecn,4422.15,4418.529999999999,1.0,10.0,True,1786561500
False,SELL,4401.53,4401.53,4405.55,4397.589999999999,1.0399999999999636,0.010050251256271072,0.03999999999996362,TRAIL_SL,3.980000000000473,4403.5599999999995,2026-08-12T20:56:00+00:00,4405.55,XAUUSD.ecn,4401.57,4397.589999999999,1.0,10.0,True,1786568160
False,BUY,4405.41,4405.41,4398.46,4412.080000000001,1.139999999999418,0.020558002936770882,0.13999999999941792,TRAIL_SL,6.8100000000004,4401.865,2026-08-12T21:12:00+00:00,4398.46,XAUUSD.ecn,4405.27,4412.080000000001,1.0,10.0,True,1786569120
True,BUY,,4410.21,4407.39,4411.009999999999,2.0100000000002183,,,SL_AND_TP_SAME_BAR,1.8099999999994907,4408.295,2026-08-12T21:26:00+00:00,4407.39,XAUUSD.ecn,4409.2,4411.009999999999,1.0,10.0,True,1786569960
False,SELL,4399.6,4399.6,4402.72,4396.4800000000005,1.0,0.0,0.0,TRAIL_SL,3.119999999999891,4401.16,2026-08-13T01:28:00+00:00,4402.72,XAUUSD.ecn,4399.6,4396.4800000000005,1.0,10.0,True,1786584480
False,SELL,4425.61,4425.61,4434.51,4423.6900000000005,4.490000000000691,0.6451016635860971,3.490000000000691,TRAIL_SL,5.4099999999998545,4431.805,2026-08-13T03:30:00+00:00,4434.51,XAUUSD.ecn,4429.1,4423.6900000000005,1.0,10.0,True,1786591800
False,BUY,4428.79,4428.79,4428.79,4434.31,0.75,-1.0,-2.7600000000002183,SL,2.7600000000002183,4430.17,2026-08-13T04:17:00+00:00,4428.79,XAUUSD.ecn,4431.55,4434.31,1.0,10.0,False,1786594620
False,SELL,4423.48,4423.48,4434.2,4414.259999999999,1.75,0.07522567703109136,0.75,TRAIL_SL,9.970000000000255,4429.215,2026-08-13T04:22:00+00:00,4434.2,XAUUSD.ecn,4424.23,4414.259999999999,1.0,10.0,True,1786594920
False,SELL,4412.51,4412.51,4419.19,4407.410000000001,1.7899999999999636,0.13412563667233304,0.7899999999999636,TRAIL_SL,5.889999999999418,4416.245,2026-08-13T04:48:00+00:00,4419.19,XAUUSD.ecn,4413.3,4407.410000000001,1.0,10.0,True,1786596480
True,SELL,,4402.28,4407.51,4401.91,3.430000000000291,,,SL_AND_TP_SAME_BAR,2.800000000000182,4406.110000000001,2026-08-13T05:32:00+00:00,4407.51,XAUUSD.ecn,4404.71,4401.91,1.0,10.0,True,1786599120
True,BUY,,4407.88,4405.55,4408.45,1.8800000000001091,,,SL_AND_TP_SAME_BAR,1.449999999999818,4406.275,2026-08-13T06:20:00+00:00,4405.55,XAUUSD.ecn,4407.0,4408.45,1.0,10.0,True,1786602000
False,BUY,4397.48,4397.48,4393.92,4400.879999999999,1.0799999999999272,0.022988505747108413,0.07999999999992724,TRAIL_SL,3.4799999999995634,4395.66,2026-08-13T07:27:00+00:00,4393.92,XAUUSD.ecn,4397.4,4400.879999999999,1.0,10.0,True,1786606020
False,BUY,4402.36,4402.36,4398.85,4403.85,2.009999999999309,0.4039999999997235,1.0099999999993088,TRAIL_SL,2.5,4400.1,2026-08-13T08:16:00+00:00,4398.85,XAUUSD.ecn,4401.35,4403.85,1.0,10.0,True,1786608960
False,SELL,4397.93,4397.93,4407.05,4388.829999999999,1.0099999999993088,0.0010976948407583034,0.009999999999308784,TRAIL_SL,9.110000000000582,4402.495,2026-08-13T08:34:00+00:00,4407.05,XAUUSD.ecn,4397.94,4388.829999999999,1.0,10.0,True,1786610040
False,SELL,4385.69,4385.69,4389.26,4382.860000000001,1.3700000000008004,0.11562500000025669,0.37000000000080036,TRAIL_SL,3.199999999999818,4387.66,2026-08-13T08:56:00+00:00,4389.26,XAUUSD.ecn,4386.06,4382.860000000001,1.0,10.0,True,1786611360
False,SELL,4376.85,4376.85,4384.33,4374.09,3.3599999999996726,0.4609374999999459,2.3599999999996726,TRAIL_SL,5.119999999999891,4381.77,2026-08-13T09:06:00+00:00,4384.33,XAUUSD.ecn,4379.21,4374.09,1.0,10.0,True,1786611960
True,BUY,,4375.84,4372.13,4375.2699999999995,3.1400000000003274,,,SL_AND_TP_SAME_BAR,1.569999999999709,4372.915,2026-08-13T10:38:00+00:00,4372.13,XAUUSD.ecn,4373.7,4375.2699999999995,1.0,10.0,True,1786617480
True,BUY,,4377.8,4374.13,4378.2300000000005,2.619999999999891,,,SL_AND_TP_SAME_BAR,2.050000000000182,4375.155000000001,2026-08-13T10:44:00+00:00,4374.13,XAUUSD.ecn,4376.18,4378.2300000000005,1.0,10.0,True,1786617840
False,BUY,4377.24,4377.24,4373.74,4379.960000000001,1.389999999999418,0.12540192926023952,0.3899999999994179,TRAIL_SL,3.110000000000582,4375.295,2026-08-13T11:50:00+00:00,4373.74,XAUUSD.ecn,4376.85,4379.960000000001,1.0,10.0,True,1786621800
False,BUY,4381.32,4381.32,4377.66,4382.92,2.0299999999997453,0.3916349809884801,1.0299999999997453,TRAIL_SL,2.630000000000109,4378.975,2026-08-13T12:21:00+00:00,4377.66,XAUUSD.ecn,4380.29,4382.92,1.0,10.0,True,1786623660
True,BUY,,4389.47,4386.06,4390.06,2.4099999999998545,,,SL_AND_TP_SAME_BAR,2.0,4387.06,2026-08-13T13:40:00+00:00,4386.06,XAUUSD.ecn,4388.06,4390.06,1.0,10.0,True,1786628400
True,BUY,,4393.22,4391.63,4393.669999999999,1.5700000000006185,,,SL_AND_TP_SAME_BAR,1.019999999999527,4392.139999999999,2026-08-13T14:17:00+00:00,4391.63,XAUUSD.ecn,4392.65,4393.669999999999,1.0,10.0,True,1786630620
False,SELL,4384.410000000001,4384.99,4385.79,4384.410000000001,1.110000000000582,1.0,0.6899999999995998,TP,0.6899999999995998,4385.445,2026-08-13T14:49:00+00:00,4385.79,XAUUSD.ecn,4385.1,4384.410000000001,1.0,10.0,True,1786632540
True,SELL,,4392.03,4398.11,4391.37,3.7100000000000364,,,SL_AND_TP_SAME_BAR,3.369999999999891,4396.424999999999,2026-08-13T16:11:00+00:00,4398.11,XAUUSD.ecn,4394.74,4391.37,1.0,10.0,True,1786637460
False,SELL,4386.94,4386.94,4395.14,4385.079999999999,4.170000000000073,0.6302186878726959,3.1700000000000728,TRAIL_SL,5.030000000000655,4392.625,2026-08-13T16:27:00+00:00,4395.14,XAUUSD.ecn,4390.11,4385.079999999999,1.0,10.0,True,1786638420
False,BUY,4379.09,4379.09,4372.09,4381.83,3.130000000000109,0.4373716632443854,2.130000000000109,TRAIL_SL,4.869999999999891,4374.525,2026-08-13T17:42:00+00:00,4372.09,XAUUSD.ecn,4376.96,4381.83,1.0,10.0,True,1786642920
False,SELL,4358.68,4358.68,4373.96,4355.580000000001,7.0900000000001455,0.6626768226333417,6.0900000000001455,TRAIL_SL,9.1899999999996,4369.365,2026-08-13T18:32:00+00:00,4373.96,XAUUSD.ecn,4364.77,4355.580000000001,1.0,10.0,True,1786645920
False,SELL,4362.66,4362.66,4366.05,4361.11,1.9200000000000728,0.37246963562752144,0.9200000000000728,TRAIL_SL,2.4700000000002547,4364.8150000000005,2026-08-13T19:06:00+00:00,4366.05,XAUUSD.ecn,4363.58,4361.11,1.0,10.0,True,1786647960
False,BUY,4366.16,4366.16,4356.77,4373.049999999999,2.25,0.15356265356266455,1.25,TRAIL_SL,8.139999999999418,4360.84,2026-08-13T19:36:00+00:00,4356.77,XAUUSD.ecn,4364.91,4373.049999999999,1.0,10.0,True,1786649760
False,BUY,4372.11,4372.11,4366.29,4374.990000000001,2.469999999999345,0.33793103448257983,1.4699999999993452,TRAIL_SL,4.350000000000364,4368.465,2026-08-13T20:09:00+00:00,4366.29,XAUUSD.ecn,4370.64,4374.990000000001,1.0,10.0,True,1786651740
False,BUY,4362.58,4362.58,4358.05,4364.61,2.25,0.38109756097563935,1.25,TRAIL_SL,3.2799999999997453,4359.6900000000005,2026-08-13T21:15:00+00:00,4358.05,XAUUSD.ecn,4361.33,4364.61,1.0,10.0,True,1786655700
False,SELL,4349.47,4349.47,4352.66,4346.4,1.0599999999994907,0.019169329073319037,0.05999999999949068,TRAIL_SL,3.130000000000109,4351.094999999999,2026-08-13T22:49:00+00:00,4352.66,XAUUSD.ecn,4349.53,4346.4,1.0,10.0,True,1786661340
False,SELL,4362.24,4362.24,4362.24,4357.860000000001,0.7200000000002547,-1.0,-2.1899999999996,SL,2.1899999999996,4361.145,2026-08-14T02:43:00+00:00,4362.24,XAUUSD.ecn,4360.05,4357.860000000001,1.0,10.0,False,1786675380
True,SELL,,4355.72,4360.3,4355.679999999999,3.269999999999527,,,SL_AND_TP_SAME_BAR,2.3100000000004,4359.145,2026-08-14T03:09:00+00:00,4360.3,XAUUSD.ecn,4357.99,4355.679999999999,1.0,10.0,True,1786676940
False,SELL,4330.36,4330.36,4341.47,4323.489999999999,3.119999999999891,0.23581757508339576,2.119999999999891,TRAIL_SL,8.990000000000691,4336.975,2026-08-14T04:04:00+00:00,4341.47,XAUUSD.ecn,4332.48,4323.489999999999,1.0,10.0,True,1786680240
False,SELL,4313.98,4313.98,4321.93,4308.25,2.110000000000582,0.1622807017544676,1.110000000000582,TRAIL_SL,6.8400000000001455,4318.51,2026-08-14T04:35:00+00:00,4321.93,XAUUSD.ecn,4315.09,4308.25,1.0,10.0,True,1786682100
False,SELL,4313.18,4313.18,4322.31,4310.089999999999,4.019999999999527,0.49427168576092295,3.019999999999527,TRAIL_SL,6.110000000000582,4319.255,2026-08-14T04:51:00+00:00,4322.31,XAUUSD.ecn,4316.2,4310.089999999999,1.0,10.0,True,1786683060
True,SELL,,4321.73,4323.42,4320.76,1.360000000000582,,,SL_AND_TP_SAME_BAR,1.3299999999999272,4322.755,2026-08-14T08:45:00+00:00,4323.42,XAUUSD.ecn,4322.09,4320.76,1.0,10.0,True,1786697100
False,SELL,4330.81,4330.81,4336.6,4326.66,1.819999999999709,0.16498993963775996,0.819999999999709,TRAIL_SL,4.970000000000255,4334.115,2026-08-14T09:09:00+00:00,4336.6,XAUUSD.ecn,4331.63,4326.66,1.0,10.0,True,1786698540
False,BUY,4334.35,4334.35,4330.31,4335.489999999999,2.4500000000007276,0.5598455598460059,1.4500000000007276,TRAIL_SL,2.589999999999236,4331.605,2026-08-14T09:48:00+00:00,4330.31,XAUUSD.ecn,4332.9,4335.489999999999,1.0,10.0,True,1786700880
False,SELL,4332.83,4332.83,4334.92,4330.74,1.0,0.0,0.0,TRAIL_SL,2.0900000000001455,4333.875,2026-08-14T10:15:00+00:00,4334.92,XAUUSD.ecn,4332.83,4330.74,1.0,10.0,True,1786702500
True,BUY,,4339.24,4336.21,4339.31,2.4799999999995634,,,SL_AND_TP_SAME_BAR,1.550000000000182,4336.985000000001,2026-08-14T10:43:00+00:00,4336.21,XAUUSD.ecn,4337.76,4339.31,1.0,10.0,True,1786704180
False,SELL,4344.72,4344.72,4349.32,4340.120000000001,1.0,0.0,0.0,TRAIL_SL,4.599999999999454,4347.02,2026-08-14T11:46:00+00:00,4349.32,XAUUSD.ecn,4344.72,4340.120000000001,1.0,10.0,True,1786707960
False,BUY,4351.49,4351.49,4348.46,4352.599999999999,1.9600000000000364,0.46376811594211176,0.9600000000000364,TRAIL_SL,2.069999999999709,4349.495,2026-08-14T12:16:00+00:00,4348.46,XAUUSD.ecn,4350.53,4352.599999999999,1.0,10.0,True,1786709760
False,SELL,4349.91,4349.91,4354.19,4348.7699999999995,2.569999999999709,0.5793357933578184,1.569999999999709,TRAIL_SL,2.7100000000000364,4352.834999999999,2026-08-14T13:30:00+00:00,4354.19,XAUUSD.ecn,4351.48,4348.7699999999995,1.0,10.0,True,1786714200
False,BUY,4355.57,4355.57,4350.67,4359.51,1.4799999999995634,0.10859728506777275,0.47999999999956344,TRAIL_SL,4.420000000000073,4352.88,2026-08-14T14:22:00+00:00,4350.67,XAUUSD.ecn,4355.09,4359.51,1.0,10.0,True,1786717320
False,BUY,4366.49,4366.49,4361.47,4370.53,1.4899999999997817,0.10816777041938394,0.4899999999997817,TRAIL_SL,4.529999999999745,4363.735000000001,2026-08-14T14:54:00+00:00,4361.47,XAUUSD.ecn,4366.0,4370.53,1.0,10.0,True,1786719240
False,BUY,4379.49,4379.49,4370.99,4383.33,3.3299999999999272,0.3776337115072771,2.3299999999999272,TRAIL_SL,6.170000000000073,4374.075,2026-08-14T15:23:00+00:00,4370.99,XAUUSD.ecn,4377.16,4383.33,1.0,10.0,True,1786720980
False,BUY,4385.32,4385.32,4380.96,4387.759999999999,1.9600000000000364,0.2823529411765115,0.9600000000000364,TRAIL_SL,3.399999999999636,4382.66,2026-08-14T16:26:00+00:00,4380.96,XAUUSD.ecn,4384.36,4387.759999999999,1.0,10.0,True,1786724760
True,SELL,,4388.72,4394.17,4390.59,4.6599999999998545,,,SL_AND_TP_SAME_BAR,1.7899999999999636,4393.275,2026-08-14T18:17:00+00:00,4394.17,XAUUSD.ecn,4392.38,4390.59,1.0,10.0,True,1786731420
False,SELL,4377.4,4377.4,4380.62,4374.36,1.0900000000001455,0.028753993610269132,0.09000000000014552,TRAIL_SL,3.130000000000109,4379.055,2026-08-14T20:49:00+00:00,4380.62,XAUUSD.ecn,4377.49,4374.36,1.0,10.0,True,1786740540
False,BUY,4376.03,4376.03,4376.03,4379.990000000001,0.1499999999996362,-1.0,-1.980000000000473,SL,1.980000000000473,4377.02,2026-08-14T22:54:00+00:00,4376.03,XAUUSD.ecn,4378.01,4379.990000000001,1.0,10.0,False,1786748040
True,SELL,,4380.35,4384.73,4379.370000000001,2.699999999999818,,,SL_AND_TP_SAME_BAR,2.6799999999993815,4383.389999999999,2026-08-17T02:08:00+00:00,4384.73,XAUUSD.ecn,4382.05,4379.370000000001,1.0,10.0,True,1786932480
True,SELL,,4388.01,4388.01,4386.73,0.8999999999996362,,,SL_AND_TP_SAME_BAR,0.6400000000003274,4387.6900000000005,2026-08-17T03:24:00+00:00,4388.01,XAUUSD.ecn,4387.37,4386.73,1.0,10.0,False,1786937040
False,SELL,4406.34,4406.34,4411.56,4403.56,2.2200000000002547,0.30500000000006366,1.2200000000002547,TRAIL_SL,4.0,4409.56,2026-08-17T04:11:00+00:00,4411.56,XAUUSD.ecn,4407.56,4403.56,1.0,10.0,True,1786939860
False,SELL,4395.63,4395.63,4400.51,4392.6900000000005,1.9700000000002547,0.24808184143229942,0.9700000000002547,TRAIL_SL,3.9099999999998545,4398.555,2026-08-17T04:52:00+00:00,4400.51,XAUUSD.ecn,4396.6,4392.6900000000005,1.0,10.0,True,1786942320
False,BUY,4396.67,4396.67,4390.95,4398.750000000001,2.819999999999709,0.46666666666652673,1.819999999999709,TRAIL_SL,3.9000000000005457,4392.9,2026-08-17T05:29:00+00:00,4390.95,XAUUSD.ecn,4394.85,4398.750000000001,1.0,10.0,True,1786944540
True,SELL,,4390.97,4394.11,4390.250000000001,2.2100000000000364,,,SL_AND_TP_SAME_BAR,1.9299999999993815,4393.145,2026-08-17T08:00:00+00:00,4394.11,XAUUSD.ecn,4392.18,4390.250000000001,1.0,10.0,True,1786953600
False,SELL,4394.78,4394.78,4398.19,4392.95,1.7899999999999636,0.3015267175572506,0.7899999999999636,TRAIL_SL,2.619999999999891,4396.879999999999,2026-08-17T08:37:00+00:00,4398.19,XAUUSD.ecn,4395.57,4392.95,1.0,10.0,True,1786955820
False,BUY,4406.49,4406.49,4399.13,4410.249999999999,2.800000000000182,0.323741007194307,1.800000000000182,TRAIL_SL,5.559999999999491,4401.91,2026-08-17T10:31:00+00:00,4399.13,XAUUSD.ecn,4404.69,4410.249999999999,1.0,10.0,True,1786962660
False,BUY,4406.92,4406.92,4406.92,4411.52,0.6999999999998181,-1.0,-2.300000000000182,SL,2.300000000000182,4408.07,2026-08-17T10:44:00+00:00,4406.92,XAUUSD.ecn,4409.22,4411.52,1.0,10.0,False,1786963440
False,SELL,4399.28,4399.28,4405.63,4393.13,1.1000000000003638,0.016000000000058207,0.1000000000003638,TRAIL_SL,6.25,4402.505,2026-08-17T11:08:00+00:00,4405.63,XAUUSD.ecn,4399.38,4393.13,1.0,10.0,True,1786964880
False,SELL,4393.67,4393.67,4396.95,4391.31,1.4600000000000364,0.16312056737591626,0.4600000000000364,TRAIL_SL,2.819999999999709,4395.54,2026-08-17T13:28:00+00:00,4396.95,XAUUSD.ecn,4394.13,4391.31,1.0,10.0,True,1786973280
False,BUY,4406.48,4406.48,4394.66,4408.040000000001,6.1299999999992,0.7668161434975799,5.1299999999992,TRAIL_SL,6.690000000000509,4398.005,2026-08-17T16:54:00+00:00,4394.66,XAUUSD.ecn,4401.35,4408.040000000001,1.0,10.0,True,1786985640
False,SELL,4424.82,4424.82,4427.69,4422.090000000001,1.0700000000006185,0.025000000000227375,0.07000000000061846,TRAIL_SL,2.7999999999992724,4426.29,2026-08-17T19:29:00+00:00,4427.69,XAUUSD.ecn,4424.89,4422.090000000001,1.0,10.0,True,1786994940
False,SELL,4421.3,4421.3,4426.03,4418.81,2.119999999999891,0.3102493074792223,1.1199999999998909,TRAIL_SL,3.6099999999996726,4424.225,2026-08-17T20:09:00+00:00,4426.03,XAUUSD.ecn,4422.42,4418.81,1.0,10.0,True,1786997340
True,SELL,,4414.9,4419.81,4415.03,3.5200000000004366,,,SL_AND_TP_SAME_BAR,2.3900000000003274,4418.615,2026-08-17T20:25:00+00:00,4419.81,XAUUSD.ecn,4417.42,4415.03,1.0,10.0,True,1786998300
False,BUY,4419.56,4419.56,4412.25,4424.35,2.2600000000002183,0.20826446280994718,1.2600000000002183,TRAIL_SL,6.050000000000182,4415.275,2026-08-17T20:49:00+00:00,4412.25,XAUUSD.ecn,4418.3,4424.35,1.0,10.0,True,1786999740
True,SELL,,4409.93,4415.85,4412.369999999999,5.1799999999993815,,,SL_AND_TP_SAME_BAR,1.7400000000006912,4414.98,2026-08-17T21:22:00+00:00,4415.85,XAUUSD.ecn,4414.11,4412.369999999999,1.0,10.0,True,1787001720
False,SELL,4408.66,4408.66,4415.39,4404.13,2.100000000000364,0.19538188277093116,1.1000000000003638,TRAIL_SL,5.630000000000109,4412.575000000001,2026-08-17T21:26:00+00:00,4415.39,XAUUSD.ecn,4409.76,4404.13,1.0,10.0,True,1787001960
False,SELL,4404.81,4404.81,4404.81,4400.45,0.6400000000003274,-1.0,-2.180000000000291,SL,2.180000000000291,4403.72,2026-08-17T21:46:00+00:00,4404.81,XAUUSD.ecn,4402.63,4400.45,1.0,10.0,False,1787003160
False,BUY,4406.45,4406.45,4401.99,4408.15,2.380000000000109,0.44805194805199405,1.3800000000001091,TRAIL_SL,3.0799999999999272,4403.53,2026-08-17T21:51:00+00:00,4401.99,XAUUSD.ecn,4405.07,4408.15,1.0,10.0,True,1787003460
False,SELL,4417.65,4417.65,4419.18,4416.4,1.1400000000003274,0.10071942446064348,0.14000000000032742,TRAIL_SL,1.3900000000003274,4418.485000000001,2026-08-17T23:07:00+00:00,4419.18,XAUUSD.ecn,4417.79,4416.4,1.0,10.0,True,1787008020
False,SELL,4415.52,4415.52,4417.33,4413.85,1.069999999999709,0.040229885057309046,0.06999999999970896,TRAIL_SL,1.7399999999997817,4416.46,2026-08-17T23:32:00+00:00,4417.33,XAUUSD.ecn,4415.59,4413.85,1.0,10.0,True,1787009520
False,SELL,4412.72,4412.72,4415.41,4410.43,1.199999999999818,0.08032128514049623,0.1999999999998181,TRAIL_SL,2.4899999999997817,4414.165,2026-08-18T01:29:00+00:00,4415.41,XAUUSD.ecn,4412.92,4410.43,1.0,10.0,True,1787016540
False,BUY,4414.18,4413.28,4412.24,4414.18,1.069999999999709,1.0,0.9700000000002547,TP,0.9700000000002547,4412.725,2026-08-18T01:38:00+00:00,4412.24,XAUUSD.ecn,4413.21,4414.18,1.0,10.0,True,1787017080
False,BUY,4420.42,4420.42,4416.29,4422.81,1.8699999999998909,0.26687116564412044,0.8699999999998909,TRAIL_SL,3.2600000000002183,4417.92,2026-08-18T02:28:00+00:00,4416.29,XAUUSD.ecn,4419.55,4422.81,1.0,10.0,True,1787020080
True,SELL,,4405.27,4417.92,4406.280000000001,7.829999999999927,,,SL_AND_TP_SAME_BAR,5.819999999999709,4415.01,2026-08-18T04:47:00+00:00,4417.92,XAUUSD.ecn,4412.1,4406.280000000001,1.0,10.0,True,1787028420
False,SELL,4401.95,4401.95,4408.16,4398.219999999999,2.2399999999997817,0.24949698189129138,1.2399999999997817,TRAIL_SL,4.970000000000255,4405.674999999999,2026-08-18T05:03:00+00:00,4408.16,XAUUSD.ecn,4403.19,4398.219999999999,1.0,10.0,True,1787029380
False,SELL,4397.89,4397.89,4401.76,4395.08,1.5299999999997453,0.15868263473045577,0.5299999999997453,TRAIL_SL,3.3400000000001455,4400.09,2026-08-18T05:36:00+00:00,4401.76,XAUUSD.ecn,4398.42,4395.08,1.0,10.0,True,1787031360
True,BUY,,4403.06,4399.39,4402.87,2.930000000000291,,,SL_AND_TP_SAME_BAR,1.7399999999997817,4400.26,2026-08-18T06:03:00+00:00,4399.39,XAUUSD.ecn,4401.13,4402.87,1.0,10.0,True,1787032980
False,SELL,4391.84,4391.84,4394.12,4389.78,1.1099999999996726,0.05069124423947875,0.10999999999967258,TRAIL_SL,2.1700000000000728,4393.035,2026-08-18T08:12:00+00:00,4394.12,XAUUSD.ecn,4391.95,4389.78,1.0,10.0,True,1787040720
False,SELL,4387.83,4387.83,4393.41,4384.59,2.1700000000000728,0.26530612244900487,1.1700000000000728,TRAIL_SL,4.4099999999998545,4391.205,2026-08-18T08:32:00+00:00,4393.41,XAUUSD.ecn,4389.0,4384.59,1.0,10.0,True,1787041920
False,SELL,4398.449999999999,4399.39,4402.43,4398.449999999999,2.0499999999992724,1.0,1.9900000000006912,TP,1.9900000000006912,4401.4349999999995,2026-08-18T10:51:00+00:00,4402.43,XAUUSD.ecn,4400.44,4398.449999999999,1.0,10.0,True,1787050260
False,SELL,4388.1,4388.1,4391.8,4385.820000000001,1.7100000000000364,0.23745819397996262,0.7100000000000364,TRAIL_SL,2.9899999999997817,4390.305,2026-08-18T12:45:00+00:00,4391.8,XAUUSD.ecn,4388.81,4385.820000000001,1.0,10.0,True,1787057100
False,SELL,4390.79,4390.79,4395.56,4388.579999999999,2.2799999999997453,0.3667621776502842,1.2799999999997453,TRAIL_SL,3.490000000000691,4393.8150000000005,2026-08-18T13:25:00+00:00,4395.56,XAUUSD.ecn,4392.07,4388.579999999999,1.0,10.0,True,1787059500
True,BUY,,4395.97,4390.66,4395.74,3.7700000000004366,,,SL_AND_TP_SAME_BAR,2.5399999999999636,4391.93,2026-08-18T15:00:00+00:00,4390.66,XAUUSD.ecn,4393.2,4395.74,1.0,10.0,True,1787065200
False,BUY,4392.48,4392.48,4392.48,4396.460000000001,0.42999999999938154,-1.0,-1.9900000000006912,SL,1.9900000000006912,4393.475,2026-08-18T15:06:00+00:00,4392.48,XAUUSD.ecn,4394.47,4396.460000000001,1.0,10.0,False,1787065560
False,BUY,4398.04,4398.04,4391.59,4402.65,1.9200000000000728,0.16636528028935174,0.9200000000000728,TRAIL_SL,5.529999999999745,4394.355,2026-08-18T15:23:00+00:00,4391.59,XAUUSD.ecn,4397.12,4402.65,1.0,10.0,True,1787066580
False,SELL,4394.31,4394.31,4398.99,4392.950000000001,2.6599999999998545,0.5496688741722233,1.6599999999998545,TRAIL_SL,3.019999999999527,4397.48,2026-08-18T15:29:00+00:00,4398.99,XAUUSD.ecn,4395.97,4392.950000000001,1.0,10.0,True,1787066940
False,SELL,4391.22,4391.22,4395.94,4386.740000000001,1.1199999999998909,0.0260869565217185,0.11999999999989086,TRAIL_SL,4.599999999999454,4393.639999999999,2026-08-18T16:10:00+00:00,4395.94,XAUUSD.ecn,4391.34,4386.740000000001,1.0,10.0,True,1787069400
False,BUY,4403.56,4403.56,4392.79,4411.669999999999,2.3300000000008367,0.14088983050856918,1.3300000000008367,TRAIL_SL,9.4399999999996,4397.51,2026-08-18T17:04:00+00:00,4392.79,XAUUSD.ecn,4402.23,4411.669999999999,1.0,10.0,True,1787072640
False,SELL,4383.99,4383.99,4388.22,4381.54,1.8900000000003274,0.2664670658683499,0.8900000000003274,TRAIL_SL,3.3400000000001455,4386.55,2026-08-18T17:41:00+00:00,4388.22,XAUUSD.ecn,4384.88,4381.54,1.0,10.0,True,1787074860
False,SELL,4368.37,4368.37,4377.93,4366.110000000001,4.650000000000546,0.6175972927243039,3.6500000000005457,TRAIL_SL,5.9099999999998545,4374.975,2026-08-18T18:00:00+00:00,4377.93,XAUUSD.ecn,4372.02,4366.110000000001,1.0,10.0,True,1787076000
True,BUY,,4364.0,4356.62,4362.78,5.300000000000182,,,SL_AND_TP_SAME_BAR,3.0799999999999272,4358.16,2026-08-18T18:47:00+00:00,4356.62,XAUUSD.ecn,4359.7,4362.78,1.0,10.0,True,1787078820
False,BUY,4368.52,4368.52,4364.03,4370.150000000001,2.430000000000291,0.4673202614379425,1.430000000000291,TRAIL_SL,3.0600000000004,4365.5599999999995,2026-08-18T19:05:00+00:00,4364.03,XAUUSD.ecn,4367.09,4370.150000000001,1.0,10.0,True,1787079900
False,BUY,4369.65,4369.65,4366.85,4371.67,1.389999999999418,0.1618257261408471,0.3899999999994179,TRAIL_SL,2.4099999999998545,4368.055,2026-08-18T19:10:00+00:00,4366.85,XAUUSD.ecn,4369.26,4371.67,1.0,10.0,True,1787080200
False,SELL,4358.0,4358.0,4364.9,4356.0,3.449999999999818,0.5505617977527906,2.449999999999818,TRAIL_SL,4.449999999999818,4362.674999999999,2026-08-18T20:46:00+00:00,4364.9,XAUUSD.ecn,4360.45,4356.0,1.0,10.0,True,1787085960
False,BUY,4357.18,4357.18,4352.87,4361.170000000001,1.1599999999998545,0.03855421686742975,0.15999999999985448,TRAIL_SL,4.150000000000546,4354.945,2026-08-18T21:16:00+00:00,4352.87,XAUUSD.ecn,4357.02,4361.170000000001,1.0,10.0,True,1787087760
False,SELL,4357.41,4357.41,4359.33,4355.610000000001,1.0600000000004002,0.03225806451634986,0.06000000000040018,TRAIL_SL,1.8599999999996726,4358.4,2026-08-18T21:24:00+00:00,4359.33,XAUUSD.ecn,4357.47,4355.610000000001,1.0,10.0,True,1787088240
False,SELL,4343.1,4343.1,4352.12,4341.339999999999,4.6299999999992,0.6734693877549126,3.6299999999991996,TRAIL_SL,5.390000000000327,4349.424999999999,2026-08-18T22:50:00+00:00,4352.12,XAUUSD.ecn,4346.73,4341.339999999999,1.0,10.0,True,1787093400
True,BUY,,4337.78,4336.57,4338.77,1.1099999999996726,,,SL_AND_TP_SAME_BAR,1.1000000000003638,4337.12,2026-08-18T23:36:00+00:00,4336.57,XAUUSD.ecn,4337.67,4338.77,1.0,10.0,True,1787096160
False,SELL,4332.47,4332.47,4336.95,4329.63,1.819999999999709,0.22404371584692392,0.819999999999709,TRAIL_SL,3.6599999999998545,4335.12,2026-08-18T23:45:00+00:00,4336.95,XAUUSD.ecn,4333.29,4329.63,1.0,10.0,True,1787096700
False,SELL,4333.54,4333.54,4338.18,4330.68,1.8900000000003274,0.23733333333342063,0.8900000000003274,TRAIL_SL,3.75,4336.305,2026-08-19T02:13:00+00:00,4338.18,XAUUSD.ecn,4334.43,4330.68,1.0,10.0,True,1787105580
False,BUY,4336.63,4336.63,4332.25,4338.41,2.300000000000182,0.4220779220779911,1.300000000000182,TRAIL_SL,3.0799999999999272,4333.79,2026-08-19T03:04:00+00:00,4332.25,XAUUSD.ecn,4335.33,4338.41,1.0,10.0,True,1787108640
False,SELL,4336.83,4336.83,4346.27,4335.65,5.130000000000109,0.7777777777777397,4.130000000000109,TRAIL_SL,5.3100000000004,4343.615,2026-08-19T04:18:00+00:00,4346.27,XAUUSD.ecn,4340.96,4335.65,1.0,10.0,True,1787113080
False,BUY,4357.29,4357.29,4353.89,4359.71,1.4899999999997817,0.1683848797250193,0.4899999999997817,TRAIL_SL,2.9099999999998545,4355.345,2026-08-19T06:29:00+00:00,4353.89,XAUUSD.ecn,4356.8,4359.71,1.0,10.0,True,1787120940
False,SELL,4339.18,4339.18,4347.77,4332.33,1.8699999999998909,0.11269430051811687,0.8699999999998909,TRAIL_SL,7.720000000000255,4343.91,2026-08-19T08:14:00+00:00,4347.77,XAUUSD.ecn,4340.05,4332.33,1.0,10.0,True,1787127240
False,BUY,4361.47,4361.47,4356.67,4364.67,1.800000000000182,0.20000000000004547,0.8000000000001819,TRAIL_SL,4.0,4358.67,2026-08-19T11:12:00+00:00,4356.67,XAUUSD.ecn,4360.67,4364.67,1.0,10.0,True,1787137920
False,BUY,4359.65,4359.65,4356.52,4361.6,1.589999999999236,0.23228346456663168,0.589999999999236,TRAIL_SL,2.5399999999999636,4357.790000000001,2026-08-19T11:39:00+00:00,4356.52,XAUUSD.ecn,4359.06,4361.6,1.0,10.0,True,1787139540
False,BUY,4355.01,4355.01,4355.01,4359.629999999999,0.43000000000029104,-1.0,-2.3099999999994907,SL,2.3099999999994907,4356.165,2026-08-19T12:05:00+00:00,4355.01,XAUUSD.ecn,4357.32,4359.629999999999,1.0,10.0,False,1787141100
False,BUY,4373.1,4373.1,4369.61,4374.170000000001,2.2100000000000364,0.5307017543858285,1.2100000000000364,TRAIL_SL,2.280000000000655,4370.75,2026-08-19T14:07:00+00:00,4369.61,XAUUSD.ecn,4371.89,4374.170000000001,1.0,10.0,True,1787148420
False,BUY,4370.09,4370.09,4366.46,4372.44,1.6400000000003274,0.21404682274260003,0.6400000000003274,TRAIL_SL,2.9899999999997817,4367.955,2026-08-19T15:23:00+00:00,4366.46,XAUUSD.ecn,4369.45,4372.44,1.0,10.0,True,1787152980
False,BUY,4454.28,4454.28,4445.1,4457.84,3.8099999999994907,0.44113029827308303,2.8099999999994907,TRAIL_SL,6.369999999999891,4448.285,2026-08-19T16:54:00+00:00,4445.1,XAUUSD.ecn,4451.47,4457.84,1.0,10.0,True,1787158440
False,BUY,4485.1,4485.1,4478.45,4487.79,2.980000000000473,0.4239828693791097,1.980000000000473,TRAIL_SL,4.670000000000073,4480.785,2026-08-19T17:53:00+00:00,4478.45,XAUUSD.ecn,4483.12,4487.79,1.0,10.0,True,1787161980
False,SELL,4480.54,4480.54,4485.38,4478.740000000001,2.5200000000004366,0.45783132530137644,1.5200000000004366,TRAIL_SL,3.319999999999709,4483.72,2026-08-19T18:26:00+00:00,4485.38,XAUUSD.ecn,4482.06,4478.740000000001,1.0,10.0,True,1787163960
False,BUY,4495.52,4495.52,4485.24,4500.4,3.7000000000007276,0.3562005277045849,2.7000000000007276,TRAIL_SL,7.579999999999927,4489.03,2026-08-19T21:04:00+00:00,4485.24,XAUUSD.ecn,4492.82,4500.4,1.0,10.0,True,1787173440
False,BUY,4481.29,4481.29,4476.2,4482.8,2.7899999999999636,0.5424242424242015,1.7899999999999636,TRAIL_SL,3.300000000000182,4477.85,2026-08-19T21:36:00+00:00,4476.2,XAUUSD.ecn,4479.5,4482.8,1.0,10.0,True,1787175360
False,BUY,4504.41,4504.41,4495.26,4509.08,3.2399999999997817,0.324167872648311,2.2399999999997817,TRAIL_SL,6.9099999999998545,4498.715,2026-08-19T22:11:00+00:00,4495.26,XAUUSD.ecn,4502.17,4509.08,1.0,10.0,True,1787177460
False,BUY,4510.95,4510.95,4505.21,4514.749999999999,1.9700000000002547,0.20335429769399388,0.9700000000002547,TRAIL_SL,4.769999999999527,4507.594999999999,2026-08-19T22:51:00+00:00,4505.21,XAUUSD.ecn,4509.98,4514.749999999999,1.0,10.0,True,1787179860
False,BUY,4522.12,4522.12,4519.29,4524.2300000000005,1.3599999999996726,0.14574898785410342,0.3599999999996726,TRAIL_SL,2.4700000000002547,4520.525,2026-08-20T02:07:00+00:00,4519.29,XAUUSD.ecn,4521.76,4524.2300000000005,1.0,10.0,True,1787191620
False,SELL,4511.65,4511.65,4518.0,4505.860000000001,1.2800000000006548,0.046128500823833324,0.28000000000065484,TRAIL_SL,6.069999999999709,4514.965,2026-08-20T03:24:00+00:00,4518.0,XAUUSD.ecn,4511.93,4505.860000000001,1.0,10.0,True,1787196240
False,BUY,4496.56,4496.56,4488.54,4503.28,1.6500000000005457,0.08819538670292473,0.6500000000005457,TRAIL_SL,7.369999999999891,4492.225,2026-08-20T05:06:00+00:00,4488.54,XAUUSD.ecn,4495.91,4503.28,1.0,10.0,True,1787202360
False,BUY,4491.62,4491.62,4488.02,4493.199999999999,2.0100000000002183,0.38996138996158924,1.0100000000002183,TRAIL_SL,2.589999999999236,4489.3150000000005,2026-08-20T06:15:00+00:00,4488.02,XAUUSD.ecn,4490.61,4493.199999999999,1.0,10.0,True,1787206500
False,SELL,4485.74,4485.74,4490.34,4482.42,1.6400000000003274,0.16161616161624281,0.6400000000003274,TRAIL_SL,3.9600000000000364,4488.360000000001,2026-08-20T08:16:00+00:00,4490.34,XAUUSD.ecn,4486.38,4482.42,1.0,10.0,True,1787213760
True,BUY,,4489.1,4480.04,4487.259999999999,6.450000000000728,,,SL_AND_TP_SAME_BAR,3.6099999999996726,4481.844999999999,2026-08-20T09:04:00+00:00,4480.04,XAUUSD.ecn,4483.65,4487.259999999999,1.0,10.0,True,1787216640
False,BUY,4490.37,4490.37,4484.08,4491.6,3.5299999999997453,0.6728723404254251,2.5299999999997453,TRAIL_SL,3.7600000000002183,4485.96,2026-08-20T09:07:00+00:00,4484.08,XAUUSD.ecn,4487.84,4491.6,1.0,10.0,True,1787216820
False,SELL,4490.74,4490.74,4496.21,4487.45,2.0900000000001455,0.2488584474886115,1.0900000000001455,TRAIL_SL,4.380000000000109,4494.02,2026-08-20T11:29:00+00:00,4496.21,XAUUSD.ecn,4491.83,4487.45,1.0,10.0,True,1787225340
False,BUY,4487.82,4487.82,4487.82,4499.780000000001,0.21000000000003638,-1.0,-5.980000000000473,SL,5.980000000000473,4490.8099999999995,2026-08-20T11:38:00+00:00,4487.82,XAUUSD.ecn,4493.8,4499.780000000001,1.0,10.0,False,1787225880
True,SELL,,4492.02,4493.81,4492.069999999999,1.9199999999991633,,,SL_AND_TP_SAME_BAR,0.8700000000008004,4493.375,2026-08-20T12:21:00+00:00,4493.81,XAUUSD.ecn,4492.94,4492.069999999999,1.0,10.0,True,1787228460
False,BUY,4492.17,4492.17,4482.21,4497.69,3.2200000000002547,0.28682170542639757,2.2200000000002547,TRAIL_SL,7.739999999999782,4486.08,2026-08-20T13:19:00+00:00,4482.21,XAUUSD.ecn,4489.95,4497.69,1.0,10.0,True,1787231940
False,SELL,4489.7,4489.7,4494.1,4487.9400000000005,2.3200000000006185,0.4285714285716395,1.3200000000006185,TRAIL_SL,3.0799999999999272,4492.56,2026-08-20T13:41:00+00:00,4494.1,XAUUSD.ecn,4491.02,4487.9400000000005,1.0,10.0,True,1787233260
False,SELL,4483.6,4483.6,4488.43,4481.469999999999,2.3499999999994543,0.38793103448254906,1.3499999999994543,TRAIL_SL,3.480000000000473,4486.6900000000005,2026-08-20T14:31:00+00:00,4488.43,XAUUSD.ecn,4484.95,4481.469999999999,1.0,10.0,True,1787236260
False,SELL,4455.84,4455.84,4467.34,4449.0599999999995,3.3599999999996726,0.25820568927785426,2.3599999999996726,TRAIL_SL,9.140000000000327,4462.77,2026-08-20T15:08:00+00:00,4467.34,XAUUSD.ecn,4458.2,4449.0599999999995,1.0,10.0,True,1787238480
False,BUY,4465.0,4465.0,4454.84,4470.139999999999,3.5100000000002183,0.3281045751634428,2.5100000000002183,TRAIL_SL,7.649999999999636,4458.665,2026-08-20T15:14:00+00:00,4454.84,XAUUSD.ecn,4462.49,4470.139999999999,1.0,10.0,True,1787238840
True,BUY,,4465.27,4457.62,4462.5199999999995,6.200000000000728,,,SL_AND_TP_SAME_BAR,2.449999999999818,4458.844999999999,2026-08-20T15:42:00+00:00,4457.62,XAUUSD.ecn,4460.07,4462.5199999999995,1.0,10.0,True,1787240520
True,SELL,,4482.28,4490.64,4482.400000000001,5.240000000000691,,,SL_AND_TP_SAME_BAR,4.119999999999891,4488.58,2026-08-20T17:06:00+00:00,4490.64,XAUUSD.ecn,4486.52,4482.400000000001,1.0,10.0,True,1787245560
False,BUY,4536.2,4536.2,4521.65,4539.33,6.710000000000036,0.6459276018099482,5.710000000000036,TRAIL_SL,8.840000000000146,4526.07,2026-08-20T18:15:00+00:00,4521.65,XAUUSD.ecn,4530.49,4539.33,1.0,10.0,True,1787249700
False,SELL,4510.15,4510.15,4520.37,4502.490000000001,2.280000000000655,0.14317673378084028,1.2800000000006548,TRAIL_SL,8.9399999999996,4515.9,2026-08-20T19:17:00+00:00,4520.37,XAUUSD.ecn,4511.43,4502.490000000001,1.0,10.0,True,1787253420
False,BUY,4511.35,4511.35,4507.8,4513.94,1.480000000000473,0.1563517915311135,0.48000000000047294,TRAIL_SL,3.069999999999709,4509.335,2026-08-20T20:02:00+00:00,4507.8,XAUUSD.ecn,4510.87,4513.94,1.0,10.0,True,1787256120
False,BUY,4518.92,4518.92,4518.92,4524.52,0.3499999999994543,-1.0,-2.800000000000182,SL,2.800000000000182,4520.32,2026-08-20T21:38:00+00:00,4518.92,XAUUSD.ecn,4521.72,4524.52,1.0,10.0,False,1787261880
False,BUY,4529.28,4529.28,4523.61,4531.71,2.619999999999891,0.3999999999999551,1.6199999999998909,TRAIL_SL,4.050000000000182,4525.635,2026-08-20T22:40:00+00:00,4523.61,XAUUSD.ecn,4527.66,4531.71,1.0,10.0,True,1787265600
True,SELL,,4523.37,4526.1,4522.76,2.0600000000004,,,SL_AND_TP_SAME_BAR,1.6700000000000728,4525.265,2026-08-20T23:10:00+00:00,4526.1,XAUUSD.ecn,4524.43,4522.76,1.0,10.0,True,1787267400
True,SELL,,4528.14,4532.16,4527.200000000001,2.5399999999999636,,,SL_AND_TP_SAME_BAR,2.4799999999995634,4530.92,2026-08-21T02:25:00+00:00,4532.16,XAUUSD.ecn,4529.68,4527.200000000001,1.0,10.0,True,1787279100
False,BUY,4523.75,4523.75,4518.55,4527.55,1.699999999999818,0.15555555555551515,0.6999999999998181,TRAIL_SL,4.5,4520.8,2026-08-21T04:18:00+00:00,4518.55,XAUUSD.ecn,4523.05,4527.55,1.0,10.0,True,1787285880
True,BUY,,4533.16,4525.42,4531.5599999999995,5.670000000000073,,,SL_AND_TP_SAME_BAR,3.069999999999709,4526.955,2026-08-21T04:30:00+00:00,4525.42,XAUUSD.ecn,4528.49,4531.5599999999995,1.0,10.0,True,1787286600
False,SELL,4526.0,4526.0,4536.24,4517.08,1.6599999999998545,0.06889352818370141,0.6599999999998545,TRAIL_SL,9.579999999999927,4531.45,2026-08-21T04:42:00+00:00,4536.24,XAUUSD.ecn,4526.66,4517.08,1.0,10.0,True,1787287320
True,BUY,,4528.3,4526.31,4528.37,1.9600000000000364,,,SL_AND_TP_SAME_BAR,1.0299999999997453,4526.825000000001,2026-08-21T04:50:00+00:00,4526.31,XAUUSD.ecn,4527.34,4528.37,1.0,10.0,True,1787287800
False,SELL,4527.03,4527.03,4533.31,4522.249999999999,1.75,0.13562386980106894,0.75,TRAIL_SL,5.530000000000655,4530.545,2026-08-21T04:53:00+00:00,4533.31,XAUUSD.ecn,4527.78,4522.249999999999,1.0,10.0,True,1787287980
True,SELL,,4522.04,4527.4,4521.32,3.319999999999709,,,SL_AND_TP_SAME_BAR,3.0399999999999636,4525.879999999999,2026-08-21T05:06:00+00:00,4527.4,XAUUSD.ecn,4524.36,4521.32,1.0,10.0,True,1787288760
False,BUY,4528.85,4528.85,4522.98,4532.780000000001,1.9700000000002547,0.19795918367349932,0.9700000000002547,TRAIL_SL,4.900000000000546,4525.43,2026-08-21T05:27:00+00:00,4522.98,XAUUSD.ecn,4527.88,4532.780000000001,1.0,10.0,True,1787290020
False,SELL,4534.92,4534.92,4538.99,4531.469999999999,1.3099999999994907,0.08244680851049806,0.3099999999994907,TRAIL_SL,3.7600000000002183,4537.11,2026-08-21T06:00:00+00:00,4538.99,XAUUSD.ecn,4535.23,4531.469999999999,1.0,10.0,True,1787292000
False,BUY,4536.54,4536.54,4532.42,4540.5599999999995,1.050000000000182,0.012285012285057855,0.0500000000001819,TRAIL_SL,4.069999999999709,4534.455,2026-08-21T07:06:00+00:00,4532.42,XAUUSD.ecn,4536.49,4540.5599999999995,1.0,10.0,True,1787295960
True,BUY,,4537.9,4537.23,4538.17,1.199999999999818,,,SL_AND_TP_SAME_BAR,0.47000000000025466,4537.465,2026-08-21T07:15:00+00:00,4537.23,XAUUSD.ecn,4537.7,4538.17,1.0,10.0,True,1787296500
False,BUY,4546.54,4546.54,4542.63,4547.7300000000005,2.3599999999996726,0.5333333333331669,1.3599999999996726,TRAIL_SL,2.550000000000182,4543.905000000001,2026-08-21T07:29:00+00:00,4542.63,XAUUSD.ecn,4545.18,4547.7300000000005,1.0,10.0,True,1787297340
False,SELL,4537.62,4537.62,4540.74,4535.16,1.3299999999999272,0.11827956989244859,0.32999999999992724,TRAIL_SL,2.7899999999999636,4539.344999999999,2026-08-21T08:03:00+00:00,4540.74,XAUUSD.ecn,4537.95,4535.16,1.0,10.0,True,1787299380
False,SELL,4535.75,4535.75,4539.53,4534.19,2.1099999999996726,0.41573033707851775,1.1099999999996726,TRAIL_SL,2.6700000000000728,4538.195,2026-08-21T08:09:00+00:00,4539.53,XAUUSD.ecn,4536.86,4534.19,1.0,10.0,True,1787299740
False,BUY,4538.39,4538.39,4536.61,4539.570000000001,1.300000000000182,0.20270270270276083,0.3000000000001819,TRAIL_SL,1.480000000000473,4537.35,2026-08-21T08:37:00+00:00,4536.61,XAUUSD.ecn,4538.09,4539.570000000001,1.0,10.0,True,1787301420
False,BUY,4565.63,4565.63,4563.5,4567.42,1.1700000000000728,0.08673469387758653,0.17000000000007276,TRAIL_SL,1.9600000000000364,4564.48,2026-08-21T09:51:00+00:00,4563.5,XAUUSD.ecn,4565.46,4567.42,1.0,10.0,True,1787305860
False,BUY,4586.2,4586.2,4581.68,4590.24,1.2399999999997817,0.05607476635509252,0.23999999999978172,TRAIL_SL,4.279999999999745,4583.82,2026-08-21T13:03:00+00:00,4581.68,XAUUSD.ecn,4585.96,4590.24,1.0,10.0,True,1787317380
False,BUY,4592.35,4592.35,4589.52,4594.379999999999,1.4000000000005457,0.16460905349820884,0.4000000000005457,TRAIL_SL,2.4299999999993815,4590.735000000001,2026-08-21T13:40:00+00:00,4589.52,XAUUSD.ecn,4591.95,4594.379999999999,1.0,10.0,True,1787319600
False,BUY,4598.63,4598.63,4593.66,4602.32,1.6400000000003274,0.14780600461901575,0.6400000000003274,TRAIL_SL,4.329999999999927,4595.825,2026-08-21T14:50:00+00:00,4593.66,XAUUSD.ecn,4597.99,4602.32,1.0,10.0,True,1787323800
False,BUY,4589.32,4589.32,4589.32,4591.68,0.25,-1.0,-1.180000000000291,SL,1.180000000000291,4589.91,2026-08-21T15:16:00+00:00,4589.32,XAUUSD.ecn,4590.5,4591.68,1.0,10.0,False,1787325360
False,SELL,4568.35,4568.35,4579.33,4564.15,4.389999999999418,0.44664031620544836,3.389999999999418,TRAIL_SL,7.5900000000001455,4575.535,2026-08-21T15:37:00+00:00,4579.33,XAUUSD.ecn,4571.74,4564.15,1.0,10.0,True,1787326620
False,BUY,4582.05,4582.05,4574.9,4586.74,2.230000000000473,0.2077702702703476,1.230000000000473,TRAIL_SL,5.920000000000073,4577.86,2026-08-21T16:03:00+00:00,4574.9,XAUUSD.ecn,4580.82,4586.74,1.0,10.0,True,1787328180
False,BUY,4588.88,4588.88,4577.91,4591.35,5.25,0.6324404761904522,4.25,TRAIL_SL,6.720000000000255,4581.27,2026-08-21T16:39:00+00:00,4577.91,XAUUSD.ecn,4584.63,4591.35,1.0,10.0,True,1787330340
False,SELL,4618.96,4618.96,4622.14,4616.7,1.4600000000000364,0.16911764705882107,0.4600000000000364,TRAIL_SL,2.7200000000002547,4620.780000000001,2026-08-21T22:30:00+00:00,4622.14,XAUUSD.ecn,4619.42,4616.7,1.0,10.0,True,1787351400
False,SELL,4612.61,4612.61,4615.04,4611.5199999999995,1.6700000000000728,0.3806818181818123,0.6700000000000728,TRAIL_SL,1.7600000000002183,4614.16,2026-08-21T23:20:00+00:00,4615.04,XAUUSD.ecn,4613.28,4611.5199999999995,1.0,10.0,True,1787354400
False,BUY,4615.0,4615.0,4607.21,4616.61,4.0900000000001455,0.6574468085106947,3.0900000000001455,TRAIL_SL,4.699999999999818,4609.5599999999995,2026-08-24T02:25:00+00:00,4607.21,XAUUSD.ecn,4611.91,4616.61,1.0,10.0,True,1787538300
False,BUY,4614.7,4614.7,4614.7,4618.38,0.22000000000025466,-1.0,-1.8400000000001455,SL,1.8400000000001455,4615.62,2026-08-24T02:32:00+00:00,4614.7,XAUUSD.ecn,4616.54,4618.38,1.0,10.0,False,1787538720
False,BUY,4624.56,4624.56,4618.05,4628.53,2.2700000000004366,0.24236641221383387,1.2700000000004366,TRAIL_SL,5.239999999999782,4620.67,2026-08-24T02:59:00+00:00,4618.05,XAUUSD.ecn,4623.29,4628.53,1.0,10.0,True,1787540340
False,BUY,4614.45,4614.45,4603.85,4619.17,3.9399999999996,0.3838120104438193,2.9399999999996,TRAIL_SL,7.6599999999998545,4607.68,2026-08-24T03:51:00+00:00,4603.85,XAUUSD.ecn,4611.51,4619.17,1.0,10.0,True,1787543460
True,BUY,,4626.26,4617.69,4624.150000000001,6.3400000000001455,,,SL_AND_TP_SAME_BAR,3.230000000000473,4619.305,2026-08-24T04:02:00+00:00,4617.69,XAUUSD.ecn,4620.92,4624.150000000001,1.0,10.0,True,1787544120
False,SELL,4614.68,4614.68,4625.51,4612.93,5.539999999999964,0.7217806041335437,4.539999999999964,TRAIL_SL,6.289999999999964,4622.365,2026-08-24T04:22:00+00:00,4625.51,XAUUSD.ecn,4619.22,4612.93,1.0,10.0,True,1787545320
False,SELL,4609.3,4609.3,4616.51,4606.709999999999,3.3099999999994907,0.471428571428415,2.3099999999994907,TRAIL_SL,4.900000000000546,4614.0599999999995,2026-08-24T04:32:00+00:00,4616.51,XAUUSD.ecn,4611.61,4606.709999999999,1.0,10.0,True,1787545920
False,BUY,4632.32,4632.32,4626.6,4637.74,1.1499999999996362,0.026929982046614728,0.1499999999996362,TRAIL_SL,5.569999999999709,4629.385,2026-08-24T04:59:00+00:00,4626.6,XAUUSD.ecn,4632.17,4637.74,1.0,10.0,True,1787547540
False,SELL,4631.9,4631.9,4640.08,4626.960000000001,2.6200000000008004,0.2469512195123363,1.6200000000008004,TRAIL_SL,6.559999999999491,4636.8,2026-08-24T05:50:00+00:00,4640.08,XAUUSD.ecn,4633.52,4626.960000000001,1.0,10.0,True,1787550600
False,BUY,4641.52,4641.52,4635.78,4646.599999999999,1.3300000000008367,0.06099815157132082,0.33000000000083674,TRAIL_SL,5.4099999999998545,4638.485,2026-08-24T05:57:00+00:00,4635.78,XAUUSD.ecn,4641.19,4646.599999999999,1.0,10.0,True,1787551020
True,SELL,,4643.95,4646.36,4643.099999999999,1.7799999999997453,,,SL_AND_TP_SAME_BAR,1.6300000000001091,4645.545,2026-08-24T06:46:00+00:00,4646.36,XAUUSD.ecn,4644.73,4643.099999999999,1.0,10.0,True,1787553960
False,SELL,4634.44,4634.44,4641.71,4627.63,1.230000000000473,0.03267045454552189,0.23000000000047294,TRAIL_SL,7.039999999999964,4638.1900000000005,2026-08-24T07:08:00+00:00,4641.71,XAUUSD.ecn,4634.67,4627.63,1.0,10.0,True,1787555280
False,BUY,4638.76,4638.76,4634.46,4642.72,1.1700000000000728,0.0411622276029221,0.17000000000007276,TRAIL_SL,4.130000000000109,4636.525,2026-08-24T07:20:00+00:00,4634.46,XAUUSD.ecn,4638.59,4642.72,1.0,10.0,True,1787556000
False,SELL,4639.14,4639.14,4644.16,4635.9400000000005,1.9099999999998545,0.22141119221409417,0.9099999999998545,TRAIL_SL,4.109999999999673,4642.105,2026-08-24T08:23:00+00:00,4644.16,XAUUSD.ecn,4640.05,4635.9400000000005,1.0,10.0,True,1787559780
True,BUY,,4633.21,4629.64,4632.4800000000005,3.149999999999636,,,SL_AND_TP_SAME_BAR,1.4200000000000728,4630.35,2026-08-24T08:37:00+00:00,4629.64,XAUUSD.ecn,4631.06,4632.4800000000005,1.0,10.0,True,1787560620
False,BUY,4656.52,4656.52,4650.31,4661.29,1.7200000000002547,0.13114754098365816,0.7200000000002547,TRAIL_SL,5.489999999999782,4653.055,2026-08-24T09:19:00+00:00,4650.31,XAUUSD.ecn,4655.8,4661.29,1.0,10.0,True,1787563140
False,SELL,4647.85,4647.85,4658.33,4642.210000000001,3.4200000000000728,0.30024813895784436,2.4200000000000728,TRAIL_SL,8.05999999999949,4654.3,2026-08-24T09:24:00+00:00,4658.33,XAUUSD.ecn,4650.27,4642.210000000001,1.0,10.0,True,1787563440
False,SELL,4643.11,4643.11,4650.1,4638.0,1.9400000000005093,0.1553719008265258,0.9400000000005093,TRAIL_SL,6.050000000000182,4647.075000000001,2026-08-24T09:29:00+00:00,4650.1,XAUUSD.ecn,4644.05,4638.0,1.0,10.0,True,1787563740
False,SELL,4637.68,4637.68,4637.68,4633.76,0.32999999999992724,-1.0,-1.9600000000000364,SL,1.9600000000000364,4636.700000000001,2026-08-24T11:18:00+00:00,4637.68,XAUUSD.ecn,4635.72,4633.76,1.0,10.0,False,1787570280
False,BUY,4640.47,4640.47,4637.46,4641.62,1.930000000000291,0.4471153846155402,0.930000000000291,TRAIL_SL,2.0799999999999272,4638.5,2026-08-24T12:02:00+00:00,4637.46,XAUUSD.ecn,4639.54,4641.62,1.0,10.0,True,1787572920
False,SELL,4637.32,4637.32,4641.98,4634.68,2.0100000000002183,0.2767123287672107,1.0100000000002183,TRAIL_SL,3.649999999999636,4640.155,2026-08-24T12:19:00+00:00,4641.98,XAUUSD.ecn,4638.33,4634.68,1.0,10.0,True,1787573940
True,SELL,,4643.41,4647.42,4642.66,2.630000000000109,,,SL_AND_TP_SAME_BAR,2.380000000000109,4646.23,2026-08-24T13:23:00+00:00,4647.42,XAUUSD.ecn,4645.04,4642.66,1.0,10.0,True,1787577780
False,BUY,4644.9,4644.9,4642.06,4646.64,1.5499999999992724,0.24017467248876906,0.5499999999992724,TRAIL_SL,2.2899999999999636,4643.205,2026-08-24T13:52:00+00:00,4642.06,XAUUSD.ecn,4644.35,4646.64,1.0,10.0,True,1787579520
True,BUY,,4645.5,4641.96,4646.080000000001,2.4799999999995634,,,SL_AND_TP_SAME_BAR,2.0600000000004,4642.99,2026-08-24T14:30:00+00:00,4641.96,XAUUSD.ecn,4644.02,4646.080000000001,1.0,10.0,True,1787581800
False,BUY,4657.29,4657.29,4648.96,4664.599999999999,1.5100000000002183,0.06521739130437816,0.5100000000002183,TRAIL_SL,7.819999999999709,4652.87,2026-08-24T14:56:00+00:00,4648.96,XAUUSD.ecn,4656.78,4664.599999999999,1.0,10.0,True,1787583360
False,SELL,4651.19,4651.19,4658.64,4649.259999999999,3.7600000000002183,0.5884861407249293,2.7600000000002183,TRAIL_SL,4.690000000000509,4656.295,2026-08-24T15:04:00+00:00,4658.64,XAUUSD.ecn,4653.95,4649.259999999999,1.0,10.0,True,1787583840
False,BUY,4655.69,4655.69,4653.54,4657.000000000001,1.4199999999991633,0.2427745664734384,0.41999999999916326,TRAIL_SL,1.730000000000473,4654.405000000001,2026-08-24T15:15:00+00:00,4653.54,XAUUSD.ecn,4655.27,4657.000000000001,1.0,10.0,True,1787584500
False,BUY,4662.3,4662.3,4652.95,4663.31,5.170000000000073,0.8050193050192739,4.170000000000073,TRAIL_SL,5.180000000000291,4655.54,2026-08-24T15:37:00+00:00,4652.95,XAUUSD.ecn,4658.13,4663.31,1.0,10.0,True,1787585820
False,SELL,4670.65,4670.65,4680.49,4664.469999999999,2.8299999999999272,0.2284644194756401,1.8299999999999272,TRAIL_SL,8.010000000000218,4676.485,2026-08-24T16:40:00+00:00,4680.49,XAUUSD.ecn,4672.48,4664.469999999999,1.0,10.0,True,1787589600
True,SELL,,4660.96,4668.82,4661.52,5.210000000000036,,,SL_AND_TP_SAME_BAR,3.649999999999636,4666.995,2026-08-24T16:59:00+00:00,4668.82,XAUUSD.ecn,4665.17,4661.52,1.0,10.0,True,1787590740
False,BUY,4673.91,4673.91,4665.37,4680.490000000001,1.9799999999995634,0.12962962962956504,0.9799999999995634,TRAIL_SL,7.5600000000004,4669.15,2026-08-24T18:05:00+00:00,4665.37,XAUUSD.ecn,4672.93,4680.490000000001,1.0,10.0,True,1787594700
False,SELL,4649.35,4649.35,4663.28,4644.28,5.4299999999993815,0.4663157894736191,4.4299999999993815,TRAIL_SL,9.5,4658.53,2026-08-24T18:50:00+00:00,4663.28,XAUUSD.ecn,4653.78,4644.28,1.0,10.0,True,1787597400
False,SELL,4647.57,4647.57,4655.66,4643.24,2.880000000000109,0.30273752012884025,1.8800000000001091,TRAIL_SL,6.210000000000036,4652.555,2026-08-24T18:59:00+00:00,4655.66,XAUUSD.ecn,4649.45,4643.24,1.0,10.0,True,1787597940
False,SELL,4652.95,4652.95,4657.82,4650.84,2.380000000000109,0.3954154727794256,1.3800000000001091,TRAIL_SL,3.4899999999997817,4656.075,2026-08-24T19:53:00+00:00,4657.82,XAUUSD.ecn,4654.33,4650.84,1.0,10.0,True,1787601180
True,BUY,,4640.16,4635.45,4641.070000000001,2.899999999999636,,,SL_AND_TP_SAME_BAR,2.8100000000004,4636.855,2026-08-24T21:28:00+00:00,4635.45,XAUUSD.ecn,4638.26,4641.070000000001,1.0,10.0,True,1787606880
True,BUY,,4638.59,4634.35,4638.51,3.1599999999998545,,,SL_AND_TP_SAME_BAR,2.0799999999999272,4635.39,2026-08-24T21:59:00+00:00,4634.35,XAUUSD.ecn,4636.43,4638.51,1.0,10.0,True,1787608740
False,BUY,4643.95,4643.95,4635.92,4650.5,1.7399999999997817,0.10150891632370171,0.7399999999997817,TRAIL_SL,7.289999999999964,4639.5650000000005,2026-08-24T22:23:00+00:00,4635.92,XAUUSD.ecn,4643.21,4650.5,1.0,10.0,True,1787610180
False,SELL,4649.08,4649.08,4652.48,4646.360000000001,1.3400000000001455,0.11111111111117716,0.3400000000001455,TRAIL_SL,3.0599999999994907,4650.95,2026-08-24T23:29:00+00:00,4652.48,XAUUSD.ecn,4649.42,4646.360000000001,1.0,10.0,True,1787614140
False,BUY,4660.85,4660.85,4658.44,4661.94,1.660000000000764,0.3771428571432937,0.660000000000764,TRAIL_SL,1.75,4659.315,2026-08-25T01:37:00+00:00,4658.44,XAUUSD.ecn,4660.19,4661.94,1.0,10.0,True,1787621820
True,BUY,,4671.04,4668.48,4671.800000000001,1.8999999999996362,,,SL_AND_TP_SAME_BAR,1.660000000000764,4669.3099999999995,2026-08-25T02:12:00+00:00,4668.48,XAUUSD.ecn,4670.14,4671.800000000001,1.0,10.0,True,1787623920
False,BUY,4670.87,4670.87,4670.87,4679.29,0.25,-1.0,-4.210000000000036,SL,4.210000000000036,4672.975,2026-08-25T02:18:00+00:00,4670.87,XAUUSD.ecn,4675.08,4679.29,1.0,10.0,False,1787624280
False,SELL,4669.25,4669.25,4673.67,4666.43,1.800000000000182,0.22099447513817846,0.8000000000001819,TRAIL_SL,3.619999999999891,4671.860000000001,2026-08-25T02:30:00+00:00,4673.67,XAUUSD.ecn,4670.05,4666.43,1.0,10.0,True,1787625000
False,BUY,4695.19,4695.19,4687.84,4696.58,3.9799999999995634,0.6819221967962558,2.9799999999995634,TRAIL_SL,4.369999999999891,4690.025,2026-08-25T03:40:00+00:00,4687.84,XAUUSD.ecn,4692.21,4696.58,1.0,10.0,True,1787629200
False,SELL,4665.18,4665.18,4676.75,4660.3099999999995,4.349999999999454,0.4075425790753468,3.3499999999994543,TRAIL_SL,8.220000000000255,4672.639999999999,2026-08-25T04:26:00+00:00,4676.75,XAUUSD.ecn,4668.53,4660.3099999999995,1.0,10.0,True,1787631960
True,BUY,,4670.12,4665.08,4670.860000000001,3.149999999999636,,,SL_AND_TP_SAME_BAR,2.8900000000003274,4666.525,2026-08-25T04:50:00+00:00,4665.08,XAUUSD.ecn,4667.97,4670.860000000001,1.0,10.0,True,1787633400
False,SELL,4656.35,4656.35,4663.26,4655.0,3.7799999999997453,0.6731234866827293,2.7799999999997453,TRAIL_SL,4.130000000000109,4661.195,2026-08-25T05:00:00+00:00,4663.26,XAUUSD.ecn,4659.13,4655.0,1.0,10.0,True,1787634000
False,SELL,4642.03,4642.03,4645.73,4638.710000000001,1.1900000000005093,0.054131054131209895,0.19000000000050932,TRAIL_SL,3.509999999999309,4643.975,2026-08-25T05:14:00+00:00,4645.73,XAUUSD.ecn,4642.22,4638.710000000001,1.0,10.0,True,1787634840
False,BUY,4654.72,4654.72,4648.31,4657.19,2.9700000000002547,0.443693693693791,1.9700000000002547,TRAIL_SL,4.4399999999996,4650.530000000001,2026-08-25T05:25:00+00:00,4648.31,XAUUSD.ecn,4652.75,4657.19,1.0,10.0,True,1787635500
False,BUY,4637.19,4637.19,4632.56,4639.88,1.9699999999993452,0.2650273224042032,0.9699999999993452,TRAIL_SL,3.6599999999998545,4634.39,2026-08-25T06:27:00+00:00,4632.56,XAUUSD.ecn,4636.22,4639.88,1.0,10.0,True,1787639220
False,SELL,4635.42,4635.42,4640.59,4632.369999999999,2.0599999999994907,0.25790754257891496,1.0599999999994907,TRAIL_SL,4.110000000000582,4638.535,2026-08-25T06:41:00+00:00,4640.59,XAUUSD.ecn,4636.48,4632.369999999999,1.0,10.0,True,1787640060
True,SELL,,4632.65,4637.12,4632.88,3.350000000000364,,,SL_AND_TP_SAME_BAR,2.119999999999891,4636.0599999999995,2026-08-25T06:46:00+00:00,4637.12,XAUUSD.ecn,4635.0,4632.88,1.0,10.0,True,1787640360
False,BUY,4635.9,4635.9,4627.48,4643.32,1.5,0.06313131313131255,0.5,TRAIL_SL,7.920000000000073,4631.44,2026-08-25T08:08:00+00:00,4627.48,XAUUSD.ecn,4635.4,4643.32,1.0,10.0,True,1787645280
False,SELL,4642.72,4642.72,4647.91,4638.6900000000005,1.5799999999999272,0.12581344902385433,0.5799999999999272,TRAIL_SL,4.609999999999673,4645.605,2026-08-25T08:33:00+00:00,4647.91,XAUUSD.ecn,4643.3,4638.6900000000005,1.0,10.0,True,1787646780
False,SELL,4638.46,4638.46,4645.22,4633.239999999999,1.769999999999527,0.12854757929873759,0.7699999999995271,TRAIL_SL,5.990000000000691,4642.225,2026-08-25T10:00:00+00:00,4645.22,XAUUSD.ecn,4639.23,4633.239999999999,1.0,10.0,True,1787652000
False,BUY,4628.24,4628.24,4628.24,4635.66,0.47000000000025466,-1.0,-3.7100000000000364,SL,3.7100000000000364,4630.094999999999,2026-08-25T11:47:00+00:00,4628.24,XAUUSD.ecn,4631.95,4635.66,1.0,10.0,False,1787658420
False,SELL,4627.71,4627.71,4633.05,4623.2300000000005,1.430000000000291,0.08757637474547939,0.43000000000029104,TRAIL_SL,4.9099999999998545,4630.595,2026-08-25T11:55:00+00:00,4633.05,XAUUSD.ecn,4628.14,4623.2300000000005,1.0,10.0,True,1787658900
False,SELL,4635.35,4635.35,4635.35,4633.07,0.6499999999996362,-1.0,-1.1400000000003274,SL,1.1400000000003274,4634.780000000001,2026-08-25T12:40:00+00:00,4635.35,XAUUSD.ecn,4634.21,4633.07,1.0,10.0,False,1787661600
False,BUY,4640.96,4640.96,4636.92,4643.459999999999,1.7700000000004366,0.2354740061163755,0.7700000000004366,TRAIL_SL,3.269999999999527,4638.555,2026-08-25T12:51:00+00:00,4636.92,XAUUSD.ecn,4640.19,4643.459999999999,1.0,10.0,True,1787662260
False,SELL,4644.52,4644.52,4646.61,4642.89,1.2299999999995634,0.12365591397828168,0.22999999999956344,TRAIL_SL,1.8599999999996726,4645.68,2026-08-25T14:54:00+00:00,4646.61,XAUUSD.ecn,4644.75,4642.89,1.0,10.0,True,1787669640
False,BUY,4638.21,4638.21,4633.51,4642.709999999999,1.1000000000003638,0.021739130434864275,0.1000000000003638,TRAIL_SL,4.599999999999454,4635.8099999999995,2026-08-25T15:44:00+00:00,4633.51,XAUUSD.ecn,4638.11,4642.709999999999,1.0,10.0,True,1787672640
False,SELL,4627.01,4627.01,4632.73,4623.370000000001,2.0399999999999636,0.2222222222222438,1.0399999999999636,TRAIL_SL,4.6799999999993815,4630.389999999999,2026-08-25T16:17:00+00:00,4632.73,XAUUSD.ecn,4628.05,4623.370000000001,1.0,10.0,True,1787674620
False,BUY,4620.5,4620.5,4620.5,4631.120000000001,0.5399999999999636,-1.0,-5.3100000000004,SL,5.3100000000004,4623.155000000001,2026-08-25T16:19:00+00:00,4620.5,XAUUSD.ecn,4625.81,4631.120000000001,1.0,10.0,False,1787674740
False,BUY,4620.85,4620.85,4620.85,4630.969999999999,0.7700000000004366,-1.0,-5.059999999999491,SL,5.059999999999491,4623.38,2026-08-25T17:27:00+00:00,4620.85,XAUUSD.ecn,4625.91,4630.969999999999,1.0,10.0,False,1787678820
False,SELL,4631.7,4631.7,4636.25,4630.65,2.75,0.6249999999999594,1.75,TRAIL_SL,2.800000000000182,4634.85,2026-08-25T18:05:00+00:00,4636.25,XAUUSD.ecn,4633.45,4630.65,1.0,10.0,True,1787681100
True,BUY,,4651.7,4648.83,4651.93,2.319999999999709,,,SL_AND_TP_SAME_BAR,1.550000000000182,4649.605,2026-08-25T18:58:00+00:00,4648.83,XAUUSD.ecn,4650.38,4651.93,1.0,10.0,True,1787684280
False,SELL,4648.61,4648.61,4653.38,4645.2,1.680000000000291,0.16625916870422172,0.680000000000291,TRAIL_SL,4.0900000000001455,4651.335,2026-08-25T19:06:00+00:00,4653.38,XAUUSD.ecn,4649.29,4645.2,1.0,10.0,True,1787684760
False,SELL,4645.34,4645.34,4648.15,4643.970000000001,1.7200000000002547,0.34449760765575016,0.7200000000002547,TRAIL_SL,2.089999999999236,4647.105,2026-08-25T19:12:00+00:00,4648.15,XAUUSD.ecn,4646.06,4643.970000000001,1.0,10.0,True,1787685120
True,SELL,,4639.53,4642.01,4640.3099999999995,2.630000000000109,,,SL_AND_TP_SAME_BAR,0.8500000000003638,4641.585,2026-08-25T20:04:00+00:00,4642.01,XAUUSD.ecn,4641.16,4640.3099999999995,1.0,10.0,True,1787688240
False,BUY,4637.4,4637.4,4634.16,4639.880000000001,1.3799999999991996,0.13286713286682597,0.37999999999919964,TRAIL_SL,2.860000000000582,4635.59,2026-08-25T20:14:00+00:00,4634.16,XAUUSD.ecn,4637.02,4639.880000000001,1.0,10.0,True,1787688840
False,SELL,4639.41,4639.41,4642.84,4638.139999999999,2.0799999999999272,0.4595744680850043,1.0799999999999272,TRAIL_SL,2.350000000000364,4641.665,2026-08-25T20:26:00+00:00,4642.84,XAUUSD.ecn,4640.49,4638.139999999999,1.0,10.0,True,1787689560
False,SELL,4662.39,4662.39,4667.66,4658.76,1.819999999999709,0.18426966292129043,0.819999999999709,TRAIL_SL,4.449999999999818,4665.4349999999995,2026-08-25T23:30:00+00:00,4667.66,XAUUSD.ecn,4663.21,4658.76,1.0,10.0,True,1787700600
False,BUY,4665.6,4665.6,4661.84,4668.879999999999,1.2400000000006912,0.0681818181820237,0.24000000000069122,TRAIL_SL,3.519999999999527,4663.6,2026-08-26T01:21:00+00:00,4661.84,XAUUSD.ecn,4665.36,4668.879999999999,1.0,10.0,True,1787707260
False,SELL,4660.33,4660.33,4667.14,4655.099999999999,1.7899999999999636,0.1312292358803831,0.7899999999999636,TRAIL_SL,6.020000000000437,4664.13,2026-08-26T02:27:00+00:00,4667.14,XAUUSD.ecn,4661.12,4655.099999999999,1.0,10.0,True,1787711220
False,SELL,4656.7,4656.7,4659.54,4654.72,1.430000000000291,0.17842323651465436,0.43000000000029104,TRAIL_SL,2.4099999999998545,4658.335,2026-08-26T02:45:00+00:00,4659.54,XAUUSD.ecn,4657.13,4654.72,1.0,10.0,True,1787712300
False,SELL,4644.84,4644.84,4654.97,4636.929999999999,2.1099999999996726,0.12305986696226373,1.1099999999996726,TRAIL_SL,9.020000000000437,4650.46,2026-08-26T03:27:00+00:00,4654.97,XAUUSD.ecn,4645.95,4636.929999999999,1.0,10.0,True,1787714820
False,BUY,4646.81,4646.81,4644.14,4648.5199999999995,1.480000000000473,0.21917808219203683,0.48000000000047294,TRAIL_SL,2.1899999999996,4645.235000000001,2026-08-26T04:18:00+00:00,4644.14,XAUUSD.ecn,4646.33,4648.5199999999995,1.0,10.0,True,1787717880
False,BUY,4651.58,4651.58,4645.74,4655.48,1.9700000000002547,0.1991786447639171,0.9700000000002547,TRAIL_SL,4.869999999999891,4648.174999999999,2026-08-26T04:52:00+00:00,4645.74,XAUUSD.ecn,4650.61,4655.48,1.0,10.0,True,1787719920
False,BUY,4656.67,4656.67,4653.38,4658.8,1.5799999999999272,0.2140221402213725,0.5799999999999272,TRAIL_SL,2.7100000000000364,4654.735000000001,2026-08-26T04:59:00+00:00,4653.38,XAUUSD.ecn,4656.09,4658.8,1.0,10.0,True,1787720340
False,BUY,4668.06,4668.06,4662.07,4671.610000000001,2.2200000000002547,0.25576519916145557,1.2200000000002547,TRAIL_SL,4.770000000000437,4664.455,2026-08-26T05:44:00+00:00,4662.07,XAUUSD.ecn,4666.84,4671.610000000001,1.0,10.0,True,1787723040
False,SELL,4632.99,4632.99,4632.99,4627.950000000001,0.8500000000003638,-1.0,-2.519999999999527,SL,2.519999999999527,4631.73,2026-08-26T10:42:00+00:00,4632.99,XAUUSD.ecn,4630.47,4627.950000000001,1.0,10.0,False,1787740920
False,SELL,4615.28,4615.28,4619.98,4610.66,1.0399999999999636,0.008583690987116924,0.03999999999996362,TRAIL_SL,4.6599999999998545,4617.65,2026-08-26T13:27:00+00:00,4619.98,XAUUSD.ecn,4615.32,4610.66,1.0,10.0,True,1787750820
False,SELL,4618.78,4618.78,4622.53,4617.29,2.130000000000109,0.43129770992372374,1.1300000000001091,TRAIL_SL,2.619999999999891,4621.219999999999,2026-08-26T14:36:00+00:00,4622.53,XAUUSD.ecn,4619.91,4617.29,1.0,10.0,True,1787754960
True,SELL,,4624.12,4633.5,4624.98,6.119999999999891,,,SL_AND_TP_SAME_BAR,4.260000000000218,4631.37,2026-08-26T17:03:00+00:00,4633.5,XAUUSD.ecn,4629.24,4624.98,1.0,10.0,True,1787763780
False,SELL,4592.43,4592.43,4600.82,4586.58,2.269999999999527,0.17837078651679025,1.269999999999527,TRAIL_SL,7.119999999999891,4597.26,2026-08-26T18:07:00+00:00,4600.82,XAUUSD.ecn,4593.7,4586.58,1.0,10.0,True,1787767620
False,SELL,4600.43,4600.43,4608.54,4593.900000000001,1.7899999999999636,0.10792349726775888,0.7899999999999636,TRAIL_SL,7.319999999999709,4604.88,2026-08-26T18:55:00+00:00,4608.54,XAUUSD.ecn,4601.22,4593.900000000001,1.0,10.0,True,1787770500
False,BUY,4596.94,4596.94,4593.56,4598.64,1.839999999999236,0.3307086614170268,0.839999999999236,TRAIL_SL,2.5399999999999636,4594.83,2026-08-26T20:23:00+00:00,4593.56,XAUUSD.ecn,4596.1,4598.64,1.0,10.0,True,1787775780
False,SELL,4598.95,4598.95,4598.95,4594.2699999999995,0.2999999999992724,-1.0,-2.3400000000001455,SL,2.3400000000001455,4597.78,2026-08-26T20:57:00+00:00,4598.95,XAUUSD.ecn,4596.61,4594.2699999999995,1.0,10.0,False,1787777820
False,BUY,4602.73,4602.73,4598.81,4605.87,1.389999999999418,0.11048158640210937,0.3899999999994179,TRAIL_SL,3.5299999999997453,4600.575000000001,2026-08-26T21:06:00+00:00,4598.81,XAUUSD.ecn,4602.34,4605.87,1.0,10.0,True,1787778360
True,BUY,,4593.18,4592.39,4593.39,1.2899999999999636,,,SL_AND_TP_SAME_BAR,0.5,4592.64,2026-08-26T22:12:00+00:00,4592.39,XAUUSD.ecn,4592.89,4593.39,1.0,10.0,True,1787782320
False,SELL,4586.59,4586.59,4591.82,4581.84,1.2399999999997817,0.0480961923847279,0.23999999999978172,TRAIL_SL,4.989999999999782,4589.325,2026-08-26T23:22:00+00:00,4591.82,XAUUSD.ecn,4586.83,4581.84,1.0,10.0,True,1787786520
False,BUY,4592.44,4592.44,4585.59,4596.049999999999,2.619999999999891,0.3097514340344218,1.6199999999998909,TRAIL_SL,5.229999999999563,4588.205,2026-08-26T23:29:00+00:00,4585.59,XAUUSD.ecn,4590.82,4596.049999999999,1.0,10.0,True,1787786940
False,BUY,4612.16,4612.16,4602.29,4617.750000000001,3.139999999999418,0.2768434670115507,2.139999999999418,TRAIL_SL,7.730000000000473,4606.155000000001,2026-08-27T01:20:00+00:00,4602.29,XAUUSD.ecn,4610.02,4617.750000000001,1.0,10.0,True,1787793600
True,BUY,,4623.69,4618.09,4621.33,4.979999999999563,,,SL_AND_TP_SAME_BAR,1.6199999999998909,4618.9,2026-08-27T02:36:00+00:00,4618.09,XAUUSD.ecn,4619.71,4621.33,1.0,10.0,True,1787798160
False,BUY,4620.08,4620.08,4613.61,4625.010000000001,1.769999999999527,0.1350877192981454,0.7699999999995271,TRAIL_SL,5.700000000000728,4616.46,2026-08-27T03:22:00+00:00,4613.61,XAUUSD.ecn,4619.31,4625.010000000001,1.0,10.0,True,1787800920
False,SELL,4603.03,4603.03,4610.38,4596.22,1.2700000000004366,0.03813559322040103,0.27000000000043656,TRAIL_SL,7.079999999999927,4606.84,2026-08-27T03:54:00+00:00,4610.38,XAUUSD.ecn,4603.3,4596.22,1.0,10.0,True,1787802840
False,BUY,4616.78,4616.78,4606.28,4617.920000000001,5.6799999999993815,0.8041237113400145,4.6799999999993815,TRAIL_SL,5.8200000000006185,4609.1900000000005,2026-08-27T04:06:00+00:00,4606.28,XAUUSD.ecn,4612.1,4617.920000000001,1.0,10.0,True,1787803560
False,BUY,4621.63,4621.63,4615.08,4624.98,2.600000000000364,0.3232323232324086,1.6000000000003638,TRAIL_SL,4.949999999999818,4617.555,2026-08-27T04:16:00+00:00,4615.08,XAUUSD.ecn,4620.03,4624.98,1.0,10.0,True,1787804160
False,BUY,4618.76,4618.76,4618.76,4626.26,0.42999999999938154,-1.0,-3.75,SL,3.75,4620.635,2026-08-27T04:25:00+00:00,4618.76,XAUUSD.ecn,4622.51,4626.26,1.0,10.0,False,1787804700
False,SELL,4631.43,4631.43,4631.43,4623.43,0.0,-1.0,-4.0,SL,4.0,4629.43,2026-08-27T04:45:00+00:00,4631.43,XAUUSD.ecn,4627.43,4623.43,1.0,10.0,False,1787805900
False,SELL,4627.54,4627.54,4637.15,4623.950000000001,4.010000000000218,0.45606060606067683,3.0100000000002183,TRAIL_SL,6.599999999999454,4633.85,2026-08-27T05:35:00+00:00,4637.15,XAUUSD.ecn,4630.55,4623.950000000001,1.0,10.0,True,1787808900
False,BUY,4632.59,4632.59,4628.32,4636.66,1.1000000000003638,0.023980815347808646,0.1000000000003638,TRAIL_SL,4.170000000000073,4630.405,2026-08-27T06:05:00+00:00,4628.32,XAUUSD.ecn,4632.49,4636.66,1.0,10.0,True,1787810700
False,BUY,4636.19,4636.19,4632.92,4639.039999999999,1.2100000000000364,0.06862745098041546,0.21000000000003638,TRAIL_SL,3.0599999999994907,4634.45,2026-08-27T06:25:00+00:00,4632.92,XAUUSD.ecn,4635.98,4639.039999999999,1.0,10.0,True,1787811900
False,SELL,4628.97,4628.97,4632.33,4626.91,1.6499999999996362,0.23985239852384777,0.6499999999996362,TRAIL_SL,2.7100000000000364,4630.975,2026-08-27T06:45:00+00:00,4632.33,XAUUSD.ecn,4629.62,4626.91,1.0,10.0,True,1787813100
False,SELL,4622.52,4622.52,4626.39,4620.45,1.8999999999996362,0.30303030303015455,0.8999999999996362,TRAIL_SL,2.9700000000002547,4624.905000000001,2026-08-27T07:24:00+00:00,4626.39,XAUUSD.ecn,4623.42,4620.45,1.0,10.0,True,1787815440
True,SELL,,4608.53,4610.48,4608.66,2.0399999999999636,,,SL_AND_TP_SAME_BAR,0.9099999999998545,4610.025,2026-08-27T08:46:00+00:00,4610.48,XAUUSD.ecn,4609.57,4608.66,1.0,10.0,True,1787820360
False,BUY,4605.34,4605.34,4600.56,4607.319999999999,2.4000000000005457,0.4142011834322122,1.4000000000005457,TRAIL_SL,3.3799999999991996,4602.25,2026-08-27T09:16:00+00:00,4600.56,XAUUSD.ecn,4603.94,4607.319999999999,1.0,10.0,True,1787822160
False,SELL,4597.2,4597.2,4600.75,4595.83,2.0900000000001455,0.44308943089436154,1.0900000000001455,TRAIL_SL,2.4600000000000364,4599.52,2026-08-27T10:36:00+00:00,4600.75,XAUUSD.ecn,4598.29,4595.83,1.0,10.0,True,1787826960
False,SELL,4601.84,4601.84,4605.48,4598.68,1.2399999999997817,0.070588235294061,0.23999999999978172,TRAIL_SL,3.399999999999636,4603.78,2026-08-27T11:22:00+00:00,4605.48,XAUUSD.ecn,4602.08,4598.68,1.0,10.0,True,1787829720
False,SELL,4570.96,4570.96,4581.04,4565.919999999999,3.519999999999527,0.33333333333325316,2.519999999999527,TRAIL_SL,7.5600000000004,4577.26,2026-08-27T13:04:00+00:00,4581.04,XAUUSD.ecn,4573.48,4565.919999999999,1.0,10.0,True,1787835840
False,SELL,4596.2,4596.2,4598.76,4594.280000000001,1.3200000000006185,0.14285714285743287,0.32000000000061846,TRAIL_SL,2.2399999999997817,4597.64,2026-08-27T14:36:00+00:00,4598.76,XAUUSD.ecn,4596.52,4594.280000000001,1.0,10.0,True,1787841360
False,SELL,4588.22,4588.22,4595.73,4585.23,3.259999999999309,0.43047619047605884,2.259999999999309,TRAIL_SL,5.25,4593.105,2026-08-27T15:39:00+00:00,4595.73,XAUUSD.ecn,4590.48,4585.23,1.0,10.0,True,1787845140
True,BUY,,4587.08,4580.73,4586.15,4.640000000000327,,,SL_AND_TP_SAME_BAR,2.7100000000000364,4582.084999999999,2026-08-27T15:58:00+00:00,4580.73,XAUUSD.ecn,4583.44,4586.15,1.0,10.0,True,1787846280
False,BUY,4578.32,4578.32,4572.27,4582.3099999999995,2.0299999999997453,0.2051792828684945,1.0299999999997453,TRAIL_SL,5.019999999999527,4574.780000000001,2026-08-27T16:44:00+00:00,4572.27,XAUUSD.ecn,4577.29,4582.3099999999995,1.0,10.0,True,1787849040
False,SELL,4573.35,4573.35,4582.92,4568.299999999999,3.259999999999309,0.3091655266756751,2.259999999999309,TRAIL_SL,7.3100000000004,4579.264999999999,2026-08-27T16:56:00+00:00,4582.92,XAUUSD.ecn,4575.61,4568.299999999999,1.0,10.0,True,1787849760
False,BUY,4576.92,4576.92,4568.44,4578.56,4.420000000000073,0.675889328063202,3.4200000000000728,TRAIL_SL,5.0600000000004,4570.969999999999,2026-08-27T17:06:00+00:00,4568.44,XAUUSD.ecn,4573.5,4578.56,1.0,10.0,True,1787850360
False,BUY,4597.25,4597.25,4586.88,4602.46,3.5799999999999272,0.3311938382541642,2.5799999999999272,TRAIL_SL,7.789999999999964,4590.775,2026-08-27T17:45:00+00:00,4586.88,XAUUSD.ecn,4594.67,4602.46,1.0,10.0,True,1787852700
False,SELL,4598.0,4598.0,4598.0,4585.52,0.7100000000000364,-1.0,-6.239999999999782,SL,6.239999999999782,4594.88,2026-08-27T18:26:00+00:00,4598.0,XAUUSD.ecn,4591.76,4585.52,1.0,10.0,False,1787855160
False,BUY,4613.67,4613.67,4611.84,4615.280000000001,1.1099999999996726,0.0639534883718932,0.10999999999967258,TRAIL_SL,1.7200000000002547,4612.700000000001,2026-08-27T19:55:00+00:00,4611.84,XAUUSD.ecn,4613.56,4615.280000000001,1.0,10.0,True,1787860500
True,SELL,,4609.57,4615.26,4609.219999999999,3.6700000000000728,,,SL_AND_TP_SAME_BAR,3.0200000000004366,4613.75,2026-08-27T20:09:00+00:00,4615.26,XAUUSD.ecn,4612.24,4609.219999999999,1.0,10.0,True,1787861340
True,SELL,,4607.79,4611.72,4608.499999999999,3.319999999999709,,,SL_AND_TP_SAME_BAR,1.610000000000582,4610.915,2026-08-27T20:49:00+00:00,4611.72,XAUUSD.ecn,4610.11,4608.499999999999,1.0,10.0,True,1787863740
False,SELL,4603.18,4603.18,4607.39,4601.2699999999995,2.149999999999636,0.37581699346388425,1.1499999999996362,TRAIL_SL,3.0600000000004,4605.860000000001,2026-08-27T21:03:00+00:00,4607.39,XAUUSD.ecn,4604.33,4601.2699999999995,1.0,10.0,True,1787864580
True,SELL,,4615.84,4617.99,4615.07,1.6899999999995998,,,SL_AND_TP_SAME_BAR,1.4600000000000364,4617.26,2026-08-27T22:12:00+00:00,4617.99,XAUUSD.ecn,4616.53,4615.07,1.0,10.0,True,1787868720
True,SELL,,4606.27,4611.39,4605.7300000000005,3.2899999999999636,,,SL_AND_TP_SAME_BAR,2.8299999999999272,4609.975,2026-08-27T22:54:00+00:00,4611.39,XAUUSD.ecn,4608.56,4605.7300000000005,1.0,10.0,True,1787871240
False,SELL,4604.57,4604.57,4609.77,4599.449999999999,1.0399999999999636,0.007751937984487926,0.03999999999996362,TRAIL_SL,5.160000000000764,4607.1900000000005,2026-08-27T23:08:00+00:00,4609.77,XAUUSD.ecn,4604.61,4599.449999999999,1.0,10.0,True,1787872080
False,SELL,4608.13,4608.13,4608.13,4596.95,0.569999999999709,-1.0,-5.5900000000001455,SL,5.5900000000001455,4605.335,2026-08-28T01:06:00+00:00,4608.13,XAUUSD.ecn,4602.54,4596.95,1.0,10.0,False,1787879160
False,SELL,4595.0,4595.0,4601.05,4590.19,1.6199999999998909,0.11418047882133658,0.6199999999998909,TRAIL_SL,5.430000000000291,4598.335,2026-08-28T03:22:00+00:00,4601.05,XAUUSD.ecn,4595.62,4590.19,1.0,10.0,True,1787887320
False,SELL,4588.23,4588.23,4591.19,4585.650000000001,1.1900000000005093,0.06859205776192843,0.19000000000050932,TRAIL_SL,2.769999999999527,4589.805,2026-08-28T03:50:00+00:00,4591.19,XAUUSD.ecn,4588.42,4585.650000000001,1.0,10.0,True,1787889000
False,BUY,4595.74,4595.74,4587.08,4599.219999999999,3.5900000000001455,0.4266886326194843,2.5900000000001455,TRAIL_SL,6.069999999999709,4590.115,2026-08-28T04:05:00+00:00,4587.08,XAUUSD.ecn,4593.15,4599.219999999999,1.0,10.0,True,1787889900
True,SELL,,4592.42,4599.58,4591.700000000001,4.220000000000255,,,SL_AND_TP_SAME_BAR,3.9399999999996,4597.610000000001,2026-08-28T04:15:00+00:00,4599.58,XAUUSD.ecn,4595.64,4591.700000000001,1.0,10.0,True,1787890500
False,BUY,4583.56,4583.56,4581.12,4585.7,1.1500000000005457,0.06550218340635287,0.1500000000005457,TRAIL_SL,2.2899999999999636,4582.264999999999,2026-08-28T08:27:00+00:00,4581.12,XAUUSD.ecn,4583.41,4585.7,1.0,10.0,True,1787905620
False,BUY,4581.84,4581.84,4575.13,4587.749999999999,1.4000000000005457,0.06339144215540063,0.4000000000005457,TRAIL_SL,6.309999999999491,4578.285,2026-08-28T09:14:00+00:00,4575.13,XAUUSD.ecn,4581.44,4587.749999999999,1.0,10.0,True,1787908440
False,SELL,4603.1,4603.1,4608.16,4598.200000000001,1.0799999999999272,0.016064257028099247,0.07999999999992724,TRAIL_SL,4.979999999999563,4605.67,2026-08-28T11:50:00+00:00,4608.16,XAUUSD.ecn,4603.18,4598.200000000001,1.0,10.0,True,1787917800
False,BUY,4601.79,4601.79,4594.01,4608.67,1.449999999999818,0.06139154160979844,0.4499999999998181,TRAIL_SL,7.329999999999927,4597.675,2026-08-28T15:27:00+00:00,4594.01,XAUUSD.ecn,4601.34,4608.67,1.0,10.0,True,1787930820
True,BUY,,4599.87,4594.57,4599.59,3.7899999999999636,,,SL_AND_TP_SAME_BAR,2.5100000000002183,4595.825,2026-08-28T16:00:00+00:00,4594.57,XAUUSD.ecn,4597.08,4599.59,1.0,10.0,True,1787932800
True,SELL,,4561.13,4567.97,4560.69,4.199999999999818,,,SL_AND_TP_SAME_BAR,3.6400000000003274,4566.15,2026-08-28T18:15:00+00:00,4567.97,XAUUSD.ecn,4564.33,4560.69,1.0,10.0,True,1787940900
True,SELL,,4557.22,4567.56,4556.94,6.029999999999745,,,SL_AND_TP_SAME_BAR,5.3100000000004,4564.905000000001,2026-08-28T18:33:00+00:00,4567.56,XAUUSD.ecn,4562.25,4556.94,1.0,10.0,True,1787941980
False,SELL,4537.55,4537.55,4550.36,4534.160000000001,5.710000000000036,0.5814814814815251,4.710000000000036,TRAIL_SL,8.099999999999454,4546.3099999999995,2026-08-28T18:45:00+00:00,4550.36,XAUUSD.ecn,4542.26,4534.160000000001,1.0,10.0,True,1787942700
False,SELL,4509.38,4509.38,4518.85,4507.93,5.010000000000218,0.7344322344322696,4.010000000000218,TRAIL_SL,5.460000000000036,4516.120000000001,2026-08-28T19:11:00+00:00,4518.85,XAUUSD.ecn,4513.39,4507.93,1.0,10.0,True,1787944260
False,SELL,4476.78,4476.78,4487.54,4469.64,2.8100000000004,0.2022346368715572,1.8100000000004002,TRAIL_SL,8.949999999999818,4483.0650000000005,2026-08-28T19:35:00+00:00,4487.54,XAUUSD.ecn,4478.59,4469.64,1.0,10.0,True,1787945700
False,SELL,4477.53,4477.53,4486.16,4470.700000000001,1.9000000000005457,0.11642949547226346,0.9000000000005457,TRAIL_SL,7.729999999999563,4482.295,2026-08-28T19:45:00+00:00,4486.16,XAUUSD.ecn,4478.43,4470.700000000001,1.0,10.0,True,1787946300
False,BUY,4474.32,4474.32,4466.6,4479.699999999999,2.1700000000000728,0.17862595419850424,1.1700000000000728,TRAIL_SL,6.549999999999272,4469.875,2026-08-28T20:48:00+00:00,4466.6,XAUUSD.ecn,4473.15,4479.699999999999,1.0,10.0,True,1787950080
False,SELL,4454.2,4454.2,4463.49,4449.07,3.0799999999999272,0.28848821081829634,2.0799999999999272,TRAIL_SL,7.210000000000036,4459.885,2026-08-28T21:25:00+00:00,4463.49,XAUUSD.ecn,4456.28,4449.07,1.0,10.0,True,1787952300
False,BUY,4461.42,4461.42,4455.16,4465.0,2.3400000000001455,0.27235772357726135,1.3400000000001455,TRAIL_SL,4.920000000000073,4457.62,2026-08-28T22:22:00+00:00,4455.16,XAUUSD.ecn,4460.08,4465.0,1.0,10.0,True,1787955720
False,BUY,4465.17,4465.17,4462.15,4467.470000000001,1.3599999999996726,0.1353383458644997,0.3599999999996726,TRAIL_SL,2.660000000000764,4463.48,2026-08-28T22:40:00+00:00,4462.15,XAUUSD.ecn,4464.81,4467.470000000001,1.0,10.0,True,1787956800
False,SELL,4453.92,4453.92,4466.35,4451.33,5.920000000000073,0.6551264980026538,4.920000000000073,TRAIL_SL,7.510000000000218,4462.595,2026-08-28T22:50:00+00:00,4466.35,XAUUSD.ecn,4458.84,4451.33,1.0,10.0,True,1787957400
False,BUY,4460.59,4460.59,4456.24,4464.24,1.3500000000003638,0.08750000000009095,0.3500000000003638,TRAIL_SL,4.0,4458.24,2026-08-28T23:04:00+00:00,4456.24,XAUUSD.ecn,4460.24,4464.24,1.0,10.0,True,1787958240
False,BUY,4456.59,4456.59,4454.19,4457.95,1.5200000000004366,0.27659574468106723,0.5200000000004366,TRAIL_SL,1.8800000000001091,4455.129999999999,2026-08-28T23:45:00+00:00,4454.19,XAUUSD.ecn,4456.07,4457.95,1.0,10.0,True,1787960700
False,BUY,4463.69,4463.69,4455.97,4464.79,4.309999999999491,0.7505668934239456,3.3099999999994907,TRAIL_SL,4.4099999999998545,4458.175,2026-08-31T01:21:00+00:00,4455.97,XAUUSD.ecn,4460.38,4464.79,1.0,10.0,True,1788139260
False,SELL,4453.91,4453.91,4465.4,4452.0599999999995,5.819999999999709,0.7226386806596187,4.819999999999709,TRAIL_SL,6.670000000000073,4462.065,2026-08-31T01:33:00+00:00,4465.4,XAUUSD.ecn,4458.73,4452.0599999999995,1.0,10.0,True,1788139980
False,SELL,4459.66,4459.66,4462.32,4457.42,1.2100000000000364,0.08571428571430692,0.21000000000003638,TRAIL_SL,2.449999999999818,4461.094999999999,2026-08-31T01:45:00+00:00,4462.32,XAUUSD.ecn,4459.87,4457.42,1.0,10.0,True,1788140700
False,BUY,4466.41,4466.41,4453.54,4471.0199999999995,5.130000000000109,0.4725400457666147,4.130000000000109,TRAIL_SL,8.739999999999782,4457.91,2026-08-31T03:34:00+00:00,4453.54,XAUUSD.ecn,4462.28,4471.0199999999995,1.0,10.0,True,1788147240
False,BUY,4464.13,4464.13,4464.13,4466.81,0.7199999999993452,-1.0,-1.3400000000001455,SL,1.3400000000001455,4464.8,2026-08-31T03:49:00+00:00,4464.13,XAUUSD.ecn,4465.47,4466.81,1.0,10.0,False,1788148140
False,SELL,4465.24,4465.24,4468.97,4461.95,1.2200000000002547,0.06267806267813134,0.22000000000025466,TRAIL_SL,3.5100000000002183,4467.215,2026-08-31T03:53:00+00:00,4468.97,XAUUSD.ecn,4465.46,4461.95,1.0,10.0,True,1788148380
False,SELL,4453.57,4453.57,4465.07,4447.950000000001,3.9400000000005093,0.3434579439253136,2.9400000000005093,TRAIL_SL,8.55999999999949,4460.79,2026-08-31T04:02:00+00:00,4465.07,XAUUSD.ecn,4456.51,4447.950000000001,1.0,10.0,True,1788148920
True,BUY,,4443.39,4443.39,4443.61,0.930000000000291,,,SL_AND_TP_SAME_BAR,0.10999999999967258,4443.445,2026-08-31T04:32:00+00:00,4443.39,XAUUSD.ecn,4443.5,4443.61,1.0,10.0,False,1788150720
False,SELL,4403.29,4403.29,4411.55,4399.169999999999,3.069999999999709,0.33441033925679137,2.069999999999709,TRAIL_SL,6.190000000000509,4408.455,2026-08-31T05:42:00+00:00,4411.55,XAUUSD.ecn,4405.36,4399.169999999999,1.0,10.0,True,1788154920
True,BUY,,4420.21,4413.71,4418.910000000001,4.899999999999636,,,SL_AND_TP_SAME_BAR,2.600000000000364,4415.01,2026-08-31T05:56:00+00:00,4413.71,XAUUSD.ecn,4416.31,4418.910000000001,1.0,10.0,True,1788155760
True,BUY,,4436.79,4436.07,4436.870000000001,1.319999999999709,,,SL_AND_TP_SAME_BAR,0.4000000000005457,4436.27,2026-08-31T09:00:00+00:00,4436.07,XAUUSD.ecn,4436.47,4436.870000000001,1.0,10.0,True,1788166800
False,SELL,4439.51,4439.51,4448.75,4432.030000000001,1.8800000000001091,0.10526315789475402,0.8800000000001091,TRAIL_SL,8.359999999999673,4444.57,2026-08-31T11:17:00+00:00,4448.75,XAUUSD.ecn,4440.39,4432.030000000001,1.0,10.0,True,1788175020
False,BUY,4438.27,4438.27,4438.27,4446.27,0.5399999999999636,-1.0,-4.0,SL,4.0,4440.27,2026-08-31T12:17:00+00:00,4438.27,XAUUSD.ecn,4442.27,4446.27,1.0,10.0,False,1788178620
False,BUY,4454.58,4454.58,4450.47,4456.009999999999,2.3400000000001455,0.48375451263551417,1.3400000000001455,TRAIL_SL,2.769999999999527,4451.855,2026-08-31T13:54:00+00:00,4450.47,XAUUSD.ecn,4453.24,4456.009999999999,1.0,10.0,True,1788184440
False,BUY,4457.09,4457.09,4453.51,4458.59,2.0399999999999636,0.40944881889762935,1.0399999999999636,TRAIL_SL,2.5399999999999636,4454.780000000001,2026-08-31T14:21:00+00:00,4453.51,XAUUSD.ecn,4456.05,4458.59,1.0,10.0,True,1788186060
True,BUY,,4456.72,4454.89,4457.089999999999,1.730000000000473,,,SL_AND_TP_SAME_BAR,1.0999999999994543,4455.4400000000005,2026-08-31T15:14:00+00:00,4454.89,XAUUSD.ecn,4455.99,4457.089999999999,1.0,10.0,True,1788189240
False,SELL,4448.29,4448.29,4458.7,4447.240000000001,5.680000000000291,0.8167539267016837,4.680000000000291,TRAIL_SL,5.729999999999563,4455.835,2026-08-31T15:24:00+00:00,4458.7,XAUUSD.ecn,4452.97,4447.240000000001,1.0,10.0,True,1788189840
False,SELL,4428.51,4428.51,4435.25,4427.17,3.699999999999818,0.6683168316831293,2.699999999999818,TRAIL_SL,4.039999999999964,4433.23,2026-08-31T17:51:00+00:00,4435.25,XAUUSD.ecn,4431.21,4427.17,1.0,10.0,True,1788198660
False,SELL,4430.48,4430.48,4436.49,4427.99,2.7600000000002183,0.4141176470588749,1.7600000000002183,TRAIL_SL,4.25,4434.365,2026-08-31T18:19:00+00:00,4436.49,XAUUSD.ecn,4432.24,4427.99,1.0,10.0,True,1788200340
False,SELL,4435.76,4435.76,4435.76,4430.68,0.18000000000029104,-1.0,-2.5399999999999636,SL,2.5399999999999636,4434.49,2026-08-31T19:40:00+00:00,4435.76,XAUUSD.ecn,4433.22,4430.68,1.0,10.0,False,1788205200
False,BUY,4434.65,4434.65,4431.46,4436.080000000001,1.8799999999991996,0.3809523809519685,0.8799999999991996,TRAIL_SL,2.3100000000004,4432.615,2026-08-31T20:14:00+00:00,4431.46,XAUUSD.ecn,4433.77,4436.080000000001,1.0,10.0,True,1788207240
False,SELL,4432.74,4432.74,4436.57,4429.050000000001,1.0700000000006185,0.01861702127676365,0.07000000000061846,TRAIL_SL,3.759999999999309,4434.6900000000005,2026-08-31T21:05:00+00:00,4436.57,XAUUSD.ecn,4432.81,4429.050000000001,1.0,10.0,True,1788210300
False,BUY,4454.9,4454.9,4448.13,4457.7699999999995,2.949999999999818,0.4045643153526838,1.949999999999818,TRAIL_SL,4.819999999999709,4450.54,2026-08-31T23:02:00+00:00,4448.13,XAUUSD.ecn,4452.95,4457.7699999999995,1.0,10.0,True,1788217320
True,BUY,,4450.23,4446.43,4450.51,2.759999999999309,,,SL_AND_TP_SAME_BAR,2.0399999999999636,4447.450000000001,2026-09-01T02:56:00+00:00,4446.43,XAUUSD.ecn,4448.47,4450.51,1.0,10.0,True,1788231360
False,BUY,4459.62,4459.62,4455.81,4462.03,1.699999999999818,0.22508038585205525,0.6999999999998181,TRAIL_SL,3.1099999999996726,4457.365,2026-09-01T03:22:00+00:00,4455.81,XAUUSD.ecn,4458.92,4462.03,1.0,10.0,True,1788232920
False,BUY,4459.99,4459.99,4457.23,4461.890000000001,1.4299999999993815,0.18454935622284427,0.42999999999938154,TRAIL_SL,2.3300000000008367,4458.395,2026-09-01T03:29:00+00:00,4457.23,XAUUSD.ecn,4459.56,4461.890000000001,1.0,10.0,True,1788233340
False,SELL,4439.76,4439.76,4444.76,4435.32,1.2799999999997453,0.05932203389824793,0.27999999999974534,TRAIL_SL,4.720000000000255,4442.4,2026-09-01T04:27:00+00:00,4444.76,XAUUSD.ecn,4440.04,4435.32,1.0,10.0,True,1788236820
False,SELL,4437.06,4437.06,4437.06,4428.28,0.3000000000001819,-1.0,-4.390000000000327,SL,4.390000000000327,4434.865,2026-09-01T05:47:00+00:00,4437.06,XAUUSD.ecn,4432.67,4428.28,1.0,10.0,False,1788241620
False,SELL,4433.4,4433.4,4440.27,4429.41,2.4400000000005093,0.26519337016582545,1.4400000000005093,TRAIL_SL,5.430000000000291,4437.555,2026-09-01T06:23:00+00:00,4440.27,XAUUSD.ecn,4434.84,4429.41,1.0,10.0,True,1788243780
False,BUY,4434.33,4434.33,4426.01,4436.75,3.949999999999818,0.549348230912454,2.949999999999818,TRAIL_SL,5.369999999999891,4428.695,2026-09-01T08:33:00+00:00,4426.01,XAUUSD.ecn,4431.38,4436.75,1.0,10.0,True,1788251580
False,SELL,4430.02,4430.02,4435.33,4426.210000000001,1.75,0.16447368421054467,0.75,TRAIL_SL,4.559999999999491,4433.05,2026-09-01T09:49:00+00:00,4435.33,XAUUSD.ecn,4430.77,4426.210000000001,1.0,10.0,True,1788256140
True,SELL,,4413.18,4424.89,4418.13,9.329999999999927,,,SL_AND_TP_SAME_BAR,3.380000000000109,4423.200000000001,2026-09-01T10:39:00+00:00,4424.89,XAUUSD.ecn,4421.51,4418.13,1.0,10.0,True,1788259140
False,SELL,4421.88,4421.88,4421.88,4414.9800000000005,0.8000000000001819,-1.0,-3.449999999999818,SL,3.449999999999818,4420.155000000001,2026-09-01T10:46:00+00:00,4421.88,XAUUSD.ecn,4418.43,4414.9800000000005,1.0,10.0,False,1788259560
False,BUY,4420.61,4420.61,4417.63,4422.2300000000005,1.6799999999993815,0.2956521739127512,0.6799999999993815,TRAIL_SL,2.300000000000182,4418.780000000001,2026-09-01T10:51:00+00:00,4417.63,XAUUSD.ecn,4419.93,4422.2300000000005,1.0,10.0,True,1788259860
False,SELL,4399.03,4399.03,4405.93,4392.529999999999,1.199999999999818,0.029850746268626327,0.1999999999998181,TRAIL_SL,6.700000000000728,4402.58,2026-09-01T11:12:00+00:00,4405.93,XAUUSD.ecn,4399.23,4392.529999999999,1.0,10.0,True,1788261120
False,SELL,4382.8,4382.8,4397.52,4377.699999999999,5.809999999999491,0.4853683148334127,4.809999999999491,TRAIL_SL,9.910000000000764,4392.5650000000005,2026-09-01T11:27:00+00:00,4397.52,XAUUSD.ecn,4387.61,4377.699999999999,1.0,10.0,True,1788262020
False,BUY,4384.32,4384.32,4380.38,4386.04,2.1099999999996726,0.39222614840978837,1.1099999999996726,TRAIL_SL,2.8299999999999272,4381.795,2026-09-01T13:26:00+00:00,4380.38,XAUUSD.ecn,4383.21,4386.04,1.0,10.0,True,1788269160
False,BUY,4382.11,4382.11,4376.82,4383.42,2.9899999999997817,0.6030303030302037,1.9899999999997817,TRAIL_SL,3.300000000000182,4378.469999999999,2026-09-01T14:11:00+00:00,4376.82,XAUUSD.ecn,4380.12,4383.42,1.0,10.0,True,1788271860
False,SELL,4381.78,4381.78,4381.78,4370.900000000001,0.5399999999999636,-1.0,-5.4399999999996,SL,5.4399999999996,4379.0599999999995,2026-09-01T14:18:00+00:00,4381.78,XAUUSD.ecn,4376.34,4370.900000000001,1.0,10.0,False,1788272280
False,SELL,4372.3,4372.3,4372.3,4369.44,0.8699999999998909,-1.0,-1.430000000000291,SL,1.430000000000291,4371.585,2026-09-01T15:12:00+00:00,4372.3,XAUUSD.ecn,4370.87,4369.44,1.0,10.0,False,1788275520
False,SELL,4355.84,4355.84,4363.86,4349.920000000001,2.050000000000182,0.15064562410334012,1.050000000000182,TRAIL_SL,6.969999999999345,4360.375,2026-09-01T15:38:00+00:00,4363.86,XAUUSD.ecn,4356.89,4349.920000000001,1.0,10.0,True,1788277080
True,SELL,,4359.74,4363.79,4361.2300000000005,3.7700000000004366,,,SL_AND_TP_SAME_BAR,1.2799999999997453,4363.15,2026-09-01T15:57:00+00:00,4363.79,XAUUSD.ecn,4362.51,4361.2300000000005,1.0,10.0,True,1788278220
False,BUY,4340.88,4340.88,4333.64,4343.22,3.449999999999818,0.511482254697252,2.449999999999818,TRAIL_SL,4.789999999999964,4336.035,2026-09-01T16:27:00+00:00,4333.64,XAUUSD.ecn,4338.43,4343.22,1.0,10.0,True,1788280020
False,BUY,4349.02,4349.02,4341.71,4356.05,1.1400000000003274,0.01952580195262566,0.14000000000032742,TRAIL_SL,7.170000000000073,4345.295,2026-09-01T16:35:00+00:00,4341.71,XAUUSD.ecn,4348.88,4356.05,1.0,10.0,True,1788280500
False,BUY,4373.49,4373.49,4362.48,4375.32,5.5900000000001455,0.714953271028052,4.5900000000001455,TRAIL_SL,6.420000000000073,4365.69,2026-09-01T17:17:00+00:00,4362.48,XAUUSD.ecn,4368.9,4375.32,1.0,10.0,True,1788283020
False,SELL,4348.85,4348.85,4354.86,4346.900000000001,3.0299999999997453,0.5100502512562733,2.0299999999997453,TRAIL_SL,3.9799999999995634,4352.87,2026-09-01T19:32:00+00:00,4354.86,XAUUSD.ecn,4350.88,4346.900000000001,1.0,10.0,True,1788291120
False,BUY,4349.55,4349.55,4344.25,4353.389999999999,1.730000000000473,0.15973741794322088,0.7300000000004729,TRAIL_SL,4.569999999999709,4346.535,2026-09-01T20:32:00+00:00,4344.25,XAUUSD.ecn,4348.82,4353.389999999999,1.0,10.0,True,1788294720
False,SELL,4339.16,4339.16,4344.14,4335.819999999999,1.819999999999709,0.19711538461527844,0.819999999999709,TRAIL_SL,4.160000000000764,4342.0599999999995,2026-09-01T21:07:00+00:00,4344.14,XAUUSD.ecn,4339.98,4335.819999999999,1.0,10.0,True,1788296820
False,BUY,4340.37,4340.37,4336.14,4343.28,1.6599999999998545,0.18487394957980624,0.6599999999998545,TRAIL_SL,3.569999999999709,4337.925,2026-09-01T21:22:00+00:00,4336.14,XAUUSD.ecn,4339.71,4343.28,1.0,10.0,True,1788297720
False,SELL,4334.03,4334.03,4337.84,4332.08,1.930000000000291,0.3229166666667555,0.930000000000291,TRAIL_SL,2.880000000000109,4336.4,2026-09-01T21:33:00+00:00,4337.84,XAUUSD.ecn,4334.96,4332.08,1.0,10.0,True,1788298380
False,BUY,4335.71,4335.71,4331.24,4339.639999999999,1.2700000000004366,0.06428571428582101,0.27000000000043656,TRAIL_SL,4.199999999999818,4333.34,2026-09-01T22:15:00+00:00,4331.24,XAUUSD.ecn,4335.44,4339.639999999999,1.0,10.0,True,1788300900
False,SELL,4327.95,4327.95,4330.37,4325.89,1.180000000000291,0.08035714285728061,0.18000000000029104,TRAIL_SL,2.2399999999997817,4329.25,2026-09-01T22:54:00+00:00,4330.37,XAUUSD.ecn,4328.13,4325.89,1.0,10.0,True,1788303240
False,SELL,4327.87,4327.87,4331.87,4325.29,1.7100000000000364,0.2158054711246335,0.7100000000000364,TRAIL_SL,3.2899999999999636,4330.225,2026-09-02T02:57:00+00:00,4331.87,XAUUSD.ecn,4328.58,4325.29,1.0,10.0,True,1788317820
False,SELL,4321.92,4321.92,4326.05,4317.81,1.0100000000002183,0.002427184466072462,0.010000000000218279,TRAIL_SL,4.119999999999891,4323.99,2026-09-02T04:20:00+00:00,4326.05,XAUUSD.ecn,4321.93,4317.81,1.0,10.0,True,1788322800
False,SELL,4307.54,4307.54,4316.73,4303.470000000001,3.5600000000004,0.3861236802414343,2.5600000000004,TRAIL_SL,6.6299999999992,4313.415,2026-09-02T04:39:00+00:00,4316.73,XAUUSD.ecn,4310.1,4303.470000000001,1.0,10.0,True,1788323940
False,SELL,4298.22,4298.22,4306.37,4290.21,1.069999999999709,0.008663366336597722,0.06999999999970896,TRAIL_SL,8.079999999999927,4302.33,2026-09-02T04:54:00+00:00,4306.37,XAUUSD.ecn,4298.29,4290.21,1.0,10.0,True,1788324840
False,BUY,4294.98,4294.98,4294.98,4301.84,0.4899999999997817,-1.0,-3.430000000000291,SL,3.430000000000291,4296.695,2026-09-02T05:08:00+00:00,4294.98,XAUUSD.ecn,4298.41,4301.84,1.0,10.0,False,1788325680
False,SELL,4292.37,4292.37,4300.93,4286.43,2.3100000000004,0.180689655172469,1.3100000000004002,TRAIL_SL,7.25,4297.305,2026-09-02T05:11:00+00:00,4300.93,XAUUSD.ecn,4293.68,4286.43,1.0,10.0,True,1788325860
False,SELL,4301.94,4301.94,4308.32,4297.4,1.9200000000000728,0.1684981684981807,0.9200000000000728,TRAIL_SL,5.460000000000036,4305.59,2026-09-02T05:59:00+00:00,4308.32,XAUUSD.ecn,4302.86,4297.4,1.0,10.0,True,1788328740
False,SELL,4285.26,4285.26,4290.98,4280.76,1.6099999999996726,0.11937377690796706,0.6099999999996726,TRAIL_SL,5.109999999999673,4288.424999999999,2026-09-02T06:36:00+00:00,4290.98,XAUUSD.ecn,4285.87,4280.76,1.0,10.0,True,1788330960
False,BUY,4289.17,4289.17,4284.26,4293.42,1.3299999999999272,0.07205240174671015,0.32999999999992724,TRAIL_SL,4.579999999999927,4286.55,2026-09-02T06:40:00+00:00,4284.26,XAUUSD.ecn,4288.84,4293.42,1.0,10.0,True,1788331200
False,BUY,4310.54,4310.54,4304.75,4315.75,1.2899999999999636,0.052727272727266114,0.2899999999999636,TRAIL_SL,5.5,4307.5,2026-09-02T08:19:00+00:00,4304.75,XAUUSD.ecn,4310.25,4315.75,1.0,10.0,True,1788337140
False,SELL,4308.04,4308.04,4310.91,4306.3099999999995,1.569999999999709,0.2478260869563756,0.569999999999709,TRAIL_SL,2.300000000000182,4309.76,2026-09-02T08:23:00+00:00,4310.91,XAUUSD.ecn,4308.61,4306.3099999999995,1.0,10.0,True,1788337380
False,BUY,4323.8,4323.8,4320.07,4325.23,2.1500000000005457,0.4457364341087512,1.1500000000005457,TRAIL_SL,2.5799999999999272,4321.36,2026-09-02T08:46:00+00:00,4320.07,XAUUSD.ecn,4322.65,4325.23,1.0,10.0,True,1788338760
False,SELL,4316.36,4316.36,4320.76,4313.98,2.0100000000002183,0.2979351032448734,1.0100000000002183,TRAIL_SL,3.3900000000003274,4319.0650000000005,2026-09-02T09:52:00+00:00,4320.76,XAUUSD.ecn,4317.37,4313.98,1.0,10.0,True,1788342720
False,BUY,4320.24,4320.24,4320.24,4328.84,0.48000000000047294,-1.0,-4.300000000000182,SL,4.300000000000182,4322.389999999999,2026-09-02T11:41:00+00:00,4320.24,XAUUSD.ecn,4324.54,4328.84,1.0,10.0,False,1788349260
False,SELL,4314.97,4314.97,4317.68,4312.4400000000005,1.0900000000001455,0.03435114503822491,0.09000000000014552,TRAIL_SL,2.619999999999891,4316.370000000001,2026-09-02T12:16:00+00:00,4317.68,XAUUSD.ecn,4315.06,4312.4400000000005,1.0,10.0,True,1788351360
False,SELL,4306.58,4306.58,4315.32,4298.76,1.4600000000000364,0.05555555555556166,0.4600000000000364,TRAIL_SL,8.279999999999745,4311.18,2026-09-02T12:27:00+00:00,4315.32,XAUUSD.ecn,4307.04,4298.76,1.0,10.0,True,1788352020
False,BUY,4325.81,4325.81,4325.81,4335.2300000000005,0.5199999999995271,-1.0,-4.710000000000036,SL,4.710000000000036,4328.165000000001,2026-09-02T14:40:00+00:00,4325.81,XAUUSD.ecn,4330.52,4335.2300000000005,1.0,10.0,False,1788360000
False,SELL,4325.07,4325.07,4332.87,4320.11,2.4200000000000728,0.2225705329153681,1.4200000000000728,TRAIL_SL,6.380000000000109,4329.68,2026-09-02T14:45:00+00:00,4332.87,XAUUSD.ecn,4326.49,4320.11,1.0,10.0,True,1788360300
False,BUY,4329.79,4329.79,4323.36,4336.2,1.0100000000002183,0.0015576323987878762,0.010000000000218279,TRAIL_SL,6.420000000000073,4326.57,2026-09-02T14:56:00+00:00,4323.36,XAUUSD.ecn,4329.78,4336.2,1.0,10.0,True,1788360960
False,SELL,4337.63,4337.63,4344.5,4336.280000000001,3.7600000000002183,0.6715328467154351,2.7600000000002183,TRAIL_SL,4.109999999999673,4342.445,2026-09-02T16:14:00+00:00,4344.5,XAUUSD.ecn,4340.39,4336.280000000001,1.0,10.0,True,1788365640
False,SELL,4386.43,4386.43,4397.28,4380.46,3.4399999999996,0.29013079667058767,2.4399999999996,TRAIL_SL,8.409999999999854,4393.075,2026-09-02T17:25:00+00:00,4397.28,XAUUSD.ecn,4388.87,4380.46,1.0,10.0,True,1788369900
False,SELL,4374.66,4374.66,4380.66,4373.0599999999995,3.199999999999818,0.578947368420977,2.199999999999818,TRAIL_SL,3.800000000000182,4378.76,2026-09-02T18:09:00+00:00,4380.66,XAUUSD.ecn,4376.86,4373.0599999999995,1.0,10.0,True,1788372540
True,BUY,,4373.75,4368.04,4374.679999999999,3.3900000000003274,,,SL_AND_TP_SAME_BAR,3.319999999999709,4369.7,2026-09-02T19:00:00+00:00,4368.04,XAUUSD.ecn,4371.36,4374.679999999999,1.0,10.0,True,1788375600
False,SELL,4374.32,4374.32,4377.49,4371.35,1.1000000000003638,0.03257328990240172,0.1000000000003638,TRAIL_SL,3.069999999999709,4375.955,2026-09-02T21:02:00+00:00,4377.49,XAUUSD.ecn,4374.42,4371.35,1.0,10.0,True,1788382920
False,BUY,4375.15,4375.15,4369.88,4379.28,1.569999999999709,0.12127659574462363,0.569999999999709,TRAIL_SL,4.699999999999818,4372.23,2026-09-02T21:21:00+00:00,4369.88,XAUUSD.ecn,4374.58,4379.28,1.0,10.0,True,1788384060
False,SELL,4373.64,4373.64,4376.65,4370.91,1.139999999999418,0.048780487804677086,0.13999999999941792,TRAIL_SL,2.869999999999891,4375.215,2026-09-02T21:47:00+00:00,4376.65,XAUUSD.ecn,4373.78,4370.91,1.0,10.0,True,1788385620
False,SELL,4382.52,4382.52,4386.49,4379.49,1.4699999999993452,0.13428571428552719,0.46999999999934516,TRAIL_SL,3.5,4384.74,2026-09-03T02:20:00+00:00,4386.49,XAUUSD.ecn,4382.99,4379.49,1.0,10.0,True,1788402000
False,SELL,4390.82,4390.82,4390.82,4388.26,0.0500000000001819,-1.0,-1.2799999999997453,SL,1.2799999999997453,4390.18,2026-09-03T03:10:00+00:00,4390.82,XAUUSD.ecn,4389.54,4388.26,1.0,10.0,False,1788405000
True,BUY,,4396.05,4391.1,4394.779999999999,4.110000000000582,,,SL_AND_TP_SAME_BAR,1.839999999999236,4392.02,2026-09-03T03:59:00+00:00,4391.1,XAUUSD.ecn,4392.94,4394.779999999999,1.0,10.0,True,1788407940
True,SELL,,4401.61,4405.37,4401.509999999999,2.8299999999999272,,,SL_AND_TP_SAME_BAR,1.930000000000291,4404.405,2026-09-03T04:45:00+00:00,4405.37,XAUUSD.ecn,4403.44,4401.509999999999,1.0,10.0,True,1788410700
False,BUY,4413.07,4413.07,4409.54,4416.28,1.1599999999998545,0.047477744807080016,0.15999999999985448,TRAIL_SL,3.369999999999891,4411.225,2026-09-03T05:03:00+00:00,4409.54,XAUUSD.ecn,4412.91,4416.28,1.0,10.0,True,1788411780
False,BUY,4415.87,4415.87,4410.21,4418.03,2.75,0.44757033248083505,1.75,TRAIL_SL,3.9099999999998545,4412.165,2026-09-03T05:32:00+00:00,4410.21,XAUUSD.ecn,4414.12,4418.03,1.0,10.0,True,1788413520
True,BUY,,4429.36,4424.07,4429.610000000001,3.519999999999527,,,SL_AND_TP_SAME_BAR,2.7700000000004366,4425.455,2026-09-03T06:14:00+00:00,4424.07,XAUUSD.ecn,4426.84,4429.610000000001,1.0,10.0,True,1788416040
False,BUY,4429.79,4429.79,4426.33,4432.93,1.1599999999998545,0.04848484848480172,0.15999999999985448,TRAIL_SL,3.300000000000182,4427.98,2026-09-03T06:35:00+00:00,4426.33,XAUUSD.ecn,4429.63,4432.93,1.0,10.0,True,1788417300
True,BUY,,4435.5,4432.65,4436.43,1.9600000000000364,,,SL_AND_TP_SAME_BAR,1.8900000000003274,4433.594999999999,2026-09-03T07:27:00+00:00,4432.65,XAUUSD.ecn,4434.54,4436.43,1.0,10.0,True,1788420420
False,SELL,4435.53,4435.53,4439.25,4433.110000000001,1.6500000000005457,0.21172638436501867,0.6500000000005457,TRAIL_SL,3.069999999999709,4437.715,2026-09-03T08:55:00+00:00,4439.25,XAUUSD.ecn,4436.18,4433.110000000001,1.0,10.0,True,1788425700
False,SELL,4427.94,4427.94,4430.23,4426.15,1.25,0.12254901960784532,0.25,TRAIL_SL,2.0399999999999636,4429.209999999999,2026-09-03T10:27:00+00:00,4430.23,XAUUSD.ecn,4428.19,4426.15,1.0,10.0,True,1788431220
False,SELL,4432.36,4432.36,4443.33,4427.15,3.880000000000109,0.3559950556242345,2.880000000000109,TRAIL_SL,8.090000000000146,4439.285,2026-09-03T11:12:00+00:00,4443.33,XAUUSD.ecn,4435.24,4427.15,1.0,10.0,True,1788433920
False,BUY,4436.97,4436.97,4433.66,4438.460000000001,1.9099999999998545,0.3791666666665198,0.9099999999998545,TRAIL_SL,2.4000000000005457,4434.860000000001,2026-09-03T12:34:00+00:00,4433.66,XAUUSD.ecn,4436.06,4438.460000000001,1.0,10.0,True,1788438840
False,BUY,4445.59,4445.59,4445.59,4447.73,0.3400000000001455,-1.0,-1.069999999999709,SL,1.069999999999709,4446.125,2026-09-03T15:11:00+00:00,4445.59,XAUUSD.ecn,4446.66,4447.73,1.0,10.0,False,1788448260
True,BUY,,4465.79,4439.85,4453.969999999999,19.88000000000011,,,SL_AND_TP_SAME_BAR,7.059999999999491,4443.38,2026-09-03T15:28:00+00:00,4439.85,XAUUSD.ecn,4446.91,4453.969999999999,1.0,10.0,True,1788449280
False,BUY,4464.4,4464.4,4464.4,4466.360000000001,0.6099999999996726,-1.0,-0.9800000000004729,SL,0.9800000000004729,4464.889999999999,2026-09-03T17:08:00+00:00,4464.4,XAUUSD.ecn,4465.38,4466.360000000001,1.0,10.0,False,1788455280
False,BUY,4475.6,4475.6,4464.55,4479.490000000001,4.579999999999927,0.47925033467199535,3.5799999999999272,TRAIL_SL,7.470000000000255,4468.285,2026-09-03T17:22:00+00:00,4464.55,XAUUSD.ecn,4472.02,4479.490000000001,1.0,10.0,True,1788456120
True,BUY,,4477.2,4472.3,4478.06,3.019999999999527,,,SL_AND_TP_SAME_BAR,2.880000000000109,4473.74,2026-09-03T17:32:00+00:00,4472.3,XAUUSD.ecn,4475.18,4478.06,1.0,10.0,True,1788456720
False,SELL,4489.63,4489.63,4496.71,4483.39,1.4200000000000728,0.06306306306307537,0.42000000000007276,TRAIL_SL,6.6599999999998545,4493.38,2026-09-03T18:50:00+00:00,4496.71,XAUUSD.ecn,4490.05,4483.39,1.0,10.0,True,1788461400
False,BUY,4487.51,4487.51,4487.51,4490.969999999999,0.43000000000029104,-1.0,-1.7299999999995634,SL,1.7299999999995634,4488.375,2026-09-03T19:47:00+00:00,4487.51,XAUUSD.ecn,4489.24,4490.969999999999,1.0,10.0,False,1788464820
False,BUY,4486.5,4486.5,4483.26,4489.139999999999,1.300000000000182,0.10204081632660637,0.3000000000001819,TRAIL_SL,2.9399999999996,4484.73,2026-09-03T20:08:00+00:00,4483.26,XAUUSD.ecn,4486.2,4489.139999999999,1.0,10.0,True,1788466080
False,SELL,4489.54,4489.54,4494.71,4485.910000000001,1.7700000000004366,0.17500000000011368,0.7700000000004366,TRAIL_SL,4.399999999999636,4492.51,2026-09-03T20:53:00+00:00,4494.71,XAUUSD.ecn,4490.31,4485.910000000001,1.0,10.0,True,1788468780
True,BUY,,4477.36,4477.36,4478.04,0.8000000000001819,,,SL_AND_TP_SAME_BAR,0.3400000000001455,4477.53,2026-09-04T04:13:00+00:00,4477.36,XAUUSD.ecn,4477.7,4478.04,1.0,10.0,False,1788495180
False,BUY,4475.87,4475.87,4469.09,4479.67,2.4899999999997817,0.2816635160680136,1.4899999999997817,TRAIL_SL,5.289999999999964,4471.735000000001,2026-09-04T04:38:00+00:00,4469.09,XAUUSD.ecn,4474.38,4479.67,1.0,10.0,True,1788496680
False,BUY,4480.7,4480.7,4470.57,4486.17,3.3299999999999272,0.29871794871793245,2.3299999999999272,TRAIL_SL,7.800000000000182,4474.469999999999,2026-09-04T05:01:00+00:00,4470.57,XAUUSD.ecn,4478.37,4486.17,1.0,10.0,True,1788498060
False,SELL,4473.39,4473.39,4477.59,4471.17,1.9899999999997817,0.3084112149531995,0.9899999999997817,TRAIL_SL,3.2100000000000364,4475.985000000001,2026-09-04T05:29:00+00:00,4477.59,XAUUSD.ecn,4474.38,4471.17,1.0,10.0,True,1788499740
True,SELL,,4467.74,4469.84,4467.74,2.050000000000182,,,SL_AND_TP_SAME_BAR,1.050000000000182,4469.3150000000005,2026-09-04T07:01:00+00:00,4469.84,XAUUSD.ecn,4468.79,4467.74,1.0,10.0,True,1788505260
False,BUY,4468.77,4468.77,4468.77,4477.549999999999,0.25,-1.0,-4.389999999999418,SL,4.389999999999418,4470.965,2026-09-04T08:20:00+00:00,4468.77,XAUUSD.ecn,4473.16,4477.549999999999,1.0,10.0,False,1788510000
False,BUY,4469.98,4469.98,4469.98,4479.82,0.7100000000000364,-1.0,-4.920000000000073,SL,4.920000000000073,4472.44,2026-09-04T08:41:00+00:00,4469.98,XAUUSD.ecn,4474.9,4479.82,1.0,10.0,False,1788511260
False,SELL,4472.6,4472.6,4475.61,4469.81,1.1099999999996726,0.03793103448265048,0.10999999999967258,TRAIL_SL,2.899999999999636,4474.16,2026-09-04T08:45:00+00:00,4475.61,XAUUSD.ecn,4472.71,4469.81,1.0,10.0,True,1788511500
True,BUY,,4468.9,4467.32,4467.98,2.25,,,SL_AND_TP_SAME_BAR,0.32999999999992724,4467.485,2026-09-04T09:22:00+00:00,4467.32,XAUUSD.ecn,4467.65,4467.98,1.0,10.0,True,1788513720
True,BUY,,4467.35,4462.95,4467.009999999999,3.3700000000008004,,,SL_AND_TP_SAME_BAR,2.0299999999997453,4463.965,2026-09-04T10:05:00+00:00,4462.95,XAUUSD.ecn,4464.98,4467.009999999999,1.0,10.0,True,1788516300
False,SELL,4483.89,4483.89,4489.78,4480.400000000001,2.199999999999818,0.255863539445612,1.199999999999818,TRAIL_SL,4.6899999999996,4487.4349999999995,2026-09-04T10:54:00+00:00,4489.78,XAUUSD.ecn,4485.09,4480.400000000001,1.0,10.0,True,1788519240
False,SELL,4468.97,4468.97,4475.08,4466.200000000001,2.6700000000000728,0.3761261261261764,1.6700000000000728,TRAIL_SL,4.4399999999996,4472.860000000001,2026-09-04T12:15:00+00:00,4475.08,XAUUSD.ecn,4470.64,4466.200000000001,1.0,10.0,True,1788524100
False,BUY,4473.52,4473.52,4473.52,4477.34,0.4899999999997817,-1.0,-1.9099999999998545,SL,1.9099999999998545,4474.475,2026-09-04T13:48:00+00:00,4473.52,XAUUSD.ecn,4475.43,4477.34,1.0,10.0,False,1788529680
True,SELL,,4472.17,4474.86,4471.86,2.1899999999996,,,SL_AND_TP_SAME_BAR,1.5,4474.11,2026-09-04T14:02:00+00:00,4474.86,XAUUSD.ecn,4473.36,4471.86,1.0,10.0,True,1788530520
True,BUY,,4468.53,4465.24,4468.200000000001,2.8099999999994907,,,SL_AND_TP_SAME_BAR,1.480000000000473,4465.98,2026-09-04T14:33:00+00:00,4465.24,XAUUSD.ecn,4466.72,4468.200000000001,1.0,10.0,True,1788532380
False,BUY,4404.02,4404.02,4395.71,4410.61,1.860000000000582,0.11543624161081921,0.8600000000005821,TRAIL_SL,7.449999999999818,4399.4349999999995,2026-09-04T15:56:00+00:00,4395.71,XAUUSD.ecn,4403.16,4410.61,1.0,10.0,True,1788537360
True,BUY,,4403.17,4391.45,4402.69,7.100000000000364,,,SL_AND_TP_SAME_BAR,5.619999999999891,4394.26,2026-09-04T16:22:00+00:00,4391.45,XAUUSD.ecn,4397.07,4402.69,1.0,10.0,True,1788538920
True,BUY,,4423.7,4412.07,4419.85,8.739999999999782,,,SL_AND_TP_SAME_BAR,3.8900000000003274,4414.014999999999,2026-09-04T17:06:00+00:00,4412.07,XAUUSD.ecn,4415.96,4419.85,1.0,10.0,True,1788541560
False,BUY,4425.46,4425.46,4425.46,4429.580000000001,0.32999999999992724,-1.0,-2.0600000000004,SL,2.0600000000004,4426.49,2026-09-04T17:46:00+00:00,4425.46,XAUUSD.ecn,4427.52,4429.580000000001,1.0,10.0,False,1788543960
False,SELL,4436.11,4436.11,4442.49,4433.65,2.9600000000000364,0.44343891402715024,1.9600000000000364,TRAIL_SL,4.420000000000073,4440.28,2026-09-04T19:24:00+00:00,4442.49,XAUUSD.ecn,4438.07,4433.65,1.0,10.0,True,1788549840
False,SELL,4436.54,4436.54,4440.35,4434.889999999999,2.0799999999999272,0.39560439560430044,1.0799999999999272,TRAIL_SL,2.730000000000473,4438.985000000001,2026-09-04T19:54:00+00:00,4440.35,XAUUSD.ecn,4437.62,4434.889999999999,1.0,10.0,True,1788551640
False,BUY,4425.32,4425.32,4419.18,4427.9,2.7799999999997453,0.4082568807339172,1.7799999999997453,TRAIL_SL,4.359999999999673,4421.360000000001,2026-09-04T21:24:00+00:00,4419.18,XAUUSD.ecn,4423.54,4427.9,1.0,10.0,True,1788557040
False,SELL,4431.86,4431.86,4434.5,4429.68,1.230000000000473,0.0954356846475049,0.23000000000047294,TRAIL_SL,2.4099999999998545,4433.295,2026-09-04T23:08:00+00:00,4434.5,XAUUSD.ecn,4432.09,4429.68,1.0,10.0,True,1788563280
False,BUY,4430.4,4430.4,4430.4,4433.540000000001,0.8999999999996362,-1.0,-1.5700000000006185,SL,1.5700000000006185,4431.1849999999995,2026-09-07T01:51:00+00:00,4430.4,XAUUSD.ecn,4431.97,4433.540000000001,1.0,10.0,False,1788745860
False,SELL,4431.89,4431.89,4434.27,4430.67,1.5799999999999272,0.32222222222214925,0.5799999999999272,TRAIL_SL,1.800000000000182,4433.370000000001,2026-09-07T01:54:00+00:00,4434.27,XAUUSD.ecn,4432.47,4430.67,1.0,10.0,True,1788746040
False,SELL,4424.18,4424.18,4427.73,4421.950000000001,1.6599999999998545,0.22837370242214097,0.6599999999998545,TRAIL_SL,2.889999999999418,4426.285,2026-09-07T02:53:00+00:00,4427.73,XAUUSD.ecn,4424.84,4421.950000000001,1.0,10.0,True,1788749580
False,SELL,4403.0,4403.0,4413.21,4400.490000000001,4.850000000000364,0.6053459119497739,3.850000000000364,TRAIL_SL,6.359999999999673,4410.030000000001,2026-09-07T04:10:00+00:00,4413.21,XAUUSD.ecn,4406.85,4400.490000000001,1.0,10.0,True,1788754200
False,BUY,4410.15,4410.15,4408.06,4411.179999999999,1.5299999999997453,0.3397435897435374,0.5299999999997453,TRAIL_SL,1.5599999999994907,4408.84,2026-09-07T04:40:00+00:00,4408.06,XAUUSD.ecn,4409.62,4411.179999999999,1.0,10.0,True,1788756000
False,BUY,4409.73,4409.73,4409.73,4417.59,0.3100000000004002,-1.0,-3.930000000000291,SL,3.930000000000291,4411.695,2026-09-07T04:55:00+00:00,4409.73,XAUUSD.ecn,4413.66,4417.59,1.0,10.0,False,1788756900
False,BUY,4401.73,4401.73,4401.73,4405.950000000001,0.23999999999978172,-1.0,-2.110000000000582,SL,2.110000000000582,4402.785,2026-09-07T06:48:00+00:00,4401.73,XAUUSD.ecn,4403.84,4405.950000000001,1.0,10.0,False,1788763680
False,BUY,4405.7,4405.7,4402.7,4408.400000000001,1.1499999999996362,0.05263157894723405,0.1499999999996362,TRAIL_SL,2.850000000000364,4404.125,2026-09-07T07:14:00+00:00,4402.7,XAUUSD.ecn,4405.55,4408.400000000001,1.0,10.0,True,1788765240
False,SELL,4401.6,4401.6,4403.67,4400.25,1.3599999999996726,0.21052631578927775,0.3599999999996726,TRAIL_SL,1.7100000000000364,4402.8150000000005,2026-09-07T07:22:00+00:00,4403.67,XAUUSD.ecn,4401.96,4400.25,1.0,10.0,True,1788765720
False,BUY,4404.23,4404.23,4397.83,4407.51,2.5599999999994907,0.32231404958666193,1.5599999999994907,TRAIL_SL,4.8400000000001455,4400.25,2026-09-07T08:07:00+00:00,4397.83,XAUUSD.ecn,4402.67,4407.51,1.0,10.0,True,1788768420
True,SELL,,4399.34,4403.91,4401.030000000001,4.130000000000109,,,SL_AND_TP_SAME_BAR,1.4399999999995998,4403.1900000000005,2026-09-07T08:10:00+00:00,4403.91,XAUUSD.ecn,4402.47,4401.030000000001,1.0,10.0,True,1788768600
True,BUY,,4412.26,4405.85,4406.129999999999,7.270000000000437,,,SL_AND_TP_SAME_BAR,0.13999999999941792,4405.92,2026-09-07T08:30:00+00:00,4405.85,XAUUSD.ecn,4405.99,4406.129999999999,1.0,10.0,True,1788769800
False,BUY,4394.31,4394.31,4394.31,4397.429999999999,0.4600000000000364,-1.0,-1.5599999999994907,SL,1.5599999999994907,4395.09,2026-09-07T09:36:00+00:00,4394.31,XAUUSD.ecn,4395.87,4397.429999999999,1.0,10.0,False,1788773760
False,BUY,4399.8,4399.8,4395.7,4403.06,1.4200000000000728,0.11413043478261944,0.42000000000007276,TRAIL_SL,3.680000000000291,4397.54,2026-09-07T10:15:00+00:00,4395.7,XAUUSD.ecn,4399.38,4403.06,1.0,10.0,True,1788776100
False,BUY,4413.34,4413.34,4405.2,4418.7,2.3900000000003274,0.20592592592597445,1.3900000000003274,TRAIL_SL,6.75,4408.575,2026-09-07T11:04:00+00:00,4405.2,XAUUSD.ecn,4411.95,4418.7,1.0,10.0,True,1788779040
False,BUY,4421.31,4421.31,4416.36,4424.740000000001,1.7600000000002183,0.18138424821005392,0.7600000000002183,TRAIL_SL,4.190000000000509,4418.455,2026-09-07T11:21:00+00:00,4416.36,XAUUSD.ecn,4420.55,4424.740000000001,1.0,10.0,True,1788780060
False,SELL,4415.61,4415.61,4419.23,4412.630000000001,1.3200000000006185,0.09696969696990576,0.32000000000061846,TRAIL_SL,3.2999999999992724,4417.58,2026-09-07T11:42:00+00:00,4419.23,XAUUSD.ecn,4415.93,4412.630000000001,1.0,10.0,True,1788781320
False,SELL,4390.08,4390.08,4394.96,4385.3,1.050000000000182,0.010351966873743821,0.0500000000001819,TRAIL_SL,4.829999999999927,4392.545,2026-09-07T14:26:00+00:00,4394.96,XAUUSD.ecn,4390.13,4385.3,1.0,10.0,True,1788791160
False,BUY,4385.92,4385.92,4385.92,4395.959999999999,0.8700000000008004,-1.0,-5.019999999999527,SL,5.019999999999527,4388.43,2026-09-07T14:49:00+00:00,4385.92,XAUUSD.ecn,4390.94,4395.959999999999,1.0,10.0,False,1788792540
False,SELL,4402.69,4402.69,4406.69,4400.330000000001,1.8200000000006185,0.2578616352203704,0.8200000000006185,TRAIL_SL,3.1799999999993815,4405.1,2026-09-07T16:39:00+00:00,4406.69,XAUUSD.ecn,4403.51,4400.330000000001,1.0,10.0,True,1788799140
False,BUY,4406.81,4406.81,4401.56,4411.72,1.1700000000000728,0.03346456692914866,0.17000000000007276,TRAIL_SL,5.079999999999927,4404.1,2026-09-07T17:03:00+00:00,4401.56,XAUUSD.ecn,4406.64,4411.72,1.0,10.0,True,1788800580
True,BUY,,4415.08,4411.98,4415.620000000001,2.2799999999997453,,,SL_AND_TP_SAME_BAR,1.8200000000006185,4412.889999999999,2026-09-07T17:49:00+00:00,4411.98,XAUUSD.ecn,4413.8,4415.620000000001,1.0,10.0,True,1788803340
False,SELL,4414.27,4414.27,4414.27,4407.289999999999,0.4099999999998545,-1.0,-3.490000000000691,SL,3.490000000000691,4412.525,2026-09-07T18:08:00+00:00,4414.27,XAUUSD.ecn,4410.78,4407.289999999999,1.0,10.0,False,1788804480
False,BUY,4419.27,4419.27,4411.51,4423.27,2.880000000000109,0.3197278911564752,1.8800000000001091,TRAIL_SL,5.880000000000109,4414.450000000001,2026-09-08T02:37:00+00:00,4411.51,XAUUSD.ecn,4417.39,4423.27,1.0,10.0,True,1788835020
False,SELL,4420.81,4420.81,4430.13,4413.429999999999,1.9699999999993452,0.1161676646705752,0.9699999999993452,TRAIL_SL,8.350000000000364,4425.955,2026-09-08T03:25:00+00:00,4430.13,XAUUSD.ecn,4421.78,4413.429999999999,1.0,10.0,True,1788837900
False,BUY,4429.62,4429.62,4421.19,4434.31,2.869999999999891,0.28506097560972204,1.8699999999998909,TRAIL_SL,6.5600000000004,4424.469999999999,2026-09-08T04:14:00+00:00,4421.19,XAUUSD.ecn,4427.75,4434.31,1.0,10.0,True,1788840840
False,SELL,4427.08,4427.08,4433.97,4425.909999999999,3.8599999999996726,0.7096774193546421,2.8599999999996726,TRAIL_SL,4.030000000000655,4431.955,2026-09-08T05:10:00+00:00,4433.97,XAUUSD.ecn,4429.94,4425.909999999999,1.0,10.0,True,1788844200
False,SELL,4431.54,4431.54,4434.72,4429.2,1.4200000000000728,0.1521739130434926,0.42000000000007276,TRAIL_SL,2.7600000000002183,4433.34,2026-09-08T06:36:00+00:00,4434.72,XAUUSD.ecn,4431.96,4429.2,1.0,10.0,True,1788849360
False,SELL,4431.41,4431.41,4431.41,4425.73,0.6799999999993815,-1.0,-2.8400000000001455,SL,2.8400000000001455,4429.99,2026-09-08T08:16:00+00:00,4431.41,XAUUSD.ecn,4428.57,4425.73,1.0,10.0,False,1788855360
False,SELL,4422.05,4422.05,4431.52,4419.6,4.510000000000218,0.5889261744966773,3.5100000000002183,TRAIL_SL,5.960000000000036,4428.540000000001,2026-09-08T08:30:00+00:00,4431.52,XAUUSD.ecn,4425.56,4419.6,1.0,10.0,True,1788856200
False,SELL,4404.44,4404.44,4412.5,4399.74,2.680000000000291,0.2633228840125803,1.680000000000291,TRAIL_SL,6.380000000000109,4409.3099999999995,2026-09-08T09:21:00+00:00,4412.5,XAUUSD.ecn,4406.12,4399.74,1.0,10.0,True,1788859260
False,BUY,4407.14,4407.14,4398.22,4413.759999999999,2.1500000000005457,0.14800514800522724,1.1500000000005457,TRAIL_SL,7.769999999999527,4402.105,2026-09-08T09:45:00+00:00,4398.22,XAUUSD.ecn,4405.99,4413.759999999999,1.0,10.0,True,1788860700
False,SELL,4401.92,4401.92,4406.33,4399.35,1.9200000000000728,0.26361031518628375,0.9200000000000728,TRAIL_SL,3.4899999999997817,4404.585,2026-09-08T10:17:00+00:00,4406.33,XAUUSD.ecn,4402.84,4399.35,1.0,10.0,True,1788862620
False,BUY,4400.42,4400.42,4391.13,4408.329999999999,1.6900000000005093,0.0802325581395992,0.6900000000005093,TRAIL_SL,8.599999999999454,4395.43,2026-09-08T14:20:00+00:00,4391.13,XAUUSD.ecn,4399.73,4408.329999999999,1.0,10.0,True,1788877200
False,BUY,4406.89,4406.89,4400.56,4407.899999999999,3.660000000000764,0.7247956403273489,2.660000000000764,TRAIL_SL,3.6699999999991633,4402.395,2026-09-08T14:36:00+00:00,4400.56,XAUUSD.ecn,4404.23,4407.899999999999,1.0,10.0,True,1788878160
True,SELL,,4400.2,4404.36,4400.500000000001,3.230000000000473,,,SL_AND_TP_SAME_BAR,1.9299999999993815,4403.395,2026-09-08T14:50:00+00:00,4404.36,XAUUSD.ecn,4402.43,4400.500000000001,1.0,10.0,True,1788879000
False,BUY,4404.77,4404.77,4399.3,4407.04,2.600000000000364,0.4134366925065656,1.6000000000003638,TRAIL_SL,3.869999999999891,4401.235000000001,2026-09-08T15:00:00+00:00,4399.3,XAUUSD.ecn,4403.17,4407.04,1.0,10.0,True,1788879600
False,SELL,4395.36,4395.36,4402.09,4394.35,3.860000000000582,0.7390180878554684,2.860000000000582,TRAIL_SL,3.869999999999891,4400.155000000001,2026-09-08T16:44:00+00:00,4402.09,XAUUSD.ecn,4398.22,4394.35,1.0,10.0,True,1788885840
False,BUY,4405.14,4405.14,4397.38,4409.46,2.7200000000002547,0.28476821192057367,1.7200000000002547,TRAIL_SL,6.039999999999964,4400.4,2026-09-08T16:56:00+00:00,4397.38,XAUUSD.ecn,4403.42,4409.46,1.0,10.0,True,1788886560
False,SELL,4396.43,4396.43,4400.46,4395.160000000001,2.380000000000109,0.5207547169812448,1.3800000000001091,TRAIL_SL,2.649999999999636,4399.135,2026-09-08T17:44:00+00:00,4400.46,XAUUSD.ecn,4397.81,4395.160000000001,1.0,10.0,True,1788889440
False,BUY,4399.96,4399.96,4397.01,4401.3099999999995,1.800000000000182,0.3720930232559615,0.8000000000001819,TRAIL_SL,2.149999999999636,4398.085,2026-09-08T18:27:00+00:00,4397.01,XAUUSD.ecn,4399.16,4401.3099999999995,1.0,10.0,True,1788892020
True,SELL,,4397.59,4401.27,4397.129999999999,2.6099999999996726,,,SL_AND_TP_SAME_BAR,2.0700000000006185,4400.235000000001,2026-09-08T20:10:00+00:00,4401.27,XAUUSD.ecn,4399.2,4397.129999999999,1.0,10.0,True,1788898200
True,SELL,,4352.47,4355.47,4352.03,2.2799999999997453,,,SL_AND_TP_SAME_BAR,1.7200000000002547,4354.610000000001,2026-09-09T01:40:00+00:00,4355.47,XAUUSD.ecn,4353.75,4352.03,1.0,10.0,True,1788918000
False,BUY,4353.49,4353.49,4353.49,4363.91,0.21000000000003638,-1.0,-5.210000000000036,SL,5.210000000000036,4356.094999999999,2026-09-09T02:34:00+00:00,4353.49,XAUUSD.ecn,4358.7,4363.91,1.0,10.0,False,1788921240
False,SELL,4373.55,4373.55,4375.92,4371.24,1.0299999999997453,0.012820512820403194,0.02999999999974534,TRAIL_SL,2.3400000000001455,4374.75,2026-09-09T04:53:00+00:00,4375.92,XAUUSD.ecn,4373.58,4371.24,1.0,10.0,True,1788929580
False,BUY,4374.29,4374.29,4371.92,4375.52,1.569999999999709,0.316666666666473,0.569999999999709,TRAIL_SL,1.800000000000182,4372.82,2026-09-09T05:11:00+00:00,4371.92,XAUUSD.ecn,4373.72,4375.52,1.0,10.0,True,1788930660
False,SELL,4379.12,4379.12,4382.68,4377.6,2.0200000000004366,0.40157480314978394,1.0200000000004366,TRAIL_SL,2.5399999999999636,4381.41,2026-09-09T06:03:00+00:00,4382.68,XAUUSD.ecn,4380.14,4377.6,1.0,10.0,True,1788933780
False,SELL,4374.49,4374.49,4377.35,4373.1900000000005,1.7800000000006548,0.37500000000032796,0.7800000000006548,TRAIL_SL,2.0799999999999272,4376.31,2026-09-09T07:01:00+00:00,4377.35,XAUUSD.ecn,4375.27,4373.1900000000005,1.0,10.0,True,1788937260
False,BUY,4380.93,4380.93,4378.54,4382.339999999999,1.4900000000006912,0.25789473684251846,0.4900000000006912,TRAIL_SL,1.8999999999996362,4379.49,2026-09-09T07:55:00+00:00,4378.54,XAUUSD.ecn,4380.44,4382.339999999999,1.0,10.0,True,1788940500
False,SELL,4386.1,4386.1,4388.38,4384.8,1.4899999999997817,0.2737430167596602,0.4899999999997817,TRAIL_SL,1.7899999999999636,4387.485000000001,2026-09-09T08:24:00+00:00,4388.38,XAUUSD.ecn,4386.59,4384.8,1.0,10.0,True,1788942240
False,BUY,4402.2,4402.2,4398.56,4405.579999999999,1.1300000000001091,0.03703703703707543,0.13000000000010914,TRAIL_SL,3.509999999999309,4400.3150000000005,2026-09-09T09:06:00+00:00,4398.56,XAUUSD.ecn,4402.07,4405.579999999999,1.0,10.0,True,1788944760
False,BUY,4409.9,4409.9,4407.02,4411.42,1.6799999999993815,0.3090909090906535,0.6799999999993815,TRAIL_SL,2.199999999999818,4408.120000000001,2026-09-09T11:07:00+00:00,4407.02,XAUUSD.ecn,4409.22,4411.42,1.0,10.0,True,1788952020
False,BUY,4394.56,4394.56,4390.56,4397.56,1.5,0.14285714285714285,0.5,TRAIL_SL,3.5,4392.31,2026-09-09T13:22:00+00:00,4390.56,XAUUSD.ecn,4394.06,4397.56,1.0,10.0,True,1788960120
False,BUY,4396.35,4396.35,4396.35,4400.289999999999,0.7300000000004729,-1.0,-1.9699999999993452,SL,1.9699999999993452,4397.335,2026-09-09T13:39:00+00:00,4396.35,XAUUSD.ecn,4398.32,4400.289999999999,1.0,10.0,False,1788961140
False,SELL,4399.13,4399.13,4399.13,4391.7699999999995,0.819999999999709,-1.0,-3.680000000000291,SL,3.680000000000291,4397.29,2026-09-09T13:45:00+00:00,4399.13,XAUUSD.ecn,4395.45,4391.7699999999995,1.0,10.0,False,1788961500
False,BUY,4401.07,4401.07,4398.3,4402.900000000001,1.4699999999993452,0.20434782608665564,0.46999999999934516,TRAIL_SL,2.300000000000182,4399.450000000001,2026-09-09T13:56:00+00:00,4398.3,XAUUSD.ecn,4400.6,4402.900000000001,1.0,10.0,True,1788962160
False,SELL,4407.52,4407.52,4410.47,4405.05,1.2399999999997817,0.08856088560877436,0.23999999999978172,TRAIL_SL,2.7100000000000364,4409.115,2026-09-09T14:56:00+00:00,4410.47,XAUUSD.ecn,4407.76,4405.05,1.0,10.0,True,1788965760
False,SELL,4398.0,4398.0,4404.66,4395.84,3.25,0.51020408163267,2.25,TRAIL_SL,4.4099999999998545,4402.455,2026-09-09T15:16:00+00:00,4404.66,XAUUSD.ecn,4400.25,4395.84,1.0,10.0,True,1788966960
False,BUY,4424.18,4424.18,4420.96,4425.5199999999995,1.9400000000005093,0.4122807017546554,0.9400000000005093,TRAIL_SL,2.2799999999997453,4422.1,2026-09-09T17:37:00+00:00,4420.96,XAUUSD.ecn,4423.24,4425.5199999999995,1.0,10.0,True,1788975420
False,SELL,4415.99,4415.99,4421.72,4414.46,3.100000000000364,0.5785123966942977,2.100000000000364,TRAIL_SL,3.630000000000109,4419.905000000001,2026-09-09T17:57:00+00:00,4421.72,XAUUSD.ecn,4418.09,4414.46,1.0,10.0,True,1788976620
True,BUY,,4406.14,4396.68,4403.84,6.880000000000109,,,SL_AND_TP_SAME_BAR,3.5799999999999272,4398.47,2026-09-09T18:38:00+00:00,4396.68,XAUUSD.ecn,4400.26,4403.84,1.0,10.0,True,1788979080
False,SELL,4398.34,4398.34,4406.42,4391.4400000000005,1.5900000000001455,0.07877169559414722,0.5900000000001455,TRAIL_SL,7.489999999999782,4402.675,2026-09-09T19:01:00+00:00,4406.42,XAUUSD.ecn,4398.93,4391.4400000000005,1.0,10.0,True,1788980460
True,BUY,,4413.67,4412.59,4414.469999999999,1.1400000000003274,,,SL_AND_TP_SAME_BAR,0.9399999999995998,4413.0599999999995,2026-09-09T20:43:00+00:00,4412.59,XAUUSD.ecn,4413.53,4414.469999999999,1.0,10.0,True,1788986580
False,BUY,4403.85,4403.85,4398.52,4405.359999999999,2.910000000000764,0.5584795321641027,1.910000000000764,TRAIL_SL,3.4199999999991633,4400.23,2026-09-09T22:22:00+00:00,4398.52,XAUUSD.ecn,4401.94,4405.359999999999,1.0,10.0,True,1788992520
False,SELL,4400.53,4400.53,4404.68,4397.02,1.3200000000006185,0.08355091383828317,0.32000000000061846,TRAIL_SL,3.8299999999999272,4402.765,2026-09-09T22:30:00+00:00,4404.68,XAUUSD.ecn,4400.85,4397.02,1.0,10.0,True,1788993000
False,SELL,4400.81,4400.81,4403.58,4398.4,1.1799999999993815,0.0694980694978268,0.17999999999938154,TRAIL_SL,2.5900000000001455,4402.285,2026-09-10T01:37:00+00:00,4403.58,XAUUSD.ecn,4400.99,4398.4,1.0,10.0,True,1789004220
False,SELL,4397.89,4397.89,4400.92,4395.860000000001,1.5,0.1976284584980436,0.5,TRAIL_SL,2.5299999999997453,4399.655000000001,2026-09-10T02:25:00+00:00,4400.92,XAUUSD.ecn,4398.39,4395.860000000001,1.0,10.0,True,1789007100
False,SELL,4394.29,4394.29,4398.15,4392.210000000001,1.8900000000003274,0.299663299663476,0.8900000000003274,TRAIL_SL,2.969999999999345,4396.665,2026-09-10T02:34:00+00:00,4398.15,XAUUSD.ecn,4395.18,4392.210000000001,1.0,10.0,True,1789007640
True,BUY,,4396.47,4393.05,4397.429999999999,2.230000000000473,,,SL_AND_TP_SAME_BAR,2.1899999999996,4394.145,2026-09-10T03:13:00+00:00,4393.05,XAUUSD.ecn,4395.24,4397.429999999999,1.0,10.0,True,1789009980
False,BUY,4399.7,4399.7,4396.5,4402.6,1.1499999999996362,0.04918032786873025,0.1499999999996362,TRAIL_SL,3.050000000000182,4398.025,2026-09-10T03:45:00+00:00,4396.5,XAUUSD.ecn,4399.55,4402.6,1.0,10.0,True,1789011900
False,BUY,4418.09,4418.09,4408.66,4421.299999999999,4.110000000000582,0.49208860759505146,3.110000000000582,TRAIL_SL,6.319999999999709,4411.82,2026-09-10T04:09:00+00:00,4408.66,XAUUSD.ecn,4414.98,4421.299999999999,1.0,10.0,True,1789013340
False,SELL,4413.36,4413.36,4416.45,4411.750000000001,1.7400000000006912,0.31489361702164387,0.7400000000006912,TRAIL_SL,2.3499999999994543,4415.275,2026-09-10T04:22:00+00:00,4416.45,XAUUSD.ecn,4414.1,4411.750000000001,1.0,10.0,True,1789014120
True,SELL,,4410.86,4414.41,4411.77,3.230000000000473,,,SL_AND_TP_SAME_BAR,1.319999999999709,4413.75,2026-09-10T04:55:00+00:00,4414.41,XAUUSD.ecn,4413.09,4411.77,1.0,10.0,True,1789016100
False,BUY,4419.85,4419.85,4414.45,4420.89,3.180000000000291,0.6770186335404095,2.180000000000291,TRAIL_SL,3.2200000000002547,4416.0599999999995,2026-09-10T05:41:00+00:00,4414.45,XAUUSD.ecn,4417.67,4420.89,1.0,10.0,True,1789018860
False,SELL,4409.49,4409.49,4412.17,4408.35,1.7700000000004366,0.4031413612568038,0.7700000000004366,TRAIL_SL,1.9099999999998545,4411.215,2026-09-10T06:37:00+00:00,4412.17,XAUUSD.ecn,4410.26,4408.35,1.0,10.0,True,1789022220
True,BUY,,4414.38,4409.87,4415.009999999999,2.9400000000005093,,,SL_AND_TP_SAME_BAR,2.569999999999709,4411.155,2026-09-10T07:08:00+00:00,4409.87,XAUUSD.ecn,4412.44,4415.009999999999,1.0,10.0,True,1789024080
True,SELL,,4406.99,4410.68,4406.84,2.7700000000004366,,,SL_AND_TP_SAME_BAR,1.9200000000000728,4409.72,2026-09-10T07:40:00+00:00,4410.68,XAUUSD.ecn,4408.76,4406.84,1.0,10.0,True,1789026000
False,BUY,4406.85,4406.85,4406.85,4411.09,0.2599999999993088,-1.0,-2.119999999999891,SL,2.119999999999891,4407.91,2026-09-10T07:52:00+00:00,4406.85,XAUUSD.ecn,4408.97,4411.09,1.0,10.0,False,1789026720
False,SELL,4423.41,4423.41,4427.54,4422.339999999999,2.5299999999997453,0.5884615384613582,1.5299999999997453,TRAIL_SL,2.600000000000364,4426.24,2026-09-10T09:08:00+00:00,4427.54,XAUUSD.ecn,4424.94,4422.339999999999,1.0,10.0,True,1789031280
False,BUY,4426.77,4426.77,4420.46,4428.160000000001,3.4600000000000364,0.638961038960988,2.4600000000000364,TRAIL_SL,3.850000000000364,4422.385,2026-09-10T09:47:00+00:00,4420.46,XAUUSD.ecn,4424.31,4428.160000000001,1.0,10.0,True,1789033620
False,BUY,4424.35,4424.35,4424.35,4427.389999999999,0.6099999999996726,-1.0,-1.519999999999527,SL,1.519999999999527,4425.110000000001,2026-09-10T09:52:00+00:00,4424.35,XAUUSD.ecn,4425.87,4427.389999999999,1.0,10.0,False,1789033920
False,SELL,4415.3,4415.3,4425.46,4407.54,2.199999999999818,0.13392857142855058,1.199999999999818,TRAIL_SL,8.960000000000036,4420.98,2026-09-10T10:06:00+00:00,4425.46,XAUUSD.ecn,4416.5,4407.54,1.0,10.0,True,1789034760
False,BUY,4411.45,4411.45,4405.32,4416.68,1.449999999999818,0.07922535211263997,0.4499999999998181,TRAIL_SL,5.680000000000291,4408.16,2026-09-10T10:48:00+00:00,4405.32,XAUUSD.ecn,4411.0,4416.68,1.0,10.0,True,1789037280
False,SELL,4397.28,4397.28,4397.28,4391.36,0.09000000000014552,-1.0,-2.9600000000000364,SL,2.9600000000000364,4395.799999999999,2026-09-10T13:12:00+00:00,4397.28,XAUUSD.ecn,4394.32,4391.36,1.0,10.0,False,1789045920
False,SELL,4383.6,4383.6,4390.25,4378.030000000001,1.5399999999999636,0.08837970540098078,0.5399999999999636,TRAIL_SL,6.109999999999673,4387.195,2026-09-10T13:37:00+00:00,4390.25,XAUUSD.ecn,4384.14,4378.030000000001,1.0,10.0,True,1789047420
False,SELL,4383.39,4383.39,4383.39,4375.97,0.7000000000007276,-1.0,-3.7100000000000364,SL,3.7100000000000364,4381.535,2026-09-10T13:55:00+00:00,4383.39,XAUUSD.ecn,4379.68,4375.97,1.0,10.0,False,1789048500
False,BUY,4386.74,4386.74,4381.36,4390.240000000001,1.9399999999995998,0.2117117117115973,0.9399999999995998,TRAIL_SL,4.440000000000509,4383.58,2026-09-10T14:28:00+00:00,4381.36,XAUUSD.ecn,4385.8,4390.240000000001,1.0,10.0,True,1789050480
False,SELL,4381.99,4381.99,4389.82,4380.76,4.300000000000182,0.7284768211921341,3.300000000000182,TRAIL_SL,4.529999999999745,4387.555,2026-09-10T14:46:00+00:00,4389.82,XAUUSD.ecn,4385.29,4380.76,1.0,10.0,True,1789051560
False,SELL,4377.64,4377.64,4382.66,4373.219999999999,1.2999999999992724,0.06355932203374072,0.2999999999992724,TRAIL_SL,4.720000000000255,4380.299999999999,2026-09-10T14:53:00+00:00,4382.66,XAUUSD.ecn,4377.94,4373.219999999999,1.0,10.0,True,1789051980
False,SELL,4362.87,4362.87,4367.89,4361.29,2.7200000000002547,0.5212121212121696,1.7200000000002547,TRAIL_SL,3.300000000000182,4366.24,2026-09-10T15:27:00+00:00,4367.89,XAUUSD.ecn,4364.59,4361.29,1.0,10.0,True,1789054020
True,SELL,,4332.3,4352.91,4333.23,11.769999999999527,,,SL_AND_TP_SAME_BAR,9.840000000000146,4347.99,2026-09-10T15:36:00+00:00,4352.91,XAUUSD.ecn,4343.07,4333.23,1.0,10.0,True,1789054560
False,BUY,4349.46,4349.46,4344.52,4354.16,1.1199999999998909,0.024896265560144834,0.11999999999989086,TRAIL_SL,4.819999999999709,4346.93,2026-09-10T16:24:00+00:00,4344.52,XAUUSD.ecn,4349.34,4354.16,1.0,10.0,True,1789057440
False,BUY,4357.99,4357.99,4344.88,4362.740000000001,5.1799999999993815,0.4680851063828942,4.1799999999993815,TRAIL_SL,8.930000000000291,4349.345,2026-09-10T16:30:00+00:00,4344.88,XAUUSD.ecn,4353.81,4362.740000000001,1.0,10.0,True,1789057800
True,BUY,,4366.4,4364.9,4366.800000000001,1.5499999999992724,,,SL_AND_TP_SAME_BAR,0.9500000000007276,4365.375,2026-09-10T16:50:00+00:00,4364.9,XAUUSD.ecn,4365.85,4366.800000000001,1.0,10.0,True,1789059000
False,SELL,4367.76,4367.76,4374.75,4366.09,3.6599999999998545,0.6143187066974363,2.6599999999998545,TRAIL_SL,4.329999999999927,4372.585,2026-09-10T16:56:00+00:00,4374.75,XAUUSD.ecn,4370.42,4366.09,1.0,10.0,True,1789059360
False,SELL,4358.31,4358.31,4365.38,4351.28,1.019999999999527,0.002836879432556957,0.019999999999527063,TRAIL_SL,7.050000000000182,4361.855,2026-09-10T19:12:00+00:00,4365.38,XAUUSD.ecn,4358.33,4351.28,1.0,10.0,True,1789067520
False,BUY,4361.28,4361.28,4355.39,4366.55,1.3099999999994907,0.05555555555546501,0.3099999999994907,TRAIL_SL,5.579999999999927,4358.18,2026-09-10T19:23:00+00:00,4355.39,XAUUSD.ecn,4360.97,4366.55,1.0,10.0,True,1789068180
False,SELL,4358.37,4358.37,4365.03,4353.95,2.119999999999891,0.2021660649819311,1.1199999999998909,TRAIL_SL,5.539999999999964,4362.26,2026-09-10T19:36:00+00:00,4365.03,XAUUSD.ecn,4359.49,4353.95,1.0,10.0,True,1789068960
False,SELL,4353.19,4353.19,4357.38,4350.46,1.730000000000473,0.21098265895967205,0.7300000000004729,TRAIL_SL,3.4600000000000364,4355.65,2026-09-10T20:59:00+00:00,4357.38,XAUUSD.ecn,4353.92,4350.46,1.0,10.0,True,1789073940
False,SELL,4341.92,4341.92,4350.22,4337.56,2.9700000000002547,0.31121642969988583,1.9700000000002547,TRAIL_SL,6.329999999999927,4347.055,2026-09-10T21:11:00+00:00,4350.22,XAUUSD.ecn,4343.89,4337.56,1.0,10.0,True,1789074660
False,BUY,4334.08,4334.08,4329.84,4335.5599999999995,2.380000000000109,0.4825174825175759,1.3800000000001091,TRAIL_SL,2.8599999999996726,4331.27,2026-09-10T21:53:00+00:00,4329.84,XAUUSD.ecn,4332.7,4335.5599999999995,1.0,10.0,True,1789077180
False,SELL,4317.67,4317.67,4322.59,4313.8099999999995,1.5299999999997453,0.12072892938489882,0.5299999999997453,TRAIL_SL,4.390000000000327,4320.395,2026-09-10T23:25:00+00:00,4322.59,XAUUSD.ecn,4318.2,4313.8099999999995,1.0,10.0,True,1789082700
False,SELL,4318.4,4318.4,4318.4,4315.52,0.6199999999998909,-1.0,-1.4399999999995998,SL,1.4399999999995998,4317.68,2026-09-10T23:52:00+00:00,4318.4,XAUUSD.ecn,4316.96,4315.52,1.0,10.0,False,1789084320
False,BUY,4319.9,4319.9,4313.45,4324.070000000001,2.139999999999418,0.21468926553659737,1.139999999999418,TRAIL_SL,5.3100000000004,4316.105,2026-09-11T03:04:00+00:00,4313.45,XAUUSD.ecn,4318.76,4324.070000000001,1.0,10.0,True,1789095840
False,BUY,4328.19,4328.19,4321.32,4334.16,1.449999999999818,0.07009345794389611,0.4499999999998181,TRAIL_SL,6.420000000000073,4324.53,2026-09-11T04:28:00+00:00,4321.32,XAUUSD.ecn,4327.74,4334.16,1.0,10.0,True,1789100880
False,SELL,4325.23,4325.23,4331.84,4321.4,2.3900000000003274,0.26628352490426427,1.3900000000003274,TRAIL_SL,5.220000000000255,4329.23,2026-09-11T04:43:00+00:00,4331.84,XAUUSD.ecn,4326.62,4321.4,1.0,10.0,True,1789101780
False,BUY,4330.48,4330.48,4324.53,4334.7699999999995,1.8299999999999272,0.16210937499998923,0.8299999999999272,TRAIL_SL,5.119999999999891,4327.09,2026-09-11T05:02:00+00:00,4324.53,XAUUSD.ecn,4329.65,4334.7699999999995,1.0,10.0,True,1789102920
True,SELL,,4326.17,4329.21,4325.71,2.2899999999999636,,,SL_AND_TP_SAME_BAR,1.75,4328.335,2026-09-11T05:28:00+00:00,4329.21,XAUUSD.ecn,4327.46,4325.71,1.0,10.0,True,1789104480
False,BUY,4320.66,4320.66,4317.31,4323.249999999999,1.3800000000001091,0.1279461279461929,0.38000000000010914,TRAIL_SL,2.969999999999345,4318.795,2026-09-11T05:42:00+00:00,4317.31,XAUUSD.ecn,4320.28,4323.249999999999,1.0,10.0,True,1789105320
False,BUY,4324.1,4324.1,4315.93,4331.23,1.5200000000004366,0.06797385620921062,0.5200000000004366,TRAIL_SL,7.649999999999636,4319.755,2026-09-11T05:52:00+00:00,4315.93,XAUUSD.ecn,4323.58,4331.23,1.0,10.0,True,1789105920
False,SELL,4302.05,4302.05,4310.88,4296.3,2.5399999999999636,0.21124828532235546,1.5399999999999636,TRAIL_SL,7.289999999999964,4307.235000000001,2026-09-11T06:51:00+00:00,4310.88,XAUUSD.ecn,4303.59,4296.3,1.0,10.0,True,1789109460
False,BUY,4321.13,4321.13,4311.42,4329.34,1.75,0.0837053571428568,0.75,TRAIL_SL,8.960000000000036,4315.9,2026-09-11T07:14:00+00:00,4311.42,XAUUSD.ecn,4320.38,4329.34,1.0,10.0,True,1789110840
False,BUY,4327.69,4327.69,4320.01,4331.789999999999,2.7899999999999636,0.30390492359934473,1.7899999999999636,TRAIL_SL,5.889999999999418,4322.955,2026-09-11T07:26:00+00:00,4320.01,XAUUSD.ecn,4325.9,4331.789999999999,1.0,10.0,True,1789111560
False,BUY,4332.91,4332.91,4329.08,4335.139999999999,1.800000000000182,0.26402640264034627,0.8000000000001819,TRAIL_SL,3.0299999999997453,4330.594999999999,2026-09-11T07:52:00+00:00,4329.08,XAUUSD.ecn,4332.11,4335.139999999999,1.0,10.0,True,1789113120
False,SELL,4335.52,4335.52,4339.4,4334.42,2.389999999999418,0.5582329317267228,1.389999999999418,TRAIL_SL,2.4899999999997817,4338.155,2026-09-11T08:22:00+00:00,4339.4,XAUUSD.ecn,4336.91,4334.42,1.0,10.0,True,1789114920
False,BUY,4337.32,4337.32,4333.86,4339.420000000001,1.6799999999993815,0.24460431654648251,0.6799999999993815,TRAIL_SL,2.780000000000655,4335.25,2026-09-11T08:32:00+00:00,4333.86,XAUUSD.ecn,4336.64,4339.420000000001,1.0,10.0,True,1789115520
True,BUY,,4344.53,4334.11,4345.21,5.869999999999891,,,SL_AND_TP_SAME_BAR,5.550000000000182,4336.885,2026-09-11T08:45:00+00:00,4334.11,XAUUSD.ecn,4339.66,4345.21,1.0,10.0,True,1789116300
False,BUY,4354.42,4354.42,4345.57,4358.370000000001,3.449999999999818,0.38281249999993894,2.449999999999818,TRAIL_SL,6.400000000000546,4348.77,2026-09-11T09:04:00+00:00,4345.57,XAUUSD.ecn,4351.97,4358.370000000001,1.0,10.0,True,1789117440
False,SELL,4352.28,4352.28,4352.28,4346.080000000001,0.14000000000032742,-1.0,-3.0999999999994543,SL,3.0999999999994543,4350.73,2026-09-11T09:35:00+00:00,4352.28,XAUUSD.ecn,4349.18,4346.080000000001,1.0,10.0,False,1789119300
False,BUY,4354.37,4354.37,4349.89,4355.71,2.569999999999709,0.5395189003435695,1.569999999999709,TRAIL_SL,2.9099999999998545,4351.345,2026-09-11T10:12:00+00:00,4349.89,XAUUSD.ecn,4352.8,4355.71,1.0,10.0,True,1789121520
False,BUY,4350.4,4350.4,4345.73,4352.51,2.2799999999997453,0.3775811209438412,1.2799999999997453,TRAIL_SL,3.3900000000003274,4347.424999999999,2026-09-11T11:27:00+00:00,4345.73,XAUUSD.ecn,4349.12,4352.51,1.0,10.0,True,1789126020
False,SELL,4353.12,4353.12,4356.56,4350.319999999999,1.319999999999709,0.10256410256398298,0.31999999999970896,TRAIL_SL,3.1200000000008004,4355.0,2026-09-11T11:45:00+00:00,4356.56,XAUUSD.ecn,4353.44,4350.319999999999,1.0,10.0,True,1789127100
False,BUY,4345.56,4345.56,4345.56,4355.259999999999,0.31999999999970896,-1.0,-4.849999999999454,SL,4.849999999999454,4347.985000000001,2026-09-11T12:02:00+00:00,4345.56,XAUUSD.ecn,4350.41,4355.259999999999,1.0,10.0,False,1789128120
True,SELL,,4343.56,4348.1,4343.4,3.1899999999996,,,SL_AND_TP_SAME_BAR,2.350000000000364,4346.925,2026-09-11T12:13:00+00:00,4348.1,XAUUSD.ecn,4345.75,4343.4,1.0,10.0,True,1789128780
False,SELL,4341.62,4341.62,4346.51,4340.389999999999,2.8299999999999272,0.5980392156861726,1.8299999999999272,TRAIL_SL,3.0600000000004,4344.98,2026-09-11T13:49:00+00:00,4346.51,XAUUSD.ecn,4343.45,4340.389999999999,1.0,10.0,True,1789134540
False,BUY,4326.3,4326.3,4326.3,4330.240000000001,0.5799999999999272,-1.0,-1.9700000000002547,SL,1.9700000000002547,4327.285,2026-09-11T15:12:00+00:00,4326.3,XAUUSD.ecn,4328.27,4330.240000000001,1.0,10.0,False,1789139520
False,BUY,4389.57,4389.57,4377.62,4392.06,5.729999999999563,0.6551246537395287,4.729999999999563,TRAIL_SL,7.220000000000255,4381.23,2026-09-11T16:01:00+00:00,4377.62,XAUUSD.ecn,4384.84,4392.06,1.0,10.0,True,1789142460
False,BUY,4394.76,4394.76,4383.76,4400.32,3.7200000000002547,0.32850241545897807,2.7200000000002547,TRAIL_SL,8.279999999999745,4387.9,2026-09-11T16:36:00+00:00,4383.76,XAUUSD.ecn,4392.04,4400.32,1.0,10.0,True,1789144560
True,BUY,,4383.27,4369.07,4378.57,10.450000000000728,,,SL_AND_TP_SAME_BAR,4.75,4371.445,2026-09-11T17:47:00+00:00,4369.07,XAUUSD.ecn,4373.82,4378.57,1.0,10.0,True,1789148820
False,SELL,4371.99,4371.99,4375.32,4370.68,2.0100000000002183,0.4353448275863556,1.0100000000002183,TRAIL_SL,2.319999999999709,4374.16,2026-09-11T18:42:00+00:00,4375.32,XAUUSD.ecn,4373.0,4370.68,1.0,10.0,True,1789152120
False,SELL,4367.78,4367.78,4371.69,4363.97,1.050000000000182,0.012953367875695891,0.0500000000001819,TRAIL_SL,3.8599999999996726,4369.76,2026-09-11T19:10:00+00:00,4371.69,XAUUSD.ecn,4367.83,4363.97,1.0,10.0,True,1789153800
False,SELL,4359.28,4359.28,4359.28,4354.599999999999,0.6499999999996362,-1.0,-2.3400000000001455,SL,2.3400000000001455,4358.11,2026-09-11T19:26:00+00:00,4359.28,XAUUSD.ecn,4356.94,4354.599999999999,1.0,10.0,False,1789154760
False,SELL,4348.31,4348.31,4352.04,4346.320000000001,1.8699999999998909,0.30419580419580083,0.8699999999998909,TRAIL_SL,2.8599999999996726,4350.610000000001,2026-09-11T21:22:00+00:00,4352.04,XAUUSD.ecn,4349.18,4346.320000000001,1.0,10.0,True,1789161720
False,BUY,4348.79,4348.79,4344.9,4352.220000000001,1.2299999999995634,0.06284153005451242,0.22999999999956344,TRAIL_SL,3.660000000000764,4346.73,2026-09-11T23:02:00+00:00,4344.9,XAUUSD.ecn,4348.56,4352.220000000001,1.0,10.0,True,1789167720
False,SELL,4348.09,4348.09,4348.09,4344.869999999999,0.37999999999919964,-1.0,-1.610000000000582,SL,1.610000000000582,4347.285,2026-09-11T23:44:00+00:00,4348.09,XAUUSD.ecn,4346.48,4344.869999999999,1.0,10.0,False,1789170240
False,BUY,4338.67,4338.67,4333.62,4339.94,2.8900000000003274,0.598101265822916,1.8900000000003274,TRAIL_SL,3.1599999999998545,4335.2,2026-09-14T01:46:00+00:00,4333.62,XAUUSD.ecn,4336.78,4339.94,1.0,10.0,True,1789350360
False,BUY,4339.27,4339.27,4336.92,4341.16,1.230000000000473,0.10849056603796452,0.23000000000047294,TRAIL_SL,2.119999999999891,4337.98,2026-09-14T02:31:00+00:00,4336.92,XAUUSD.ecn,4339.04,4341.16,1.0,10.0,True,1789353060
True,BUY,,4337.07,4330.57,4335.41,5.079999999999927,,,SL_AND_TP_SAME_BAR,2.4200000000000728,4331.78,2026-09-14T03:04:00+00:00,4330.57,XAUUSD.ecn,4332.99,4335.41,1.0,10.0,True,1789355040
False,SELL,4334.9,4334.9,4344.71,4325.87,1.3900000000003274,0.041401273885384754,0.3900000000003274,TRAIL_SL,9.420000000000073,4340.0,2026-09-14T04:07:00+00:00,4344.71,XAUUSD.ecn,4335.29,4325.87,1.0,10.0,True,1789358820
False,BUY,4353.42,4353.42,4349.44,4355.400000000001,2.0,0.33557046979860444,1.0,TRAIL_SL,2.980000000000473,4350.93,2026-09-14T05:28:00+00:00,4349.44,XAUUSD.ecn,4352.42,4355.400000000001,1.0,10.0,True,1789363680
False,SELL,4328.45,4328.45,4337.27,4327.07,4.720000000000255,0.7294117647058802,3.7200000000002547,TRAIL_SL,5.100000000000364,4334.72,2026-09-14T06:00:00+00:00,4337.27,XAUUSD.ecn,4332.17,4327.07,1.0,10.0,True,1789365600
False,SELL,4327.53,4327.53,4330.25,4326.110000000001,1.6500000000005457,0.31400966183605655,0.6500000000005457,TRAIL_SL,2.069999999999709,4329.215,2026-09-14T08:25:00+00:00,4330.25,XAUUSD.ecn,4328.18,4326.110000000001,1.0,10.0,True,1789374300
False,SELL,4330.56,4330.56,4337.18,4326.6,2.3299999999999272,0.25141776937616944,1.3299999999999272,TRAIL_SL,5.289999999999964,4334.535,2026-09-14T08:44:00+00:00,4337.18,XAUUSD.ecn,4331.89,4326.6,1.0,10.0,True,1789375440
False,BUY,4337.73,4337.73,4328.01,4342.67,3.389999999999418,0.326057298772093,2.389999999999418,TRAIL_SL,7.329999999999927,4331.675,2026-09-14T09:01:00+00:00,4328.01,XAUUSD.ecn,4335.34,4342.67,1.0,10.0,True,1789376460
False,SELL,4312.33,4312.33,4319.66,4305.98,1.4899999999997817,0.07163742690055136,0.4899999999997817,TRAIL_SL,6.8400000000001455,4316.24,2026-09-14T10:53:00+00:00,4319.66,XAUUSD.ecn,4312.82,4305.98,1.0,10.0,True,1789383180
False,SELL,4313.45,4313.45,4313.45,4311.849999999999,0.7599999999993088,-1.0,-0.8000000000001819,SL,0.8000000000001819,4313.049999999999,2026-09-14T11:31:00+00:00,4313.45,XAUUSD.ecn,4312.65,4311.849999999999,1.0,10.0,False,1789385460
True,BUY,,4285.85,4283.26,4285.52,2.4600000000000364,,,SL_AND_TP_SAME_BAR,1.1300000000001091,4283.825000000001,2026-09-14T12:31:00+00:00,4283.26,XAUUSD.ecn,4284.39,4285.52,1.0,10.0,True,1789389060
True,SELL,,4281.74,4286.34,4282.4400000000005,3.6500000000005457,,,SL_AND_TP_SAME_BAR,1.949999999999818,4285.365,2026-09-14T12:47:00+00:00,4286.34,XAUUSD.ecn,4284.39,4282.4400000000005,1.0,10.0,True,1789390020
False,BUY,4290.79,4290.79,4287.8,4293.14,1.319999999999709,0.11985018726580533,0.31999999999970896,TRAIL_SL,2.6700000000000728,4289.135,2026-09-14T13:27:00+00:00,4287.8,XAUUSD.ecn,4290.47,4293.14,1.0,10.0,True,1789392420
False,BUY,4294.91,4294.91,4290.13,4296.69,2.5,0.4573170731707672,1.5,TRAIL_SL,3.2799999999997453,4291.77,2026-09-14T14:00:00+00:00,4290.13,XAUUSD.ecn,4293.41,4296.69,1.0,10.0,True,1789394400
False,BUY,4296.65,4296.65,4286.01,4305.049999999999,2.119999999999891,0.11764705882352379,1.1199999999998909,TRAIL_SL,9.519999999999527,4290.77,2026-09-14T15:12:00+00:00,4286.01,XAUUSD.ecn,4295.53,4305.049999999999,1.0,10.0,True,1789398720
False,BUY,4276.69,4276.69,4271.04,4281.740000000001,1.2999999999992724,0.056074766355000374,0.2999999999992724,TRAIL_SL,5.350000000000364,4273.715,2026-09-14T17:46:00+00:00,4271.04,XAUUSD.ecn,4276.39,4281.740000000001,1.0,10.0,True,1789407960
False,SELL,4289.3,4289.3,4292.88,4286.2,1.2399999999997817,0.07185628742508121,0.23999999999978172,TRAIL_SL,3.3400000000001455,4291.21,2026-09-14T18:52:00+00:00,4292.88,XAUUSD.ecn,4289.54,4286.2,1.0,10.0,True,1789411920
False,BUY,4295.74,4295.74,4290.4,4300.82,1.1300000000001091,0.024952015355107146,0.13000000000010914,TRAIL_SL,5.210000000000036,4293.004999999999,2026-09-14T19:12:00+00:00,4290.4,XAUUSD.ecn,4295.61,4300.82,1.0,10.0,True,1789413120
False,BUY,4303.94,4303.94,4298.79,4307.79,1.6499999999996362,0.1444444444443636,0.6499999999996362,TRAIL_SL,4.5,4301.04,2026-09-14T19:25:00+00:00,4298.79,XAUUSD.ecn,4303.29,4307.79,1.0,10.0,True,1789413900
True,BUY,,4306.95,4301.15,4306.6900000000005,4.029999999999745,,,SL_AND_TP_SAME_BAR,2.7700000000004366,4302.535,2026-09-14T19:42:00+00:00,4301.15,XAUUSD.ecn,4303.92,4306.6900000000005,1.0,10.0,True,1789414920
False,SELL,4305.08,4305.08,4308.66,4303.02,1.7600000000002183,0.269503546099396,0.7600000000002183,TRAIL_SL,2.819999999999709,4307.25,2026-09-14T21:52:00+00:00,4308.66,XAUUSD.ecn,4305.84,4303.02,1.0,10.0,True,1789422720
False,BUY,4296.22,4296.22,4290.19,4297.7300000000005,3.2600000000002183,0.5994694960212087,2.2600000000002183,TRAIL_SL,3.7700000000004366,4292.075,2026-09-14T23:23:00+00:00,4290.19,XAUUSD.ecn,4293.96,4297.7300000000005,1.0,10.0,True,1789428180
False,SELL,4295.85,4295.85,4299.52,4293.02,1.4200000000000728,0.12923076923079163,0.42000000000007276,TRAIL_SL,3.25,4297.895,2026-09-14T23:39:00+00:00,4299.52,XAUUSD.ecn,4296.27,4293.02,1.0,10.0,True,1789429140
False,SELL,4296.78,4296.78,4301.83,4294.790000000001,2.530000000000655,0.43465909090933535,1.5300000000006548,TRAIL_SL,3.519999999999527,4300.07,2026-09-15T04:39:00+00:00,4301.83,XAUUSD.ecn,4298.31,4294.790000000001,1.0,10.0,True,1789447140
False,BUY,4302.87,4302.87,4294.16,4307.960000000001,2.8099999999994907,0.2623188405796156,1.8099999999994907,TRAIL_SL,6.900000000000546,4297.610000000001,2026-09-15T04:57:00+00:00,4294.16,XAUUSD.ecn,4301.06,4307.960000000001,1.0,10.0,True,1789448220
False,SELL,4310.97,4310.97,4314.4,4308.68,1.569999999999709,0.19930069930062036,0.569999999999709,TRAIL_SL,2.8599999999996726,4312.969999999999,2026-09-15T06:27:00+00:00,4314.4,XAUUSD.ecn,4311.54,4308.68,1.0,10.0,True,1789453620
False,SELL,4304.7,4304.7,4310.11,4299.55,1.1300000000001091,0.024621212121233978,0.13000000000010914,TRAIL_SL,5.279999999999745,4307.469999999999,2026-09-15T06:54:00+00:00,4310.11,XAUUSD.ecn,4304.83,4299.55,1.0,10.0,True,1789455240
False,SELL,4289.61,4289.61,4292.09,4287.17,1.0200000000004366,0.00813008130099035,0.020000000000436557,TRAIL_SL,2.4600000000000364,4290.860000000001,2026-09-15T09:08:00+00:00,4292.09,XAUUSD.ecn,4289.63,4287.17,1.0,10.0,True,1789463280
False,BUY,4291.57,4291.57,4287.7,4292.64,2.399999999999636,0.5668016194329927,1.3999999999996362,TRAIL_SL,2.4700000000002547,4288.9349999999995,2026-09-15T10:31:00+00:00,4287.7,XAUUSD.ecn,4290.17,4292.64,1.0,10.0,True,1789468260
False,SELL,4283.14,4283.14,4286.76,4282.08,2.2799999999997453,0.5470085470084042,1.2799999999997453,TRAIL_SL,2.3400000000001455,4285.59,2026-09-15T10:43:00+00:00,4286.76,XAUUSD.ecn,4284.42,4282.08,1.0,10.0,True,1789468980
True,SELL,,4266.92,4269.19,4267.11,2.2299999999995634,,,SL_AND_TP_SAME_BAR,1.0399999999999636,4268.67,2026-09-15T11:50:00+00:00,4269.19,XAUUSD.ecn,4268.15,4267.11,1.0,10.0,True,1789473000
False,BUY,4274.6,4274.6,4270.34,4277.360000000001,1.75,0.2136752136752004,0.75,TRAIL_SL,3.5100000000002183,4272.095,2026-09-15T13:25:00+00:00,4270.34,XAUUSD.ecn,4273.85,4277.360000000001,1.0,10.0,True,1789478700
False,BUY,4282.43,4282.43,4278.58,4284.280000000001,2.0,0.3508771929824114,1.0,TRAIL_SL,2.850000000000364,4280.005,2026-09-15T13:57:00+00:00,4278.58,XAUUSD.ecn,4281.43,4284.280000000001,1.0,10.0,True,1789480620
False,BUY,4282.52,4282.52,4278.95,4284.250000000001,1.9200000000000728,0.3471698113207107,0.9200000000000728,TRAIL_SL,2.6500000000005457,4280.275,2026-09-15T14:12:00+00:00,4278.95,XAUUSD.ecn,4281.6,4284.250000000001,1.0,10.0,True,1789481520
False,BUY,4281.66,4281.66,4274.73,4286.810000000001,1.889999999999418,0.14735099337736576,0.8899999999994179,TRAIL_SL,6.040000000000873,4277.75,2026-09-15T15:36:00+00:00,4274.73,XAUUSD.ecn,4280.77,4286.810000000001,1.0,10.0,True,1789486560
False,BUY,4290.26,4290.26,4281.18,4293.66,3.8400000000001455,0.45512820512824437,2.8400000000001455,TRAIL_SL,6.239999999999782,4284.3,2026-09-15T15:51:00+00:00,4281.18,XAUUSD.ecn,4287.42,4293.66,1.0,10.0,True,1789487460
False,SELL,4288.91,4288.91,4295.79,4284.169999999999,2.069999999999709,0.18416523235794066,1.069999999999709,TRAIL_SL,5.8100000000004,4292.885,2026-09-15T15:58:00+00:00,4295.79,XAUUSD.ecn,4289.98,4284.169999999999,1.0,10.0,True,1789487880
True,SELL,,4274.79,4282.96,4275.499999999999,5.4399999999996,,,SL_AND_TP_SAME_BAR,3.730000000000473,4281.094999999999,2026-09-15T17:50:00+00:00,4282.96,XAUUSD.ecn,4279.23,4275.499999999999,1.0,10.0,True,1789494600
False,SELL,4285.15,4286.57,4286.57,4285.15,0.819999999999709,1.0,0.7100000000000364,TP,0.7100000000000364,4286.215,2026-09-15T18:24:00+00:00,4286.57,XAUUSD.ecn,4285.86,4285.15,1.0,10.0,False,1789496640
False,BUY,4295.87,4295.87,4287.99,4298.65,3.550000000000182,0.4784240150094215,2.550000000000182,TRAIL_SL,5.329999999999927,4290.655,2026-09-15T19:23:00+00:00,4287.99,XAUUSD.ecn,4293.32,4298.65,1.0,10.0,True,1789500180
False,BUY,4296.97,4296.97,4293.05,4299.249999999999,1.8200000000006185,0.26451612903250415,0.8200000000006185,TRAIL_SL,3.0999999999994543,4294.6,2026-09-15T20:33:00+00:00,4293.05,XAUUSD.ecn,4296.15,4299.249999999999,1.0,10.0,True,1789504380
False,SELL,4298.16,4298.16,4298.16,4288.540000000001,0.4000000000005457,-1.0,-4.809999999999491,SL,4.809999999999491,4295.755,2026-09-15T20:43:00+00:00,4298.16,XAUUSD.ecn,4293.35,4288.540000000001,1.0,10.0,False,1789504980
False,BUY,4297.3,4297.3,4294.83,4298.57,1.6000000000003638,0.3208556149734753,0.6000000000003638,TRAIL_SL,1.8699999999998909,4295.764999999999,2026-09-15T21:08:00+00:00,4294.83,XAUUSD.ecn,4296.7,4298.57,1.0,10.0,True,1789506480
False,BUY,4303.76,4303.76,4297.67,4306.23,2.8100000000004,0.4228971962618009,1.8100000000004002,TRAIL_SL,4.279999999999745,4299.8099999999995,2026-09-15T21:14:00+00:00,4297.67,XAUUSD.ecn,4301.95,4306.23,1.0,10.0,True,1789506840
False,BUY,4309.49,4309.49,4305.8,4311.079999999999,2.050000000000182,0.3977272727274293,1.050000000000182,TRAIL_SL,2.639999999999418,4307.12,2026-09-15T21:53:00+00:00,4305.8,XAUUSD.ecn,4308.44,4311.079999999999,1.0,10.0,True,1789509180
False,SELL,4304.47,4304.47,4310.71,4299.19,1.4799999999995634,0.08333333333325438,0.47999999999956344,TRAIL_SL,5.760000000000218,4307.83,2026-09-15T22:07:00+00:00,4310.71,XAUUSD.ecn,4304.95,4299.19,1.0,10.0,True,1789510020
False,SELL,4296.15,4296.15,4296.15,4289.710000000001,0.9400000000005093,-1.0,-3.219999999999345,SL,3.219999999999345,4294.54,2026-09-15T23:37:00+00:00,4296.15,XAUUSD.ecn,4292.93,4289.710000000001,1.0,10.0,False,1789515420
False,BUY,4286.72,4285.2,4285.2,4286.72,0.9799999999995634,1.0,0.7600000000002183,TP,0.7600000000002183,4285.58,2026-09-16T02:13:00+00:00,4285.2,XAUUSD.ecn,4285.96,4286.72,1.0,10.0,False,1789524780
True,BUY,,4285.2,4283.06,4285.499999999999,1.9200000000000728,,,SL_AND_TP_SAME_BAR,1.2199999999993452,4283.67,2026-09-16T03:20:00+00:00,4283.06,XAUUSD.ecn,4284.28,4285.499999999999,1.0,10.0,True,1789528800
False,BUY,4283.91,4283.91,4280.86,4286.580000000001,1.1899999999995998,0.06643356643341299,0.18999999999959982,TRAIL_SL,2.860000000000582,4282.29,2026-09-16T03:43:00+00:00,4280.86,XAUUSD.ecn,4283.72,4286.580000000001,1.0,10.0,True,1789530180
False,BUY,4293.03,4293.03,4289.17,4295.969999999999,1.4600000000000364,0.135294117647084,0.4600000000000364,TRAIL_SL,3.399999999999636,4290.87,2026-09-16T05:13:00+00:00,4289.17,XAUUSD.ecn,4292.57,4295.969999999999,1.0,10.0,True,1789535580
False,SELL,4322.17,4322.17,4325.35,4321.07,2.0399999999999636,0.4859813084111236,1.0399999999999636,TRAIL_SL,2.1400000000003274,4324.280000000001,2026-09-16T07:46:00+00:00,4325.35,XAUUSD.ecn,4323.21,4321.07,1.0,10.0,True,1789544760
True,SELL,,4333.78,4335.73,4332.870000000001,1.5200000000004366,,,SL_AND_TP_SAME_BAR,1.4299999999993815,4335.014999999999,2026-09-16T10:07:00+00:00,4335.73,XAUUSD.ecn,4334.3,4332.870000000001,1.0,10.0,True,1789553220
False,BUY,4338.09,4338.09,4334.93,4339.67,1.7899999999999636,0.3333333333333333,0.7899999999999636,TRAIL_SL,2.369999999999891,4336.115,2026-09-16T10:38:00+00:00,4334.93,XAUUSD.ecn,4337.3,4339.67,1.0,10.0,True,1789555080
False,BUY,4327.63,4327.63,4324.42,4330.6,1.1199999999998909,0.03883495145627353,0.11999999999989086,TRAIL_SL,3.0900000000001455,4325.965,2026-09-16T11:46:00+00:00,4324.42,XAUUSD.ecn,4327.51,4330.6,1.0,10.0,True,1789559160
False,BUY,4330.41,4330.41,4324.77,4332.85,2.5999999999994543,0.39603960396026455,1.5999999999994543,TRAIL_SL,4.039999999999964,4326.790000000001,2026-09-16T11:55:00+00:00,4324.77,XAUUSD.ecn,4328.81,4332.85,1.0,10.0,True,1789559700
False,SELL,4335.57,4335.57,4335.57,4331.25,0.1499999999996362,-1.0,-2.1599999999998545,SL,2.1599999999998545,4334.49,2026-09-16T12:48:00+00:00,4335.57,XAUUSD.ecn,4333.41,4331.25,1.0,10.0,False,1789562880
False,BUY,4347.71,4347.71,4340.8,4351.079999999999,2.7700000000004366,0.34435797665382045,1.7700000000004366,TRAIL_SL,5.139999999999418,4343.37,2026-09-16T13:29:00+00:00,4340.8,XAUUSD.ecn,4345.94,4351.079999999999,1.0,10.0,True,1789565340
False,SELL,4346.89,4346.89,4349.81,4345.409999999999,1.7199999999993452,0.3272727272723214,0.7199999999993452,TRAIL_SL,2.2000000000007276,4348.71,2026-09-16T14:51:00+00:00,4349.81,XAUUSD.ecn,4347.61,4345.409999999999,1.0,10.0,True,1789570260
False,BUY,4346.9,4346.9,4342.24,4350.5599999999995,1.5,0.1201923076923119,0.5,TRAIL_SL,4.1599999999998545,4344.32,2026-09-16T15:09:00+00:00,4342.24,XAUUSD.ecn,4346.4,4350.5599999999995,1.0,10.0,True,1789571340
False,SELL,4329.42,4329.42,4337.46,4321.900000000001,1.2600000000002183,0.033419023136275934,0.2600000000002183,TRAIL_SL,7.779999999999745,4333.57,2026-09-16T17:08:00+00:00,4337.46,XAUUSD.ecn,4329.68,4321.900000000001,1.0,10.0,True,1789578480
False,SELL,4335.08,4335.08,4337.24,4333.800000000001,1.4400000000005093,0.2558139534887656,0.4400000000005093,TRAIL_SL,1.7199999999993452,4336.38,2026-09-16T17:21:00+00:00,4337.24,XAUUSD.ecn,4335.52,4333.800000000001,1.0,10.0,True,1789579260
False,SELL,4352.55,4352.55,4352.55,4350.2300000000005,0.3000000000001819,-1.0,-1.1599999999998545,SL,1.1599999999998545,4351.97,2026-09-16T17:57:00+00:00,4352.55,XAUUSD.ecn,4351.39,4350.2300000000005,1.0,10.0,False,1789581420
True,SELL,,4282.16,4306.02,4287.299999999999,15.5,,,SL_AND_TP_SAME_BAR,9.360000000000582,4301.34,2026-09-16T21:50:00+00:00,4306.02,XAUUSD.ecn,4296.66,4287.299999999999,1.0,10.0,True,1789595400
True,BUY,,4275.16,4268.34,4273.98,5.0,,,SL_AND_TP_SAME_BAR,2.819999999999709,4269.75,2026-09-17T01:37:00+00:00,4268.34,XAUUSD.ecn,4271.16,4273.98,1.0,10.0,True,1789609020
True,BUY,,4273.34,4270.39,4272.47,2.9099999999998545,,,SL_AND_TP_SAME_BAR,1.0399999999999636,4270.91,2026-09-17T02:45:00+00:00,4270.39,XAUUSD.ecn,4271.43,4272.47,1.0,10.0,True,1789613100
False,BUY,4287.35,4287.35,4281.59,4288.610000000001,3.25,0.6410256410256011,2.25,TRAIL_SL,3.5100000000002183,4283.345,2026-09-17T03:23:00+00:00,4281.59,XAUUSD.ecn,4285.1,4288.610000000001,1.0,10.0,True,1789615380
False,BUY,4305.1,4305.1,4296.79,4311.95,1.730000000000473,0.09630606860164644,0.7300000000004729,TRAIL_SL,7.579999999999927,4300.58,2026-09-17T04:08:00+00:00,4296.79,XAUUSD.ecn,4304.37,4311.95,1.0,10.0,True,1789618080
False,SELL,4306.1,4306.1,4306.1,4291.6,0.5100000000002183,-1.0,-7.25,SL,7.25,4302.475,2026-09-17T04:14:00+00:00,4306.1,XAUUSD.ecn,4298.85,4291.6,1.0,10.0,False,1789618440
False,SELL,4299.19,4299.19,4306.69,4294.570000000001,2.4400000000005093,0.23762376237634164,1.4400000000005093,TRAIL_SL,6.059999999999491,4303.66,2026-09-17T05:00:00+00:00,4306.69,XAUUSD.ecn,4300.63,4294.570000000001,1.0,10.0,True,1789621200
True,BUY,,4284.84,4283.04,4284.96,1.8400000000001455,,,SL_AND_TP_SAME_BAR,0.9600000000000364,4283.52,2026-09-17T05:45:00+00:00,4283.04,XAUUSD.ecn,4284.0,4284.96,1.0,10.0,True,1789623900
True,SELL,,4292.88,4297.95,4293.929999999999,4.059999999999491,,,SL_AND_TP_SAME_BAR,2.0100000000002183,4296.945,2026-09-17T08:13:00+00:00,4297.95,XAUUSD.ecn,4295.94,4293.929999999999,1.0,10.0,True,1789632780
True,SELL,,4290.3,4294.94,4290.94,3.639999999999418,,,SL_AND_TP_SAME_BAR,2.0,4293.94,2026-09-17T08:17:00+00:00,4294.94,XAUUSD.ecn,4292.94,4290.94,1.0,10.0,True,1789633020
False,SELL,4292.94,4292.94,4292.94,4281.22,0.8699999999998909,-1.0,-5.859999999999673,SL,5.859999999999673,4290.01,2026-09-17T08:24:00+00:00,4292.94,XAUUSD.ecn,4287.08,4281.22,1.0,10.0,False,1789633440
False,SELL,4307.14,4307.14,4313.95,4302.170000000001,1.9200000000000728,0.1561969439728631,0.9200000000000728,TRAIL_SL,5.889999999999418,4311.005,2026-09-17T09:39:00+00:00,4313.95,XAUUSD.ecn,4308.06,4302.170000000001,1.0,10.0,True,1789637940
False,BUY,4333.78,4333.78,4324.13,4337.410000000001,4.009999999999309,0.45331325301192177,3.009999999999309,TRAIL_SL,6.640000000000327,4327.450000000001,2026-09-17T10:32:00+00:00,4324.13,XAUUSD.ecn,4330.77,4337.410000000001,1.0,10.0,True,1789641120
False,BUY,4314.27,4314.27,4308.69,4317.510000000001,2.1700000000000728,0.26530612244895013,1.1700000000000728,TRAIL_SL,4.410000000000764,4310.895,2026-09-17T13:29:00+00:00,4308.69,XAUUSD.ecn,4313.1,4317.510000000001,1.0,10.0,True,1789651740
False,SELL,4331.03,4331.03,4334.71,4328.47,1.5600000000004002,0.17948717948731402,0.5600000000004002,TRAIL_SL,3.119999999999891,4333.15,2026-09-17T14:20:00+00:00,4334.71,XAUUSD.ecn,4331.59,4328.47,1.0,10.0,True,1789654800
False,SELL,4366.47,4366.47,4372.25,4364.35,2.8299999999999272,0.46329113924050924,1.8299999999999272,TRAIL_SL,3.949999999999818,4370.275,2026-09-17T15:38:00+00:00,4372.25,XAUUSD.ecn,4368.3,4364.35,1.0,10.0,True,1789659480
True,SELL,,4372.71,4374.6,4372.459999999999,1.819999999999709,,,SL_AND_TP_SAME_BAR,1.0700000000006185,4374.0650000000005,2026-09-17T15:57:00+00:00,4374.6,XAUUSD.ecn,4373.53,4372.459999999999,1.0,10.0,True,1789660620
False,SELL,4367.05,4367.05,4374.48,4362.220000000001,2.300000000000182,0.212071778140351,1.300000000000182,TRAIL_SL,6.1299999999992,4371.415,2026-09-17T16:26:00+00:00,4374.48,XAUUSD.ecn,4368.35,4362.220000000001,1.0,10.0,True,1789662360
False,BUY,4362.0,4362.0,4353.38,4366.8,2.9099999999998545,0.2846497764530319,1.9099999999998545,TRAIL_SL,6.710000000000036,4356.735000000001,2026-09-17T18:15:00+00:00,4353.38,XAUUSD.ecn,4360.09,4366.8,1.0,10.0,True,1789668900
False,BUY,4363.57,4363.57,4358.35,4368.709999999999,1.0399999999999636,0.007722007722001621,0.03999999999996362,TRAIL_SL,5.1799999999993815,4360.9400000000005,2026-09-17T20:08:00+00:00,4358.35,XAUUSD.ecn,4363.53,4368.709999999999,1.0,10.0,True,1789675680
False,SELL,4359.68,4359.68,4363.75,4355.65,1.019999999999527,0.004938271604821275,0.019999999999527063,TRAIL_SL,4.050000000000182,4361.725,2026-09-17T20:40:00+00:00,4363.75,XAUUSD.ecn,4359.7,4355.65,1.0,10.0,True,1789677600
False,SELL,4358.3,4358.3,4364.19,4353.670000000001,1.6300000000001091,0.1197718631179072,0.6300000000001091,TRAIL_SL,5.259999999999309,4361.5599999999995,2026-09-17T21:23:00+00:00,4364.19,XAUUSD.ecn,4358.93,4353.670000000001,1.0,10.0,True,1789680180
False,SELL,4342.55,4342.55,4344.85,4340.59,1.1700000000000728,0.07981220657280003,0.17000000000007276,TRAIL_SL,2.130000000000109,4343.785,2026-09-18T01:19:00+00:00,4344.85,XAUUSD.ecn,4342.72,4340.59,1.0,10.0,True,1789694340
False,BUY,4347.58,4347.58,4342.03,4350.63,2.25,0.29069767441859234,1.25,TRAIL_SL,4.300000000000182,4344.18,2026-09-18T01:33:00+00:00,4342.03,XAUUSD.ecn,4346.33,4350.63,1.0,10.0,True,1789695180
False,SELL,4342.61,4342.61,4348.32,4339.98,2.5399999999999636,0.3693045563549009,1.5399999999999636,TRAIL_SL,4.170000000000073,4346.235,2026-09-18T01:48:00+00:00,4348.32,XAUUSD.ecn,4344.15,4339.98,1.0,10.0,True,1789696080
False,SELL,4344.07,4345.33,4345.33,4344.07,0.6499999999996362,1.0,0.6300000000001091,TP,0.6300000000001091,4345.014999999999,2026-09-18T02:18:00+00:00,4345.33,XAUUSD.ecn,4344.7,4344.07,1.0,10.0,False,1789697880
False,SELL,4344.69,4344.69,4347.4,4342.0,1.0100000000002183,0.0037037037037847974,0.010000000000218279,TRAIL_SL,2.699999999999818,4346.049999999999,2026-09-18T02:28:00+00:00,4347.4,XAUUSD.ecn,4344.7,4342.0,1.0,10.0,True,1789698480
False,BUY,4344.42,4344.42,4344.42,4348.66,0.14000000000032742,-1.0,-2.119999999999891,SL,2.119999999999891,4345.48,2026-09-18T02:56:00+00:00,4344.42,XAUUSD.ecn,4346.54,4348.66,1.0,10.0,False,1789700160
False,BUY,4357.96,4357.96,4351.03,4364.39,1.25,0.03742514970059717,0.25,TRAIL_SL,6.680000000000291,4354.37,2026-09-18T03:34:00+00:00,4351.03,XAUUSD.ecn,4357.71,4364.39,1.0,10.0,True,1789702440
False,SELL,4353.4,4353.4,4357.75,4350.6900000000005,1.8200000000006185,0.23229461756393133,0.8200000000006185,TRAIL_SL,3.5299999999997453,4355.985000000001,2026-09-18T03:49:00+00:00,4357.75,XAUUSD.ecn,4354.22,4350.6900000000005,1.0,10.0,True,1789703340
False,BUY,4363.57,4363.57,4354.39,4368.97,2.889999999999418,0.2592592592591807,1.889999999999418,TRAIL_SL,7.289999999999964,4358.035,2026-09-18T04:08:00+00:00,4354.39,XAUUSD.ecn,4361.68,4368.97,1.0,10.0,True,1789704480
False,BUY,4362.64,4362.64,4355.97,4366.29,2.5100000000002183,0.2926356589147792,1.5100000000002183,TRAIL_SL,5.1599999999998545,4358.55,2026-09-18T04:23:00+00:00,4355.97,XAUUSD.ecn,4361.13,4366.29,1.0,10.0,True,1789705380
False,SELL,4349.33,4349.33,4354.9,4346.140000000001,2.1900000000005093,0.2716894977170609,1.1900000000005093,TRAIL_SL,4.3799999999992,4352.71,2026-09-18T04:42:00+00:00,4354.9,XAUUSD.ecn,4350.52,4346.140000000001,1.0,10.0,True,1789706520
False,SELL,4348.93,4348.93,4348.93,4347.67,0.5,-1.0,-0.6300000000001091,SL,0.6300000000001091,4348.615,2026-09-18T04:52:00+00:00,4348.93,XAUUSD.ecn,4348.3,4347.67,1.0,10.0,False,1789707120
False,SELL,4345.69,4345.69,4353.62,4341.240000000001,2.740000000000691,0.2810985460421331,1.7400000000006912,TRAIL_SL,6.1899999999996,4350.525,2026-09-18T05:59:00+00:00,4353.62,XAUUSD.ecn,4347.43,4341.240000000001,1.0,10.0,True,1789711140
False,SELL,4345.27,4345.27,4349.94,4343.660000000001,2.5299999999997453,0.4872611464968245,1.5299999999997453,TRAIL_SL,3.139999999999418,4348.37,2026-09-18T06:11:00+00:00,4349.94,XAUUSD.ecn,4346.8,4343.660000000001,1.0,10.0,True,1789711860
False,SELL,4337.92,4337.92,4347.7,4333.160000000001,3.5100000000002183,0.3452544704264624,2.5100000000002183,TRAIL_SL,7.269999999999527,4344.0650000000005,2026-09-18T06:19:00+00:00,4347.7,XAUUSD.ecn,4340.43,4333.160000000001,1.0,10.0,True,1789712340
False,BUY,4352.4,4352.4,4344.68,4357.039999999999,2.5399999999999636,0.2491909385113459,1.5399999999999636,TRAIL_SL,6.1799999999993815,4347.77,2026-09-18T06:39:00+00:00,4344.68,XAUUSD.ecn,4350.86,4357.039999999999,1.0,10.0,True,1789713540
False,BUY,4357.15,4357.15,4352.91,4359.610000000001,1.889999999999418,0.2656716417908422,0.8899999999994179,TRAIL_SL,3.350000000000364,4354.585,2026-09-18T07:27:00+00:00,4352.91,XAUUSD.ecn,4356.26,4359.610000000001,1.0,10.0,True,1789716420
False,SELL,4366.89,4366.89,4366.89,4360.569999999999,0.03999999999996362,-1.0,-3.160000000000764,SL,3.160000000000764,4365.3099999999995,2026-09-18T07:56:00+00:00,4366.89,XAUUSD.ecn,4363.73,4360.569999999999,1.0,10.0,False,1789718160
False,BUY,4384.33,4384.33,4376.54,4388.099999999999,3.0100000000002183,0.3477508650519562,2.0100000000002183,TRAIL_SL,5.779999999999745,4379.43,2026-09-18T09:02:00+00:00,4376.54,XAUUSD.ecn,4382.32,4388.099999999999,1.0,10.0,True,1789722120
False,SELL,4385.54,4385.54,4390.12,4381.28,1.1599999999998545,0.036199095022590916,0.15999999999985448,TRAIL_SL,4.420000000000073,4387.91,2026-09-18T09:19:00+00:00,4390.12,XAUUSD.ecn,4385.7,4381.28,1.0,10.0,True,1789723140
False,BUY,4392.45,4392.45,4384.57,4397.530000000001,2.399999999999636,0.21604938271597748,1.3999999999996362,TRAIL_SL,6.480000000000473,4387.8099999999995,2026-09-18T09:29:00+00:00,4384.57,XAUUSD.ecn,4391.05,4397.530000000001,1.0,10.0,True,1789723740
False,SELL,4391.19,4391.19,4396.53,4386.45,1.300000000000182,0.05952380952384605,0.3000000000001819,TRAIL_SL,5.039999999999964,4394.01,2026-09-18T09:55:00+00:00,4396.53,XAUUSD.ecn,4391.49,4386.45,1.0,10.0,True,1789725300
False,SELL,4387.63,4387.63,4392.06,4384.04,1.4200000000000728,0.10473815461347878,0.42000000000007276,TRAIL_SL,4.010000000000218,4390.055,2026-09-18T12:28:00+00:00,4392.06,XAUUSD.ecn,4388.05,4384.04,1.0,10.0,True,1789734480
True,SELL,,4383.25,4388.72,4383.679999999999,3.949999999999818,,,SL_AND_TP_SAME_BAR,2.5200000000004366,4387.46,2026-09-18T12:37:00+00:00,4388.72,XAUUSD.ecn,4386.2,4383.679999999999,1.0,10.0,True,1789735020
False,SELL,4377.9,4377.9,4381.46,4376.22,1.9400000000005093,0.3587786259544078,0.9400000000005093,TRAIL_SL,2.619999999999891,4380.15,2026-09-18T13:49:00+00:00,4381.46,XAUUSD.ecn,4378.84,4376.22,1.0,10.0,True,1789739340
False,BUY,4385.07,4385.07,4381.17,4388.01,1.4799999999995634,0.14035087719285183,0.47999999999956344,TRAIL_SL,3.4200000000000728,4382.88,2026-09-18T14:03:00+00:00,4381.17,XAUUSD.ecn,4384.59,4388.01,1.0,10.0,True,1789740180
False,SELL,4364.81,4364.81,4373.04,4359.36,2.389999999999418,0.20321637426891642,1.389999999999418,TRAIL_SL,6.8400000000001455,4369.62,2026-09-18T16:26:00+00:00,4373.04,XAUUSD.ecn,4366.2,4359.36,1.0,10.0,True,1789748760
True,BUY,,4355.11,4351.82,4355.4400000000005,2.4799999999995634,,,SL_AND_TP_SAME_BAR,1.8100000000004002,4352.725,2026-09-18T17:12:00+00:00,4351.82,XAUUSD.ecn,4353.63,4355.4400000000005,1.0,10.0,True,1789751520
False,BUY,4349.29,4349.29,4343.91,4354.549999999999,1.0600000000004002,0.011278195488797643,0.06000000000040018,TRAIL_SL,5.319999999999709,4346.57,2026-09-18T17:25:00+00:00,4343.91,XAUUSD.ecn,4349.23,4354.549999999999,1.0,10.0,True,1789752300
False,SELL,4354.9,4354.9,4359.42,4351.9,1.7600000000002183,0.2021276595745144,0.7600000000002183,TRAIL_SL,3.7600000000002183,4357.54,2026-09-18T18:01:00+00:00,4359.42,XAUUSD.ecn,4355.66,4351.9,1.0,10.0,True,1789754460
False,SELL,4357.37,4357.37,4357.37,4348.97,0.27000000000043656,-1.0,-4.199999999999818,SL,4.199999999999818,4355.27,2026-09-18T18:43:00+00:00,4357.37,XAUUSD.ecn,4353.17,4348.97,1.0,10.0,False,1789756980
False,BUY,4370.38,4370.38,4365.96,4372.179999999999,2.3100000000004,0.4212218649519415,1.3100000000004002,TRAIL_SL,3.1099999999996726,4367.514999999999,2026-09-18T19:24:00+00:00,4365.96,XAUUSD.ecn,4369.07,4372.179999999999,1.0,10.0,True,1789759440
False,SELL,4381.73,4381.73,4387.89,4376.249999999999,1.3400000000001455,0.058419243986273094,0.3400000000001455,TRAIL_SL,5.8200000000006185,4384.98,2026-09-18T21:46:00+00:00,4387.89,XAUUSD.ecn,4382.07,4376.249999999999,1.0,10.0,True,1789767960
False,SELL,4382.81,4382.81,4382.81,4379.669999999999,0.0999999999994543,-1.0,-1.5700000000006185,SL,1.5700000000006185,4382.025,2026-09-18T22:03:00+00:00,4382.81,XAUUSD.ecn,4381.24,4379.669999999999,1.0,10.0,False,1789768980
False,SELL,4381.43,4381.43,4384.95,4379.990000000001,2.0399999999999636,0.41935483870973655,1.0399999999999636,TRAIL_SL,2.4799999999995634,4383.71,2026-09-18T22:20:00+00:00,4384.95,XAUUSD.ecn,4382.47,4379.990000000001,1.0,10.0,True,1789770000
False,SELL,4380.53,4380.53,4383.46,4377.999999999999,1.199999999999818,0.07326007325999394,0.1999999999998181,TRAIL_SL,2.730000000000473,4382.094999999999,2026-09-18T22:28:00+00:00,4383.46,XAUUSD.ecn,4380.73,4377.999999999999,1.0,10.0,True,1789770480
False,BUY,4379.19,4379.19,4379.19,4385.53,0.6400000000003274,-1.0,-3.1700000000000728,SL,3.1700000000000728,4380.775,2026-09-18T23:25:00+00:00,4379.19,XAUUSD.ecn,4382.36,4385.53,1.0,10.0,False,1789773900
False,SELL,4375.54,4375.54,4379.24,4373.4,1.7799999999997453,0.267123287671139,0.7799999999997453,TRAIL_SL,2.9200000000000728,4377.78,2026-09-21T01:23:00+00:00,4379.24,XAUUSD.ecn,4376.32,4373.4,1.0,10.0,True,1789953780
False,SELL,4373.02,4373.48,4373.48,4373.02,0.7200000000002547,1.0,0.22999999999956344,TP,0.22999999999956344,4373.365,2026-09-21T02:13:00+00:00,4373.48,XAUUSD.ecn,4373.25,4373.02,1.0,10.0,False,1789956780
False,SELL,4365.31,4365.31,4370.63,4361.349999999999,1.6799999999993815,0.14655172413778741,0.6799999999993815,TRAIL_SL,4.640000000000327,4368.3099999999995,2026-09-21T03:51:00+00:00,4370.63,XAUUSD.ecn,4365.99,4361.349999999999,1.0,10.0,True,1789962660
False,SELL,4362.35,4362.35,4366.61,4358.590000000001,1.25,0.06234413965088356,0.25,TRAIL_SL,4.009999999999309,4364.605,2026-09-21T06:10:00+00:00,4366.61,XAUUSD.ecn,4362.6,4358.590000000001,1.0,10.0,True,1789971000
True,SELL,,4342.95,4351.45,4347.009999999999,7.279999999999745,,,SL_AND_TP_SAME_BAR,2.2200000000002547,4350.34,2026-09-21T10:42:00+00:00,4351.45,XAUUSD.ecn,4349.23,4347.009999999999,1.0,10.0,True,1789987320
False,BUY,4353.83,4353.83,4349.9,4355.68,2.0399999999999636,0.35986159169544835,1.0399999999999636,TRAIL_SL,2.8900000000003274,4351.344999999999,2026-09-21T11:18:00+00:00,4349.9,XAUUSD.ecn,4352.79,4355.68,1.0,10.0,True,1789989480
False,BUY,4352.73,4352.73,4350.12,4354.920000000001,1.2099999999991269,0.0874999999996163,0.20999999999912689,TRAIL_SL,2.4000000000005457,4351.32,2026-09-21T12:09:00+00:00,4350.12,XAUUSD.ecn,4352.52,4354.920000000001,1.0,10.0,True,1789992540
False,SELL,4343.48,4343.48,4350.54,4336.44,1.0100000000002183,0.0014184397163429817,0.010000000000218279,TRAIL_SL,7.050000000000182,4347.014999999999,2026-09-21T12:36:00+00:00,4350.54,XAUUSD.ecn,4343.49,4336.44,1.0,10.0,True,1789994160
False,BUY,4344.5,4344.5,4344.5,4349.299999999999,0.410000000000764,-1.0,-2.399999999999636,SL,2.399999999999636,4345.7,2026-09-21T12:46:00+00:00,4344.5,XAUUSD.ecn,4346.9,4349.299999999999,1.0,10.0,False,1789994760
False,BUY,4351.12,4351.12,4345.17,4356.1900000000005,1.4399999999995998,0.07985480943731078,0.4399999999995998,TRAIL_SL,5.510000000000218,4347.925,2026-09-21T13:08:00+00:00,4345.17,XAUUSD.ecn,4350.68,4356.1900000000005,1.0,10.0,True,1789996080
False,BUY,4351.56,4351.56,4351.56,4358.579999999999,0.28000000000065484,-1.0,-3.509999999999309,SL,3.509999999999309,4353.3150000000005,2026-09-21T13:17:00+00:00,4351.56,XAUUSD.ecn,4355.07,4358.579999999999,1.0,10.0,False,1789996620
False,SELL,4351.46,4351.46,4355.35,4348.25,1.3400000000001455,0.09577464788736002,0.3400000000001455,TRAIL_SL,3.550000000000182,4353.575000000001,2026-09-21T13:24:00+00:00,4355.35,XAUUSD.ecn,4351.8,4348.25,1.0,10.0,True,1789997040
False,SELL,4367.45,4367.45,4371.06,4365.339999999999,1.75,0.2622377622377089,0.75,TRAIL_SL,2.860000000000582,4369.63,2026-09-21T14:58:00+00:00,4371.06,XAUUSD.ecn,4368.2,4365.339999999999,1.0,10.0,True,1790002680
False,SELL,4348.64,4348.64,4353.89,4344.2699999999995,1.4399999999995998,0.09147609147600066,0.4399999999995998,TRAIL_SL,4.8100000000004,4351.485000000001,2026-09-21T16:56:00+00:00,4353.89,XAUUSD.ecn,4349.08,4344.2699999999995,1.0,10.0,True,1790009760
False,BUY,4349.44,4349.44,4345.94,4350.78,2.0799999999999272,0.4462809917354937,1.0799999999999272,TRAIL_SL,2.4200000000000728,4347.15,2026-09-21T21:10:00+00:00,4345.94,XAUUSD.ecn,4348.36,4350.78,1.0,10.0,True,1790025000
False,SELL,4347.34,4347.34,4350.19,4345.11,1.3099999999994907,0.12204724409428942,0.3099999999994907,TRAIL_SL,2.5399999999999636,4348.92,2026-09-21T21:40:00+00:00,4350.19,XAUUSD.ecn,4347.65,4345.11,1.0,10.0,True,1790026800
False,BUY,4351.66,4351.66,4349.14,4353.0199999999995,1.5799999999999272,0.2989690721649726,0.5799999999999272,TRAIL_SL,1.9399999999995998,4350.110000000001,2026-09-22T01:19:00+00:00,4349.14,XAUUSD.ecn,4351.08,4353.0199999999995,1.0,10.0,True,1790039940
True,BUY,,4351.37,4350.13,4350.589999999999,2.0100000000002183,,,SL_AND_TP_SAME_BAR,0.22999999999956344,4350.245,2026-09-22T04:21:00+00:00,4350.13,XAUUSD.ecn,4350.36,4350.589999999999,1.0,10.0,True,1790050860
False,SELL,4343.24,4343.24,4350.07,4339.210000000001,2.4000000000005457,0.25782688766127165,1.4000000000005457,TRAIL_SL,5.4299999999993815,4347.355,2026-09-22T05:11:00+00:00,4350.07,XAUUSD.ecn,4344.64,4339.210000000001,1.0,10.0,True,1790053860
False,BUY,4343.19,4343.19,4343.19,4346.61,0.75,-1.0,-1.7100000000000364,SL,1.7100000000000364,4344.045,2026-09-22T06:17:00+00:00,4343.19,XAUUSD.ecn,4344.9,4346.61,1.0,10.0,False,1790057820
False,SELL,4336.83,4336.83,4341.94,4332.660000000001,1.4700000000002547,0.10129310344834346,0.47000000000025466,TRAIL_SL,4.639999999999418,4339.62,2026-09-22T07:06:00+00:00,4341.94,XAUUSD.ecn,4337.3,4332.660000000001,1.0,10.0,True,1790060760
False,BUY,4346.32,4346.32,4341.44,4348.660000000001,2.269999999999527,0.3518005540164328,1.269999999999527,TRAIL_SL,3.610000000000582,4343.245,2026-09-22T08:10:00+00:00,4341.44,XAUUSD.ecn,4345.05,4348.660000000001,1.0,10.0,True,1790064600
False,SELL,4328.21,4328.21,4333.12,4326.22,2.4600000000000364,0.4231884057971343,1.4600000000000364,TRAIL_SL,3.449999999999818,4331.395,2026-09-22T08:32:00+00:00,4333.12,XAUUSD.ecn,4329.67,4326.22,1.0,10.0,True,1790065920
False,BUY,4332.07,4332.07,4319.79,4338.009999999999,4.170000000000073,0.34796926454447713,3.1700000000000728,TRAIL_SL,9.109999999999673,4324.344999999999,2026-09-22T08:50:00+00:00,4319.79,XAUUSD.ecn,4328.9,4338.009999999999,1.0,10.0,True,1790067000
False,SELL,4319.07,4319.07,4333.11,4313.430000000001,5.200000000000728,0.42682926829279,4.200000000000728,TRAIL_SL,9.839999999999236,4328.1900000000005,2026-09-22T09:03:00+00:00,4333.11,XAUUSD.ecn,4323.27,4313.430000000001,1.0,10.0,True,1790067780
False,SELL,4301.78,4301.78,4310.84,4294.4,1.8400000000001455,0.10218978102191235,0.8400000000001455,TRAIL_SL,8.220000000000255,4306.73,2026-09-22T11:17:00+00:00,4310.84,XAUUSD.ecn,4302.62,4294.4,1.0,10.0,True,1790075820
False,BUY,4319.75,4319.75,4308.66,4327.860000000001,2.4899999999997817,0.15520833333330472,1.4899999999997817,TRAIL_SL,9.600000000000364,4313.46,2026-09-22T11:44:00+00:00,4308.66,XAUUSD.ecn,4318.26,4327.860000000001,1.0,10.0,True,1790077440
True,SELL,,4318.28,4321.61,4317.87,2.4600000000000364,,,SL_AND_TP_SAME_BAR,1.8699999999998909,4320.674999999999,2026-09-22T12:21:00+00:00,4321.61,XAUUSD.ecn,4319.74,4317.87,1.0,10.0,True,1790079660
False,BUY,4325.69,4325.69,4322.07,4327.110000000001,2.0999999999994543,0.43650793650764436,1.0999999999994543,TRAIL_SL,2.5200000000004366,4323.33,2026-09-22T15:04:00+00:00,4322.07,XAUUSD.ecn,4324.59,4327.110000000001,1.0,10.0,True,1790089440
False,BUY,4340.31,4340.31,4334.22,4343.22,2.5900000000001455,0.3533333333333657,1.5900000000001455,TRAIL_SL,4.5,4336.47,2026-09-22T15:32:00+00:00,4334.22,XAUUSD.ecn,4338.72,4343.22,1.0,10.0,True,1790091120
True,BUY,,4335.99,4331.37,4336.2699999999995,3.1700000000000728,,,SL_AND_TP_SAME_BAR,2.449999999999818,4332.594999999999,2026-09-22T15:56:00+00:00,4331.37,XAUUSD.ecn,4333.82,4336.2699999999995,1.0,10.0,True,1790092560
True,SELL,,4336.05,4336.69,4335.69,1.139999999999418,,,SL_AND_TP_SAME_BAR,0.5,4336.44,2026-09-22T16:01:00+00:00,4336.69,XAUUSD.ecn,4336.19,4335.69,1.0,10.0,True,1790092860
False,SELL,4332.61,4332.61,4338.73,4326.91,1.2100000000000364,0.0355329949238649,0.21000000000003638,TRAIL_SL,5.9099999999998545,4335.775,2026-09-22T16:56:00+00:00,4338.73,XAUUSD.ecn,4332.82,4326.91,1.0,10.0,True,1790096160
False,BUY,4326.27,4326.27,4320.43,4328.83,2.6400000000003274,0.39047619047628535,1.6400000000003274,TRAIL_SL,4.199999999999818,4322.530000000001,2026-09-22T17:57:00+00:00,4320.43,XAUUSD.ecn,4324.63,4328.83,1.0,10.0,True,1790099820
True,BUY,,4358.83,4349.83,4358.790000000001,5.519999999999527,,,SL_AND_TP_SAME_BAR,4.480000000000473,4352.07,2026-09-22T21:07:00+00:00,4349.83,XAUUSD.ecn,4354.31,4358.790000000001,1.0,10.0,True,1790111220
False,BUY,4352.53,4352.53,4349.7,4354.38,1.4899999999997817,0.2094017094016031,0.4899999999997817,TRAIL_SL,2.3400000000001455,4350.87,2026-09-22T21:48:00+00:00,4349.7,XAUUSD.ecn,4352.04,4354.38,1.0,10.0,True,1790113680
True,SELL,,4361.4,4364.92,4360.959999999999,2.5399999999999636,,,SL_AND_TP_SAME_BAR,1.980000000000473,4363.93,2026-09-23T01:47:00+00:00,4364.92,XAUUSD.ecn,4362.94,4360.959999999999,1.0,10.0,True,1790128020
False,SELL,4363.12,4363.12,4363.12,4358.0199999999995,0.2599999999993088,-1.0,-2.550000000000182,SL,2.550000000000182,4361.844999999999,2026-09-23T02:52:00+00:00,4363.12,XAUUSD.ecn,4360.57,4358.0199999999995,1.0,10.0,False,1790131920
False,SELL,4363.28,4363.28,4368.59,4359.43,1.730000000000473,0.1593886462883154,0.7300000000004729,TRAIL_SL,4.579999999999927,4366.3,2026-09-23T03:09:00+00:00,4368.59,XAUUSD.ecn,4364.01,4359.43,1.0,10.0,True,1790132940
False,SELL,4348.74,4348.74,4351.68,4346.779999999999,1.4899999999997817,0.19999999999985152,0.4899999999997817,TRAIL_SL,2.4500000000007276,4350.455,2026-09-23T04:12:00+00:00,4351.68,XAUUSD.ecn,4349.23,4346.779999999999,1.0,10.0,True,1790136720
False,SELL,4339.89,4339.89,4344.03,4337.830000000001,2.0399999999999636,0.33548387096778925,1.0399999999999636,TRAIL_SL,3.0999999999994543,4342.48,2026-09-23T04:57:00+00:00,4344.03,XAUUSD.ecn,4340.93,4337.830000000001,1.0,10.0,True,1790139420
False,BUY,4337.01,4337.01,4334.52,4338.0599999999995,1.7200000000002547,0.4067796610172017,0.7200000000002547,TRAIL_SL,1.769999999999527,4335.405000000001,2026-09-23T05:44:00+00:00,4334.52,XAUUSD.ecn,4336.29,4338.0599999999995,1.0,10.0,True,1790142240
False,SELL,4334.46,4334.46,4336.3,4333.38,1.3800000000001091,0.260273972602808,0.38000000000010914,TRAIL_SL,1.4600000000000364,4335.57,2026-09-23T05:57:00+00:00,4336.3,XAUUSD.ecn,4334.84,4333.38,1.0,10.0,True,1790143020
False,SELL,4335.39,4335.39,4342.18,4330.459999999999,1.9299999999993815,0.15870307167223366,0.9299999999993815,TRAIL_SL,5.860000000000582,4339.25,2026-09-23T08:41:00+00:00,4342.18,XAUUSD.ecn,4336.32,4330.459999999999,1.0,10.0,True,1790152860
False,SELL,4331.18,4331.18,4335.98,4327.18,1.3999999999996362,0.09090909090901575,0.3999999999996362,TRAIL_SL,4.399999999999636,4333.78,2026-09-23T08:45:00+00:00,4335.98,XAUUSD.ecn,4331.58,4327.18,1.0,10.0,True,1790153100
False,SELL,4320.53,4320.53,4320.53,4316.670000000001,0.32000000000061846,-1.0,-1.9299999999993815,SL,1.9299999999993815,4319.5650000000005,2026-09-23T11:19:00+00:00,4320.53,XAUUSD.ecn,4318.6,4316.670000000001,1.0,10.0,False,1790162340
True,SELL,,4304.98,4310.63,4306.910000000001,4.790000000000873,,,SL_AND_TP_SAME_BAR,1.8599999999996726,4309.700000000001,2026-09-23T14:25:00+00:00,4310.63,XAUUSD.ecn,4308.77,4306.910000000001,1.0,10.0,True,1790173500
False,SELL,4302.46,4302.46,4307.74,4297.74,1.2799999999997453,0.05599999999994907,0.27999999999974534,TRAIL_SL,5.0,4305.24,2026-09-23T14:33:00+00:00,4307.74,XAUUSD.ecn,4302.74,4297.74,1.0,10.0,True,1790173980
True,SELL,,4302.66,4304.31,4302.19,1.5900000000001455,,,SL_AND_TP_SAME_BAR,1.0600000000004002,4303.780000000001,2026-09-23T15:53:00+00:00,4304.31,XAUUSD.ecn,4303.25,4302.19,1.0,10.0,True,1790178780
False,SELL,4285.82,4285.82,4293.43,4281.33,2.5600000000004,0.25785123966947987,1.5600000000004002,TRAIL_SL,6.050000000000182,4290.405000000001,2026-09-23T17:15:00+00:00,4293.43,XAUUSD.ecn,4287.38,4281.33,1.0,10.0,True,1790183700
False,BUY,4282.98,4282.98,4279.37,4285.13,1.7299999999995634,0.25347222222206106,0.7299999999995634,TRAIL_SL,2.880000000000109,4280.8099999999995,2026-09-23T19:09:00+00:00,4279.37,XAUUSD.ecn,4282.25,4285.13,1.0,10.0,True,1790190540
False,SELL,4278.83,4278.83,4282.55,4276.61,1.75,0.2525252525252309,0.75,TRAIL_SL,2.9700000000002547,4281.0650000000005,2026-09-23T20:33:00+00:00,4282.55,XAUUSD.ecn,4279.58,4276.61,1.0,10.0,True,1790195580
False,BUY,4288.88,4288.88,4288.88,4293.06,0.5599999999994907,-1.0,-2.0900000000001455,SL,2.0900000000001455,4289.925,2026-09-23T21:03:00+00:00,4288.88,XAUUSD.ecn,4290.97,4293.06,1.0,10.0,False,1790197380
False,SELL,4290.65,4290.65,4294.83,4287.290000000001,1.410000000000764,0.10875331565008366,0.410000000000764,TRAIL_SL,3.769999999999527,4292.945,2026-09-23T21:06:00+00:00,4294.83,XAUUSD.ecn,4291.06,4287.290000000001,1.0,10.0,True,1790197560
False,SELL,4285.07,4285.07,4293.27,4277.27,1.2000000000007276,0.02500000000009095,0.2000000000007276,TRAIL_SL,8.0,4289.27,2026-09-23T22:17:00+00:00,4293.27,XAUUSD.ecn,4285.27,4277.27,1.0,10.0,True,1790201820
False,BUY,4286.41,4286.41,4284.58,4288.219999999999,1.0100000000002183,0.005494505494626306,0.010000000000218279,TRAIL_SL,1.819999999999709,4285.49,2026-09-23T23:08:00+00:00,4284.58,XAUUSD.ecn,4286.4,4288.219999999999,1.0,10.0,True,1790204880
True,BUY,,4286.88,4286.88,4287.54,0.8400000000001455,,,SL_AND_TP_SAME_BAR,0.32999999999992724,4287.045,2026-09-23T23:56:00+00:00,4286.88,XAUUSD.ecn,4287.21,4287.54,1.0,10.0,False,1790207760
False,BUY,4291.72,4291.72,4285.98,4297.300000000001,1.0799999999999272,0.014134275618359796,0.07999999999992724,TRAIL_SL,5.660000000000764,4288.8099999999995,2026-09-24T03:32:00+00:00,4285.98,XAUUSD.ecn,4291.64,4297.300000000001,1.0,10.0,True,1790220720
False,BUY,4285.64,4285.64,4276.62,4291.72,2.4700000000002547,0.19470198675499592,1.4700000000002547,TRAIL_SL,7.550000000000182,4280.395,2026-09-24T05:18:00+00:00,4276.62,XAUUSD.ecn,4284.17,4291.72,1.0,10.0,True,1790227080
False,BUY,4293.19,4293.19,4286.83,4295.210000000001,3.1699999999991633,0.5178997613362528,2.1699999999991633,TRAIL_SL,4.190000000000509,4288.925,2026-09-24T05:34:00+00:00,4286.83,XAUUSD.ecn,4291.02,4295.210000000001,1.0,10.0,True,1790228040
False,BUY,4283.86,4283.86,4280.51,4285.949999999999,1.6300000000001091,0.2316176470589194,0.6300000000001091,TRAIL_SL,2.719999999999345,4281.87,2026-09-24T06:48:00+00:00,4280.51,XAUUSD.ecn,4283.23,4285.949999999999,1.0,10.0,True,1790232480
False,BUY,4280.04,4280.04,4280.04,4287.96,0.5200000000004366,-1.0,-3.9600000000000364,SL,3.9600000000000364,4282.02,2026-09-24T08:48:00+00:00,4280.04,XAUUSD.ecn,4284.0,4287.96,1.0,10.0,False,1790239680
False,BUY,4282.22,4282.22,4277.42,4285.219999999999,1.9000000000005457,0.2307692307693922,0.9000000000005457,TRAIL_SL,3.899999999999636,4279.37,2026-09-24T09:03:00+00:00,4277.42,XAUUSD.ecn,4281.32,4285.219999999999,1.0,10.0,True,1790240580
False,BUY,4282.26,4282.26,4278.15,4283.27,2.550000000000182,0.6054687499999765,1.550000000000182,TRAIL_SL,2.5600000000004,4279.43,2026-09-24T10:07:00+00:00,4278.15,XAUUSD.ecn,4280.71,4283.27,1.0,10.0,True,1790244420
False,SELL,4283.24,4283.24,4287.28,4280.500000000001,1.6500000000005457,0.19174041297954492,0.6500000000005457,TRAIL_SL,3.389999999999418,4285.585,2026-09-24T10:25:00+00:00,4287.28,XAUUSD.ecn,4283.89,4280.500000000001,1.0,10.0,True,1790245500
False,SELL,4285.03,4285.03,4285.03,4280.19,0.75,-1.0,-2.4200000000000728,SL,2.4200000000000728,4283.82,2026-09-24T10:43:00+00:00,4285.03,XAUUSD.ecn,4282.61,4280.19,1.0,10.0,False,1790246580
False,SELL,4263.68,4263.68,4269.8,4261.72,3.0799999999999272,0.5148514851485014,2.0799999999999272,TRAIL_SL,4.039999999999964,4267.780000000001,2026-09-24T11:27:00+00:00,4269.8,XAUUSD.ecn,4265.76,4261.72,1.0,10.0,True,1790249220
False,SELL,4267.97,4267.97,4273.33,4263.629999999999,1.5099999999993088,0.10515463917510733,0.5099999999993088,TRAIL_SL,4.850000000000364,4270.905,2026-09-24T11:38:00+00:00,4273.33,XAUUSD.ecn,4268.48,4263.629999999999,1.0,10.0,True,1790249880
False,SELL,4262.29,4262.29,4267.88,4258.36,1.8299999999999272,0.1743697478991364,0.8299999999999272,TRAIL_SL,4.760000000000218,4265.5,2026-09-24T11:55:00+00:00,4267.88,XAUUSD.ecn,4263.12,4258.36,1.0,10.0,True,1790250900
False,SELL,4258.39,4258.39,4263.65,4254.450000000001,1.6599999999998545,0.1434782608695506,0.6599999999998545,TRAIL_SL,4.599999999999454,4261.35,2026-09-24T12:31:00+00:00,4263.65,XAUUSD.ecn,4259.05,4254.450000000001,1.0,10.0,True,1790253060
False,SELL,4253.26,4253.26,4255.4,4251.34,1.1099999999996726,0.05418719211807211,0.10999999999967258,TRAIL_SL,2.0299999999997453,4254.385,2026-09-24T12:45:00+00:00,4255.4,XAUUSD.ecn,4253.37,4251.34,1.0,10.0,True,1790253900
False,SELL,4252.24,4252.24,4252.24,4245.6,0.17000000000007276,-1.0,-3.319999999999709,SL,3.319999999999709,4250.58,2026-09-24T13:31:00+00:00,4252.24,XAUUSD.ecn,4248.92,4245.6,1.0,10.0,False,1790256660
False,BUY,4260.44,4260.44,4252.4,4265.84,2.319999999999709,0.1964285714285207,1.319999999999709,TRAIL_SL,6.720000000000255,4255.76,2026-09-24T13:40:00+00:00,4252.4,XAUUSD.ecn,4259.12,4265.84,1.0,10.0,True,1790257200
False,SELL,4258.29,4258.29,4263.79,4253.330000000001,1.2700000000004366,0.05162523900582392,0.27000000000043656,TRAIL_SL,5.229999999999563,4261.175,2026-09-24T13:57:00+00:00,4263.79,XAUUSD.ecn,4258.56,4253.330000000001,1.0,10.0,True,1790258220
True,SELL,,4280.08,4284.96,4280.099999999999,3.449999999999818,,,SL_AND_TP_SAME_BAR,2.430000000000291,4283.745,2026-09-24T16:05:00+00:00,4284.96,XAUUSD.ecn,4282.53,4280.099999999999,1.0,10.0,True,1790265900
False,BUY,4254.49,4254.49,4249.63,4258.2699999999995,1.5399999999999636,0.125,0.5399999999999636,TRAIL_SL,4.319999999999709,4251.79,2026-09-24T18:24:00+00:00,4249.63,XAUUSD.ecn,4253.95,4258.2699999999995,1.0,10.0,True,1790274240
False,SELL,4254.19,4254.19,4258.46,4249.999999999999,1.0399999999999636,0.009456264775404054,0.03999999999996362,TRAIL_SL,4.230000000000473,4256.344999999999,2026-09-24T19:09:00+00:00,4258.46,XAUUSD.ecn,4254.23,4249.999999999999,1.0,10.0,True,1790276940
False,BUY,4264.7,4264.7,4260.84,4266.360000000001,2.0999999999994543,0.39855072463745195,1.0999999999994543,TRAIL_SL,2.7600000000002183,4262.22,2026-09-24T21:00:00+00:00,4260.84,XAUUSD.ecn,4263.6,4266.360000000001,1.0,10.0,True,1790283600
False,SELL,4265.5,4265.5,4269.56,4261.839999999999,1.199999999999818,0.051813471502535735,0.1999999999998181,TRAIL_SL,3.860000000000582,4267.63,2026-09-24T23:21:00+00:00,4269.56,XAUUSD.ecn,4265.7,4261.839999999999,1.0,10.0,True,1790292060
False,BUY,4270.91,4270.91,4268.9,4272.52,1.199999999999818,0.11049723756893584,0.1999999999998181,TRAIL_SL,1.8100000000004002,4269.805,2026-09-25T03:42:00+00:00,4268.9,XAUUSD.ecn,4270.71,4272.52,1.0,10.0,True,1790307720
True,BUY,,4281.95,4274.04,4282.099999999999,4.880000000000109,,,SL_AND_TP_SAME_BAR,4.029999999999745,4276.055,2026-09-25T03:59:00+00:00,4274.04,XAUUSD.ecn,4278.07,4282.099999999999,1.0,10.0,True,1790308740
False,BUY,4282.15,4282.15,4282.15,4286.91,0.5500000000001819,-1.0,-2.380000000000109,SL,2.380000000000109,4283.34,2026-09-25T05:45:00+00:00,4282.15,XAUUSD.ecn,4284.53,4286.91,1.0,10.0,False,1790315100
False,SELL,4277.68,4277.68,4282.96,4276.499999999999,3.0499999999992724,0.634674922600301,2.0499999999992724,TRAIL_SL,3.230000000000473,4281.344999999999,2026-09-25T06:28:00+00:00,4282.96,XAUUSD.ecn,4279.73,4276.499999999999,1.0,10.0,True,1790317680
False,SELL,4262.99,4262.99,4268.14,4259.28,1.7200000000002547,0.16252821670433576,0.7200000000002547,TRAIL_SL,4.430000000000291,4265.925,2026-09-25T08:00:00+00:00,4268.14,XAUUSD.ecn,4263.71,4259.28,1.0,10.0,True,1790323200
False,BUY,4273.28,4273.28,4267.79,4278.509999999999,1.1300000000001091,0.024253731343305426,0.13000000000010914,TRAIL_SL,5.359999999999673,4270.469999999999,2026-09-25T08:41:00+00:00,4267.79,XAUUSD.ecn,4273.15,4278.509999999999,1.0,10.0,True,1790325660
True,SELL,,4277.85,4281.23,4277.130000000001,2.3299999999999272,,,SL_AND_TP_SAME_BAR,2.0499999999992724,4280.205,2026-09-25T09:24:00+00:00,4281.23,XAUUSD.ecn,4279.18,4277.130000000001,1.0,10.0,True,1790328240
False,SELL,4280.7,4280.7,4284.37,4279.45,2.2100000000000364,0.4918699186991945,1.2100000000000364,TRAIL_SL,2.4600000000000364,4283.139999999999,2026-09-25T11:20:00+00:00,4284.37,XAUUSD.ecn,4281.91,4279.45,1.0,10.0,True,1790335200
False,BUY,4292.63,4292.63,4288.65,4295.83,1.3900000000003274,0.10863509749312301,0.3900000000003274,TRAIL_SL,3.5900000000001455,4290.445,2026-09-25T11:47:00+00:00,4288.65,XAUUSD.ecn,4292.24,4295.83,1.0,10.0,True,1790336820
False,BUY,4304.43,4304.43,4300.21,4308.2699999999995,1.1900000000005093,0.047146401985241025,0.19000000000050932,TRAIL_SL,4.029999999999745,4302.225,2026-09-25T13:16:00+00:00,4300.21,XAUUSD.ecn,4304.24,4308.2699999999995,1.0,10.0,True,1790342160
False,SELL,4306.53,4306.53,4308.84,4304.74,1.2600000000002183,0.12682926829277816,0.2600000000002183,TRAIL_SL,2.050000000000182,4307.8150000000005,2026-09-25T13:34:00+00:00,4308.84,XAUUSD.ecn,4306.79,4304.74,1.0,10.0,True,1790343240
False,BUY,4304.6,4304.6,4297.46,4308.580000000001,2.5799999999999272,0.2841726618704701,1.5799999999999272,TRAIL_SL,5.5600000000004,4300.24,2026-09-25T15:23:00+00:00,4297.46,XAUUSD.ecn,4303.02,4308.580000000001,1.0,10.0,True,1790349780
False,SELL,4300.52,4300.52,4308.46,4296.499999999999,2.959999999999127,0.3277591973242428,1.9599999999991269,TRAIL_SL,5.980000000000473,4305.469999999999,2026-09-25T15:34:00+00:00,4308.46,XAUUSD.ecn,4302.48,4296.499999999999,1.0,10.0,True,1790350440
False,SELL,4278.39,4278.39,4286.76,4273.52,2.75,0.2643504531722098,1.75,TRAIL_SL,6.619999999999891,4283.450000000001,2026-09-25T16:32:00+00:00,4286.76,XAUUSD.ecn,4280.14,4273.52,1.0,10.0,True,1790353920
False,SELL,4259.53,4259.53,4267.9,4252.52,1.680000000000291,0.08842652795842997,0.680000000000291,TRAIL_SL,7.6899999999996,4264.055,2026-09-25T17:06:00+00:00,4267.9,XAUUSD.ecn,4260.21,4252.52,1.0,10.0,True,1790355960
True,SELL,,4276.82,4280.78,4278.8,3.9700000000002547,,,SL_AND_TP_SAME_BAR,0.9899999999997817,4280.285,2026-09-25T18:21:00+00:00,4280.78,XAUUSD.ecn,4279.79,4278.8,1.0,10.0,True,1790360460
False,BUY,4279.83,4279.83,4275.36,4283.5199999999995,1.3900000000003274,0.0955882352941996,0.3900000000003274,TRAIL_SL,4.079999999999927,4277.4,2026-09-25T18:28:00+00:00,4275.36,XAUUSD.ecn,4279.44,4283.5199999999995,1.0,10.0,True,1790360880
False,SELL,4278.32,4278.32,4281.31,4275.79,1.230000000000473,0.0833333333334981,0.23000000000047294,TRAIL_SL,2.7600000000002183,4279.93,2026-09-25T18:40:00+00:00,4281.31,XAUUSD.ecn,4278.55,4275.79,1.0,10.0,True,1790361600
False,BUY,4286.22,4286.22,4281.19,4290.21,1.5200000000004366,0.11529933481162115,0.5200000000004366,TRAIL_SL,4.510000000000218,4283.445,2026-09-25T20:43:00+00:00,4281.19,XAUUSD.ecn,4285.7,4290.21,1.0,10.0,True,1790368980
False,BUY,4292.49,4292.49,4288.09,4296.01,1.4399999999995998,0.11111111111100903,0.4399999999995998,TRAIL_SL,3.9600000000000364,4290.07,2026-09-25T22:40:00+00:00,4288.09,XAUUSD.ecn,4292.05,4296.01,1.0,10.0,True,1790376000
True,SELL,,4221.53,4235.78,4227.22,10.970000000000255,,,SL_AND_TP_SAME_BAR,4.279999999999745,4233.639999999999,2026-09-28T04:00:00+00:00,4235.78,XAUUSD.ecn,4231.5,4227.22,1.0,10.0,True,1790568000
False,SELL,4222.9,4222.9,4231.5,4219.0,3.350000000000364,0.37600000000005823,2.350000000000364,TRAIL_SL,6.25,4228.375,2026-09-28T04:03:00+00:00,4231.5,XAUUSD.ecn,4225.25,4219.0,1.0,10.0,True,1790568180
True,BUY,,4219.25,4215.98,4217.200000000001,3.6599999999998545,,,SL_AND_TP_SAME_BAR,0.6100000000005821,4216.285,2026-09-28T04:32:00+00:00,4215.98,XAUUSD.ecn,4216.59,4217.200000000001,1.0,10.0,True,1790569920
False,SELL,4211.68,4211.68,4219.88,4206.320000000001,2.4200000000000728,0.20943952802361743,1.4200000000000728,TRAIL_SL,6.779999999999745,4216.49,2026-09-28T04:40:00+00:00,4219.88,XAUUSD.ecn,4213.1,4206.320000000001,1.0,10.0,True,1790570400
False,SELL,4206.77,4206.77,4216.5,4202.799999999999,3.8799999999991996,0.4204379562042404,2.8799999999991996,TRAIL_SL,6.850000000000364,4213.075,2026-09-28T05:36:00+00:00,4216.5,XAUUSD.ecn,4209.65,4202.799999999999,1.0,10.0,True,1790573760
False,BUY,4198.59,4198.59,4191.97,4203.97,1.6199999999998909,0.10333333333331514,0.6199999999998909,TRAIL_SL,6.0,4194.97,2026-09-28T06:56:00+00:00,4191.97,XAUUSD.ecn,4197.97,4203.97,1.0,10.0,True,1790578560
False,SELL,4192.42,4192.42,4196.56,4188.72,1.2200000000002547,0.05612244897965576,0.22000000000025466,TRAIL_SL,3.9200000000000728,4194.6,2026-09-28T08:09:00+00:00,4196.56,XAUUSD.ecn,4192.64,4188.72,1.0,10.0,True,1790582940
True,SELL,,4185.23,4191.93,4186.029999999999,4.75,,,SL_AND_TP_SAME_BAR,2.9500000000007276,4190.455,2026-09-28T08:32:00+00:00,4191.93,XAUUSD.ecn,4188.98,4186.029999999999,1.0,10.0,True,1790584320
False,SELL,4155.09,4155.09,4157.6,4153.26,1.3400000000001455,0.15668202764983138,0.3400000000001455,TRAIL_SL,2.1700000000000728,4156.515,2026-09-28T10:39:00+00:00,4157.6,XAUUSD.ecn,4155.43,4153.26,1.0,10.0,True,1790591940
False,BUY,4155.51,4155.51,4152.43,4158.15,1.2200000000002547,0.07692307692317477,0.22000000000025466,TRAIL_SL,2.8599999999996726,4153.860000000001,2026-09-28T10:56:00+00:00,4152.43,XAUUSD.ecn,4155.29,4158.15,1.0,10.0,True,1790592960
False,BUY,4157.69,4157.69,4153.67,4160.25,1.7299999999995634,0.22188449848011293,0.7299999999995634,TRAIL_SL,3.2899999999999636,4155.3150000000005,2026-09-28T13:06:00+00:00,4153.67,XAUUSD.ecn,4156.96,4160.25,1.0,10.0,True,1790600760
True,BUY,,4154.05,4148.22,4152.44,4.720000000000255,,,SL_AND_TP_SAME_BAR,2.1099999999996726,4149.275,2026-09-28T14:24:00+00:00,4148.22,XAUUSD.ecn,4150.33,4152.44,1.0,10.0,True,1790605440
True,SELL,,4147.75,4152.15,4146.91,2.7799999999997453,,,SL_AND_TP_SAME_BAR,2.619999999999891,4150.84,2026-09-28T15:00:00+00:00,4152.15,XAUUSD.ecn,4149.53,4146.91,1.0,10.0,True,1790607600
False,SELL,4158.27,4158.27,4171.3,4156.240000000001,6.5,0.7304116865870101,5.5,TRAIL_SL,7.529999999999745,4167.535,2026-09-28T15:26:00+00:00,4171.3,XAUUSD.ecn,4163.77,4156.240000000001,1.0,10.0,True,1790609160
False,SELL,4151.33,4151.33,4154.9,4148.280000000001,1.2600000000002183,0.07854984894267622,0.2600000000002183,TRAIL_SL,3.3099999999994907,4153.245,2026-09-28T15:33:00+00:00,4154.9,XAUUSD.ecn,4151.59,4148.280000000001,1.0,10.0,True,1790609580
False,SELL,4145.16,4145.16,4151.02,4139.5,1.1000000000003638,0.017361111111173614,0.1000000000003638,TRAIL_SL,5.760000000000218,4148.14,2026-09-28T15:44:00+00:00,4151.02,XAUUSD.ecn,4145.26,4139.5,1.0,10.0,True,1790610240
False,BUY,4146.48,4146.48,4138.14,4154.319999999999,1.25,0.030902348578494884,0.25,TRAIL_SL,8.089999999999236,4142.1849999999995,2026-09-28T16:39:00+00:00,4138.14,XAUUSD.ecn,4146.23,4154.319999999999,1.0,10.0,True,1790613540
False,BUY,4120.47,4120.47,4120.47,4124.349999999999,0.6100000000005821,-1.0,-1.9399999999995998,SL,1.9399999999995998,4121.4400000000005,2026-09-28T18:20:00+00:00,4120.47,XAUUSD.ecn,4122.41,4124.349999999999,1.0,10.0,False,1790619600
False,BUY,4144.32,4144.32,4134.17,4149.51,3.4799999999995634,0.32333767926982265,2.4799999999995634,TRAIL_SL,7.670000000000073,4138.005,2026-09-28T19:29:00+00:00,4134.17,XAUUSD.ecn,4141.84,4149.51,1.0,10.0,True,1790623740
False,BUY,4137.38,4137.38,4133.95,4139.79,1.5100000000002183,0.17465753424664573,0.5100000000002183,TRAIL_SL,2.9200000000000728,4135.41,2026-09-28T20:44:00+00:00,4133.95,XAUUSD.ecn,4136.87,4139.79,1.0,10.0,True,1790628240
False,BUY,4135.06,4135.06,4133.98,4136.08,1.0300000000006548,0.028571428572047277,0.030000000000654836,TRAIL_SL,1.050000000000182,4134.504999999999,2026-09-28T21:23:00+00:00,4133.98,XAUUSD.ecn,4135.03,4136.08,1.0,10.0,True,1790630580
False,BUY,4138.08,4138.08,4133.39,4141.669999999999,1.550000000000182,0.13285024154595634,0.5500000000001819,TRAIL_SL,4.139999999999418,4135.46,2026-09-28T21:45:00+00:00,4133.39,XAUUSD.ecn,4137.53,4141.669999999999,1.0,10.0,True,1790631900
False,SELL,4135.04,4135.04,4140.55,4131.089999999999,1.7799999999997453,0.16490486257921086,0.7799999999997453,TRAIL_SL,4.730000000000473,4138.1849999999995,2026-09-28T22:03:00+00:00,4140.55,XAUUSD.ecn,4135.82,4131.089999999999,1.0,10.0,True,1790632980
False,BUY,4122.51,4122.51,4117.94,4125.680000000001,1.699999999999818,0.18087855297149183,0.6999999999998181,TRAIL_SL,3.8700000000008004,4119.875,2026-09-28T23:18:00+00:00,4117.94,XAUUSD.ecn,4121.81,4125.680000000001,1.0,10.0,True,1790637480
False,BUY,4121.77,4121.77,4117.56,4124.179999999999,1.9000000000005457,0.27190332326304656,0.9000000000005457,TRAIL_SL,3.3099999999994907,4119.215,2026-09-29T01:06:00+00:00,4117.56,XAUUSD.ecn,4120.87,4124.179999999999,1.0,10.0,True,1790643960
False,SELL,4122.49,4122.49,4125.73,4119.57,1.1599999999998545,0.051948051948005926,0.15999999999985448,TRAIL_SL,3.0799999999999272,4124.19,2026-09-29T01:32:00+00:00,4125.73,XAUUSD.ecn,4122.65,4119.57,1.0,10.0,True,1790645520
False,SELL,4124.01,4124.01,4124.01,4119.469999999999,0.819999999999709,-1.0,-2.2700000000004366,SL,2.2700000000004366,4122.875,2026-09-29T01:54:00+00:00,4124.01,XAUUSD.ecn,4121.74,4119.469999999999,1.0,10.0,False,1790646840
False,BUY,4125.73,4125.73,4125.73,4129.77,0.9799999999995634,-1.0,-2.0200000000004366,SL,2.0200000000004366,4126.74,2026-09-29T02:30:00+00:00,4125.73,XAUUSD.ecn,4127.75,4129.77,1.0,10.0,False,1790649000
False,SELL,4117.36,4117.36,4122.92,4113.5,1.8500000000003638,0.18046709129519262,0.8500000000003638,TRAIL_SL,4.710000000000036,4120.5650000000005,2026-09-29T03:19:00+00:00,4122.92,XAUUSD.ecn,4118.21,4113.5,1.0,10.0,True,1790651940
False,SELL,4136.3,4136.3,4140.07,4133.41,1.4399999999995998,0.13213213213201486,0.4399999999995998,TRAIL_SL,3.3299999999999272,4138.405,2026-09-29T06:47:00+00:00,4140.07,XAUUSD.ecn,4136.74,4133.41,1.0,10.0,True,1790664420
True,BUY,,4128.06,4126.61,4126.97,2.2700000000004366,,,SL_AND_TP_SAME_BAR,0.18000000000029104,4126.7,2026-09-29T08:10:00+00:00,4126.61,XAUUSD.ecn,4126.79,4126.97,1.0,10.0,True,1790669400
False,BUY,4130.29,4130.29,4126.96,4132.259999999999,1.680000000000291,0.2566037735850507,0.680000000000291,TRAIL_SL,2.649999999999636,4128.285,2026-09-29T08:20:00+00:00,4126.96,XAUUSD.ecn,4129.61,4132.259999999999,1.0,10.0,True,1790670000
False,SELL,4124.07,4124.07,4131.23,4118.41,1.75,0.11700468018721015,0.75,TRAIL_SL,6.4099999999998545,4128.025,2026-09-29T08:34:00+00:00,4131.23,XAUUSD.ecn,4124.82,4118.41,1.0,10.0,True,1790670840
False,SELL,4142.56,4142.56,4148.17,4139.67,2.3599999999996726,0.31999999999992296,1.3599999999996726,TRAIL_SL,4.25,4146.045,2026-09-29T09:19:00+00:00,4148.17,XAUUSD.ecn,4143.92,4139.67,1.0,10.0,True,1790673540
True,BUY,,4146.25,4142.69,4146.05,2.880000000000109,,,SL_AND_TP_SAME_BAR,1.680000000000291,4143.53,2026-09-29T10:22:00+00:00,4142.69,XAUUSD.ecn,4144.37,4146.05,1.0,10.0,True,1790677320
False,SELL,4141.09,4141.09,4144.46,4138.919999999999,1.5999999999994543,0.2166064981947147,0.5999999999994543,TRAIL_SL,2.7700000000004366,4143.075,2026-09-29T11:27:00+00:00,4144.46,XAUUSD.ecn,4141.69,4138.919999999999,1.0,10.0,True,1790681220
False,BUY,4146.6,4146.6,4141.74,4147.92,2.7700000000004366,0.5728155339806968,1.7700000000004366,TRAIL_SL,3.0900000000001455,4143.285,2026-09-29T12:47:00+00:00,4141.74,XAUUSD.ecn,4144.83,4147.92,1.0,10.0,True,1790686020
False,BUY,4156.67,4156.67,4150.27,4158.129999999999,3.4700000000002547,0.6284987277355326,2.4700000000002547,TRAIL_SL,3.9299999999993815,4152.235000000001,2026-09-29T14:51:00+00:00,4150.27,XAUUSD.ecn,4154.2,4158.129999999999,1.0,10.0,True,1790693460
True,BUY,,4157.73,4152.99,4155.09,4.6899999999996,,,SL_AND_TP_SAME_BAR,1.050000000000182,4153.514999999999,2026-09-29T15:03:00+00:00,4152.99,XAUUSD.ecn,4154.04,4155.09,1.0,10.0,True,1790694180
False,BUY,4151.76,4151.76,4151.76,4156.360000000001,0.3999999999996362,-1.0,-2.300000000000182,SL,2.300000000000182,4152.91,2026-09-29T15:17:00+00:00,4151.76,XAUUSD.ecn,4154.06,4156.360000000001,1.0,10.0,False,1790695020
False,SELL,4152.47,4152.47,4155.68,4149.82,1.2799999999997453,0.09556313993164421,0.27999999999974534,TRAIL_SL,2.930000000000291,4154.215,2026-09-29T15:54:00+00:00,4155.68,XAUUSD.ecn,4152.75,4149.82,1.0,10.0,True,1790697240
True,SELL,,4151.65,4152.68,4151.719999999999,1.550000000000182,,,SL_AND_TP_SAME_BAR,0.48000000000047294,4152.4400000000005,2026-09-29T15:59:00+00:00,4152.68,XAUUSD.ecn,4152.2,4151.719999999999,1.0,10.0,True,1790697540
False,BUY,4157.8,4157.8,4153.58,4161.6,1.2100000000000364,0.05236907730673939,0.21000000000003638,TRAIL_SL,4.010000000000218,4155.585,2026-09-29T16:48:00+00:00,4153.58,XAUUSD.ecn,4157.59,4161.6,1.0,10.0,True,1790700480
False,SELL,4169.1,4169.1,4169.1,4161.5,0.3600000000005821,-1.0,-3.800000000000182,SL,3.800000000000182,4167.200000000001,2026-09-29T17:39:00+00:00,4169.1,XAUUSD.ecn,4165.3,4161.5,1.0,10.0,False,1790703540
False,SELL,4156.01,4156.01,4159.55,4154.349999999999,1.9399999999995998,0.361538461538257,0.9399999999995998,TRAIL_SL,2.600000000000364,4158.25,2026-09-29T18:24:00+00:00,4159.55,XAUUSD.ecn,4156.95,4154.349999999999,1.0,10.0,True,1790706240
False,SELL,4151.96,4151.96,4157.31,4148.149999999999,1.769999999999527,0.1681222707422241,0.7699999999995271,TRAIL_SL,4.580000000000837,4155.02,2026-09-29T18:29:00+00:00,4157.31,XAUUSD.ecn,4152.73,4148.149999999999,1.0,10.0,True,1790706540
False,SELL,4155.93,4155.93,4157.93,4154.35,1.2100000000000364,0.11731843575421265,0.21000000000003638,TRAIL_SL,1.7899999999999636,4157.035,2026-09-29T18:44:00+00:00,4157.93,XAUUSD.ecn,4156.14,4154.35,1.0,10.0,True,1790707440
False,SELL,4145.27,4145.27,4148.32,4142.380000000001,1.0799999999999272,0.026936026936008377,0.07999999999992724,TRAIL_SL,2.969999999999345,4146.835,2026-09-29T19:58:00+00:00,4148.32,XAUUSD.ecn,4145.35,4142.380000000001,1.0,10.0,True,1790711880
False,SELL,4143.29,4143.29,4145.95,4141.250000000001,1.3100000000004002,0.1319148936172222,0.3100000000004002,TRAIL_SL,2.3499999999994543,4144.775,2026-09-29T20:56:00+00:00,4145.95,XAUUSD.ecn,4143.6,4141.250000000001,1.0,10.0,True,1790715360
False,BUY,4167.74,4167.74,4162.49,4170.57,2.2100000000000364,0.2995049504950612,1.2100000000000364,TRAIL_SL,4.039999999999964,4164.51,2026-09-29T21:17:00+00:00,4162.49,XAUUSD.ecn,4166.53,4170.57,1.0,10.0,True,1790716620
False,BUY,4173.3,4173.3,4167.33,4176.8099999999995,2.230000000000473,0.2594936708861877,1.230000000000473,TRAIL_SL,4.739999999999782,4169.7,2026-09-29T21:40:00+00:00,4167.33,XAUUSD.ecn,4172.07,4176.8099999999995,1.0,10.0,True,1790718000
False,SELL,4170.48,4170.48,4170.48,4163.52,0.7100000000000364,-1.0,-3.4799999999995634,SL,3.4799999999995634,4168.74,2026-09-29T21:51:00+00:00,4170.48,XAUUSD.ecn,4167.0,4163.52,1.0,10.0,False,1790718660
True,BUY,,4184.23,4180.99,4185.07,2.199999999999818,,,SL_AND_TP_SAME_BAR,2.0399999999999636,4182.01,2026-09-29T23:44:00+00:00,4180.99,XAUUSD.ecn,4183.03,4185.07,1.0,10.0,True,1790725440
False,SELL,4180.63,4180.63,4180.63,4178.11,0.4600000000000364,-1.0,-1.2600000000002183,SL,1.2600000000002183,4180.0,2026-09-30T02:33:00+00:00,4180.63,XAUUSD.ecn,4179.37,4178.11,1.0,10.0,False,1790735580
False,SELL,4183.92,4183.92,4187.2,4181.160000000001,1.2600000000002183,0.08609271523187384,0.2600000000002183,TRAIL_SL,3.019999999999527,4185.6900000000005,2026-09-30T03:05:00+00:00,4187.2,XAUUSD.ecn,4184.18,4181.160000000001,1.0,10.0,True,1790737500
False,BUY,4176.42,4176.42,4172.88,4179.56,1.199999999999818,0.05988023952090101,0.1999999999998181,TRAIL_SL,3.3400000000001455,4174.55,2026-09-30T05:41:00+00:00,4172.88,XAUUSD.ecn,4176.22,4179.56,1.0,10.0,True,1790746860
False,BUY,4183.03,4183.03,4176.03,4187.010000000001,2.509999999999309,0.2750455373404588,1.5099999999993088,TRAIL_SL,5.490000000000691,4178.775,2026-09-30T05:49:00+00:00,4176.03,XAUUSD.ecn,4181.52,4187.010000000001,1.0,10.0,True,1790747340
False,SELL,4182.04,4182.04,4184.42,4180.84,1.5900000000001455,0.329608938547574,0.5900000000001455,TRAIL_SL,1.7899999999999636,4183.525,2026-09-30T05:56:00+00:00,4184.42,XAUUSD.ecn,4182.63,4180.84,1.0,10.0,True,1790747760
False,SELL,4180.84,4180.84,4182.69,4179.21,1.1099999999996726,0.06321839080441746,0.10999999999967258,TRAIL_SL,1.7399999999997817,4181.82,2026-09-30T06:00:00+00:00,4182.69,XAUUSD.ecn,4180.95,4179.21,1.0,10.0,True,1790748000
False,BUY,4173.36,4173.36,4171.31,4174.429999999999,1.4899999999997817,0.31410256410252674,0.4899999999997817,TRAIL_SL,1.5599999999994907,4172.09,2026-09-30T06:57:00+00:00,4171.31,XAUUSD.ecn,4172.87,4174.429999999999,1.0,10.0,True,1790751420
True,SELL,,4176.27,4180.03,4175.429999999999,2.459999999999127,,,SL_AND_TP_SAME_BAR,2.300000000000182,4178.879999999999,2026-09-30T08:11:00+00:00,4180.03,XAUUSD.ecn,4177.73,4175.429999999999,1.0,10.0,True,1790755860
True,BUY,,4177.63,4170.51,4175.030000000001,5.859999999999673,,,SL_AND_TP_SAME_BAR,2.2600000000002183,4171.64,2026-09-30T08:30:00+00:00,4170.51,XAUUSD.ecn,4172.77,4175.030000000001,1.0,10.0,True,1790757000
False,BUY,4190.93,4190.93,4181.69,4199.850000000001,1.1599999999998545,0.01762114537443169,0.15999999999985448,TRAIL_SL,9.080000000000837,4186.23,2026-09-30T09:59:00+00:00,4181.69,XAUUSD.ecn,4190.77,4199.850000000001,1.0,10.0,True,1790762340
False,BUY,4197.2,4197.2,4197.2,4201.840000000001,0.5999999999994543,-1.0,-2.3200000000006185,SL,2.3200000000006185,4198.360000000001,2026-09-30T10:25:00+00:00,4197.2,XAUUSD.ecn,4199.52,4201.840000000001,1.0,10.0,False,1790763900
False,SELL,4194.91,4194.91,4201.05,4191.849999999999,2.5399999999999636,0.33478260869561777,1.5399999999999636,TRAIL_SL,4.600000000000364,4198.75,2026-09-30T10:30:00+00:00,4201.05,XAUUSD.ecn,4196.45,4191.849999999999,1.0,10.0,True,1790764200
False,SELL,4185.02,4185.02,4188.93,4183.01,1.949999999999818,0.32094594594588055,0.9499999999998181,TRAIL_SL,2.9600000000000364,4187.450000000001,2026-09-30T13:46:00+00:00,4188.93,XAUUSD.ecn,4185.97,4183.01,1.0,10.0,True,1790775960
False,BUY,4189.86,4189.86,4183.23,4195.970000000001,1.2599999999993088,0.0408163265304986,0.2599999999993088,TRAIL_SL,6.3700000000008,4186.415,2026-09-30T14:39:00+00:00,4183.23,XAUUSD.ecn,4189.6,4195.970000000001,1.0,10.0,True,1790779140
True,SELL,,4184.4,4191.39,4183.7699999999995,4.180000000000291,,,SL_AND_TP_SAME_BAR,3.8100000000004,4189.485000000001,2026-09-30T15:22:00+00:00,4191.39,XAUUSD.ecn,4187.58,4183.7699999999995,1.0,10.0,True,1790781720
False,BUY,4178.49,4178.49,4177.03,4179.95,1.0,0.0,0.0,TRAIL_SL,1.4600000000000364,4177.76,2026-09-30T17:07:00+00:00,4177.03,XAUUSD.ecn,4178.49,4179.95,1.0,10.0,True,1790788020
False,SELL,4167.43,4167.43,4171.65,4166.07,2.4299999999993815,0.5125448028671685,1.4299999999993815,TRAIL_SL,2.7899999999999636,4170.254999999999,2026-09-30T17:38:00+00:00,4171.65,XAUUSD.ecn,4168.86,4166.07,1.0,10.0,True,1790789880
False,SELL,4162.35,4162.35,4168.28,4158.080000000001,1.8299999999999272,0.16274509803921883,0.8299999999999272,TRAIL_SL,5.099999999999454,4165.73,2026-09-30T18:09:00+00:00,4168.28,XAUUSD.ecn,4163.18,4158.080000000001,1.0,10.0,True,1790791740
False,SELL,4157.93,4157.93,4157.93,4149.209999999999,0.02999999999974534,-1.0,-4.360000000000582,SL,4.360000000000582,4155.75,2026-09-30T18:28:00+00:00,4157.93,XAUUSD.ecn,4153.57,4149.209999999999,1.0,10.0,False,1790792880
False,BUY,4161.84,4161.84,4157.5,4165.780000000001,1.199999999999818,0.04830917874391359,0.1999999999998181,TRAIL_SL,4.140000000000327,4159.57,2026-09-30T19:24:00+00:00,4157.5,XAUUSD.ecn,4161.64,4165.780000000001,1.0,10.0,True,1790796240
False,SELL,4156.86,4156.86,4160.83,4154.77,1.9400000000005093,0.3102310231025044,0.9400000000005093,TRAIL_SL,3.0299999999997453,4159.3150000000005,2026-09-30T19:36:00+00:00,4160.83,XAUUSD.ecn,4157.8,4154.77,1.0,10.0,True,1790796960
True,SELL,,4154.92,4154.92,4153.9,0.6300000000001091,,,SL_AND_TP_SAME_BAR,0.5100000000002183,4154.665,2026-09-30T20:12:00+00:00,4154.92,XAUUSD.ecn,4154.41,4153.9,1.0,10.0,False,1790799120
False,BUY,4149.969999999999,4148.97,4147.49,4149.969999999999,1.2400000000006912,1.0,1.2399999999997817,TP,1.2399999999997817,4148.11,2026-09-30T20:51:00+00:00,4147.49,XAUUSD.ecn,4148.73,4149.969999999999,1.0,10.0,True,1790801460
False,BUY,4152.17,4152.17,4152.17,4156.6900000000005,0.5599999999994907,-1.0,-2.2600000000002183,SL,2.2600000000002183,4153.3,2026-09-30T22:22:00+00:00,4152.17,XAUUSD.ecn,4154.43,4156.6900000000005,1.0,10.0,False,1790806920
False,SELL,4142.2,4142.2,4152.91,4134.17,2.3400000000001455,0.14300960512274932,1.3400000000001455,TRAIL_SL,9.36999999999989,4148.225,2026-10-01T03:20:00+00:00,4152.91,XAUUSD.ecn,4143.54,4134.17,1.0,10.0,True,1790824800
False,BUY,4142.97,4142.97,4142.97,4149.31,0.819999999999709,-1.0,-3.1700000000000728,SL,3.1700000000000728,4144.555,2026-10-01T03:27:00+00:00,4142.97,XAUUSD.ecn,4146.14,4149.31,1.0,10.0,False,1790825220
False,SELL,4144.3,4144.3,4144.3,4138.679999999999,0.8699999999998909,-1.0,-2.8100000000004,SL,2.8100000000004,4142.895,2026-10-01T03:37:00+00:00,4144.3,XAUUSD.ecn,4141.49,4138.679999999999,1.0,10.0,False,1790825820
False,SELL,4143.17,4143.17,4145.22,4141.54,1.2100000000000364,0.11413043478261944,0.21000000000003638,TRAIL_SL,1.8400000000001455,4144.3,2026-10-01T03:55:00+00:00,4145.22,XAUUSD.ecn,4143.38,4141.54,1.0,10.0,True,1790826900
False,BUY,4159.84,4159.84,4151.34,4167.039999999999,1.6500000000005457,0.0828025477707759,0.6500000000005457,TRAIL_SL,7.849999999999454,4155.264999999999,2026-10-01T04:11:00+00:00,4151.34,XAUUSD.ecn,4159.19,4167.039999999999,1.0,10.0,True,1790827860
True,SELL,,4160.36,4163.88,4159.64,2.4000000000005457,,,SL_AND_TP_SAME_BAR,2.119999999999891,4162.82,2026-10-01T04:28:00+00:00,4163.88,XAUUSD.ecn,4161.76,4159.64,1.0,10.0,True,1790828880
